candidate_id,job_role,job_role_display,gender,age_group,edu_level,edu_level_name,years_experience,edu_relevance,P_mcq,P_desc,P_code,S_edu,S_exp,S_skill,S_cv,S_int,CSS,passed_hard_filter,relevance_label,w_edu,w_exp,w_skill,w_mcq,w_desc,w_code,W_CV,W_INT
CS00001,Cloud_Solutions_Architect,Cloud Solutions Architect,F,40+,3,MSc,3.8,0.7083,0.7041,0.7666,0.6549,0.7633,0.76,0.7088,0.7402,0.7255,0.7314,1,2,0.2,0.4,0.4,0.3,0.5,0.2,0.4,0.6
CS00002,Cloud_Solutions_Architect,Cloud Solutions Architect,F,31-35,3,MSc,7.6,0.3867,0.6619,0.5653,0.7993,0.6347,1.0,0.6645,0.7928,0.6411,0.7018,1,1,0.2,0.4,0.4,0.3,0.5,0.2,0.4,0.6
CS00003,Cloud_Solutions_Architect,Cloud Solutions Architect,F,26-30,3,MSc,5.6,0.4661,0.7815,0.7028,0.2449,0.6664,1.0,0.6267,0.7839,0.6348,0.6944,1,2,0.2,0.4,0.4,0.3,0.5,0.2,0.4,0.6
CS00004,Cloud_Solutions_Architect,Cloud Solutions Architect,F,31-35,2,BSc,6.4,0.6036,0.8292,0.7499,0.8525,0.6014,1.0,0.6499,0.7803,0.7942,0.7886,1,2,0.2,0.4,0.4,0.3,0.5,0.2,0.4,0.6
CS00005,Cloud_Solutions_Architect,Cloud Solutions Architect,F,36-40,3,MSc,8.8,0.5901,0.8608,0.8885,0.6441,0.716,1.0,1.0,0.9432,0.8313,0.8761,1,3,0.2,0.4,0.4,0.3,0.5,0.2,0.4,0.6
CS00006,Cloud_Solutions_Architect,Cloud Solutions Architect,M,31-35,3,MSc,4.2,0.8074,0.8179,0.4678,0.6723,0.803,0.84,0.7337,0.7901,0.6138,0.6843,1,1,0.2,0.4,0.4,0.3,0.5,0.2,0.4,0.6
CS00007,Cloud_Solutions_Architect,Cloud Solutions Architect,F,26-30,3,MSc,3.9,0.3469,0.7586,0.6989,0.6867,0.6188,0.78,0.8065,0.7584,0.7144,0.732,1,2,0.2,0.4,0.4,0.3,0.5,0.2,0.4,0.6
CS00008,Cloud_Solutions_Architect,Cloud Solutions Architect,M,22-25,1,Diploma,7.7,0.4639,0.7212,1.0,0.728,0.4256,1.0,0.6399,0.7411,0.862,0.8136,0,2,0.2,0.4,0.4,0.3,0.5,0.2,0.4,0.6
CS00009,Cloud_Solutions_Architect,Cloud Solutions Architect,F,36-40,2,BSc,9.7,0.696,0.6797,0.9356,0.6758,0.6384,1.0,0.8403,0.8638,0.8069,0.8297,1,3,0.2,0.4,0.4,0.3,0.5,0.2,0.4,0.6
CS00010,Cloud_Solutions_Architect,Cloud Solutions Architect,F,26-30,4,PhD,3.0,0.8944,0.7942,0.7779,0.4073,0.9578,0.6,0.6048,0.6735,0.7086,0.6946,1,2,0.2,0.4,0.4,0.3,0.5,0.2,0.4,0.6
CS00011,Cloud_Solutions_Architect,Cloud Solutions Architect,M,22-25,2,BSc,7.6,0.7299,0.6942,1.0,0.6294,0.6519,1.0,0.807,0.8532,0.8342,0.8418,1,3,0.2,0.4,0.4,0.3,0.5,0.2,0.4,0.6
CS00012,Cloud_Solutions_Architect,Cloud Solutions Architect,F,36-40,3,MSc,3.9,0.8517,0.7264,0.5012,0.5091,0.8207,0.78,0.5075,0.6792,0.5704,0.6139,1,1,0.2,0.4,0.4,0.3,0.5,0.2,0.4,0.6
CS00013,Cloud_Solutions_Architect,Cloud Solutions Architect,M,26-30,3,MSc,11.0,0.5422,0.7873,0.8732,0.7446,0.6969,1.0,0.9444,0.9172,0.8217,0.8599,1,3,0.2,0.4,0.4,0.3,0.5,0.2,0.4,0.6
CS00014,Cloud_Solutions_Architect,Cloud Solutions Architect,F,22-25,2,BSc,7.5,0.5867,0.4931,0.9044,0.6496,0.5947,1.0,0.685,0.7929,0.73,0.7552,1,2,0.2,0.4,0.4,0.3,0.5,0.2,0.4,0.6
CS00015,Cloud_Solutions_Architect,Cloud Solutions Architect,M,26-30,3,MSc,2.7,0.3617,0.5637,0.8093,0.6832,0.6247,0.54,0.7766,0.6516,0.7104,0.6869,0,1,0.2,0.4,0.4,0.3,0.5,0.2,0.4,0.6
CS00016,Cloud_Solutions_Architect,Cloud Solutions Architect,M,31-35,4,PhD,6.6,0.7051,0.9834,0.7927,0.6972,0.8821,1.0,0.8127,0.9015,0.8308,0.8591,1,3,0.2,0.4,0.4,0.3,0.5,0.2,0.4,0.6
CS00017,Cloud_Solutions_Architect,Cloud Solutions Architect,M,22-25,3,MSc,7.0,0.9143,0.6964,0.9633,0.8451,0.8457,1.0,0.6995,0.8489,0.8596,0.8553,1,2,0.2,0.4,0.4,0.3,0.5,0.2,0.4,0.6
CS00018,Cloud_Solutions_Architect,Cloud Solutions Architect,M,36-40,3,MSc,5.8,0.3905,0.5743,0.5062,0.3319,0.6362,1.0,0.451,0.7076,0.4918,0.5781,1,1,0.2,0.4,0.4,0.3,0.5,0.2,0.4,0.6
CS00019,Cloud_Solutions_Architect,Cloud Solutions Architect,M,36-40,2,BSc,6.6,0.4635,0.5872,0.5714,0.5014,0.5454,1.0,0.5085,0.7125,0.5621,0.6223,1,1,0.2,0.4,0.4,0.3,0.5,0.2,0.4,0.6
CS00020,Cloud_Solutions_Architect,Cloud Solutions Architect,M,26-30,1,Diploma,5.8,0.5823,0.7297,0.8926,0.5375,0.4729,1.0,0.7412,0.791,0.7727,0.78,0,3,0.2,0.4,0.4,0.3,0.5,0.2,0.4,0.6
CS00021,Cloud_Solutions_Architect,Cloud Solutions Architect,F,22-25,4,PhD,4.4,0.7218,0.8051,0.76,0.741,0.8887,0.88,0.803,0.851,0.7697,0.8022,1,2,0.2,0.4,0.4,0.3,0.5,0.2,0.4,0.6
CS00022,Cloud_Solutions_Architect,Cloud Solutions Architect,F,26-30,2,BSc,11.5,0.6084,0.6276,0.9901,0.4605,0.6034,1.0,1.0,0.9207,0.7754,0.8335,1,3,0.2,0.4,0.4,0.3,0.5,0.2,0.4,0.6
CS00023,Cloud_Solutions_Architect,Cloud Solutions Architect,F,26-30,2,BSc,4.1,0.7465,0.6094,0.7158,0.4745,0.6586,0.82,0.55,0.6797,0.6356,0.6532,1,1,0.2,0.4,0.4,0.3,0.5,0.2,0.4,0.6
CS00024,Cloud_Solutions_Architect,Cloud Solutions Architect,M,36-40,3,MSc,8.6,0.4745,0.8169,0.7476,0.827,0.6698,1.0,0.9019,0.8947,0.7843,0.8285,1,2,0.2,0.4,0.4,0.3,0.5,0.2,0.4,0.6
CS00025,Cloud_Solutions_Architect,Cloud Solutions Architect,F,26-30,2,BSc,5.5,0.6714,0.742,0.6826,0.4472,0.6286,1.0,0.4687,0.7132,0.6534,0.6773,1,1,0.2,0.4,0.4,0.3,0.5,0.2,0.4,0.6
CS00026,Cloud_Solutions_Architect,Cloud Solutions Architect,F,26-30,2,BSc,8.3,0.4968,0.7568,0.7956,0.7189,0.5587,1.0,0.6949,0.7897,0.7686,0.777,1,2,0.2,0.4,0.4,0.3,0.5,0.2,0.4,0.6
CS00027,Cloud_Solutions_Architect,Cloud Solutions Architect,M,36-40,4,PhD,5.4,0.5842,0.9014,1.0,0.5105,0.8337,1.0,0.7354,0.8609,0.8725,0.8679,1,3,0.2,0.4,0.4,0.3,0.5,0.2,0.4,0.6
CS00028,Cloud_Solutions_Architect,Cloud Solutions Architect,F,22-25,3,MSc,7.3,0.7294,0.9662,0.6229,0.7212,0.7718,1.0,0.7368,0.8491,0.7455,0.7869,1,2,0.2,0.4,0.4,0.3,0.5,0.2,0.4,0.6
CS00029,Cloud_Solutions_Architect,Cloud Solutions Architect,F,22-25,2,BSc,9.6,0.4246,0.6728,0.8776,0.5315,0.5299,1.0,0.7173,0.7929,0.747,0.7654,1,2,0.2,0.4,0.4,0.3,0.5,0.2,0.4,0.6
CS00030,Cloud_Solutions_Architect,Cloud Solutions Architect,F,31-35,2,BSc,7.2,0.4443,0.7424,0.7219,0.5465,0.5377,1.0,0.7228,0.7967,0.6929,0.7344,1,2,0.2,0.4,0.4,0.3,0.5,0.2,0.4,0.6
CS00031,Cloud_Solutions_Architect,Cloud Solutions Architect,M,31-35,3,MSc,7.4,0.7172,0.6099,0.7901,0.9802,0.7669,1.0,0.6853,0.8275,0.7741,0.7955,1,1,0.2,0.4,0.4,0.3,0.5,0.2,0.4,0.6
CS00032,Cloud_Solutions_Architect,Cloud Solutions Architect,M,22-25,3,MSc,5.2,0.5644,0.8296,0.7048,0.9689,0.7057,1.0,0.7341,0.8348,0.7951,0.811,1,2,0.2,0.4,0.4,0.3,0.5,0.2,0.4,0.6
CS00033,Cloud_Solutions_Architect,Cloud Solutions Architect,M,31-35,4,PhD,4.3,0.5467,0.6911,0.6225,0.6551,0.8187,0.86,0.726,0.7981,0.6496,0.709,1,2,0.2,0.4,0.4,0.3,0.5,0.2,0.4,0.6
CS00034,Cloud_Solutions_Architect,Cloud Solutions Architect,M,22-25,2,BSc,6.3,0.622,0.6802,0.7932,0.8809,0.6088,1.0,0.6981,0.801,0.7768,0.7865,1,2,0.2,0.4,0.4,0.3,0.5,0.2,0.4,0.6
CS00035,Cloud_Solutions_Architect,Cloud Solutions Architect,F,31-35,2,BSc,12.3,0.7711,0.6298,0.6978,0.539,0.6684,1.0,0.592,0.7705,0.6457,0.6956,1,2,0.2,0.4,0.4,0.3,0.5,0.2,0.4,0.6
CS00036,Cloud_Solutions_Architect,Cloud Solutions Architect,M,36-40,3,MSc,7.7,0.8584,0.6903,0.9866,0.7171,0.8234,1.0,0.9181,0.9319,0.8438,0.879,1,2,0.2,0.4,0.4,0.3,0.5,0.2,0.4,0.6
CS00037,Cloud_Solutions_Architect,Cloud Solutions Architect,F,36-40,1,Diploma,4.1,0.4928,0.3082,0.7925,0.4275,0.4371,0.82,0.5576,0.6384,0.5742,0.5999,0,2,0.2,0.4,0.4,0.3,0.5,0.2,0.4,0.6
CS00038,Cloud_Solutions_Architect,Cloud Solutions Architect,M,36-40,2,BSc,9.4,0.3721,0.6848,0.8392,0.8211,0.5088,1.0,0.649,0.7614,0.7893,0.7781,1,3,0.2,0.4,0.4,0.3,0.5,0.2,0.4,0.6
CS00039,Cloud_Solutions_Architect,Cloud Solutions Architect,F,36-40,3,MSc,5.7,0.7945,0.7689,0.8856,0.4719,0.7978,1.0,0.5825,0.7926,0.7678,0.7777,1,2,0.2,0.4,0.4,0.3,0.5,0.2,0.4,0.6
CS00040,Cloud_Solutions_Architect,Cloud Solutions Architect,M,22-25,2,BSc,4.0,0.7443,0.722,0.6775,0.7085,0.6577,0.8,0.8182,0.7788,0.697,0.7297,1,2,0.2,0.4,0.4,0.3,0.5,0.2,0.4,0.6
CS00041,Cloud_Solutions_Architect,Cloud Solutions Architect,M,26-30,3,MSc,5.1,0.468,0.6636,0.6179,0.5032,0.6672,1.0,0.5884,0.7688,0.6087,0.6727,1,2,0.2,0.4,0.4,0.3,0.5,0.2,0.4,0.6
CS00042,Cloud_Solutions_Architect,Cloud Solutions Architect,M,26-30,3,MSc,9.4,0.8458,0.7578,0.8423,0.5104,0.8183,1.0,0.75,0.8636,0.7506,0.7958,1,3,0.2,0.4,0.4,0.3,0.5,0.2,0.4,0.6
CS00043,Cloud_Solutions_Architect,Cloud Solutions Architect,M,22-25,3,MSc,10.7,0.5498,0.7445,0.8761,0.69,0.6999,1.0,0.835,0.874,0.7994,0.8292,1,2,0.2,0.4,0.4,0.3,0.5,0.2,0.4,0.6
CS00044,Cloud_Solutions_Architect,Cloud Solutions Architect,M,36-40,3,MSc,4.7,0.6908,0.7459,0.7517,0.6556,0.7563,0.94,0.8811,0.8797,0.7308,0.7904,1,2,0.2,0.4,0.4,0.3,0.5,0.2,0.4,0.6
CS00045,Cloud_Solutions_Architect,Cloud Solutions Architect,F,40+,3,MSc,7.5,0.8648,0.7551,0.7636,0.482,0.8259,1.0,0.4601,0.7492,0.7047,0.7225,1,1,0.2,0.4,0.4,0.3,0.5,0.2,0.4,0.6
CS00046,Cloud_Solutions_Architect,Cloud Solutions Architect,F,26-30,2,BSc,2.8,0.7003,0.7186,0.7677,0.7238,0.6401,0.56,0.7122,0.6369,0.7442,0.7013,0,2,0.2,0.4,0.4,0.3,0.5,0.2,0.4,0.6
CS00047,Cloud_Solutions_Architect,Cloud Solutions Architect,F,26-30,3,MSc,10.4,0.7916,0.6334,0.9113,0.5075,0.7966,1.0,0.7205,0.8475,0.7472,0.7873,1,3,0.2,0.4,0.4,0.3,0.5,0.2,0.4,0.6
CS00048,Cloud_Solutions_Architect,Cloud Solutions Architect,F,40+,2,BSc,8.9,0.5315,0.7061,0.7154,0.6032,0.5726,1.0,0.7099,0.7985,0.6902,0.7335,1,2,0.2,0.4,0.4,0.3,0.5,0.2,0.4,0.6
CS00049,Cloud_Solutions_Architect,Cloud Solutions Architect,M,31-35,3,MSc,7.0,0.8036,0.6081,0.825,0.7313,0.8014,1.0,0.6231,0.8095,0.7412,0.7685,1,1,0.2,0.4,0.4,0.3,0.5,0.2,0.4,0.6
CS00050,Cloud_Solutions_Architect,Cloud Solutions Architect,M,31-35,2,BSc,5.6,0.4484,0.7083,0.69,0.7384,0.5394,1.0,0.8215,0.8365,0.7052,0.7577,1,1,0.2,0.4,0.4,0.3,0.5,0.2,0.4,0.6
CS00051,Cloud_Solutions_Architect,Cloud Solutions Architect,M,26-30,2,BSc,8.5,0.4491,0.6609,0.6034,0.6799,0.5397,1.0,0.7955,0.8261,0.636,0.712,1,2,0.2,0.4,0.4,0.3,0.5,0.2,0.4,0.6
CS00052,Cloud_Solutions_Architect,Cloud Solutions Architect,M,31-35,3,MSc,7.3,1.0,0.7505,0.5612,0.7662,0.88,1.0,0.7698,0.8839,0.659,0.749,1,1,0.2,0.4,0.4,0.3,0.5,0.2,0.4,0.6
CS00053,Cloud_Solutions_Architect,Cloud Solutions Architect,M,31-35,2,BSc,6.4,0.5204,0.6628,0.803,0.5536,0.5682,1.0,0.639,0.7692,0.7111,0.7343,1,2,0.2,0.4,0.4,0.3,0.5,0.2,0.4,0.6
CS00054,Cloud_Solutions_Architect,Cloud Solutions Architect,M,36-40,2,BSc,6.4,0.5408,0.6298,0.6714,0.5685,0.5763,1.0,0.4449,0.6932,0.6383,0.6603,1,1,0.2,0.4,0.4,0.3,0.5,0.2,0.4,0.6
CS00055,Cloud_Solutions_Architect,Cloud Solutions Architect,F,26-30,3,MSc,9.7,0.7841,0.8705,0.6363,0.5741,0.7936,1.0,0.8433,0.896,0.6941,0.7749,1,2,0.2,0.4,0.4,0.3,0.5,0.2,0.4,0.6
CS00056,Cloud_Solutions_Architect,Cloud Solutions Architect,M,31-35,3,MSc,7.4,0.554,0.9472,0.7863,0.6564,0.7016,1.0,0.6592,0.804,0.8086,0.8068,1,2,0.2,0.4,0.4,0.3,0.5,0.2,0.4,0.6
CS00057,Cloud_Solutions_Architect,Cloud Solutions Architect,F,22-25,2,BSc,10.2,0.9168,0.7532,0.824,0.6989,0.7267,1.0,0.7732,0.8546,0.7778,0.8085,1,3,0.2,0.4,0.4,0.3,0.5,0.2,0.4,0.6
CS00058,Cloud_Solutions_Architect,Cloud Solutions Architect,M,26-30,2,BSc,7.1,0.8405,0.6509,0.6456,0.5298,0.6962,1.0,0.7463,0.8378,0.624,0.7095,1,2,0.2,0.4,0.4,0.3,0.5,0.2,0.4,0.6
CS00059,Cloud_Solutions_Architect,Cloud Solutions Architect,M,40+,3,MSc,3.8,0.5866,0.7537,0.637,0.4831,0.7147,0.76,0.5314,0.6595,0.6412,0.6485,1,1,0.2,0.4,0.4,0.3,0.5,0.2,0.4,0.6
CS00060,Cloud_Solutions_Architect,Cloud Solutions Architect,M,22-25,4,PhD,4.5,0.8243,0.5872,1.0,0.4891,0.9297,0.9,0.7064,0.8285,0.774,0.7958,1,2,0.2,0.4,0.4,0.3,0.5,0.2,0.4,0.6
CS00061,Cloud_Solutions_Architect,Cloud Solutions Architect,F,26-30,2,BSc,4.5,0.7298,0.6202,0.7536,0.4852,0.6519,0.9,0.7542,0.7921,0.6599,0.7128,1,2,0.2,0.4,0.4,0.3,0.5,0.2,0.4,0.6
CS00062,Cloud_Solutions_Architect,Cloud Solutions Architect,M,40+,2,BSc,6.5,0.5592,0.5689,0.8099,0.8182,0.5837,1.0,0.6733,0.7861,0.7393,0.758,1,2,0.2,0.4,0.4,0.3,0.5,0.2,0.4,0.6
CS00063,Cloud_Solutions_Architect,Cloud Solutions Architect,M,22-25,3,MSc,10.6,0.6442,0.5276,0.7433,0.8197,0.7377,1.0,0.8529,0.8887,0.6939,0.7718,1,2,0.2,0.4,0.4,0.3,0.5,0.2,0.4,0.6
CS00064,Cloud_Solutions_Architect,Cloud Solutions Architect,M,31-35,3,MSc,3.7,0.6745,0.6857,0.8205,0.5304,0.7498,0.74,0.692,0.7228,0.7221,0.7224,1,2,0.2,0.4,0.4,0.3,0.5,0.2,0.4,0.6
CS00065,Cloud_Solutions_Architect,Cloud Solutions Architect,M,36-40,4,PhD,4.8,0.5617,0.6958,0.9211,0.5024,0.8247,0.96,0.9976,0.948,0.7698,0.8411,1,3,0.2,0.4,0.4,0.3,0.5,0.2,0.4,0.6
CS00066,Cloud_Solutions_Architect,Cloud Solutions Architect,M,22-25,3,MSc,10.9,0.6352,0.7869,0.8371,0.7574,0.7341,1.0,0.8747,0.8967,0.8061,0.8423,1,3,0.2,0.4,0.4,0.3,0.5,0.2,0.4,0.6
CS00067,Cloud_Solutions_Architect,Cloud Solutions Architect,F,31-35,3,MSc,3.2,0.7762,0.6145,0.6749,0.3877,0.7905,0.64,0.6993,0.6938,0.5993,0.6371,1,1,0.2,0.4,0.4,0.3,0.5,0.2,0.4,0.6
CS00068,Cloud_Solutions_Architect,Cloud Solutions Architect,M,26-30,3,MSc,4.6,0.844,0.769,0.6217,0.4013,0.8176,0.92,0.531,0.7439,0.6218,0.6706,1,1,0.2,0.4,0.4,0.3,0.5,0.2,0.4,0.6
CS00069,Cloud_Solutions_Architect,Cloud Solutions Architect,F,31-35,3,MSc,5.1,0.6744,0.7005,0.9878,0.7695,0.7498,1.0,0.5923,0.7869,0.8579,0.8295,1,2,0.2,0.4,0.4,0.3,0.5,0.2,0.4,0.6
CS00070,Cloud_Solutions_Architect,Cloud Solutions Architect,M,26-30,3,MSc,5.5,0.4507,0.7805,0.8533,0.717,0.6603,1.0,0.6949,0.81,0.8042,0.8065,1,3,0.2,0.4,0.4,0.3,0.5,0.2,0.4,0.6
CS00071,Cloud_Solutions_Architect,Cloud Solutions Architect,M,22-25,3,MSc,3.7,0.3801,0.8047,0.7777,0.7288,0.6321,0.74,0.6233,0.6718,0.776,0.7343,1,2,0.2,0.4,0.4,0.3,0.5,0.2,0.4,0.6
CS00072,Cloud_Solutions_Architect,Cloud Solutions Architect,M,22-25,3,MSc,2.5,0.4294,0.8653,0.5911,0.733,0.6518,0.5,0.5893,0.5661,0.7017,0.6475,0,2,0.2,0.4,0.4,0.3,0.5,0.2,0.4,0.6
CS00073,Cloud_Solutions_Architect,Cloud Solutions Architect,M,26-30,4,PhD,4.6,0.7229,0.7408,0.723,0.5967,0.8892,0.92,0.7941,0.8635,0.7031,0.7673,1,2,0.2,0.4,0.4,0.3,0.5,0.2,0.4,0.6
CS00074,Cloud_Solutions_Architect,Cloud Solutions Architect,M,26-30,2,BSc,6.5,0.4839,0.5998,0.463,1.0,0.5536,1.0,0.7046,0.7926,0.6115,0.6839,1,1,0.2,0.4,0.4,0.3,0.5,0.2,0.4,0.6
CS00075,Cloud_Solutions_Architect,Cloud Solutions Architect,M,31-35,2,BSc,10.3,0.3605,0.6941,0.7831,0.6401,0.5042,1.0,0.7283,0.7921,0.7278,0.7535,1,3,0.2,0.4,0.4,0.3,0.5,0.2,0.4,0.6
CS00076,Cloud_Solutions_Architect,Cloud Solutions Architect,F,26-30,3,MSc,7.6,0.6725,0.5427,0.7052,0.7323,0.749,1.0,0.5552,0.7719,0.6619,0.7059,1,1,0.2,0.4,0.4,0.3,0.5,0.2,0.4,0.6
CS00077,Cloud_Solutions_Architect,Cloud Solutions Architect,M,22-25,4,PhD,2.6,0.5793,0.7635,0.6316,0.6117,0.8317,0.52,0.5436,0.5918,0.6672,0.637,0,1,0.2,0.4,0.4,0.3,0.5,0.2,0.4,0.6
CS00078,Cloud_Solutions_Architect,Cloud Solutions Architect,F,26-30,3,MSc,6.4,0.6416,0.7842,0.837,0.7813,0.7367,1.0,0.7357,0.8416,0.81,0.8226,1,3,0.2,0.4,0.4,0.3,0.5,0.2,0.4,0.6
CS00079,Cloud_Solutions_Architect,Cloud Solutions Architect,M,31-35,2,BSc,4.1,0.8127,0.7859,0.64,0.6484,0.6851,0.82,0.7104,0.7492,0.6855,0.711,1,2,0.2,0.4,0.4,0.3,0.5,0.2,0.4,0.6
CS00080,Cloud_Solutions_Architect,Cloud Solutions Architect,F,36-40,3,MSc,6.2,0.7174,0.7205,1.0,0.6138,0.767,1.0,0.7664,0.86,0.8389,0.8473,1,3,0.2,0.4,0.4,0.3,0.5,0.2,0.4,0.6
CS00081,Cloud_Solutions_Architect,Cloud Solutions Architect,M,31-35,3,MSc,6.7,0.937,0.6102,0.8518,0.7941,0.8548,1.0,0.836,0.9053,0.7678,0.8228,1,3,0.2,0.4,0.4,0.3,0.5,0.2,0.4,0.6
CS00082,Cloud_Solutions_Architect,Cloud Solutions Architect,F,26-30,2,BSc,4.7,0.6408,0.4137,0.5928,0.3882,0.6163,0.94,0.5644,0.725,0.4982,0.5889,1,1,0.2,0.4,0.4,0.3,0.5,0.2,0.4,0.6
CS00083,Cloud_Solutions_Architect,Cloud Solutions Architect,M,22-25,2,BSc,4.6,0.6518,0.6259,0.9561,0.7175,0.6207,0.92,0.5758,0.7224,0.8093,0.7745,1,2,0.2,0.4,0.4,0.3,0.5,0.2,0.4,0.6
CS00084,Cloud_Solutions_Architect,Cloud Solutions Architect,F,31-35,2,BSc,6.0,0.583,0.6126,0.7515,0.756,0.5932,1.0,0.4925,0.7156,0.7107,0.7127,1,1,0.2,0.4,0.4,0.3,0.5,0.2,0.4,0.6
CS00085,Cloud_Solutions_Architect,Cloud Solutions Architect,F,26-30,2,BSc,10.0,0.6728,0.4671,0.8063,0.7401,0.6291,1.0,0.7587,0.8293,0.6913,0.7465,1,3,0.2,0.4,0.4,0.3,0.5,0.2,0.4,0.6
CS00086,Cloud_Solutions_Architect,Cloud Solutions Architect,M,26-30,3,MSc,8.1,0.7993,0.8183,1.0,0.7554,0.7997,1.0,0.7518,0.8607,0.8966,0.8822,1,3,0.2,0.4,0.4,0.3,0.5,0.2,0.4,0.6
CS00087,Cloud_Solutions_Architect,Cloud Solutions Architect,M,22-25,2,BSc,4.2,0.4156,0.5726,0.7826,0.5506,0.5262,0.84,0.4549,0.6232,0.6732,0.6532,1,1,0.2,0.4,0.4,0.3,0.5,0.2,0.4,0.6
CS00088,Cloud_Solutions_Architect,Cloud Solutions Architect,M,26-30,2,BSc,1.4,0.3972,0.6429,0.8786,0.5931,0.5189,0.28,0.6729,0.4849,0.7508,0.6444,0,0,0.2,0.4,0.4,0.3,0.5,0.2,0.4,0.6
CS00089,Cloud_Solutions_Architect,Cloud Solutions Architect,M,31-35,3,MSc,3.9,0.5404,0.6348,0.8017,0.4681,0.6961,0.78,0.7013,0.7318,0.6849,0.7037,1,2,0.2,0.4,0.4,0.3,0.5,0.2,0.4,0.6
CS00090,Cloud_Solutions_Architect,Cloud Solutions Architect,F,31-35,2,BSc,1.2,0.7652,0.4848,0.5974,0.4767,0.6661,0.24,0.4162,0.3957,0.5395,0.482,0,1,0.2,0.4,0.4,0.3,0.5,0.2,0.4,0.6
CS00091,Cloud_Solutions_Architect,Cloud Solutions Architect,M,26-30,2,BSc,3.2,0.3909,0.8843,0.7419,0.3911,0.5164,0.64,0.5503,0.5794,0.7145,0.6605,1,2,0.2,0.4,0.4,0.3,0.5,0.2,0.4,0.6
CS00092,Cloud_Solutions_Architect,Cloud Solutions Architect,M,31-35,2,BSc,8.6,0.7529,0.7641,0.7634,0.7595,0.6612,1.0,0.9465,0.9108,0.7628,0.822,1,3,0.2,0.4,0.4,0.3,0.5,0.2,0.4,0.6
CS00093,Cloud_Solutions_Architect,Cloud Solutions Architect,M,22-25,2,BSc,3.8,0.7777,0.8319,0.6082,0.497,0.6711,0.76,0.5645,0.664,0.6531,0.6575,1,2,0.2,0.4,0.4,0.3,0.5,0.2,0.4,0.6
CS00094,Cloud_Solutions_Architect,Cloud Solutions Architect,M,36-40,2,BSc,7.3,0.5908,0.8497,0.8685,0.7144,0.5963,1.0,0.5883,0.7546,0.832,0.801,1,2,0.2,0.4,0.4,0.3,0.5,0.2,0.4,0.6
CS00095,Cloud_Solutions_Architect,Cloud Solutions Architect,F,36-40,3,MSc,12.2,0.6141,0.8303,0.9869,0.8734,0.7257,1.0,0.9428,0.9223,0.9172,0.9192,1,3,0.2,0.4,0.4,0.3,0.5,0.2,0.4,0.6
CS00096,Cloud_Solutions_Architect,Cloud Solutions Architect,F,31-35,2,BSc,9.2,0.5469,0.7733,0.9474,0.9345,0.5788,1.0,0.8902,0.8718,0.8926,0.8843,1,2,0.2,0.4,0.4,0.3,0.5,0.2,0.4,0.6
CS00097,Cloud_Solutions_Architect,Cloud Solutions Architect,M,31-35,3,MSc,8.3,0.7188,0.7233,0.8843,0.913,0.7675,1.0,0.7628,0.8586,0.8417,0.8485,1,3,0.2,0.4,0.4,0.3,0.5,0.2,0.4,0.6
CS00098,Cloud_Solutions_Architect,Cloud Solutions Architect,F,36-40,3,MSc,8.8,0.9723,0.6015,1.0,0.7338,0.8689,1.0,0.6197,0.8217,0.8272,0.825,1,2,0.2,0.4,0.4,0.3,0.5,0.2,0.4,0.6
CS00099,Cloud_Solutions_Architect,Cloud Solutions Architect,M,36-40,3,MSc,0.0,0.7597,0.5716,0.8087,0.761,0.7839,0.0,0.7132,0.4421,0.728,0.6136,0,1,0.2,0.4,0.4,0.3,0.5,0.2,0.4,0.6
CS00100,Cloud_Solutions_Architect,Cloud Solutions Architect,M,22-25,2,BSc,9.7,0.5972,0.6135,0.8122,0.5706,0.5989,1.0,0.5769,0.7505,0.7043,0.7228,1,2,0.2,0.4,0.4,0.3,0.5,0.2,0.4,0.6
CS00101,Cloud_Solutions_Architect,Cloud Solutions Architect,M,22-25,3,MSc,6.1,0.4051,0.704,0.7382,0.4916,0.642,1.0,0.7574,0.8314,0.6786,0.7397,1,2,0.2,0.4,0.4,0.3,0.5,0.2,0.4,0.6
CS00102,Cloud_Solutions_Architect,Cloud Solutions Architect,F,26-30,3,MSc,4.2,0.5638,0.7439,1.0,0.5309,0.7055,0.84,0.7535,0.7785,0.8293,0.809,1,3,0.2,0.4,0.4,0.3,0.5,0.2,0.4,0.6
CS00103,Cloud_Solutions_Architect,Cloud Solutions Architect,F,26-30,3,MSc,4.2,0.4138,0.7184,0.9097,0.4659,0.6455,0.84,0.7989,0.7847,0.7636,0.772,1,3,0.2,0.4,0.4,0.3,0.5,0.2,0.4,0.6
CS00104,Cloud_Solutions_Architect,Cloud Solutions Architect,M,22-25,3,MSc,5.4,0.8308,0.7009,0.827,0.5788,0.8123,1.0,0.7701,0.8705,0.7395,0.7919,1,3,0.2,0.4,0.4,0.3,0.5,0.2,0.4,0.6
CS00105,Cloud_Solutions_Architect,Cloud Solutions Architect,F,31-35,4,PhD,3.7,0.7898,0.524,0.7023,0.5117,0.9159,0.74,0.5504,0.6993,0.6107,0.6461,1,2,0.2,0.4,0.4,0.3,0.5,0.2,0.4,0.6
CS00106,Cloud_Solutions_Architect,Cloud Solutions Architect,F,36-40,3,MSc,3.6,0.7608,0.7883,0.6765,0.3008,0.7843,0.72,0.5611,0.6693,0.6349,0.6487,1,2,0.2,0.4,0.4,0.3,0.5,0.2,0.4,0.6
CS00107,Cloud_Solutions_Architect,Cloud Solutions Architect,F,31-35,2,BSc,4.9,0.4682,0.6494,1.0,0.6131,0.5473,0.98,0.9943,0.8992,0.8174,0.8501,1,3,0.2,0.4,0.4,0.3,0.5,0.2,0.4,0.6
CS00108,Cloud_Solutions_Architect,Cloud Solutions Architect,M,40+,2,BSc,9.4,0.7994,0.5085,0.6738,0.6225,0.6798,1.0,0.658,0.7991,0.614,0.688,1,2,0.2,0.4,0.4,0.3,0.5,0.2,0.4,0.6
CS00109,Cloud_Solutions_Architect,Cloud Solutions Architect,M,26-30,2,BSc,0.5,0.3839,0.7833,0.9243,0.6086,0.5135,0.1,0.7188,0.4302,0.8189,0.6634,0,2,0.2,0.4,0.4,0.3,0.5,0.2,0.4,0.6
CS00110,Cloud_Solutions_Architect,Cloud Solutions Architect,M,31-35,3,MSc,5.8,0.587,0.5402,0.6492,0.5696,0.7148,1.0,0.7589,0.8465,0.6006,0.699,1,2,0.2,0.4,0.4,0.3,0.5,0.2,0.4,0.6
CS00111,Cloud_Solutions_Architect,Cloud Solutions Architect,M,26-30,3,MSc,6.1,0.6727,0.6924,0.7674,0.7595,0.7491,1.0,0.6424,0.8068,0.7433,0.7687,1,2,0.2,0.4,0.4,0.3,0.5,0.2,0.4,0.6
CS00112,Cloud_Solutions_Architect,Cloud Solutions Architect,M,26-30,4,PhD,3.3,0.5116,0.6399,0.7335,0.581,0.8046,0.66,0.7148,0.7109,0.6749,0.6893,1,2,0.2,0.4,0.4,0.3,0.5,0.2,0.4,0.6
CS00113,Cloud_Solutions_Architect,Cloud Solutions Architect,F,36-40,2,BSc,3.8,0.5982,0.735,0.8722,0.6388,0.5993,0.76,0.7786,0.7353,0.7844,0.7648,1,3,0.2,0.4,0.4,0.3,0.5,0.2,0.4,0.6
CS00114,Cloud_Solutions_Architect,Cloud Solutions Architect,F,22-25,3,MSc,10.3,0.4622,0.8376,0.7608,0.8958,0.6649,1.0,0.8896,0.8888,0.8108,0.842,1,3,0.2,0.4,0.4,0.3,0.5,0.2,0.4,0.6
CS00115,Cloud_Solutions_Architect,Cloud Solutions Architect,F,26-30,3,MSc,5.5,0.662,0.6309,0.6729,0.5402,0.7448,1.0,0.5364,0.7635,0.6338,0.6857,1,1,0.2,0.4,0.4,0.3,0.5,0.2,0.4,0.6
CS00116,Cloud_Solutions_Architect,Cloud Solutions Architect,M,36-40,2,BSc,7.7,0.3196,0.6834,0.8113,0.4076,0.4879,1.0,0.7868,0.8123,0.6922,0.7402,1,3,0.2,0.4,0.4,0.3,0.5,0.2,0.4,0.6
CS00117,Cloud_Solutions_Architect,Cloud Solutions Architect,M,31-35,3,MSc,4.8,0.5625,0.9734,0.8326,0.5364,0.705,0.96,0.7436,0.8225,0.8156,0.8184,1,3,0.2,0.4,0.4,0.3,0.5,0.2,0.4,0.6
CS00118,Cloud_Solutions_Architect,Cloud Solutions Architect,M,31-35,1,Diploma,4.0,0.425,0.5006,0.8857,0.8074,0.41,0.8,0.5839,0.6355,0.7545,0.7069,0,2,0.2,0.4,0.4,0.3,0.5,0.2,0.4,0.6
CS00119,Cloud_Solutions_Architect,Cloud Solutions Architect,M,26-30,2,BSc,4.1,0.7417,0.7709,0.702,0.6121,0.6567,0.82,0.5478,0.6785,0.7047,0.6942,1,0,0.2,0.4,0.4,0.3,0.5,0.2,0.4,0.6
CS00120,Cloud_Solutions_Architect,Cloud Solutions Architect,M,26-30,4,PhD,6.2,0.5178,0.8888,0.777,0.7154,0.8071,1.0,0.8813,0.9139,0.7982,0.8445,1,3,0.2,0.4,0.4,0.3,0.5,0.2,0.4,0.6
CS00121,Cloud_Solutions_Architect,Cloud Solutions Architect,M,31-35,2,BSc,4.6,0.668,0.6358,0.6192,0.7676,0.6272,0.92,0.6406,0.7497,0.6539,0.6922,1,2,0.2,0.4,0.4,0.3,0.5,0.2,0.4,0.6
CS00122,Cloud_Solutions_Architect,Cloud Solutions Architect,F,26-30,2,BSc,6.7,0.5085,0.6829,0.5574,0.76,0.5634,1.0,0.773,0.8219,0.6356,0.7101,1,1,0.2,0.4,0.4,0.3,0.5,0.2,0.4,0.6
CS00123,Cloud_Solutions_Architect,Cloud Solutions Architect,M,22-25,3,MSc,9.3,0.661,0.6118,0.7793,0.6278,0.7444,1.0,0.6927,0.826,0.6988,0.7497,1,2,0.2,0.4,0.4,0.3,0.5,0.2,0.4,0.6
CS00124,Cloud_Solutions_Architect,Cloud Solutions Architect,M,40+,3,MSc,4.3,0.7623,0.6176,0.7729,0.3939,0.7849,0.86,0.6177,0.748,0.6505,0.6895,1,2,0.2,0.4,0.4,0.3,0.5,0.2,0.4,0.6
CS00125,Cloud_Solutions_Architect,Cloud Solutions Architect,M,36-40,4,PhD,9.2,0.5017,0.7781,0.7102,0.8711,0.8007,1.0,0.6734,0.8295,0.7628,0.7895,1,2,0.2,0.4,0.4,0.3,0.5,0.2,0.4,0.6
CS00126,Cloud_Solutions_Architect,Cloud Solutions Architect,M,26-30,3,MSc,4.5,0.5915,0.815,0.8189,0.7414,0.7166,0.9,0.8037,0.8248,0.8022,0.8112,1,3,0.2,0.4,0.4,0.3,0.5,0.2,0.4,0.6
CS00127,Cloud_Solutions_Architect,Cloud Solutions Architect,F,31-35,4,PhD,6.0,0.4444,0.8292,0.8372,0.6706,0.7778,1.0,0.7867,0.8702,0.8015,0.829,1,3,0.2,0.4,0.4,0.3,0.5,0.2,0.4,0.6
CS00128,Cloud_Solutions_Architect,Cloud Solutions Architect,F,36-40,2,BSc,5.8,0.6813,0.616,0.8133,0.5723,0.6325,1.0,0.6092,0.7702,0.7059,0.7316,1,2,0.2,0.4,0.4,0.3,0.5,0.2,0.4,0.6
CS00129,Cloud_Solutions_Architect,Cloud Solutions Architect,M,31-35,4,PhD,9.1,0.6466,0.73,0.723,0.8268,0.8587,1.0,0.8263,0.9023,0.7459,0.8085,1,2,0.2,0.4,0.4,0.3,0.5,0.2,0.4,0.6
CS00130,Cloud_Solutions_Architect,Cloud Solutions Architect,M,26-30,2,BSc,10.2,0.8873,0.7097,0.799,0.8298,0.7149,1.0,0.7894,0.8587,0.7784,0.8105,1,3,0.2,0.4,0.4,0.3,0.5,0.2,0.4,0.6
CS00131,Cloud_Solutions_Architect,Cloud Solutions Architect,M,26-30,3,MSc,8.6,0.7026,0.6441,0.8273,0.829,0.7611,1.0,0.7509,0.8526,0.7727,0.8047,1,3,0.2,0.4,0.4,0.3,0.5,0.2,0.4,0.6
CS00132,Cloud_Solutions_Architect,Cloud Solutions Architect,M,22-25,3,MSc,5.6,0.4944,0.6863,0.8343,0.5966,0.6777,1.0,0.8177,0.8626,0.7424,0.7905,1,3,0.2,0.4,0.4,0.3,0.5,0.2,0.4,0.6
CS00133,Cloud_Solutions_Architect,Cloud Solutions Architect,M,26-30,2,BSc,10.0,0.7208,0.9182,0.8873,0.8295,0.6483,1.0,0.9306,0.9019,0.885,0.8918,1,3,0.2,0.4,0.4,0.3,0.5,0.2,0.4,0.6
CS00134,Cloud_Solutions_Architect,Cloud Solutions Architect,F,31-35,1,Diploma,6.5,0.4964,0.6181,0.8755,0.649,0.4386,1.0,0.5157,0.694,0.753,0.7294,0,1,0.2,0.4,0.4,0.3,0.5,0.2,0.4,0.6
CS00135,Cloud_Solutions_Architect,Cloud Solutions Architect,F,22-25,2,BSc,8.4,0.5054,0.6258,0.836,0.8267,0.5621,1.0,0.6664,0.779,0.7711,0.7743,1,2,0.2,0.4,0.4,0.3,0.5,0.2,0.4,0.6
CS00136,Cloud_Solutions_Architect,Cloud Solutions Architect,M,36-40,3,MSc,6.7,0.5033,0.8455,0.7297,0.7868,0.6813,1.0,0.8339,0.8698,0.7758,0.8134,1,2,0.2,0.4,0.4,0.3,0.5,0.2,0.4,0.6
CS00137,Cloud_Solutions_Architect,Cloud Solutions Architect,M,36-40,3,MSc,5.2,0.7487,0.5284,0.4923,0.4286,0.7795,1.0,0.5464,0.7745,0.4904,0.604,1,0,0.2,0.4,0.4,0.3,0.5,0.2,0.4,0.6
CS00138,Cloud_Solutions_Architect,Cloud Solutions Architect,M,22-25,4,PhD,6.9,0.7536,0.67,0.8256,0.6968,0.9015,1.0,0.7228,0.8694,0.7531,0.7996,1,3,0.2,0.4,0.4,0.3,0.5,0.2,0.4,0.6
CS00139,Cloud_Solutions_Architect,Cloud Solutions Architect,M,26-30,3,MSc,1.6,0.6421,0.7476,0.9708,0.4701,0.7369,0.32,0.6369,0.5302,0.8037,0.6943,0,1,0.2,0.4,0.4,0.3,0.5,0.2,0.4,0.6
CS00140,Cloud_Solutions_Architect,Cloud Solutions Architect,F,22-25,3,MSc,6.2,0.6853,0.78,0.7154,0.9298,0.7541,1.0,0.8072,0.8737,0.7777,0.8161,1,2,0.2,0.4,0.4,0.3,0.5,0.2,0.4,0.6
CS00141,Cloud_Solutions_Architect,Cloud Solutions Architect,F,26-30,2,BSc,6.8,0.7738,0.7005,0.9556,0.673,0.6695,1.0,0.6277,0.785,0.8226,0.8076,1,2,0.2,0.4,0.4,0.3,0.5,0.2,0.4,0.6
CS00142,Cloud_Solutions_Architect,Cloud Solutions Architect,F,36-40,3,MSc,7.7,0.5409,0.6522,0.8575,0.4926,0.6964,1.0,0.6843,0.813,0.723,0.759,1,2,0.2,0.4,0.4,0.3,0.5,0.2,0.4,0.6
CS00143,Cloud_Solutions_Architect,Cloud Solutions Architect,F,26-30,3,MSc,4.7,0.5063,0.5871,0.5342,0.7004,0.6825,0.94,0.6475,0.7715,0.5833,0.6586,1,1,0.2,0.4,0.4,0.3,0.5,0.2,0.4,0.6
CS00144,Cloud_Solutions_Architect,Cloud Solutions Architect,F,40+,2,BSc,4.7,0.4244,0.6726,0.7127,0.6444,0.5298,0.94,0.7325,0.7749,0.687,0.7222,1,1,0.2,0.4,0.4,0.3,0.5,0.2,0.4,0.6
CS00145,Cloud_Solutions_Architect,Cloud Solutions Architect,M,22-25,2,BSc,9.1,0.572,0.5054,0.7083,0.614,0.5888,1.0,0.6102,0.7618,0.6285,0.6818,1,2,0.2,0.4,0.4,0.3,0.5,0.2,0.4,0.6
CS00146,Cloud_Solutions_Architect,Cloud Solutions Architect,M,36-40,2,BSc,5.0,0.5733,0.8142,0.7244,0.8802,0.5893,1.0,0.7259,0.8082,0.7825,0.7928,1,2,0.2,0.4,0.4,0.3,0.5,0.2,0.4,0.6
CS00147,Cloud_Solutions_Architect,Cloud Solutions Architect,F,26-30,3,MSc,6.5,0.8792,0.5907,0.7496,0.5405,0.8317,1.0,0.6444,0.8241,0.6601,0.7257,1,2,0.2,0.4,0.4,0.3,0.5,0.2,0.4,0.6
CS00148,Cloud_Solutions_Architect,Cloud Solutions Architect,F,22-25,3,MSc,5.2,0.7143,0.6914,0.6824,0.6905,0.7657,1.0,0.7262,0.8436,0.6867,0.7495,1,2,0.2,0.4,0.4,0.3,0.5,0.2,0.4,0.6
CS00149,Cloud_Solutions_Architect,Cloud Solutions Architect,M,31-35,3,MSc,8.8,0.8878,0.8048,0.9665,0.636,0.8351,1.0,0.6854,0.8412,0.8519,0.8476,1,2,0.2,0.4,0.4,0.3,0.5,0.2,0.4,0.6
CS00150,Cloud_Solutions_Architect,Cloud Solutions Architect,M,26-30,4,PhD,0.0,0.579,0.7131,0.5512,0.3816,0.8316,0.0,0.4791,0.358,0.5659,0.4827,0,1,0.2,0.4,0.4,0.3,0.5,0.2,0.4,0.6
CS00151,Cloud_Solutions_Architect,Cloud Solutions Architect,M,26-30,3,MSc,2.0,0.6527,0.69,0.7278,0.4313,0.7411,0.4,0.595,0.5462,0.6572,0.6128,0,1,0.2,0.4,0.4,0.3,0.5,0.2,0.4,0.6
CS00152,Cloud_Solutions_Architect,Cloud Solutions Architect,M,26-30,2,BSc,0.6,0.5938,0.6987,0.7516,0.7709,0.5975,0.12,0.6625,0.4325,0.7396,0.6168,0,1,0.2,0.4,0.4,0.3,0.5,0.2,0.4,0.6
CS00153,Cloud_Solutions_Architect,Cloud Solutions Architect,M,26-30,3,MSc,8.8,0.6486,0.675,1.0,0.6327,0.7395,1.0,0.8033,0.8692,0.829,0.8451,1,3,0.2,0.4,0.4,0.3,0.5,0.2,0.4,0.6
CS00154,Cloud_Solutions_Architect,Cloud Solutions Architect,F,22-25,3,MSc,7.2,0.3724,0.7214,1.0,0.7235,0.629,1.0,0.6877,0.8009,0.8611,0.837,1,2,0.2,0.4,0.4,0.3,0.5,0.2,0.4,0.6
CS00155,Cloud_Solutions_Architect,Cloud Solutions Architect,M,40+,3,MSc,0.5,0.7125,0.8798,0.7199,0.4418,0.765,0.1,0.8323,0.5259,0.7123,0.6377,0,1,0.2,0.4,0.4,0.3,0.5,0.2,0.4,0.6
CS00156,Cloud_Solutions_Architect,Cloud Solutions Architect,F,40+,3,MSc,4.6,0.6933,0.573,0.8507,0.6585,0.7573,0.92,0.6531,0.7807,0.729,0.7497,1,2,0.2,0.4,0.4,0.3,0.5,0.2,0.4,0.6
CS00157,Cloud_Solutions_Architect,Cloud Solutions Architect,M,26-30,3,MSc,1.5,0.3109,0.58,0.7395,0.4304,0.6044,0.3,0.9164,0.6074,0.6298,0.6208,0,1,0.2,0.4,0.4,0.3,0.5,0.2,0.4,0.6
CS00158,Cloud_Solutions_Architect,Cloud Solutions Architect,M,22-25,2,BSc,8.1,0.547,0.7527,0.9871,0.5583,0.5788,1.0,0.7668,0.8225,0.831,0.8276,1,2,0.2,0.4,0.4,0.3,0.5,0.2,0.4,0.6
CS00159,Cloud_Solutions_Architect,Cloud Solutions Architect,M,36-40,2,BSc,4.9,0.6396,0.5781,0.8143,0.7129,0.6158,0.98,0.4982,0.7145,0.7232,0.7197,1,1,0.2,0.4,0.4,0.3,0.5,0.2,0.4,0.6
CS00160,Cloud_Solutions_Architect,Cloud Solutions Architect,M,31-35,3,MSc,4.2,0.7168,0.6319,0.892,0.4853,0.7667,0.84,0.5307,0.7016,0.7326,0.7202,1,1,0.2,0.4,0.4,0.3,0.5,0.2,0.4,0.6
CS00161,Cloud_Solutions_Architect,Cloud Solutions Architect,F,31-35,2,BSc,3.0,0.7822,0.6945,0.8462,0.6234,0.6729,0.6,0.5886,0.61,0.7561,0.6977,1,2,0.2,0.4,0.4,0.3,0.5,0.2,0.4,0.6
CS00162,Cloud_Solutions_Architect,Cloud Solutions Architect,F,26-30,2,BSc,1.4,0.4783,0.6841,0.6716,0.3917,0.5513,0.28,0.6419,0.479,0.6194,0.5632,0,1,0.2,0.4,0.4,0.3,0.5,0.2,0.4,0.6
CS00163,Cloud_Solutions_Architect,Cloud Solutions Architect,F,22-25,3,MSc,4.9,0.6119,0.6174,0.8371,0.741,0.7248,0.98,0.7058,0.8193,0.752,0.7789,1,2,0.2,0.4,0.4,0.3,0.5,0.2,0.4,0.6
CS00164,Cloud_Solutions_Architect,Cloud Solutions Architect,F,22-25,2,BSc,7.3,0.6904,0.7945,0.8797,0.4462,0.6362,1.0,0.7015,0.8079,0.7674,0.7836,1,2,0.2,0.4,0.4,0.3,0.5,0.2,0.4,0.6
CS00165,Cloud_Solutions_Architect,Cloud Solutions Architect,F,26-30,3,MSc,6.3,0.5844,0.6575,0.6322,0.6772,0.7137,1.0,0.7097,0.8266,0.6488,0.7199,1,2,0.2,0.4,0.4,0.3,0.5,0.2,0.4,0.6
CS00166,Cloud_Solutions_Architect,Cloud Solutions Architect,F,36-40,4,PhD,6.9,0.7221,0.6344,1.0,0.6735,0.8888,1.0,0.6887,0.8532,0.825,0.8363,1,3,0.2,0.4,0.4,0.3,0.5,0.2,0.4,0.6
CS00167,Cloud_Solutions_Architect,Cloud Solutions Architect,F,22-25,2,BSc,2.9,0.5713,0.8528,0.6872,0.5817,0.5885,0.58,0.6877,0.6248,0.7158,0.6794,0,2,0.2,0.4,0.4,0.3,0.5,0.2,0.4,0.6
CS00168,Cloud_Solutions_Architect,Cloud Solutions Architect,F,22-25,2,BSc,5.3,0.5953,0.7193,1.0,0.8009,0.5981,1.0,0.7624,0.8246,0.876,0.8554,1,3,0.2,0.4,0.4,0.3,0.5,0.2,0.4,0.6
CS00169,Cloud_Solutions_Architect,Cloud Solutions Architect,M,22-25,1,Diploma,6.9,0.5696,0.6124,0.6617,0.5618,0.4678,1.0,0.8115,0.8182,0.6269,0.7034,0,2,0.2,0.4,0.4,0.3,0.5,0.2,0.4,0.6
CS00170,Cloud_Solutions_Architect,Cloud Solutions Architect,M,36-40,2,BSc,4.0,0.328,0.6551,0.6142,0.5246,0.4912,0.8,0.7586,0.7217,0.6085,0.6538,1,2,0.2,0.4,0.4,0.3,0.5,0.2,0.4,0.6
CS00171,Cloud_Solutions_Architect,Cloud Solutions Architect,M,31-35,2,BSc,2.3,0.4095,0.5539,0.7774,0.3593,0.5238,0.46,0.6833,0.5621,0.6267,0.6009,0,2,0.2,0.4,0.4,0.3,0.5,0.2,0.4,0.6
CS00172,Cloud_Solutions_Architect,Cloud Solutions Architect,M,22-25,2,BSc,9.8,0.7281,0.5977,1.0,0.7135,0.6512,1.0,0.7902,0.8463,0.822,0.8317,1,3,0.2,0.4,0.4,0.3,0.5,0.2,0.4,0.6
CS00173,Cloud_Solutions_Architect,Cloud Solutions Architect,M,31-35,4,PhD,3.5,0.5917,0.6975,0.6386,0.5817,0.8367,0.7,0.5958,0.6856,0.6449,0.6612,1,2,0.2,0.4,0.4,0.3,0.5,0.2,0.4,0.6
CS00174,Cloud_Solutions_Architect,Cloud Solutions Architect,F,26-30,2,BSc,4.7,0.4182,0.6076,0.8022,0.4629,0.5273,0.94,0.711,0.7659,0.676,0.712,1,2,0.2,0.4,0.4,0.3,0.5,0.2,0.4,0.6
CS00175,Cloud_Solutions_Architect,Cloud Solutions Architect,M,31-35,3,MSc,10.5,0.4983,0.7433,0.9176,1.0,0.6793,1.0,0.9324,0.9088,0.8818,0.8926,1,3,0.2,0.4,0.4,0.3,0.5,0.2,0.4,0.6
CS00176,Cloud_Solutions_Architect,Cloud Solutions Architect,F,36-40,3,MSc,6.3,0.5081,0.5187,0.9586,0.8657,0.6832,1.0,0.7803,0.8488,0.808,0.8243,1,3,0.2,0.4,0.4,0.3,0.5,0.2,0.4,0.6
CS00177,Cloud_Solutions_Architect,Cloud Solutions Architect,F,31-35,2,BSc,7.2,0.4167,0.6811,0.8183,0.6946,0.5267,1.0,0.8654,0.8515,0.7524,0.792,1,3,0.2,0.4,0.4,0.3,0.5,0.2,0.4,0.6
CS00178,Cloud_Solutions_Architect,Cloud Solutions Architect,M,26-30,2,BSc,4.9,0.5675,0.7266,0.858,0.7058,0.587,0.98,0.7738,0.8189,0.7881,0.8004,1,3,0.2,0.4,0.4,0.3,0.5,0.2,0.4,0.6
CS00179,Cloud_Solutions_Architect,Cloud Solutions Architect,M,26-30,2,BSc,6.7,0.471,0.7044,0.7664,0.6779,0.5484,1.0,0.6773,0.7806,0.7301,0.7503,1,2,0.2,0.4,0.4,0.3,0.5,0.2,0.4,0.6
CS00180,Cloud_Solutions_Architect,Cloud Solutions Architect,M,31-35,2,BSc,8.8,0.4102,0.5336,0.968,0.642,0.5241,1.0,0.8205,0.833,0.7725,0.7967,1,3,0.2,0.4,0.4,0.3,0.5,0.2,0.4,0.6
CS00181,Cloud_Solutions_Architect,Cloud Solutions Architect,M,26-30,1,Diploma,7.3,0.7256,0.5632,0.8307,0.4266,0.5302,1.0,0.5896,0.7419,0.6696,0.6985,0,2,0.2,0.4,0.4,0.3,0.5,0.2,0.4,0.6
CS00182,Cloud_Solutions_Architect,Cloud Solutions Architect,M,22-25,3,MSc,10.4,0.3914,0.7257,1.0,0.8378,0.6366,1.0,0.7475,0.8263,0.8853,0.8617,1,3,0.2,0.4,0.4,0.3,0.5,0.2,0.4,0.6
CS00183,Cloud_Solutions_Architect,Cloud Solutions Architect,M,26-30,2,BSc,4.8,0.651,0.7432,0.8373,0.7882,0.6204,0.96,0.8202,0.8362,0.7992,0.814,1,3,0.2,0.4,0.4,0.3,0.5,0.2,0.4,0.6
CS00184,Cloud_Solutions_Architect,Cloud Solutions Architect,M,36-40,3,MSc,5.1,0.6351,0.6893,0.7694,0.8,0.734,1.0,0.6936,0.8242,0.7515,0.7806,1,2,0.2,0.4,0.4,0.3,0.5,0.2,0.4,0.6
CS00185,Cloud_Solutions_Architect,Cloud Solutions Architect,M,31-35,3,MSc,6.9,0.6307,0.6869,0.8714,0.721,0.7323,1.0,0.6744,0.8162,0.7859,0.798,1,2,0.2,0.4,0.4,0.3,0.5,0.2,0.4,0.6
CS00186,Cloud_Solutions_Architect,Cloud Solutions Architect,M,36-40,2,BSc,9.3,0.7401,0.7544,0.9133,0.8226,0.656,1.0,0.9716,0.9198,0.8475,0.8764,1,3,0.2,0.4,0.4,0.3,0.5,0.2,0.4,0.6
CS00187,Cloud_Solutions_Architect,Cloud Solutions Architect,F,26-30,3,MSc,5.6,0.54,0.5211,0.7058,0.7059,0.696,1.0,0.5931,0.7764,0.6504,0.7008,1,2,0.2,0.4,0.4,0.3,0.5,0.2,0.4,0.6
CS00188,Cloud_Solutions_Architect,Cloud Solutions Architect,F,26-30,3,MSc,1.1,0.6416,0.4544,0.4556,0.3044,0.7366,0.22,0.3457,0.3736,0.425,0.4044,0,0,0.2,0.4,0.4,0.3,0.5,0.2,0.4,0.6
CS00189,Cloud_Solutions_Architect,Cloud Solutions Architect,M,26-30,3,MSc,9.8,0.4972,0.6714,0.9765,0.5892,0.6789,1.0,0.6307,0.7881,0.8075,0.7997,1,2,0.2,0.4,0.4,0.3,0.5,0.2,0.4,0.6
CS00190,Cloud_Solutions_Architect,Cloud Solutions Architect,M,22-25,2,BSc,7.1,0.741,0.453,0.6772,0.6973,0.6564,1.0,0.7544,0.833,0.614,0.7016,1,2,0.2,0.4,0.4,0.3,0.5,0.2,0.4,0.6
CS00191,Cloud_Solutions_Architect,Cloud Solutions Architect,M,22-25,3,MSc,3.8,0.46,0.4682,0.7175,0.8592,0.664,0.76,0.6649,0.7028,0.671,0.6837,1,2,0.2,0.4,0.4,0.3,0.5,0.2,0.4,0.6
CS00192,Cloud_Solutions_Architect,Cloud Solutions Architect,F,22-25,3,MSc,3.2,0.398,0.7231,0.819,0.6898,0.6392,0.64,0.6943,0.6616,0.7644,0.7233,1,2,0.2,0.4,0.4,0.3,0.5,0.2,0.4,0.6
CS00193,Cloud_Solutions_Architect,Cloud Solutions Architect,F,26-30,3,MSc,6.4,0.8175,0.7894,0.773,0.8675,0.807,1.0,0.9029,0.9225,0.7968,0.8471,1,3,0.2,0.4,0.4,0.3,0.5,0.2,0.4,0.6
CS00194,Cloud_Solutions_Architect,Cloud Solutions Architect,F,31-35,2,BSc,3.9,0.663,0.5798,0.7114,0.7538,0.6252,0.78,0.6448,0.695,0.6804,0.6862,1,2,0.2,0.4,0.4,0.3,0.5,0.2,0.4,0.6
CS00195,Cloud_Solutions_Architect,Cloud Solutions Architect,F,36-40,3,MSc,7.5,0.674,0.6064,0.8927,0.5713,0.7496,1.0,0.6685,0.8173,0.7425,0.7724,1,2,0.2,0.4,0.4,0.3,0.5,0.2,0.4,0.6
CS00196,Cloud_Solutions_Architect,Cloud Solutions Architect,M,22-25,3,MSc,7.7,0.663,0.6034,0.7118,0.5076,0.7452,1.0,0.7032,0.8303,0.6384,0.7152,1,2,0.2,0.4,0.4,0.3,0.5,0.2,0.4,0.6
CS00197,Cloud_Solutions_Architect,Cloud Solutions Architect,M,26-30,2,BSc,6.2,0.5612,0.7525,0.8538,0.6715,0.5845,1.0,0.7626,0.8219,0.787,0.801,1,3,0.2,0.4,0.4,0.3,0.5,0.2,0.4,0.6
CS00198,Cloud_Solutions_Architect,Cloud Solutions Architect,F,26-30,2,BSc,7.7,0.5944,0.6067,0.853,0.7358,0.5978,1.0,0.595,0.7576,0.7557,0.7565,1,2,0.2,0.4,0.4,0.3,0.5,0.2,0.4,0.6
CS00199,Cloud_Solutions_Architect,Cloud Solutions Architect,M,31-35,3,MSc,6.0,0.4708,0.7846,0.5179,0.6599,0.6683,1.0,0.7054,0.8158,0.6263,0.7021,1,1,0.2,0.4,0.4,0.3,0.5,0.2,0.4,0.6
CS00200,Cloud_Solutions_Architect,Cloud Solutions Architect,F,36-40,2,BSc,3.2,0.5361,0.7432,0.7749,0.7595,0.5745,0.64,0.9911,0.7673,0.7623,0.7643,1,2,0.2,0.4,0.4,0.3,0.5,0.2,0.4,0.6
CS00201,Cloud_Solutions_Architect,Cloud Solutions Architect,M,36-40,2,BSc,8.9,0.6883,0.6074,0.523,0.6716,0.6353,1.0,0.6116,0.7717,0.578,0.6555,1,1,0.2,0.4,0.4,0.3,0.5,0.2,0.4,0.6
CS00202,Cloud_Solutions_Architect,Cloud Solutions Architect,M,40+,3,MSc,5.2,0.6639,0.8091,1.0,0.5693,0.7456,1.0,0.6356,0.8033,0.8566,0.8353,1,2,0.2,0.4,0.4,0.3,0.5,0.2,0.4,0.6
CS00203,Cloud_Solutions_Architect,Cloud Solutions Architect,F,36-40,2,BSc,2.9,0.6319,0.7921,0.7383,0.6187,0.6128,0.58,0.63,0.6066,0.7305,0.6809,0,2,0.2,0.4,0.4,0.3,0.5,0.2,0.4,0.6
CS00204,Cloud_Solutions_Architect,Cloud Solutions Architect,M,31-35,3,MSc,5.7,0.6457,0.6987,0.8234,0.5485,0.7383,1.0,0.7191,0.8353,0.731,0.7727,1,2,0.2,0.4,0.4,0.3,0.5,0.2,0.4,0.6
CS00205,Cloud_Solutions_Architect,Cloud Solutions Architect,M,26-30,3,MSc,6.9,0.6008,0.6035,1.0,0.5407,0.7203,1.0,0.6871,0.8189,0.7892,0.8011,1,2,0.2,0.4,0.4,0.3,0.5,0.2,0.4,0.6
CS00206,Cloud_Solutions_Architect,Cloud Solutions Architect,M,22-25,4,PhD,1.5,0.5062,0.6351,0.5544,0.4333,0.8025,0.3,0.475,0.4705,0.5544,0.5208,0,1,0.2,0.4,0.4,0.3,0.5,0.2,0.4,0.6
CS00207,Cloud_Solutions_Architect,Cloud Solutions Architect,M,31-35,3,MSc,9.5,0.444,0.7005,0.793,0.6225,0.6576,1.0,0.8225,0.8605,0.7311,0.7829,1,3,0.2,0.4,0.4,0.3,0.5,0.2,0.4,0.6
CS00208,Cloud_Solutions_Architect,Cloud Solutions Architect,M,26-30,3,MSc,5.6,0.4843,0.9481,0.7912,0.6781,0.6737,1.0,0.8767,0.8854,0.8157,0.8436,1,3,0.2,0.4,0.4,0.3,0.5,0.2,0.4,0.6
CS00209,Cloud_Solutions_Architect,Cloud Solutions Architect,M,26-30,3,MSc,3.3,0.5944,0.6257,0.5742,0.6022,0.7178,0.66,0.5049,0.6095,0.5953,0.601,1,1,0.2,0.4,0.4,0.3,0.5,0.2,0.4,0.6
CS00210,Cloud_Solutions_Architect,Cloud Solutions Architect,M,31-35,2,BSc,6.3,0.4714,0.6178,0.6804,0.8033,0.5485,1.0,0.6883,0.785,0.6862,0.7257,1,2,0.2,0.4,0.4,0.3,0.5,0.2,0.4,0.6
CS00211,Cloud_Solutions_Architect,Cloud Solutions Architect,M,36-40,2,BSc,8.4,0.7635,0.6222,0.7834,0.7655,0.6654,1.0,0.6351,0.7871,0.7315,0.7537,1,2,0.2,0.4,0.4,0.3,0.5,0.2,0.4,0.6
CS00212,Cloud_Solutions_Architect,Cloud Solutions Architect,F,26-30,2,BSc,7.9,0.3545,0.7781,0.7833,0.7155,0.5018,1.0,0.6634,0.7657,0.7682,0.7672,1,2,0.2,0.4,0.4,0.3,0.5,0.2,0.4,0.6
CS00213,Cloud_Solutions_Architect,Cloud Solutions Architect,F,31-35,2,BSc,5.8,0.5455,0.7185,0.9494,0.6767,0.5782,1.0,0.5537,0.7371,0.8256,0.7902,1,2,0.2,0.4,0.4,0.3,0.5,0.2,0.4,0.6
CS00214,Cloud_Solutions_Architect,Cloud Solutions Architect,F,26-30,2,BSc,5.4,0.7786,0.7855,0.6687,0.5484,0.6714,1.0,0.6273,0.7852,0.6797,0.7219,1,2,0.2,0.4,0.4,0.3,0.5,0.2,0.4,0.6
CS00215,Cloud_Solutions_Architect,Cloud Solutions Architect,F,26-30,2,BSc,13.5,0.5134,0.539,0.7097,0.4866,0.5654,1.0,0.6724,0.782,0.6139,0.6811,1,2,0.2,0.4,0.4,0.3,0.5,0.2,0.4,0.6
CS00216,Cloud_Solutions_Architect,Cloud Solutions Architect,M,22-25,2,BSc,2.3,0.4677,0.6587,0.7657,0.4434,0.5471,0.46,0.4657,0.4797,0.6691,0.5933,0,1,0.2,0.4,0.4,0.3,0.5,0.2,0.4,0.6
CS00217,Cloud_Solutions_Architect,Cloud Solutions Architect,M,22-25,2,BSc,3.3,0.3481,0.4342,0.5252,0.6198,0.4992,0.66,0.4651,0.5499,0.5168,0.53,1,1,0.2,0.4,0.4,0.3,0.5,0.2,0.4,0.6
CS00218,Cloud_Solutions_Architect,Cloud Solutions Architect,M,26-30,2,BSc,2.0,0.5883,0.6522,0.6431,0.4729,0.5953,0.4,0.5822,0.5119,0.6118,0.5718,0,0,0.2,0.4,0.4,0.3,0.5,0.2,0.4,0.6
CS00219,Cloud_Solutions_Architect,Cloud Solutions Architect,F,31-35,2,BSc,6.0,0.5285,0.5776,0.5927,0.7335,0.5714,1.0,0.7379,0.8094,0.6163,0.6935,1,1,0.2,0.4,0.4,0.3,0.5,0.2,0.4,0.6
CS00220,Cloud_Solutions_Architect,Cloud Solutions Architect,M,31-35,3,MSc,4.8,0.707,0.7034,0.8272,0.4262,0.7628,0.96,0.5813,0.7691,0.7099,0.7336,1,1,0.2,0.4,0.4,0.3,0.5,0.2,0.4,0.6
CS00221,Cloud_Solutions_Architect,Cloud Solutions Architect,F,26-30,3,MSc,3.2,0.7961,0.7978,0.6865,0.8669,0.7984,0.64,0.6511,0.6761,0.756,0.724,1,2,0.2,0.4,0.4,0.3,0.5,0.2,0.4,0.6
CS00222,Cloud_Solutions_Architect,Cloud Solutions Architect,M,36-40,2,BSc,4.9,0.7339,0.5859,0.733,0.5276,0.6535,0.98,0.713,0.8079,0.6478,0.7118,1,2,0.2,0.4,0.4,0.3,0.5,0.2,0.4,0.6
CS00223,Cloud_Solutions_Architect,Cloud Solutions Architect,M,26-30,1,Diploma,9.7,0.7034,0.6074,0.7373,0.5515,0.5213,1.0,0.5487,0.7238,0.6612,0.6862,0,1,0.2,0.4,0.4,0.3,0.5,0.2,0.4,0.6
CS00224,Cloud_Solutions_Architect,Cloud Solutions Architect,M,31-35,1,Diploma,8.5,0.6911,0.5113,0.7968,0.6704,0.5164,1.0,0.4445,0.6811,0.6858,0.6839,0,1,0.2,0.4,0.4,0.3,0.5,0.2,0.4,0.6
CS00225,Cloud_Solutions_Architect,Cloud Solutions Architect,F,26-30,4,PhD,5.6,0.5272,0.5095,0.5567,0.6313,0.8109,1.0,0.44,0.7382,0.5574,0.6297,1,1,0.2,0.4,0.4,0.3,0.5,0.2,0.4,0.6
CS00226,Cloud_Solutions_Architect,Cloud Solutions Architect,F,26-30,4,PhD,6.4,0.2712,0.7889,0.844,0.5376,0.7085,1.0,0.648,0.8009,0.7662,0.7801,1,2,0.2,0.4,0.4,0.3,0.5,0.2,0.4,0.6
CS00227,Cloud_Solutions_Architect,Cloud Solutions Architect,M,22-25,3,MSc,10.7,0.5539,0.8461,0.8706,0.9123,0.7016,1.0,0.9585,0.9237,0.8716,0.8924,1,3,0.2,0.4,0.4,0.3,0.5,0.2,0.4,0.6
CS00228,Cloud_Solutions_Architect,Cloud Solutions Architect,M,22-25,2,BSc,5.1,0.7619,0.6134,0.8073,0.4074,0.6648,1.0,0.585,0.767,0.6691,0.7083,1,2,0.2,0.4,0.4,0.3,0.5,0.2,0.4,0.6
CS00229,Cloud_Solutions_Architect,Cloud Solutions Architect,M,22-25,1,Diploma,3.2,0.5848,0.5382,0.7397,0.555,0.4739,0.64,0.7097,0.6347,0.6423,0.6393,0,2,0.2,0.4,0.4,0.3,0.5,0.2,0.4,0.6
CS00230,Cloud_Solutions_Architect,Cloud Solutions Architect,M,26-30,2,BSc,5.4,0.5621,0.6529,0.8601,0.6991,0.5848,1.0,0.7465,0.8156,0.7658,0.7857,1,3,0.2,0.4,0.4,0.3,0.5,0.2,0.4,0.6
CS00231,Cloud_Solutions_Architect,Cloud Solutions Architect,M,26-30,2,BSc,3.6,0.4281,0.4373,0.5796,0.5602,0.5312,0.72,0.4317,0.5669,0.533,0.5466,1,0,0.2,0.4,0.4,0.3,0.5,0.2,0.4,0.6
CS00232,Cloud_Solutions_Architect,Cloud Solutions Architect,M,31-35,3,MSc,6.4,0.588,0.5248,0.5327,0.5252,0.7152,1.0,0.5772,0.7739,0.5289,0.6269,1,1,0.2,0.4,0.4,0.3,0.5,0.2,0.4,0.6
CS00233,Cloud_Solutions_Architect,Cloud Solutions Architect,M,26-30,2,BSc,5.3,0.6642,0.7635,0.5264,0.5312,0.6257,1.0,0.5323,0.7381,0.5985,0.6543,1,1,0.2,0.4,0.4,0.3,0.5,0.2,0.4,0.6
CS00234,Cloud_Solutions_Architect,Cloud Solutions Architect,F,31-35,1,Diploma,6.0,0.6904,0.684,0.8441,0.5524,0.5161,1.0,0.7965,0.8218,0.7378,0.7714,0,3,0.2,0.4,0.4,0.3,0.5,0.2,0.4,0.6
CS00235,Cloud_Solutions_Architect,Cloud Solutions Architect,M,31-35,2,BSc,9.2,0.8751,0.7999,0.7155,0.688,0.71,1.0,0.7888,0.8575,0.7353,0.7842,1,2,0.2,0.4,0.4,0.3,0.5,0.2,0.4,0.6
CS00236,Cloud_Solutions_Architect,Cloud Solutions Architect,F,36-40,2,BSc,3.5,0.6008,0.854,0.509,0.6047,0.6003,0.7,0.7269,0.6908,0.6316,0.6553,1,1,0.2,0.4,0.4,0.3,0.5,0.2,0.4,0.6
CS00237,Cloud_Solutions_Architect,Cloud Solutions Architect,F,36-40,3,MSc,4.3,0.7365,0.6812,0.5856,0.7149,0.7746,0.86,0.7561,0.8014,0.6402,0.7047,1,2,0.2,0.4,0.4,0.3,0.5,0.2,0.4,0.6
CS00238,Cloud_Solutions_Architect,Cloud Solutions Architect,M,31-35,2,BSc,5.1,0.5965,0.5851,0.7228,0.5857,0.5986,1.0,0.7779,0.8309,0.6541,0.7248,1,2,0.2,0.4,0.4,0.3,0.5,0.2,0.4,0.6
CS00239,Cloud_Solutions_Architect,Cloud Solutions Architect,F,31-35,3,MSc,4.4,0.4516,0.6809,0.383,0.5033,0.6606,0.88,0.5334,0.6975,0.4964,0.5768,1,1,0.2,0.4,0.4,0.3,0.5,0.2,0.4,0.6
CS00240,Cloud_Solutions_Architect,Cloud Solutions Architect,M,22-25,2,BSc,9.5,0.5302,0.6972,0.6744,0.5273,0.5721,1.0,0.6411,0.7709,0.6518,0.6994,1,2,0.2,0.4,0.4,0.3,0.5,0.2,0.4,0.6
CS00241,Cloud_Solutions_Architect,Cloud Solutions Architect,F,26-30,4,PhD,7.1,0.6911,0.7712,0.6844,0.6342,0.8764,1.0,0.7784,0.8866,0.7004,0.7749,1,2,0.2,0.4,0.4,0.3,0.5,0.2,0.4,0.6
CS00242,Cloud_Solutions_Architect,Cloud Solutions Architect,M,31-35,2,BSc,2.4,0.8993,0.7883,0.605,0.6168,0.7197,0.48,0.5274,0.5469,0.6624,0.6162,0,1,0.2,0.4,0.4,0.3,0.5,0.2,0.4,0.6
CS00243,Cloud_Solutions_Architect,Cloud Solutions Architect,F,31-35,2,BSc,7.1,0.5471,0.6202,0.6702,0.6477,0.5788,1.0,0.6369,0.7705,0.6507,0.6986,1,2,0.2,0.4,0.4,0.3,0.5,0.2,0.4,0.6
CS00244,Cloud_Solutions_Architect,Cloud Solutions Architect,F,22-25,3,MSc,8.7,0.5302,0.8008,0.7957,0.6594,0.6921,1.0,0.5489,0.758,0.77,0.7652,1,1,0.2,0.4,0.4,0.3,0.5,0.2,0.4,0.6
CS00245,Cloud_Solutions_Architect,Cloud Solutions Architect,F,31-35,2,BSc,2.9,0.4422,0.5501,0.8225,0.4411,0.5369,0.58,0.5548,0.5613,0.6645,0.6232,0,3,0.2,0.4,0.4,0.3,0.5,0.2,0.4,0.6
CS00246,Cloud_Solutions_Architect,Cloud Solutions Architect,F,31-35,3,MSc,7.9,0.7309,0.6131,0.8714,0.4835,0.7724,1.0,0.4926,0.7515,0.7164,0.7304,1,1,0.2,0.4,0.4,0.3,0.5,0.2,0.4,0.6
CS00247,Cloud_Solutions_Architect,Cloud Solutions Architect,F,26-30,4,PhD,6.9,0.7795,0.8204,0.7215,0.6236,0.9118,1.0,0.7749,0.8923,0.7316,0.7959,1,2,0.2,0.4,0.4,0.3,0.5,0.2,0.4,0.6
CS00248,Cloud_Solutions_Architect,Cloud Solutions Architect,M,36-40,2,BSc,9.4,0.6547,0.5614,0.712,0.5791,0.6219,1.0,0.5704,0.7525,0.6402,0.6851,1,2,0.2,0.4,0.4,0.3,0.5,0.2,0.4,0.6
CS00249,Cloud_Solutions_Architect,Cloud Solutions Architect,M,31-35,3,MSc,6.7,0.8707,0.7548,0.8274,0.7375,0.8283,1.0,0.7041,0.8473,0.7876,0.8115,1,2,0.2,0.4,0.4,0.3,0.5,0.2,0.4,0.6
CS00250,Cloud_Solutions_Architect,Cloud Solutions Architect,M,22-25,3,MSc,5.0,0.5069,0.7744,0.8309,0.8028,0.6828,1.0,0.9267,0.9072,0.8083,0.8479,1,3,0.2,0.4,0.4,0.3,0.5,0.2,0.4,0.6
CS00251,Cloud_Solutions_Architect,Cloud Solutions Architect,F,26-30,3,MSc,8.8,0.5827,0.4645,0.9672,0.6596,0.7131,1.0,0.677,0.8134,0.7549,0.7783,1,2,0.2,0.4,0.4,0.3,0.5,0.2,0.4,0.6
CS00252,Cloud_Solutions_Architect,Cloud Solutions Architect,F,26-30,2,BSc,7.5,0.6238,0.6441,0.8677,0.3707,0.6095,1.0,0.5791,0.7535,0.7012,0.7221,1,2,0.2,0.4,0.4,0.3,0.5,0.2,0.4,0.6
CS00253,Cloud_Solutions_Architect,Cloud Solutions Architect,M,22-25,2,BSc,6.6,0.6564,0.7265,0.6925,0.6586,0.6226,1.0,0.6217,0.7732,0.6959,0.7268,1,2,0.2,0.4,0.4,0.3,0.5,0.2,0.4,0.6
CS00254,Cloud_Solutions_Architect,Cloud Solutions Architect,F,40+,3,MSc,9.7,0.6344,0.7906,0.883,0.5965,0.7338,1.0,0.6977,0.8258,0.7979,0.8091,1,2,0.2,0.4,0.4,0.3,0.5,0.2,0.4,0.6
CS00255,Cloud_Solutions_Architect,Cloud Solutions Architect,M,22-25,3,MSc,4.7,0.7144,0.7565,0.9701,0.7671,0.7657,0.94,0.7247,0.819,0.8654,0.8468,1,3,0.2,0.4,0.4,0.3,0.5,0.2,0.4,0.6
CS00256,Cloud_Solutions_Architect,Cloud Solutions Architect,M,26-30,2,BSc,5.2,0.4315,0.6314,0.8784,0.6907,0.5326,1.0,0.8106,0.8308,0.7668,0.7924,1,3,0.2,0.4,0.4,0.3,0.5,0.2,0.4,0.6
CS00257,Cloud_Solutions_Architect,Cloud Solutions Architect,M,22-25,3,MSc,0.0,0.8485,0.4758,0.5229,0.43,0.8194,0.0,0.4234,0.3332,0.4902,0.4274,0,1,0.2,0.4,0.4,0.3,0.5,0.2,0.4,0.6
CS00258,Cloud_Solutions_Architect,Cloud Solutions Architect,M,26-30,2,BSc,4.2,0.7055,0.6214,0.6658,0.5657,0.6422,0.84,0.6063,0.707,0.6325,0.6623,1,2,0.2,0.4,0.4,0.3,0.5,0.2,0.4,0.6
CS00259,Cloud_Solutions_Architect,Cloud Solutions Architect,M,26-30,2,BSc,7.1,0.6359,0.6474,0.924,0.7271,0.6144,1.0,0.6577,0.786,0.8017,0.7954,1,2,0.2,0.4,0.4,0.3,0.5,0.2,0.4,0.6
CS00260,Cloud_Solutions_Architect,Cloud Solutions Architect,F,22-25,2,BSc,7.9,0.6553,0.6471,0.7726,0.6743,0.6221,1.0,0.7274,0.8154,0.7153,0.7553,1,3,0.2,0.4,0.4,0.3,0.5,0.2,0.4,0.6
CS00261,Cloud_Solutions_Architect,Cloud Solutions Architect,M,22-25,3,MSc,7.7,0.678,0.5406,0.7015,0.8981,0.7512,1.0,0.7109,0.8346,0.6926,0.7494,1,1,0.2,0.4,0.4,0.3,0.5,0.2,0.4,0.6
CS00262,Cloud_Solutions_Architect,Cloud Solutions Architect,M,26-30,2,BSc,3.5,0.8655,0.7755,0.7084,0.4591,0.7062,0.7,0.6897,0.6971,0.6787,0.6861,1,2,0.2,0.4,0.4,0.3,0.5,0.2,0.4,0.6
CS00263,Cloud_Solutions_Architect,Cloud Solutions Architect,F,22-25,3,MSc,6.0,0.3955,0.7776,0.7652,0.6627,0.6382,1.0,0.7169,0.8144,0.7484,0.7748,1,1,0.2,0.4,0.4,0.3,0.5,0.2,0.4,0.6
CS00264,Cloud_Solutions_Architect,Cloud Solutions Architect,M,26-30,3,MSc,7.6,0.5806,0.531,0.9553,1.0,0.7122,1.0,0.7897,0.8583,0.8369,0.8455,1,3,0.2,0.4,0.4,0.3,0.5,0.2,0.4,0.6
CS00265,Cloud_Solutions_Architect,Cloud Solutions Architect,M,26-30,4,PhD,9.7,0.2826,0.7643,0.8377,0.9264,0.713,1.0,0.7487,0.8421,0.8334,0.8369,1,3,0.2,0.4,0.4,0.3,0.5,0.2,0.4,0.6
CS00266,Cloud_Solutions_Architect,Cloud Solutions Architect,F,31-35,3,MSc,9.1,0.5509,0.6322,0.8278,0.6738,0.7004,1.0,0.8642,0.8858,0.7383,0.7973,1,3,0.2,0.4,0.4,0.3,0.5,0.2,0.4,0.6
CS00267,Cloud_Solutions_Architect,Cloud Solutions Architect,M,31-35,2,BSc,4.9,0.3883,0.6005,0.5893,0.6636,0.5153,0.98,0.5304,0.7072,0.6075,0.6474,1,1,0.2,0.4,0.4,0.3,0.5,0.2,0.4,0.6
CS00268,Cloud_Solutions_Architect,Cloud Solutions Architect,F,26-30,4,PhD,12.9,0.9057,0.7094,1.0,0.6,0.9623,1.0,0.7822,0.9053,0.8328,0.8618,1,3,0.2,0.4,0.4,0.3,0.5,0.2,0.4,0.6
CS00269,Cloud_Solutions_Architect,Cloud Solutions Architect,F,22-25,3,MSc,8.2,0.6099,0.7107,0.6945,0.9113,0.724,1.0,0.7402,0.8409,0.7428,0.782,1,2,0.2,0.4,0.4,0.3,0.5,0.2,0.4,0.6
CS00270,Cloud_Solutions_Architect,Cloud Solutions Architect,F,40+,4,PhD,6.1,0.3297,0.5811,0.6288,0.7925,0.7319,1.0,0.4835,0.7398,0.6473,0.6843,1,1,0.2,0.4,0.4,0.3,0.5,0.2,0.4,0.6
CS00271,Cloud_Solutions_Architect,Cloud Solutions Architect,F,26-30,3,MSc,3.8,0.5072,0.5409,0.6265,0.5472,0.6829,0.76,0.6896,0.7164,0.585,0.6376,1,2,0.2,0.4,0.4,0.3,0.5,0.2,0.4,0.6
CS00272,Cloud_Solutions_Architect,Cloud Solutions Architect,F,36-40,3,MSc,6.5,0.8937,0.8157,0.7532,0.5634,0.8375,1.0,0.7351,0.8615,0.734,0.785,1,2,0.2,0.4,0.4,0.3,0.5,0.2,0.4,0.6
CS00273,Cloud_Solutions_Architect,Cloud Solutions Architect,M,36-40,3,MSc,6.9,0.6807,0.6558,0.7883,0.5618,0.7523,1.0,0.8558,0.8928,0.7033,0.7791,1,3,0.2,0.4,0.4,0.3,0.5,0.2,0.4,0.6
CS00274,Cloud_Solutions_Architect,Cloud Solutions Architect,F,31-35,3,MSc,8.1,0.4929,0.5867,1.0,0.4651,0.6771,1.0,0.7717,0.8441,0.769,0.799,1,3,0.2,0.4,0.4,0.3,0.5,0.2,0.4,0.6
CS00275,Cloud_Solutions_Architect,Cloud Solutions Architect,M,26-30,3,MSc,10.4,0.9044,0.7577,0.8405,0.832,0.8418,1.0,0.8667,0.915,0.8139,0.8543,1,3,0.2,0.4,0.4,0.3,0.5,0.2,0.4,0.6
CS00276,Cloud_Solutions_Architect,Cloud Solutions Architect,M,26-30,2,BSc,3.4,0.4748,0.5552,0.5738,0.5356,0.5499,0.68,0.6905,0.6582,0.5606,0.5996,1,1,0.2,0.4,0.4,0.3,0.5,0.2,0.4,0.6
CS00277,Cloud_Solutions_Architect,Cloud Solutions Architect,F,36-40,3,MSc,4.5,0.5897,0.6321,0.7695,0.5643,0.7159,0.9,0.6365,0.7578,0.6872,0.7154,1,2,0.2,0.4,0.4,0.3,0.5,0.2,0.4,0.6
CS00278,Cloud_Solutions_Architect,Cloud Solutions Architect,F,31-35,3,MSc,9.6,0.6757,0.791,0.8096,0.6976,0.7503,1.0,0.7916,0.8667,0.7816,0.8156,1,3,0.2,0.4,0.4,0.3,0.5,0.2,0.4,0.6
CS00279,Cloud_Solutions_Architect,Cloud Solutions Architect,F,26-30,4,PhD,9.9,0.7799,0.7437,1.0,0.6764,0.9119,1.0,0.8179,0.9096,0.8584,0.8789,1,3,0.2,0.4,0.4,0.3,0.5,0.2,0.4,0.6
CS00280,Cloud_Solutions_Architect,Cloud Solutions Architect,M,40+,3,MSc,7.5,0.6428,0.7404,0.6884,0.6741,0.7371,1.0,0.6822,0.8203,0.7011,0.7488,1,2,0.2,0.4,0.4,0.3,0.5,0.2,0.4,0.6
CS00281,Cloud_Solutions_Architect,Cloud Solutions Architect,F,26-30,3,MSc,8.6,0.824,0.702,0.7902,1.0,0.8096,1.0,0.8555,0.9041,0.8057,0.8451,1,3,0.2,0.4,0.4,0.3,0.5,0.2,0.4,0.6
CS00282,Cloud_Solutions_Architect,Cloud Solutions Architect,F,26-30,3,MSc,4.1,0.6623,0.6818,0.7521,0.441,0.7449,0.82,0.8027,0.7981,0.6688,0.7205,1,1,0.2,0.4,0.4,0.3,0.5,0.2,0.4,0.6
CS00283,Cloud_Solutions_Architect,Cloud Solutions Architect,F,31-35,3,MSc,5.3,0.7499,0.8318,0.7375,0.7728,0.7799,1.0,0.8136,0.8814,0.7729,0.8163,1,2,0.2,0.4,0.4,0.3,0.5,0.2,0.4,0.6
CS00284,Cloud_Solutions_Architect,Cloud Solutions Architect,F,31-35,2,BSc,7.0,0.6902,0.7023,0.5809,0.3658,0.6361,1.0,0.5489,0.7468,0.5743,0.6433,1,1,0.2,0.4,0.4,0.3,0.5,0.2,0.4,0.6
CS00285,Cloud_Solutions_Architect,Cloud Solutions Architect,F,31-35,2,BSc,5.3,0.3103,0.787,0.6486,0.6495,0.4841,1.0,0.761,0.8012,0.6903,0.7347,1,1,0.2,0.4,0.4,0.3,0.5,0.2,0.4,0.6
CS00286,Cloud_Solutions_Architect,Cloud Solutions Architect,M,22-25,3,MSc,5.6,0.4253,0.7183,0.8833,0.7673,0.6501,1.0,0.7182,0.8173,0.8106,0.8133,1,2,0.2,0.4,0.4,0.3,0.5,0.2,0.4,0.6
CS00287,Cloud_Solutions_Architect,Cloud Solutions Architect,F,36-40,4,PhD,0.7,0.4461,0.7332,0.7564,0.651,0.7784,0.14,0.8796,0.5635,0.7284,0.6624,0,1,0.2,0.4,0.4,0.3,0.5,0.2,0.4,0.6
CS00288,Cloud_Solutions_Architect,Cloud Solutions Architect,M,26-30,4,PhD,4.2,0.5412,0.7576,0.5133,0.4977,0.8165,0.84,0.6027,0.7404,0.5835,0.6463,1,1,0.2,0.4,0.4,0.3,0.5,0.2,0.4,0.6
CS00289,Cloud_Solutions_Architect,Cloud Solutions Architect,M,26-30,2,BSc,2.5,0.5559,0.7323,0.4908,0.4073,0.5823,0.5,0.5086,0.5199,0.5465,0.5359,0,1,0.2,0.4,0.4,0.3,0.5,0.2,0.4,0.6
CS00290,Cloud_Solutions_Architect,Cloud Solutions Architect,M,26-30,3,MSc,4.9,0.625,0.6939,0.6192,0.7976,0.73,0.98,0.589,0.7736,0.6773,0.7158,1,2,0.2,0.4,0.4,0.3,0.5,0.2,0.4,0.6
CS00291,Cloud_Solutions_Architect,Cloud Solutions Architect,F,40+,2,BSc,11.8,0.4369,0.628,0.6987,0.7536,0.5348,1.0,0.6018,0.7477,0.6885,0.7122,1,2,0.2,0.4,0.4,0.3,0.5,0.2,0.4,0.6
CS00292,Cloud_Solutions_Architect,Cloud Solutions Architect,M,26-30,3,MSc,10.7,0.7277,0.627,0.8616,0.7205,0.7711,1.0,0.7764,0.8648,0.763,0.8037,1,3,0.2,0.4,0.4,0.3,0.5,0.2,0.4,0.6
CS00293,Cloud_Solutions_Architect,Cloud Solutions Architect,M,26-30,4,PhD,6.3,0.5311,0.7481,0.6854,0.7338,0.8124,1.0,0.8972,0.9214,0.7139,0.7969,1,2,0.2,0.4,0.4,0.3,0.5,0.2,0.4,0.6
CS00294,Cloud_Solutions_Architect,Cloud Solutions Architect,F,36-40,3,MSc,8.5,0.5875,0.6448,0.7305,0.7032,0.715,1.0,0.7043,0.8247,0.6993,0.7495,1,2,0.2,0.4,0.4,0.3,0.5,0.2,0.4,0.6
CS00295,Cloud_Solutions_Architect,Cloud Solutions Architect,M,26-30,4,PhD,5.8,0.7644,0.7024,0.6174,0.5972,0.9058,1.0,0.7047,0.863,0.6388,0.7285,1,2,0.2,0.4,0.4,0.3,0.5,0.2,0.4,0.6
CS00296,Cloud_Solutions_Architect,Cloud Solutions Architect,M,31-35,3,MSc,8.4,0.5092,0.8738,0.688,0.8204,0.6837,1.0,0.746,0.8351,0.7703,0.7962,1,3,0.2,0.4,0.4,0.3,0.5,0.2,0.4,0.6
CS00297,Cloud_Solutions_Architect,Cloud Solutions Architect,F,26-30,3,MSc,1.9,0.1993,0.8526,0.6045,0.3388,0.5597,0.38,0.7058,0.5463,0.6258,0.594,0,1,0.2,0.4,0.4,0.3,0.5,0.2,0.4,0.6
CS00298,Cloud_Solutions_Architect,Cloud Solutions Architect,M,31-35,2,BSc,8.5,0.6837,0.6144,0.8572,0.816,0.6335,1.0,0.7591,0.8303,0.7761,0.7978,1,3,0.2,0.4,0.4,0.3,0.5,0.2,0.4,0.6
CS00299,Cloud_Solutions_Architect,Cloud Solutions Architect,F,22-25,3,MSc,10.5,0.5854,0.8728,0.7649,0.6791,0.7141,1.0,0.7967,0.8615,0.7801,0.8127,1,3,0.2,0.4,0.4,0.3,0.5,0.2,0.4,0.6
CS00300,Cloud_Solutions_Architect,Cloud Solutions Architect,M,36-40,2,BSc,2.1,0.4277,0.758,0.5793,0.4714,0.5311,0.42,0.5818,0.507,0.6113,0.5696,0,1,0.2,0.4,0.4,0.3,0.5,0.2,0.4,0.6
CS00301,Cloud_Solutions_Architect,Cloud Solutions Architect,M,31-35,2,BSc,6.7,0.4448,0.516,0.7939,0.6107,0.5379,1.0,0.6676,0.7746,0.6739,0.7142,1,2,0.2,0.4,0.4,0.3,0.5,0.2,0.4,0.6
CS00302,Cloud_Solutions_Architect,Cloud Solutions Architect,M,31-35,2,BSc,8.2,0.4906,0.8715,0.7477,0.7523,0.5563,1.0,0.7839,0.8248,0.7858,0.8014,1,2,0.2,0.4,0.4,0.3,0.5,0.2,0.4,0.6
CS00303,Cloud_Solutions_Architect,Cloud Solutions Architect,F,31-35,3,MSc,6.2,0.6142,0.8156,0.7529,0.6067,0.7257,1.0,0.5625,0.7701,0.7424,0.7535,1,2,0.2,0.4,0.4,0.3,0.5,0.2,0.4,0.6
CS00304,Cloud_Solutions_Architect,Cloud Solutions Architect,F,26-30,2,BSc,7.8,0.6511,0.8519,0.907,0.6709,0.6205,1.0,0.8105,0.8483,0.8432,0.8452,1,3,0.2,0.4,0.4,0.3,0.5,0.2,0.4,0.6
CS00305,Cloud_Solutions_Architect,Cloud Solutions Architect,F,26-30,3,MSc,9.1,0.6465,0.7922,1.0,0.7675,0.7386,1.0,0.8426,0.8848,0.8912,0.8886,1,3,0.2,0.4,0.4,0.3,0.5,0.2,0.4,0.6
CS00306,Cloud_Solutions_Architect,Cloud Solutions Architect,F,22-25,2,BSc,7.8,0.6098,0.5436,0.8672,0.4543,0.6039,1.0,0.6155,0.767,0.6876,0.7194,1,2,0.2,0.4,0.4,0.3,0.5,0.2,0.4,0.6
CS00307,Cloud_Solutions_Architect,Cloud Solutions Architect,F,31-35,2,BSc,6.9,0.7132,0.5333,0.8486,0.7488,0.6453,1.0,0.6135,0.7745,0.7341,0.7503,1,2,0.2,0.4,0.4,0.3,0.5,0.2,0.4,0.6
CS00308,Cloud_Solutions_Architect,Cloud Solutions Architect,M,22-25,3,MSc,8.6,0.5067,0.7573,0.7393,0.6309,0.6827,1.0,0.6002,0.7766,0.723,0.7444,1,2,0.2,0.4,0.4,0.3,0.5,0.2,0.4,0.6
CS00309,Cloud_Solutions_Architect,Cloud Solutions Architect,M,22-25,3,MSc,9.8,0.8541,0.8199,0.8609,0.7968,0.8217,1.0,0.9131,0.9296,0.8358,0.8733,1,3,0.2,0.4,0.4,0.3,0.5,0.2,0.4,0.6
CS00310,Cloud_Solutions_Architect,Cloud Solutions Architect,F,22-25,2,BSc,5.5,0.8819,0.8051,0.74,0.2594,0.7128,1.0,0.6057,0.7849,0.6634,0.712,1,2,0.2,0.4,0.4,0.3,0.5,0.2,0.4,0.6
CS00311,Cloud_Solutions_Architect,Cloud Solutions Architect,F,31-35,3,MSc,7.2,0.6081,0.8288,0.8698,0.6549,0.7232,1.0,0.6762,0.8151,0.8145,0.8147,1,2,0.2,0.4,0.4,0.3,0.5,0.2,0.4,0.6
CS00312,Cloud_Solutions_Architect,Cloud Solutions Architect,F,31-35,3,MSc,3.0,0.6398,0.5234,0.7028,0.553,0.7359,0.6,0.7161,0.6736,0.619,0.6408,1,2,0.2,0.4,0.4,0.3,0.5,0.2,0.4,0.6
CS00313,Cloud_Solutions_Architect,Cloud Solutions Architect,F,22-25,2,BSc,7.0,0.7341,0.6459,0.6524,0.8441,0.6537,1.0,0.7441,0.8284,0.6888,0.7446,1,2,0.2,0.4,0.4,0.3,0.5,0.2,0.4,0.6
CS00314,Cloud_Solutions_Architect,Cloud Solutions Architect,M,22-25,3,MSc,13.3,0.6742,0.716,0.6953,0.8064,0.7497,1.0,0.791,0.8663,0.7237,0.7807,1,1,0.2,0.4,0.4,0.3,0.5,0.2,0.4,0.6
CS00315,Cloud_Solutions_Architect,Cloud Solutions Architect,M,22-25,4,PhD,7.9,0.8776,0.5442,0.8902,0.8874,0.951,1.0,0.6946,0.868,0.7858,0.8187,1,2,0.2,0.4,0.4,0.3,0.5,0.2,0.4,0.6
CS00316,Cloud_Solutions_Architect,Cloud Solutions Architect,F,26-30,2,BSc,6.7,0.3689,0.7171,0.832,0.5705,0.5076,1.0,0.7783,0.8128,0.7452,0.7722,1,2,0.2,0.4,0.4,0.3,0.5,0.2,0.4,0.6
CS00317,Cloud_Solutions_Architect,Cloud Solutions Architect,F,40+,3,MSc,3.4,0.6959,0.6866,0.7914,0.6989,0.7584,0.68,0.6016,0.6643,0.7415,0.7106,1,2,0.2,0.4,0.4,0.3,0.5,0.2,0.4,0.6
CS00318,Cloud_Solutions_Architect,Cloud Solutions Architect,M,36-40,3,MSc,4.8,0.4394,0.6652,0.8445,0.6404,0.6558,0.96,0.7231,0.8044,0.7499,0.7717,1,3,0.2,0.4,0.4,0.3,0.5,0.2,0.4,0.6
CS00319,Cloud_Solutions_Architect,Cloud Solutions Architect,M,31-35,4,PhD,4.7,0.6682,0.7239,0.6988,0.5801,0.8673,0.94,0.566,0.7759,0.6826,0.7199,1,2,0.2,0.4,0.4,0.3,0.5,0.2,0.4,0.6
CS00320,Cloud_Solutions_Architect,Cloud Solutions Architect,M,31-35,2,BSc,4.6,0.402,0.6717,0.6681,0.5824,0.5208,0.92,0.6558,0.7345,0.652,0.685,1,1,0.2,0.4,0.4,0.3,0.5,0.2,0.4,0.6
CS00321,Cloud_Solutions_Architect,Cloud Solutions Architect,M,36-40,3,MSc,5.1,0.6489,0.7335,0.7647,0.9085,0.7396,1.0,0.6424,0.8049,0.7841,0.7924,1,2,0.2,0.4,0.4,0.3,0.5,0.2,0.4,0.6
CS00322,Cloud_Solutions_Architect,Cloud Solutions Architect,M,22-25,3,MSc,8.4,0.5398,0.5465,0.6751,0.7702,0.6959,1.0,0.7287,0.8307,0.6555,0.7256,1,2,0.2,0.4,0.4,0.3,0.5,0.2,0.4,0.6
CS00323,Cloud_Solutions_Architect,Cloud Solutions Architect,F,31-35,3,MSc,5.7,0.4567,0.6024,0.7505,0.7544,0.6627,1.0,0.6988,0.8121,0.7068,0.7489,1,2,0.2,0.4,0.4,0.3,0.5,0.2,0.4,0.6
CS00324,Cloud_Solutions_Architect,Cloud Solutions Architect,F,26-30,2,BSc,6.3,0.5685,0.8008,0.6418,0.8961,0.5874,1.0,0.8277,0.8486,0.7404,0.7837,1,2,0.2,0.4,0.4,0.3,0.5,0.2,0.4,0.6
CS00325,Cloud_Solutions_Architect,Cloud Solutions Architect,M,36-40,3,MSc,6.4,0.6091,0.7129,0.7719,0.7791,0.7236,1.0,0.8356,0.879,0.7556,0.805,1,3,0.2,0.4,0.4,0.3,0.5,0.2,0.4,0.6
CS00326,Cloud_Solutions_Architect,Cloud Solutions Architect,M,40+,2,BSc,6.0,0.5613,0.7761,0.691,0.7853,0.5845,1.0,0.8251,0.8469,0.7354,0.78,1,2,0.2,0.4,0.4,0.3,0.5,0.2,0.4,0.6
CS00327,Cloud_Solutions_Architect,Cloud Solutions Architect,M,31-35,2,BSc,5.1,0.6226,0.5324,0.6943,0.2875,0.6091,1.0,0.639,0.7774,0.5644,0.6496,1,2,0.2,0.4,0.4,0.3,0.5,0.2,0.4,0.6
CS00328,Cloud_Solutions_Architect,Cloud Solutions Architect,F,31-35,2,BSc,5.3,0.409,0.6423,0.922,0.6032,0.5236,1.0,0.9187,0.8722,0.7744,0.8135,1,3,0.2,0.4,0.4,0.3,0.5,0.2,0.4,0.6
CS00329,Cloud_Solutions_Architect,Cloud Solutions Architect,M,26-30,3,MSc,7.3,0.5421,0.8947,0.9682,0.7571,0.6969,1.0,0.9171,0.9062,0.9039,0.9048,1,3,0.2,0.4,0.4,0.3,0.5,0.2,0.4,0.6
CS00330,Cloud_Solutions_Architect,Cloud Solutions Architect,F,26-30,2,BSc,7.3,0.5682,0.6053,0.8195,0.6989,0.5873,1.0,0.7165,0.8041,0.7311,0.7603,1,2,0.2,0.4,0.4,0.3,0.5,0.2,0.4,0.6
CS00331,Cloud_Solutions_Architect,Cloud Solutions Architect,F,22-25,3,MSc,6.1,0.6678,0.5663,0.6706,0.7674,0.7471,1.0,0.7646,0.8553,0.6587,0.7373,1,2,0.2,0.4,0.4,0.3,0.5,0.2,0.4,0.6
CS00332,Cloud_Solutions_Architect,Cloud Solutions Architect,F,26-30,3,MSc,3.9,0.5435,0.9194,0.6035,0.5173,0.6974,0.78,0.8126,0.7765,0.681,0.7192,1,1,0.2,0.4,0.4,0.3,0.5,0.2,0.4,0.6
CS00333,Cloud_Solutions_Architect,Cloud Solutions Architect,M,26-30,4,PhD,7.4,0.7003,0.8924,0.9656,0.6818,0.8801,1.0,1.0,0.976,0.8869,0.9225,1,3,0.2,0.4,0.4,0.3,0.5,0.2,0.4,0.6
CS00334,Cloud_Solutions_Architect,Cloud Solutions Architect,M,31-35,2,BSc,4.5,0.688,0.6586,0.6335,0.6471,0.6352,0.9,0.6682,0.7543,0.6438,0.688,1,1,0.2,0.4,0.4,0.3,0.5,0.2,0.4,0.6
CS00335,Cloud_Solutions_Architect,Cloud Solutions Architect,M,22-25,3,MSc,3.9,0.7404,0.6996,1.0,0.2902,0.7761,0.78,0.6111,0.7117,0.7679,0.7454,1,3,0.2,0.4,0.4,0.3,0.5,0.2,0.4,0.6
CS00336,Cloud_Solutions_Architect,Cloud Solutions Architect,F,26-30,2,BSc,6.7,0.4639,0.6146,0.8122,0.6264,0.5455,1.0,0.7337,0.8026,0.7157,0.7505,1,3,0.2,0.4,0.4,0.3,0.5,0.2,0.4,0.6
CS00337,Cloud_Solutions_Architect,Cloud Solutions Architect,F,31-35,3,MSc,6.5,0.7945,0.7932,0.734,0.8478,0.7978,1.0,0.7105,0.8438,0.7745,0.8022,1,2,0.2,0.4,0.4,0.3,0.5,0.2,0.4,0.6
CS00338,Cloud_Solutions_Architect,Cloud Solutions Architect,M,36-40,2,BSc,10.2,0.647,0.865,0.6495,0.6836,0.6188,1.0,0.8133,0.8491,0.721,0.7722,1,2,0.2,0.4,0.4,0.3,0.5,0.2,0.4,0.6
CS00339,Cloud_Solutions_Architect,Cloud Solutions Architect,F,26-30,3,MSc,9.3,0.4453,0.7103,0.7629,0.6221,0.6581,1.0,0.7434,0.829,0.7189,0.7629,1,3,0.2,0.4,0.4,0.3,0.5,0.2,0.4,0.6
CS00340,Cloud_Solutions_Architect,Cloud Solutions Architect,M,22-25,3,MSc,1.7,0.3886,0.7291,0.6251,0.5898,0.6354,0.34,0.6112,0.5076,0.6492,0.5926,0,1,0.2,0.4,0.4,0.3,0.5,0.2,0.4,0.6
CS00341,Cloud_Solutions_Architect,Cloud Solutions Architect,M,26-30,3,MSc,2.2,0.6806,0.8297,0.5875,0.6498,0.7523,0.44,0.6259,0.5768,0.6726,0.6343,0,1,0.2,0.4,0.4,0.3,0.5,0.2,0.4,0.6
CS00342,Cloud_Solutions_Architect,Cloud Solutions Architect,M,31-35,4,PhD,7.3,0.6165,0.8086,0.8506,0.6532,0.8466,1.0,0.8611,0.9138,0.7985,0.8446,1,3,0.2,0.4,0.4,0.3,0.5,0.2,0.4,0.6
CS00343,Cloud_Solutions_Architect,Cloud Solutions Architect,M,26-30,4,PhD,5.7,0.3764,0.6587,0.7511,0.6296,0.7506,1.0,0.9181,0.9174,0.6991,0.7864,1,1,0.2,0.4,0.4,0.3,0.5,0.2,0.4,0.6
CS00344,Cloud_Solutions_Architect,Cloud Solutions Architect,F,31-35,3,MSc,5.4,0.8248,0.8246,0.7039,0.5055,0.8099,1.0,0.605,0.804,0.7004,0.7418,1,2,0.2,0.4,0.4,0.3,0.5,0.2,0.4,0.6
CS00345,Cloud_Solutions_Architect,Cloud Solutions Architect,M,26-30,2,BSc,1.8,0.7492,0.8392,0.781,0.6788,0.6597,0.36,0.5973,0.5149,0.778,0.6728,0,1,0.2,0.4,0.4,0.3,0.5,0.2,0.4,0.6
CS00346,Cloud_Solutions_Architect,Cloud Solutions Architect,F,26-30,2,BSc,4.6,0.4743,0.7098,0.6714,0.5826,0.5497,0.92,0.7903,0.7941,0.6651,0.7167,1,2,0.2,0.4,0.4,0.3,0.5,0.2,0.4,0.6
CS00347,Cloud_Solutions_Architect,Cloud Solutions Architect,M,22-25,4,PhD,5.0,0.7447,0.7265,0.7683,0.7782,0.8979,1.0,0.7633,0.8849,0.7577,0.8086,1,3,0.2,0.4,0.4,0.3,0.5,0.2,0.4,0.6
CS00348,Cloud_Solutions_Architect,Cloud Solutions Architect,M,22-25,4,PhD,5.9,0.6107,0.8043,0.6082,0.6817,0.8443,1.0,0.8001,0.8889,0.6817,0.7646,1,2,0.2,0.4,0.4,0.3,0.5,0.2,0.4,0.6
CS00349,Cloud_Solutions_Architect,Cloud Solutions Architect,F,22-25,2,BSc,5.0,0.6318,0.726,0.8764,0.8296,0.6127,1.0,0.8742,0.8722,0.8219,0.842,1,3,0.2,0.4,0.4,0.3,0.5,0.2,0.4,0.6
CS00350,Cloud_Solutions_Architect,Cloud Solutions Architect,F,31-35,2,BSc,9.7,0.3708,0.6521,0.9247,0.3897,0.5083,1.0,0.7215,0.7902,0.7359,0.7576,1,2,0.2,0.4,0.4,0.3,0.5,0.2,0.4,0.6
CS00351,Cloud_Solutions_Architect,Cloud Solutions Architect,M,31-35,2,BSc,5.4,0.691,0.6644,0.8338,0.5636,0.6364,1.0,0.6388,0.7828,0.7289,0.7505,1,2,0.2,0.4,0.4,0.3,0.5,0.2,0.4,0.6
CS00352,Cloud_Solutions_Architect,Cloud Solutions Architect,M,22-25,3,MSc,6.2,0.4954,0.5237,0.8216,0.776,0.6782,1.0,0.5993,0.7754,0.7231,0.744,1,2,0.2,0.4,0.4,0.3,0.5,0.2,0.4,0.6
CS00353,Cloud_Solutions_Architect,Cloud Solutions Architect,M,26-30,3,MSc,4.1,0.6917,0.5272,0.7391,0.5045,0.7567,0.82,0.545,0.6973,0.6286,0.6561,1,1,0.2,0.4,0.4,0.3,0.5,0.2,0.4,0.6
CS00354,Cloud_Solutions_Architect,Cloud Solutions Architect,M,26-30,3,MSc,4.0,0.7919,0.6632,0.4867,0.7243,0.7968,0.8,0.5763,0.7099,0.5872,0.6363,1,1,0.2,0.4,0.4,0.3,0.5,0.2,0.4,0.6
CS00355,Cloud_Solutions_Architect,Cloud Solutions Architect,M,26-30,3,MSc,1.4,0.8472,0.6683,0.681,0.5852,0.8189,0.28,0.6157,0.5221,0.658,0.6036,0,1,0.2,0.4,0.4,0.3,0.5,0.2,0.4,0.6
CS00356,Cloud_Solutions_Architect,Cloud Solutions Architect,F,22-25,2,BSc,2.1,0.6126,0.6019,0.5291,0.4055,0.605,0.42,0.579,0.5206,0.5262,0.524,0,1,0.2,0.4,0.4,0.3,0.5,0.2,0.4,0.6
CS00357,Cloud_Solutions_Architect,Cloud Solutions Architect,F,22-25,2,BSc,6.6,0.5409,0.691,0.8417,0.5248,0.5763,1.0,0.5983,0.7546,0.7331,0.7417,1,2,0.2,0.4,0.4,0.3,0.5,0.2,0.4,0.6
CS00358,Cloud_Solutions_Architect,Cloud Solutions Architect,M,40+,3,MSc,6.9,0.5669,0.571,0.8936,0.5472,0.7068,1.0,0.5822,0.7742,0.7276,0.7462,1,1,0.2,0.4,0.4,0.3,0.5,0.2,0.4,0.6
CS00359,Cloud_Solutions_Architect,Cloud Solutions Architect,M,26-30,2,BSc,4.8,0.7222,0.5303,0.8527,0.6994,0.6489,0.96,0.702,0.7946,0.7253,0.753,1,2,0.2,0.4,0.4,0.3,0.5,0.2,0.4,0.6
CS00360,Cloud_Solutions_Architect,Cloud Solutions Architect,M,31-35,2,BSc,11.5,0.7239,0.7697,0.8344,0.4743,0.6496,1.0,0.7593,0.8337,0.743,0.7793,1,3,0.2,0.4,0.4,0.3,0.5,0.2,0.4,0.6
CS00361,Cloud_Solutions_Architect,Cloud Solutions Architect,M,26-30,3,MSc,10.9,0.4592,0.8156,0.9968,0.758,0.6637,1.0,0.7234,0.8221,0.8947,0.8657,1,3,0.2,0.4,0.4,0.3,0.5,0.2,0.4,0.6
CS00362,Cloud_Solutions_Architect,Cloud Solutions Architect,F,26-30,2,BSc,2.4,0.3042,0.5978,0.6195,0.7143,0.4817,0.48,0.7552,0.5904,0.632,0.6154,0,2,0.2,0.4,0.4,0.3,0.5,0.2,0.4,0.6
CS00363,Cloud_Solutions_Architect,Cloud Solutions Architect,M,31-35,3,MSc,8.2,0.4759,0.6609,0.9145,0.7397,0.6703,1.0,0.7942,0.8517,0.8034,0.8227,1,3,0.2,0.4,0.4,0.3,0.5,0.2,0.4,0.6
CS00364,Cloud_Solutions_Architect,Cloud Solutions Architect,M,26-30,2,BSc,6.6,0.715,0.6471,0.4413,0.5789,0.646,1.0,0.549,0.7488,0.5305,0.6178,1,1,0.2,0.4,0.4,0.3,0.5,0.2,0.4,0.6
CS00365,Cloud_Solutions_Architect,Cloud Solutions Architect,M,31-35,2,BSc,8.7,0.6478,0.735,0.9162,0.5075,0.6191,1.0,0.7496,0.8237,0.7801,0.7975,1,3,0.2,0.4,0.4,0.3,0.5,0.2,0.4,0.6
CS00366,Cloud_Solutions_Architect,Cloud Solutions Architect,M,22-25,3,MSc,6.4,0.4791,0.5969,0.7601,0.659,0.6716,1.0,0.7746,0.8442,0.6909,0.7522,1,3,0.2,0.4,0.4,0.3,0.5,0.2,0.4,0.6
CS00367,Cloud_Solutions_Architect,Cloud Solutions Architect,M,36-40,3,MSc,4.6,0.7195,0.7762,0.7119,0.7616,0.7678,0.92,0.6426,0.7786,0.7411,0.7561,1,2,0.2,0.4,0.4,0.3,0.5,0.2,0.4,0.6
CS00368,Cloud_Solutions_Architect,Cloud Solutions Architect,M,22-25,3,MSc,3.8,0.4377,0.8896,0.7116,0.696,0.6551,0.76,0.7544,0.7368,0.7619,0.7519,1,2,0.2,0.4,0.4,0.3,0.5,0.2,0.4,0.6
CS00369,Cloud_Solutions_Architect,Cloud Solutions Architect,F,22-25,3,MSc,1.4,0.755,0.613,0.6491,0.4737,0.782,0.28,0.6339,0.5219,0.6032,0.5707,0,1,0.2,0.4,0.4,0.3,0.5,0.2,0.4,0.6
CS00370,Cloud_Solutions_Architect,Cloud Solutions Architect,F,31-35,4,PhD,3.9,0.4784,0.6886,0.8449,0.5809,0.7913,0.78,0.8483,0.8096,0.7452,0.771,1,3,0.2,0.4,0.4,0.3,0.5,0.2,0.4,0.6
CS00371,Cloud_Solutions_Architect,Cloud Solutions Architect,F,22-25,3,MSc,6.6,0.57,0.4979,1.0,0.5687,0.708,1.0,0.6026,0.7826,0.7631,0.7709,1,2,0.2,0.4,0.4,0.3,0.5,0.2,0.4,0.6
CS00372,Cloud_Solutions_Architect,Cloud Solutions Architect,F,26-30,4,PhD,4.5,0.434,0.6649,0.8695,0.5422,0.7736,0.9,0.4656,0.701,0.7426,0.726,1,1,0.2,0.4,0.4,0.3,0.5,0.2,0.4,0.6
CS00373,Cloud_Solutions_Architect,Cloud Solutions Architect,M,22-25,3,MSc,6.4,0.6153,0.6519,0.6202,0.7454,0.7261,1.0,0.7138,0.8308,0.6548,0.7252,1,2,0.2,0.4,0.4,0.3,0.5,0.2,0.4,0.6
CS00374,Cloud_Solutions_Architect,Cloud Solutions Architect,F,26-30,2,BSc,5.8,0.5799,0.5812,0.8661,0.661,0.5919,1.0,0.5722,0.7473,0.7396,0.7427,1,2,0.2,0.4,0.4,0.3,0.5,0.2,0.4,0.6
CS00375,Cloud_Solutions_Architect,Cloud Solutions Architect,M,26-30,2,BSc,6.6,0.4185,0.6593,0.7368,0.4533,0.5274,1.0,0.6682,0.7728,0.6569,0.7033,1,3,0.2,0.4,0.4,0.3,0.5,0.2,0.4,0.6
CS00376,Cloud_Solutions_Architect,Cloud Solutions Architect,M,26-30,4,PhD,6.2,0.6085,0.8146,0.8601,0.9343,0.8434,1.0,0.6841,0.8423,0.8613,0.8537,1,2,0.2,0.4,0.4,0.3,0.5,0.2,0.4,0.6
CS00377,Cloud_Solutions_Architect,Cloud Solutions Architect,M,36-40,3,MSc,8.3,0.494,0.6351,0.8992,0.658,0.6776,1.0,0.8442,0.8732,0.7717,0.8123,1,3,0.2,0.4,0.4,0.3,0.5,0.2,0.4,0.6
CS00378,Cloud_Solutions_Architect,Cloud Solutions Architect,M,26-30,2,BSc,5.5,0.5943,0.6132,0.7533,0.4788,0.5977,1.0,0.6105,0.7637,0.6564,0.6993,1,2,0.2,0.4,0.4,0.3,0.5,0.2,0.4,0.6
CS00379,Cloud_Solutions_Architect,Cloud Solutions Architect,F,31-35,2,BSc,5.7,0.5615,0.6316,0.7944,0.7053,0.5846,1.0,0.8282,0.8482,0.7278,0.776,1,3,0.2,0.4,0.4,0.3,0.5,0.2,0.4,0.6
CS00380,Cloud_Solutions_Architect,Cloud Solutions Architect,F,22-25,2,BSc,11.2,0.9198,0.7909,0.7922,0.8879,0.7279,1.0,0.6544,0.8073,0.811,0.8095,1,2,0.2,0.4,0.4,0.3,0.5,0.2,0.4,0.6
CS00381,Cloud_Solutions_Architect,Cloud Solutions Architect,F,40+,2,BSc,8.1,0.556,0.6783,0.6421,0.7207,0.5824,1.0,0.469,0.7041,0.6687,0.6829,1,1,0.2,0.4,0.4,0.3,0.5,0.2,0.4,0.6
CS00382,Cloud_Solutions_Architect,Cloud Solutions Architect,F,36-40,4,PhD,6.3,0.8133,0.7912,0.5612,0.5984,0.9253,1.0,0.7923,0.902,0.6376,0.7434,1,1,0.2,0.4,0.4,0.3,0.5,0.2,0.4,0.6
CS00383,Cloud_Solutions_Architect,Cloud Solutions Architect,M,31-35,2,BSc,6.6,0.6038,0.7383,0.7765,0.6341,0.6015,1.0,0.7893,0.836,0.7366,0.7764,1,3,0.2,0.4,0.4,0.3,0.5,0.2,0.4,0.6
CS00384,Cloud_Solutions_Architect,Cloud Solutions Architect,M,26-30,2,BSc,5.4,0.7252,0.7204,0.7651,0.4798,0.6501,1.0,0.6665,0.7966,0.6946,0.7354,1,2,0.2,0.4,0.4,0.3,0.5,0.2,0.4,0.6
CS00385,Cloud_Solutions_Architect,Cloud Solutions Architect,F,26-30,1,Diploma,6.4,0.8252,0.5014,0.5189,0.5951,0.5701,1.0,0.497,0.7128,0.5289,0.6025,0,1,0.2,0.4,0.4,0.3,0.5,0.2,0.4,0.6
CS00386,Cloud_Solutions_Architect,Cloud Solutions Architect,M,22-25,3,MSc,5.6,0.6011,0.7339,0.8399,0.831,0.7204,1.0,0.8924,0.9011,0.8063,0.8442,1,3,0.2,0.4,0.4,0.3,0.5,0.2,0.4,0.6
CS00387,Cloud_Solutions_Architect,Cloud Solutions Architect,F,26-30,3,MSc,8.3,0.7413,0.5399,0.8991,0.8564,0.7765,1.0,0.9088,0.9188,0.7828,0.8372,1,3,0.2,0.4,0.4,0.3,0.5,0.2,0.4,0.6
CS00388,Cloud_Solutions_Architect,Cloud Solutions Architect,F,31-35,2,BSc,7.4,0.584,0.5369,0.5917,0.6899,0.5936,1.0,0.5291,0.7304,0.5949,0.6491,1,1,0.2,0.4,0.4,0.3,0.5,0.2,0.4,0.6
CS00389,Cloud_Solutions_Architect,Cloud Solutions Architect,M,22-25,3,MSc,2.4,0.8635,0.5722,0.6221,0.2325,0.8254,0.48,0.4661,0.5435,0.5292,0.5349,0,1,0.2,0.4,0.4,0.3,0.5,0.2,0.4,0.6
CS00390,Cloud_Solutions_Architect,Cloud Solutions Architect,M,31-35,3,MSc,4.8,0.5719,0.702,0.8476,0.6952,0.7088,0.96,0.7227,0.8148,0.7734,0.79,1,3,0.2,0.4,0.4,0.3,0.5,0.2,0.4,0.6
CS00391,Cloud_Solutions_Architect,Cloud Solutions Architect,M,22-25,1,Diploma,5.9,0.568,0.4676,0.563,0.6709,0.4672,1.0,0.3567,0.6361,0.556,0.588,0,1,0.2,0.4,0.4,0.3,0.5,0.2,0.4,0.6
CS00392,Cloud_Solutions_Architect,Cloud Solutions Architect,M,40+,2,BSc,6.4,1.0,0.7341,0.8149,0.5379,0.76,1.0,0.6003,0.7921,0.7352,0.758,1,2,0.2,0.4,0.4,0.3,0.5,0.2,0.4,0.6
CS00393,Cloud_Solutions_Architect,Cloud Solutions Architect,M,36-40,3,MSc,4.1,0.6256,0.8412,0.5885,0.7454,0.7302,0.82,0.7751,0.7841,0.6957,0.7311,1,2,0.2,0.4,0.4,0.3,0.5,0.2,0.4,0.6
CS00394,Cloud_Solutions_Architect,Cloud Solutions Architect,F,26-30,2,BSc,7.7,0.5615,0.7023,0.8583,0.6078,0.5846,1.0,0.5875,0.7519,0.7614,0.7576,1,2,0.2,0.4,0.4,0.3,0.5,0.2,0.4,0.6
CS00395,Cloud_Solutions_Architect,Cloud Solutions Architect,M,26-30,4,PhD,5.0,0.7737,0.6594,1.0,0.6819,0.9095,1.0,0.6569,0.8446,0.8342,0.8384,1,2,0.2,0.4,0.4,0.3,0.5,0.2,0.4,0.6
CS00396,Cloud_Solutions_Architect,Cloud Solutions Architect,M,26-30,3,MSc,2.9,0.5806,0.7234,0.6254,0.1966,0.7123,0.58,0.574,0.6041,0.5691,0.5831,0,2,0.2,0.4,0.4,0.3,0.5,0.2,0.4,0.6
CS00397,Cloud_Solutions_Architect,Cloud Solutions Architect,M,26-30,2,BSc,0.0,0.8998,0.6529,0.7158,0.4662,0.7199,0.0,0.4416,0.3206,0.647,0.5164,0,1,0.2,0.4,0.4,0.3,0.5,0.2,0.4,0.6
CS00398,Cloud_Solutions_Architect,Cloud Solutions Architect,M,26-30,2,BSc,4.7,0.4032,0.5369,0.8274,0.4497,0.5213,0.94,0.7414,0.7768,0.6647,0.7095,1,2,0.2,0.4,0.4,0.3,0.5,0.2,0.4,0.6
CS00399,Cloud_Solutions_Architect,Cloud Solutions Architect,F,26-30,3,MSc,9.4,0.2366,0.8199,0.9319,0.8433,0.5747,1.0,0.8846,0.8688,0.8806,0.8759,1,3,0.2,0.4,0.4,0.3,0.5,0.2,0.4,0.6
CS00400,Cloud_Solutions_Architect,Cloud Solutions Architect,F,26-30,2,BSc,2.5,0.9135,0.6384,0.8261,0.4526,0.7254,0.5,0.6367,0.5998,0.6951,0.657,0,2,0.2,0.4,0.4,0.3,0.5,0.2,0.4,0.6
CS00401,Cloud_Solutions_Architect,Cloud Solutions Architect,M,40+,2,BSc,5.0,0.6733,0.5017,0.7121,0.523,0.6293,1.0,0.6467,0.7846,0.6111,0.6805,1,2,0.2,0.4,0.4,0.3,0.5,0.2,0.4,0.6
CS00402,Cloud_Solutions_Architect,Cloud Solutions Architect,M,22-25,3,MSc,6.5,0.6037,0.8087,0.8208,0.7794,0.7215,1.0,1.0,0.9443,0.8089,0.8631,1,3,0.2,0.4,0.4,0.3,0.5,0.2,0.4,0.6
CS00403,Cloud_Solutions_Architect,Cloud Solutions Architect,M,36-40,3,MSc,7.0,0.7235,0.6173,0.7281,0.8715,0.7694,1.0,0.7361,0.8483,0.7235,0.7734,1,2,0.2,0.4,0.4,0.3,0.5,0.2,0.4,0.6
CS00404,Cloud_Solutions_Architect,Cloud Solutions Architect,M,26-30,2,BSc,9.3,0.3922,0.7961,0.9615,0.877,0.5169,1.0,0.752,0.8042,0.895,0.8587,1,3,0.2,0.4,0.4,0.3,0.5,0.2,0.4,0.6
CS00405,Cloud_Solutions_Architect,Cloud Solutions Architect,M,26-30,2,BSc,7.4,0.5458,0.814,0.9028,0.8878,0.5783,1.0,0.7317,0.8083,0.8731,0.8472,1,3,0.2,0.4,0.4,0.3,0.5,0.2,0.4,0.6
CS00406,Cloud_Solutions_Architect,Cloud Solutions Architect,F,22-25,3,MSc,8.9,0.5657,0.7651,0.8828,0.5903,0.7063,1.0,0.6887,0.8167,0.789,0.8001,1,1,0.2,0.4,0.4,0.3,0.5,0.2,0.4,0.6
CS00407,Cloud_Solutions_Architect,Cloud Solutions Architect,M,26-30,3,MSc,4.9,0.6902,0.7669,0.7369,0.7649,0.7561,0.98,0.8325,0.8762,0.7515,0.8014,1,2,0.2,0.4,0.4,0.3,0.5,0.2,0.4,0.6
CS00408,Cloud_Solutions_Architect,Cloud Solutions Architect,M,22-25,4,PhD,0.0,0.4864,0.9123,0.5314,0.5676,0.7946,0.0,0.7306,0.4512,0.6529,0.5722,0,1,0.2,0.4,0.4,0.3,0.5,0.2,0.4,0.6
CS00409,Cloud_Solutions_Architect,Cloud Solutions Architect,M,31-35,2,BSc,5.8,0.401,0.7063,0.8693,0.8554,0.5204,1.0,0.6453,0.7622,0.8176,0.7954,1,2,0.2,0.4,0.4,0.3,0.5,0.2,0.4,0.6
CS00410,Cloud_Solutions_Architect,Cloud Solutions Architect,M,22-25,4,PhD,7.4,0.5097,0.6511,0.7289,0.6328,0.8039,1.0,0.6037,0.8022,0.6864,0.7327,1,2,0.2,0.4,0.4,0.3,0.5,0.2,0.4,0.6
CS00411,Cloud_Solutions_Architect,Cloud Solutions Architect,F,31-35,3,MSc,3.2,0.4273,0.631,0.8274,0.5522,0.6509,0.64,0.5837,0.6197,0.7134,0.6759,1,2,0.2,0.4,0.4,0.3,0.5,0.2,0.4,0.6
CS00412,Cloud_Solutions_Architect,Cloud Solutions Architect,F,22-25,3,MSc,5.0,0.7726,0.5742,0.3791,0.5679,0.789,1.0,0.3887,0.7133,0.4754,0.5706,0,0,0.2,0.4,0.4,0.3,0.5,0.2,0.4,0.6
CS00413,Cloud_Solutions_Architect,Cloud Solutions Architect,M,31-35,2,BSc,5.2,0.5708,0.6554,0.7901,0.4589,0.5883,1.0,0.5345,0.7315,0.6835,0.7027,1,1,0.2,0.4,0.4,0.3,0.5,0.2,0.4,0.6
CS00414,Cloud_Solutions_Architect,Cloud Solutions Architect,M,22-25,3,MSc,4.2,0.4879,0.8181,0.7536,0.8842,0.6752,0.84,0.8367,0.8057,0.7991,0.8017,1,2,0.2,0.4,0.4,0.3,0.5,0.2,0.4,0.6
CS00415,Cloud_Solutions_Architect,Cloud Solutions Architect,M,31-35,2,BSc,7.1,0.4505,0.6675,0.7473,0.582,0.5402,1.0,0.885,0.862,0.6903,0.759,1,2,0.2,0.4,0.4,0.3,0.5,0.2,0.4,0.6
CS00416,Cloud_Solutions_Architect,Cloud Solutions Architect,F,26-30,3,MSc,5.8,0.5415,0.7759,0.5915,0.8525,0.6966,1.0,0.8153,0.8654,0.699,0.7656,1,1,0.2,0.4,0.4,0.3,0.5,0.2,0.4,0.6
CS00417,Cloud_Solutions_Architect,Cloud Solutions Architect,M,31-35,2,BSc,9.1,0.5366,0.5517,0.8364,0.4969,0.5747,1.0,0.7638,0.8205,0.6831,0.7381,1,3,0.2,0.4,0.4,0.3,0.5,0.2,0.4,0.6
CS00418,Cloud_Solutions_Architect,Cloud Solutions Architect,M,26-30,2,BSc,6.0,0.6365,0.8082,0.5978,0.6643,0.6146,1.0,0.7715,0.8315,0.6742,0.7371,1,2,0.2,0.4,0.4,0.3,0.5,0.2,0.4,0.6
CS00419,Cloud_Solutions_Architect,Cloud Solutions Architect,M,31-35,2,BSc,3.8,0.5183,0.6378,0.7407,0.8101,0.5673,0.76,0.8096,0.7413,0.7237,0.7307,1,2,0.2,0.4,0.4,0.3,0.5,0.2,0.4,0.6
CS00420,Cloud_Solutions_Architect,Cloud Solutions Architect,M,22-25,2,BSc,2.5,0.4028,0.6035,0.5466,0.4844,0.5211,0.5,0.591,0.5406,0.5512,0.547,0,1,0.2,0.4,0.4,0.3,0.5,0.2,0.4,0.6
CS00421,Cloud_Solutions_Architect,Cloud Solutions Architect,F,22-25,3,MSc,3.2,0.8625,0.8004,0.7621,0.7809,0.825,0.64,0.6662,0.6875,0.7774,0.7414,1,2,0.2,0.4,0.4,0.3,0.5,0.2,0.4,0.6
CS00422,Cloud_Solutions_Architect,Cloud Solutions Architect,M,22-25,2,BSc,2.9,0.5371,0.7304,0.6402,0.9211,0.5749,0.58,0.6576,0.61,0.7234,0.678,0,2,0.2,0.4,0.4,0.3,0.5,0.2,0.4,0.6
CS00423,Cloud_Solutions_Architect,Cloud Solutions Architect,M,26-30,3,MSc,8.5,0.7319,0.7001,0.8092,1.0,0.7728,1.0,0.5815,0.7871,0.8146,0.8036,1,2,0.2,0.4,0.4,0.3,0.5,0.2,0.4,0.6
CS00424,Cloud_Solutions_Architect,Cloud Solutions Architect,M,26-30,2,BSc,4.0,0.4567,0.5654,0.7733,0.6261,0.5427,0.8,0.5362,0.643,0.6815,0.6661,1,1,0.2,0.4,0.4,0.3,0.5,0.2,0.4,0.6
CS00425,Cloud_Solutions_Architect,Cloud Solutions Architect,M,26-30,3,MSc,2.3,0.7331,0.7804,0.6869,0.4921,0.7732,0.46,0.5172,0.5455,0.676,0.6238,0,1,0.2,0.4,0.4,0.3,0.5,0.2,0.4,0.6
CS00426,Cloud_Solutions_Architect,Cloud Solutions Architect,M,26-30,2,BSc,9.3,0.6706,0.6506,0.8879,0.5219,0.6282,1.0,0.6182,0.7729,0.7435,0.7553,1,2,0.2,0.4,0.4,0.3,0.5,0.2,0.4,0.6
CS00427,Cloud_Solutions_Architect,Cloud Solutions Architect,F,26-30,3,MSc,4.8,0.4105,0.6151,0.8193,0.503,0.6442,0.96,0.8278,0.8439,0.6948,0.7544,1,3,0.2,0.4,0.4,0.3,0.5,0.2,0.4,0.6
CS00428,Cloud_Solutions_Architect,Cloud Solutions Architect,M,22-25,2,BSc,9.1,0.419,0.7182,0.7808,0.5745,0.5276,1.0,0.8211,0.834,0.7208,0.7661,1,2,0.2,0.4,0.4,0.3,0.5,0.2,0.4,0.6
CS00429,Cloud_Solutions_Architect,Cloud Solutions Architect,M,22-25,4,PhD,7.5,0.6186,0.6581,0.6,0.6126,0.8474,1.0,0.6173,0.8164,0.6199,0.6985,1,2,0.2,0.4,0.4,0.3,0.5,0.2,0.4,0.6
CS00430,Cloud_Solutions_Architect,Cloud Solutions Architect,F,22-25,2,BSc,5.3,0.7518,0.6283,0.6776,0.4943,0.6607,1.0,0.4961,0.7306,0.6262,0.668,1,1,0.2,0.4,0.4,0.3,0.5,0.2,0.4,0.6
CS00431,Cloud_Solutions_Architect,Cloud Solutions Architect,M,31-35,3,MSc,5.1,0.6458,0.8057,0.8717,0.7192,0.7383,1.0,0.7745,0.8575,0.8214,0.8358,1,3,0.2,0.4,0.4,0.3,0.5,0.2,0.4,0.6
CS00432,Cloud_Solutions_Architect,Cloud Solutions Architect,F,22-25,3,MSc,4.0,0.729,0.654,0.6367,0.6377,0.7716,0.8,0.429,0.6459,0.6421,0.6436,1,1,0.2,0.4,0.4,0.3,0.5,0.2,0.4,0.6
CS00433,Cloud_Solutions_Architect,Cloud Solutions Architect,M,31-35,2,BSc,5.0,0.4238,0.64,0.6691,0.5799,0.5295,1.0,0.5373,0.7208,0.6425,0.6738,1,1,0.2,0.4,0.4,0.3,0.5,0.2,0.4,0.6
CS00434,Cloud_Solutions_Architect,Cloud Solutions Architect,F,36-40,3,MSc,1.8,0.5782,0.6964,0.6447,0.3862,0.7113,0.36,0.6387,0.5417,0.6085,0.5818,0,1,0.2,0.4,0.4,0.3,0.5,0.2,0.4,0.6
CS00435,Cloud_Solutions_Architect,Cloud Solutions Architect,M,26-30,2,BSc,7.6,0.5786,0.715,0.8185,0.5624,0.5914,1.0,0.8347,0.8522,0.7362,0.7826,1,2,0.2,0.4,0.4,0.3,0.5,0.2,0.4,0.6
CS00436,Cloud_Solutions_Architect,Cloud Solutions Architect,M,26-30,2,BSc,3.7,0.6333,0.7938,0.6966,0.6228,0.6133,0.74,0.6423,0.6756,0.711,0.6968,1,2,0.2,0.4,0.4,0.3,0.5,0.2,0.4,0.6
CS00437,Cloud_Solutions_Architect,Cloud Solutions Architect,M,26-30,3,MSc,8.9,0.7026,0.6557,0.8707,0.6629,0.7611,1.0,0.7787,0.8637,0.7646,0.8042,1,3,0.2,0.4,0.4,0.3,0.5,0.2,0.4,0.6
CS00438,Cloud_Solutions_Architect,Cloud Solutions Architect,M,31-35,3,MSc,3.1,0.7308,0.6754,0.8727,0.6499,0.7723,0.62,0.7119,0.6872,0.769,0.7363,1,2,0.2,0.4,0.4,0.3,0.5,0.2,0.4,0.6
CS00439,Cloud_Solutions_Architect,Cloud Solutions Architect,M,22-25,2,BSc,7.1,0.5035,0.6858,0.8868,0.6894,0.5614,1.0,0.626,0.7627,0.787,0.7773,1,2,0.2,0.4,0.4,0.3,0.5,0.2,0.4,0.6
CS00440,Cloud_Solutions_Architect,Cloud Solutions Architect,F,26-30,2,BSc,5.5,0.7135,0.7317,0.7031,0.6393,0.6454,1.0,0.7043,0.8108,0.6989,0.7437,1,2,0.2,0.4,0.4,0.3,0.5,0.2,0.4,0.6
CS00441,Cloud_Solutions_Architect,Cloud Solutions Architect,M,36-40,3,MSc,1.1,0.6573,0.7514,0.8514,0.7275,0.7429,0.22,0.957,0.6194,0.7966,0.7257,0,1,0.2,0.4,0.4,0.3,0.5,0.2,0.4,0.6
CS00442,Cloud_Solutions_Architect,Cloud Solutions Architect,M,22-25,2,BSc,6.7,0.4131,0.7394,0.9794,0.4975,0.5252,1.0,0.5837,0.7385,0.811,0.782,1,2,0.2,0.4,0.4,0.3,0.5,0.2,0.4,0.6
CS00443,Cloud_Solutions_Architect,Cloud Solutions Architect,M,22-25,3,MSc,2.1,0.5694,0.5858,0.5566,0.6854,0.7078,0.42,0.6544,0.5713,0.5911,0.5832,0,2,0.2,0.4,0.4,0.3,0.5,0.2,0.4,0.6
CS00444,Cloud_Solutions_Architect,Cloud Solutions Architect,F,22-25,2,BSc,8.0,0.7515,0.6264,0.7596,0.4724,0.6606,1.0,0.636,0.7865,0.6622,0.7119,1,2,0.2,0.4,0.4,0.3,0.5,0.2,0.4,0.6
CS00445,Cloud_Solutions_Architect,Cloud Solutions Architect,F,22-25,3,MSc,5.8,0.4866,0.6312,0.9056,0.5488,0.6746,1.0,0.6392,0.7906,0.7519,0.7674,1,2,0.2,0.4,0.4,0.3,0.5,0.2,0.4,0.6
CS00446,Cloud_Solutions_Architect,Cloud Solutions Architect,F,26-30,2,BSc,6.1,0.3259,0.7513,0.5901,0.7516,0.4904,1.0,0.5023,0.699,0.6708,0.6821,1,1,0.2,0.4,0.4,0.3,0.5,0.2,0.4,0.6
CS00447,Cloud_Solutions_Architect,Cloud Solutions Architect,F,22-25,2,BSc,5.6,0.475,0.7678,0.7918,0.5618,0.55,1.0,0.8125,0.835,0.7386,0.7772,1,3,0.2,0.4,0.4,0.3,0.5,0.2,0.4,0.6
CS00448,Cloud_Solutions_Architect,Cloud Solutions Architect,M,31-35,2,BSc,5.5,0.5152,0.6772,0.6731,0.7555,0.5661,1.0,0.7729,0.8224,0.6908,0.7434,1,2,0.2,0.4,0.4,0.3,0.5,0.2,0.4,0.6
CS00449,Cloud_Solutions_Architect,Cloud Solutions Architect,M,36-40,3,MSc,2.6,0.4635,0.7278,0.5521,0.4986,0.6654,0.52,0.5948,0.579,0.5941,0.5881,0,1,0.2,0.4,0.4,0.3,0.5,0.2,0.4,0.6
CS00450,Cloud_Solutions_Architect,Cloud Solutions Architect,F,22-25,2,BSc,1.0,0.4115,0.6134,0.5845,0.4355,0.5246,0.2,0.54,0.4009,0.5634,0.4984,0,1,0.2,0.4,0.4,0.3,0.5,0.2,0.4,0.6
CS00451,Cloud_Solutions_Architect,Cloud Solutions Architect,F,22-25,3,MSc,5.3,0.7286,0.6213,0.9048,0.7718,0.7714,1.0,0.8122,0.8792,0.7932,0.8276,1,3,0.2,0.4,0.4,0.3,0.5,0.2,0.4,0.6
CS00452,Cloud_Solutions_Architect,Cloud Solutions Architect,F,22-25,3,MSc,6.1,0.4532,0.7049,0.8515,0.5956,0.6613,1.0,0.5737,0.7617,0.7563,0.7585,1,2,0.2,0.4,0.4,0.3,0.5,0.2,0.4,0.6
CS00453,Cloud_Solutions_Architect,Cloud Solutions Architect,M,31-35,2,BSc,5.3,0.5242,0.4965,0.7358,0.7656,0.5697,1.0,0.7127,0.799,0.67,0.7216,1,2,0.2,0.4,0.4,0.3,0.5,0.2,0.4,0.6
CS00454,Cloud_Solutions_Architect,Cloud Solutions Architect,M,22-25,2,BSc,6.6,0.5084,0.6196,0.8631,0.8972,0.5633,1.0,0.5127,0.7178,0.7968,0.7652,1,1,0.2,0.4,0.4,0.3,0.5,0.2,0.4,0.6
CS00455,Cloud_Solutions_Architect,Cloud Solutions Architect,M,31-35,3,MSc,8.5,0.4518,0.6711,0.8379,0.856,0.6607,1.0,0.8297,0.864,0.7915,0.8205,1,3,0.2,0.4,0.4,0.3,0.5,0.2,0.4,0.6
CS00456,Cloud_Solutions_Architect,Cloud Solutions Architect,M,26-30,2,BSc,8.3,0.7523,0.6369,1.0,0.6308,0.6609,1.0,0.7397,0.828,0.8172,0.8215,1,3,0.2,0.4,0.4,0.3,0.5,0.2,0.4,0.6
CS00457,Cloud_Solutions_Architect,Cloud Solutions Architect,F,22-25,2,BSc,7.7,0.6034,0.7307,0.8749,0.6573,0.6014,1.0,0.7718,0.829,0.7881,0.8045,1,3,0.2,0.4,0.4,0.3,0.5,0.2,0.4,0.6
CS00458,Cloud_Solutions_Architect,Cloud Solutions Architect,M,22-25,3,MSc,5.4,0.5963,0.5879,0.7145,0.4118,0.7185,1.0,0.5186,0.7511,0.616,0.67,1,1,0.2,0.4,0.4,0.3,0.5,0.2,0.4,0.6
CS00459,Cloud_Solutions_Architect,Cloud Solutions Architect,F,26-30,2,BSc,5.5,0.4066,0.6154,0.7671,0.5823,0.5227,1.0,0.6424,0.7615,0.6847,0.7154,1,2,0.2,0.4,0.4,0.3,0.5,0.2,0.4,0.6
CS00460,Cloud_Solutions_Architect,Cloud Solutions Architect,M,22-25,3,MSc,8.1,0.4758,0.6632,1.0,0.4211,0.6703,1.0,0.5583,0.7574,0.7832,0.7729,1,2,0.2,0.4,0.4,0.3,0.5,0.2,0.4,0.6
CS00461,Cloud_Solutions_Architect,Cloud Solutions Architect,F,36-40,3,MSc,8.1,0.5114,0.7117,0.8076,0.6146,0.6846,1.0,0.7475,0.8359,0.7402,0.7785,1,3,0.2,0.4,0.4,0.3,0.5,0.2,0.4,0.6
CS00462,Cloud_Solutions_Architect,Cloud Solutions Architect,F,31-35,3,MSc,2.3,0.6882,0.6967,0.711,0.5106,0.7553,0.46,0.6387,0.5906,0.6666,0.6362,0,2,0.2,0.4,0.4,0.3,0.5,0.2,0.4,0.6
CS00463,Cloud_Solutions_Architect,Cloud Solutions Architect,F,31-35,2,BSc,1.9,0.7343,0.8608,0.6851,0.6246,0.6537,0.38,0.6456,0.541,0.7257,0.6518,0,1,0.2,0.4,0.4,0.3,0.5,0.2,0.4,0.6
CS00464,Cloud_Solutions_Architect,Cloud Solutions Architect,M,31-35,2,BSc,4.2,0.3707,0.735,0.8671,0.5349,0.5083,0.84,0.8161,0.7641,0.761,0.7622,1,3,0.2,0.4,0.4,0.3,0.5,0.2,0.4,0.6
CS00465,Cloud_Solutions_Architect,Cloud Solutions Architect,M,26-30,4,PhD,11.4,0.6282,0.8199,0.9711,0.7746,0.8513,1.0,0.8547,0.9122,0.8864,0.8967,1,3,0.2,0.4,0.4,0.3,0.5,0.2,0.4,0.6
CS00466,Cloud_Solutions_Architect,Cloud Solutions Architect,M,26-30,2,BSc,2.2,0.7213,0.6541,0.6564,0.5111,0.6485,0.44,0.6389,0.5613,0.6267,0.6005,0,1,0.2,0.4,0.4,0.3,0.5,0.2,0.4,0.6
CS00467,Cloud_Solutions_Architect,Cloud Solutions Architect,M,22-25,3,MSc,9.8,0.6804,0.759,0.9182,0.8872,0.7521,1.0,0.788,0.8656,0.8642,0.8648,1,3,0.2,0.4,0.4,0.3,0.5,0.2,0.4,0.6
CS00468,Cloud_Solutions_Architect,Cloud Solutions Architect,M,22-25,3,MSc,10.9,0.8231,0.6278,0.9061,0.7886,0.8092,1.0,0.8498,0.9018,0.7991,0.8402,1,3,0.2,0.4,0.4,0.3,0.5,0.2,0.4,0.6
CS00469,Cloud_Solutions_Architect,Cloud Solutions Architect,F,26-30,3,MSc,2.1,0.5982,0.7895,0.6755,0.553,0.7193,0.42,0.6365,0.5665,0.6852,0.6377,0,1,0.2,0.4,0.4,0.3,0.5,0.2,0.4,0.6
CS00470,Cloud_Solutions_Architect,Cloud Solutions Architect,F,26-30,2,BSc,7.6,0.5589,0.6051,0.6093,0.704,0.5836,1.0,0.7161,0.8031,0.627,0.6974,1,2,0.2,0.4,0.4,0.3,0.5,0.2,0.4,0.6
CS00471,Cloud_Solutions_Architect,Cloud Solutions Architect,F,31-35,2,BSc,9.7,0.4717,0.6828,0.7888,0.6384,0.5487,1.0,0.8242,0.8394,0.7269,0.7719,1,3,0.2,0.4,0.4,0.3,0.5,0.2,0.4,0.6
CS00472,Cloud_Solutions_Architect,Cloud Solutions Architect,M,22-25,2,BSc,4.3,0.458,0.7806,0.9111,0.8318,0.5432,0.86,0.8021,0.7735,0.8561,0.8231,1,3,0.2,0.4,0.4,0.3,0.5,0.2,0.4,0.6
CS00473,Cloud_Solutions_Architect,Cloud Solutions Architect,M,26-30,3,MSc,3.0,0.5137,0.4855,0.7276,0.3805,0.6855,0.6,0.5743,0.6068,0.5855,0.594,1,3,0.2,0.4,0.4,0.3,0.5,0.2,0.4,0.6
CS00474,Cloud_Solutions_Architect,Cloud Solutions Architect,F,26-30,2,BSc,7.6,0.6888,0.5642,0.7408,0.8413,0.6355,1.0,0.8542,0.8688,0.7079,0.7723,1,2,0.2,0.4,0.4,0.3,0.5,0.2,0.4,0.6
CS00475,Cloud_Solutions_Architect,Cloud Solutions Architect,M,22-25,4,PhD,8.8,0.6314,0.7369,1.0,0.9753,0.8525,1.0,0.9448,0.9484,0.9161,0.929,1,3,0.2,0.4,0.4,0.3,0.5,0.2,0.4,0.6
CS00476,Cloud_Solutions_Architect,Cloud Solutions Architect,F,22-25,4,PhD,6.8,0.6755,0.6212,0.7009,0.6385,0.8702,1.0,0.6808,0.8463,0.6645,0.7372,1,2,0.2,0.4,0.4,0.3,0.5,0.2,0.4,0.6
CS00477,Cloud_Solutions_Architect,Cloud Solutions Architect,F,22-25,2,BSc,6.6,0.6029,0.7525,0.9113,0.7107,0.6012,1.0,0.7583,0.8236,0.8235,0.8235,1,3,0.2,0.4,0.4,0.3,0.5,0.2,0.4,0.6
CS00478,Cloud_Solutions_Architect,Cloud Solutions Architect,M,40+,2,BSc,7.3,0.7381,0.796,0.8653,0.751,0.6553,1.0,0.8878,0.8862,0.8216,0.8474,1,3,0.2,0.4,0.4,0.3,0.5,0.2,0.4,0.6
CS00479,Cloud_Solutions_Architect,Cloud Solutions Architect,M,22-25,1,Diploma,5.0,0.4638,0.8035,0.7071,0.7918,0.4255,1.0,0.5885,0.7205,0.753,0.74,0,2,0.2,0.4,0.4,0.3,0.5,0.2,0.4,0.6
CS00480,Cloud_Solutions_Architect,Cloud Solutions Architect,M,22-25,3,MSc,4.0,0.7589,0.5878,0.7491,0.6569,0.7836,0.8,0.5313,0.6893,0.6823,0.6851,1,1,0.2,0.4,0.4,0.3,0.5,0.2,0.4,0.6
CS00481,Cloud_Solutions_Architect,Cloud Solutions Architect,F,22-25,2,BSc,0.9,0.6922,0.5938,0.8396,0.7468,0.6369,0.18,0.8216,0.528,0.7473,0.6596,0,2,0.2,0.4,0.4,0.3,0.5,0.2,0.4,0.6
CS00482,Cloud_Solutions_Architect,Cloud Solutions Architect,M,31-35,4,PhD,4.6,0.7681,0.6794,0.6916,0.5368,0.9072,0.92,0.6525,0.8104,0.657,0.7184,1,3,0.2,0.4,0.4,0.3,0.5,0.2,0.4,0.6
CS00483,Cloud_Solutions_Architect,Cloud Solutions Architect,F,31-35,3,MSc,0.3,0.7319,0.6683,0.7036,0.5686,0.7728,0.06,0.7095,0.4624,0.666,0.5846,0,1,0.2,0.4,0.4,0.3,0.5,0.2,0.4,0.6
CS00484,Cloud_Solutions_Architect,Cloud Solutions Architect,F,26-30,3,MSc,3.3,0.6683,0.9001,0.9671,0.7196,0.7473,0.66,0.9412,0.7899,0.8975,0.8545,1,3,0.2,0.4,0.4,0.3,0.5,0.2,0.4,0.6
CS00485,Cloud_Solutions_Architect,Cloud Solutions Architect,M,31-35,2,BSc,6.1,0.714,0.717,0.5426,0.7705,0.6456,1.0,0.6502,0.7892,0.6405,0.7,1,1,0.2,0.4,0.4,0.3,0.5,0.2,0.4,0.6
CS00486,Cloud_Solutions_Architect,Cloud Solutions Architect,M,31-35,3,MSc,10.2,0.4386,0.5688,0.7599,0.8614,0.6554,1.0,0.7357,0.8253,0.7229,0.7639,1,2,0.2,0.4,0.4,0.3,0.5,0.2,0.4,0.6
CS00487,Cloud_Solutions_Architect,Cloud Solutions Architect,M,26-30,4,PhD,6.8,0.625,0.9263,0.868,0.755,0.85,1.0,0.7572,0.8729,0.8629,0.8669,1,3,0.2,0.4,0.4,0.3,0.5,0.2,0.4,0.6
CS00488,Cloud_Solutions_Architect,Cloud Solutions Architect,M,31-35,3,MSc,5.5,0.762,0.6467,0.6683,0.5071,0.7848,1.0,0.7061,0.8394,0.6296,0.7135,1,2,0.2,0.4,0.4,0.3,0.5,0.2,0.4,0.6
CS00489,Cloud_Solutions_Architect,Cloud Solutions Architect,F,26-30,2,BSc,5.0,0.5988,0.5358,0.5604,0.4309,0.5995,1.0,0.6082,0.7632,0.5271,0.6215,1,1,0.2,0.4,0.4,0.3,0.5,0.2,0.4,0.6
CS00490,Cloud_Solutions_Architect,Cloud Solutions Architect,M,26-30,3,MSc,10.2,0.3748,0.7972,0.9295,0.6738,0.6299,1.0,0.7422,0.8228,0.8387,0.8323,1,3,0.2,0.4,0.4,0.3,0.5,0.2,0.4,0.6
CS00491,Cloud_Solutions_Architect,Cloud Solutions Architect,F,31-35,3,MSc,5.6,0.6485,0.8202,0.6386,0.699,0.7394,1.0,0.6498,0.8078,0.7052,0.7462,1,2,0.2,0.4,0.4,0.3,0.5,0.2,0.4,0.6
CS00492,Cloud_Solutions_Architect,Cloud Solutions Architect,M,22-25,3,MSc,5.3,0.3879,0.7674,0.9098,0.6255,0.6352,1.0,0.786,0.8414,0.8102,0.8227,1,3,0.2,0.4,0.4,0.3,0.5,0.2,0.4,0.6
CS00493,Cloud_Solutions_Architect,Cloud Solutions Architect,M,36-40,3,MSc,1.1,0.6229,0.5984,0.6491,0.4463,0.7291,0.22,0.4731,0.423,0.5933,0.5252,0,1,0.2,0.4,0.4,0.3,0.5,0.2,0.4,0.6
CS00494,Cloud_Solutions_Architect,Cloud Solutions Architect,M,40+,3,MSc,2.7,0.4654,0.9015,0.7284,0.627,0.6661,0.54,0.7737,0.6587,0.76,0.7195,0,2,0.2,0.4,0.4,0.3,0.5,0.2,0.4,0.6
CS00495,Cloud_Solutions_Architect,Cloud Solutions Architect,M,36-40,3,MSc,6.5,0.6407,0.9223,0.386,0.5449,0.7363,1.0,0.603,0.7884,0.5787,0.6626,1,1,0.2,0.4,0.4,0.3,0.5,0.2,0.4,0.6
CS00496,Cloud_Solutions_Architect,Cloud Solutions Architect,F,26-30,2,BSc,4.4,0.472,0.6675,0.705,0.385,0.5488,0.88,0.5406,0.678,0.6298,0.6491,1,1,0.2,0.4,0.4,0.3,0.5,0.2,0.4,0.6
CS00497,Cloud_Solutions_Architect,Cloud Solutions Architect,M,22-25,3,MSc,4.9,0.7455,0.7012,0.7669,0.5982,0.7782,0.98,0.7455,0.8459,0.7135,0.7665,1,3,0.2,0.4,0.4,0.3,0.5,0.2,0.4,0.6
CS00498,Cloud_Solutions_Architect,Cloud Solutions Architect,F,31-35,4,PhD,3.9,0.3633,0.7387,0.7655,0.7224,0.7453,0.78,0.7134,0.7464,0.7489,0.7479,1,2,0.2,0.4,0.4,0.3,0.5,0.2,0.4,0.6
CS00499,Cloud_Solutions_Architect,Cloud Solutions Architect,F,22-25,2,BSc,8.1,0.6207,0.8538,0.9034,0.6588,0.6083,1.0,0.8833,0.875,0.8396,0.8538,1,3,0.2,0.4,0.4,0.3,0.5,0.2,0.4,0.6
CS00500,Cloud_Solutions_Architect,Cloud Solutions Architect,M,31-35,2,BSc,1.8,0.831,0.6251,0.4102,0.298,0.6924,0.36,0.447,0.4613,0.4522,0.4558,0,1,0.2,0.4,0.4,0.3,0.5,0.2,0.4,0.6
CS00501,Cloud_Solutions_Architect,Cloud Solutions Architect,F,31-35,4,PhD,2.4,0.7841,0.8706,0.7541,0.4783,0.9136,0.48,0.6661,0.6412,0.7339,0.6968,0,2,0.2,0.4,0.4,0.3,0.5,0.2,0.4,0.6
CS00502,Cloud_Solutions_Architect,Cloud Solutions Architect,M,22-25,3,MSc,7.8,0.7016,0.7033,0.9406,0.8077,0.7606,1.0,0.8268,0.8828,0.8428,0.8588,1,3,0.2,0.4,0.4,0.3,0.5,0.2,0.4,0.6
CS00503,Cloud_Solutions_Architect,Cloud Solutions Architect,F,26-30,2,BSc,8.5,0.7362,0.6389,1.0,0.972,0.6545,1.0,0.8517,0.8716,0.8861,0.8803,1,3,0.2,0.4,0.4,0.3,0.5,0.2,0.4,0.6
CS00504,Cloud_Solutions_Architect,Cloud Solutions Architect,M,22-25,2,BSc,4.1,0.7059,0.5688,0.7491,0.6992,0.6424,0.82,0.7036,0.7379,0.685,0.7062,1,2,0.2,0.4,0.4,0.3,0.5,0.2,0.4,0.6
CS00505,Cloud_Solutions_Architect,Cloud Solutions Architect,F,40+,3,MSc,0.9,0.7308,0.7146,0.6879,0.5797,0.7723,0.18,0.7496,0.5263,0.6743,0.6151,0,1,0.2,0.4,0.4,0.3,0.5,0.2,0.4,0.6
CS00506,Cloud_Solutions_Architect,Cloud Solutions Architect,F,26-30,2,BSc,3.7,0.4109,0.7262,0.7311,0.4801,0.5244,0.74,0.6133,0.6462,0.6794,0.6661,1,2,0.2,0.4,0.4,0.3,0.5,0.2,0.4,0.6
CS00507,Cloud_Solutions_Architect,Cloud Solutions Architect,F,26-30,3,MSc,4.6,0.7334,0.5824,0.6611,0.5539,0.7734,0.92,0.4758,0.713,0.616,0.6548,1,1,0.2,0.4,0.4,0.3,0.5,0.2,0.4,0.6
CS00508,Cloud_Solutions_Architect,Cloud Solutions Architect,M,26-30,3,MSc,8.8,0.8645,0.7218,0.6814,0.6659,0.8258,1.0,0.7859,0.8795,0.6904,0.766,1,1,0.2,0.4,0.4,0.3,0.5,0.2,0.4,0.6
CS00509,Cloud_Solutions_Architect,Cloud Solutions Architect,M,31-35,1,Diploma,8.0,0.4727,0.5761,0.5333,0.7242,0.4291,1.0,0.3604,0.63,0.5843,0.6026,0,1,0.2,0.4,0.4,0.3,0.5,0.2,0.4,0.6
CS00510,Cloud_Solutions_Architect,Cloud Solutions Architect,M,22-25,3,MSc,6.2,0.5554,0.6375,0.4689,0.533,0.7022,1.0,0.5999,0.7804,0.5323,0.6315,1,1,0.2,0.4,0.4,0.3,0.5,0.2,0.4,0.6
CS00511,Cloud_Solutions_Architect,Cloud Solutions Architect,F,40+,2,BSc,6.1,0.784,0.4361,0.738,0.719,0.6736,1.0,0.5739,0.7643,0.6436,0.6919,1,3,0.2,0.4,0.4,0.3,0.5,0.2,0.4,0.6
CS00512,Cloud_Solutions_Architect,Cloud Solutions Architect,M,22-25,3,MSc,7.7,0.4246,0.6759,1.0,0.7206,0.6498,1.0,0.6822,0.8028,0.8469,0.8293,1,2,0.2,0.4,0.4,0.3,0.5,0.2,0.4,0.6
CS00513,Cloud_Solutions_Architect,Cloud Solutions Architect,M,26-30,3,MSc,3.2,0.6211,0.6439,0.7145,0.8139,0.7284,0.64,0.6017,0.6424,0.7132,0.6849,1,2,0.2,0.4,0.4,0.3,0.5,0.2,0.4,0.6
CS00514,Cloud_Solutions_Architect,Cloud Solutions Architect,M,31-35,2,BSc,4.1,0.597,0.7988,0.7653,0.6405,0.5988,0.82,0.7326,0.7408,0.7504,0.7466,1,3,0.2,0.4,0.4,0.3,0.5,0.2,0.4,0.6
CS00515,Cloud_Solutions_Architect,Cloud Solutions Architect,F,36-40,2,BSc,7.2,0.5573,0.7676,0.9117,0.6327,0.5829,1.0,0.7038,0.7981,0.8127,0.8069,1,2,0.2,0.4,0.4,0.3,0.5,0.2,0.4,0.6
CS00516,Cloud_Solutions_Architect,Cloud Solutions Architect,M,22-25,3,MSc,5.7,0.5463,0.775,1.0,0.7733,0.6985,1.0,0.6249,0.7897,0.8872,0.8482,1,2,0.2,0.4,0.4,0.3,0.5,0.2,0.4,0.6
CS00517,Cloud_Solutions_Architect,Cloud Solutions Architect,F,26-30,2,BSc,9.9,0.7399,0.8422,0.9543,0.8899,0.656,1.0,0.8409,0.8676,0.9078,0.8917,1,3,0.2,0.4,0.4,0.3,0.5,0.2,0.4,0.6
CS00518,Cloud_Solutions_Architect,Cloud Solutions Architect,M,22-25,3,MSc,7.3,0.7461,0.7577,0.8224,0.6157,0.7785,1.0,0.7414,0.8522,0.7617,0.7979,1,3,0.2,0.4,0.4,0.3,0.5,0.2,0.4,0.6
CS00519,Cloud_Solutions_Architect,Cloud Solutions Architect,M,26-30,2,BSc,6.0,0.7967,0.5797,0.5035,0.5992,0.6787,1.0,0.4399,0.7117,0.5455,0.612,1,1,0.2,0.4,0.4,0.3,0.5,0.2,0.4,0.6
CS00520,Cloud_Solutions_Architect,Cloud Solutions Architect,M,31-35,2,BSc,5.6,0.5202,0.7599,0.5796,0.5901,0.5681,1.0,0.7947,0.8315,0.6358,0.7141,1,1,0.2,0.4,0.4,0.3,0.5,0.2,0.4,0.6
CS00521,Cloud_Solutions_Architect,Cloud Solutions Architect,M,31-35,3,MSc,3.2,0.7158,0.5469,0.5919,0.5942,0.7663,0.64,0.5055,0.6114,0.5789,0.5919,1,1,0.2,0.4,0.4,0.3,0.5,0.2,0.4,0.6
CS00522,Cloud_Solutions_Architect,Cloud Solutions Architect,F,22-25,3,MSc,5.2,0.4985,0.6902,0.7669,0.6642,0.6794,1.0,0.8111,0.8603,0.7233,0.7781,1,3,0.2,0.4,0.4,0.3,0.5,0.2,0.4,0.6
CS00523,Cloud_Solutions_Architect,Cloud Solutions Architect,F,31-35,2,BSc,9.4,0.6511,0.4918,0.9093,0.9257,0.6204,1.0,0.7787,0.8355,0.7873,0.8066,1,3,0.2,0.4,0.4,0.3,0.5,0.2,0.4,0.6
CS00524,Cloud_Solutions_Architect,Cloud Solutions Architect,F,31-35,3,MSc,5.7,0.5132,0.6717,0.9633,0.4624,0.6853,1.0,0.6497,0.797,0.7757,0.7842,1,2,0.2,0.4,0.4,0.3,0.5,0.2,0.4,0.6
CS00525,Cloud_Solutions_Architect,Cloud Solutions Architect,M,26-30,3,MSc,8.6,0.6413,0.8607,0.9018,0.8021,0.7365,1.0,0.9508,0.9276,0.8695,0.8927,1,3,0.2,0.4,0.4,0.3,0.5,0.2,0.4,0.6
CS00526,Cloud_Solutions_Architect,Cloud Solutions Architect,F,26-30,2,BSc,6.8,0.6383,0.6871,0.6924,0.4246,0.6153,1.0,0.6635,0.7885,0.6372,0.6977,1,2,0.2,0.4,0.4,0.3,0.5,0.2,0.4,0.6
CS00527,Cloud_Solutions_Architect,Cloud Solutions Architect,F,36-40,2,BSc,4.7,0.612,0.393,0.7591,0.6206,0.6048,0.94,0.5964,0.7355,0.6216,0.6672,1,2,0.2,0.4,0.4,0.3,0.5,0.2,0.4,0.6
CS00528,Cloud_Solutions_Architect,Cloud Solutions Architect,M,26-30,3,MSc,5.1,0.7075,0.6498,0.9333,0.5944,0.763,1.0,0.4973,0.7515,0.7805,0.7689,1,1,0.2,0.4,0.4,0.3,0.5,0.2,0.4,0.6
CS00529,Cloud_Solutions_Architect,Cloud Solutions Architect,M,36-40,3,MSc,7.2,0.684,0.6156,0.7989,0.8129,0.7536,1.0,0.6822,0.8236,0.7467,0.7775,1,2,0.2,0.4,0.4,0.3,0.5,0.2,0.4,0.6
CS00530,Cloud_Solutions_Architect,Cloud Solutions Architect,M,36-40,2,BSc,11.3,0.5273,0.7112,0.9893,0.7217,0.5709,1.0,0.5715,0.7428,0.8523,0.8085,1,2,0.2,0.4,0.4,0.3,0.5,0.2,0.4,0.6
CS00531,Cloud_Solutions_Architect,Cloud Solutions Architect,F,31-35,2,BSc,5.5,0.7541,0.5844,0.5209,0.624,0.6617,1.0,0.5191,0.74,0.5606,0.6324,1,1,0.2,0.4,0.4,0.3,0.5,0.2,0.4,0.6
CS00532,Cloud_Solutions_Architect,Cloud Solutions Architect,F,36-40,2,BSc,3.7,0.3047,0.5017,0.77,0.4076,0.4819,0.74,0.576,0.6228,0.617,0.6193,1,2,0.2,0.4,0.4,0.3,0.5,0.2,0.4,0.6
CS00533,Cloud_Solutions_Architect,Cloud Solutions Architect,M,31-35,2,BSc,1.7,0.5856,0.7225,0.5769,0.4139,0.5942,0.34,0.5865,0.4894,0.588,0.5486,0,1,0.2,0.4,0.4,0.3,0.5,0.2,0.4,0.6
CS00534,Cloud_Solutions_Architect,Cloud Solutions Architect,M,22-25,3,MSc,6.6,0.5979,0.675,0.6771,0.6036,0.7192,1.0,0.7727,0.8529,0.6617,0.7382,1,2,0.2,0.4,0.4,0.3,0.5,0.2,0.4,0.6
CS00535,Cloud_Solutions_Architect,Cloud Solutions Architect,F,31-35,3,MSc,3.8,0.6386,0.6512,0.8643,0.7056,0.7355,0.76,0.6828,0.7242,0.7686,0.7508,1,2,0.2,0.4,0.4,0.3,0.5,0.2,0.4,0.6
CS00536,Cloud_Solutions_Architect,Cloud Solutions Architect,M,40+,3,MSc,5.3,0.623,0.7588,0.8336,0.655,0.7292,1.0,0.6987,0.8253,0.7754,0.7954,1,2,0.2,0.4,0.4,0.3,0.5,0.2,0.4,0.6
CS00537,Cloud_Solutions_Architect,Cloud Solutions Architect,F,22-25,4,PhD,4.8,0.4343,0.8649,0.8677,0.6536,0.7737,0.96,0.9184,0.9061,0.824,0.8568,1,3,0.2,0.4,0.4,0.3,0.5,0.2,0.4,0.6
CS00538,Cloud_Solutions_Architect,Cloud Solutions Architect,F,31-35,4,PhD,4.6,0.728,0.6896,0.8264,0.7268,0.8912,0.92,0.7145,0.832,0.7654,0.792,1,2,0.2,0.4,0.4,0.3,0.5,0.2,0.4,0.6
CS00539,Cloud_Solutions_Architect,Cloud Solutions Architect,F,26-30,3,MSc,5.9,0.8779,0.7771,0.8357,0.4451,0.8312,1.0,0.835,0.9002,0.74,0.8041,1,3,0.2,0.4,0.4,0.3,0.5,0.2,0.4,0.6
CS00540,Cloud_Solutions_Architect,Cloud Solutions Architect,M,31-35,2,BSc,2.3,0.5665,0.606,0.4467,0.3018,0.5866,0.46,0.5922,0.5382,0.4655,0.4946,0,1,0.2,0.4,0.4,0.3,0.5,0.2,0.4,0.6
CS00541,Cloud_Solutions_Architect,Cloud Solutions Architect,M,40+,1,Diploma,6.8,0.6213,0.5096,0.7562,0.4976,0.4885,1.0,0.6349,0.7517,0.6305,0.679,0,2,0.2,0.4,0.4,0.3,0.5,0.2,0.4,0.6
CS00542,Cloud_Solutions_Architect,Cloud Solutions Architect,M,31-35,4,PhD,5.4,0.5636,0.7907,0.9975,0.6321,0.8254,1.0,0.8496,0.9049,0.8624,0.8794,1,3,0.2,0.4,0.4,0.3,0.5,0.2,0.4,0.6
CS00543,Cloud_Solutions_Architect,Cloud Solutions Architect,M,36-40,2,BSc,4.4,0.6889,0.7985,0.6804,0.5055,0.6356,0.88,0.5392,0.6948,0.6808,0.6864,1,1,0.2,0.4,0.4,0.3,0.5,0.2,0.4,0.6
CS00544,Cloud_Solutions_Architect,Cloud Solutions Architect,M,22-25,2,BSc,0.8,0.515,0.3527,0.5327,0.3908,0.566,0.16,0.3791,0.3288,0.4503,0.4017,0,1,0.2,0.4,0.4,0.3,0.5,0.2,0.4,0.6
CS00545,Cloud_Solutions_Architect,Cloud Solutions Architect,F,22-25,3,MSc,7.1,0.5992,0.706,0.7242,0.4847,0.7197,1.0,0.7013,0.8245,0.6708,0.7323,1,2,0.2,0.4,0.4,0.3,0.5,0.2,0.4,0.6
CS00546,Cloud_Solutions_Architect,Cloud Solutions Architect,M,26-30,4,PhD,3.3,0.3826,0.8174,0.7602,0.5675,0.753,0.66,0.774,0.7242,0.7388,0.733,1,3,0.2,0.4,0.4,0.3,0.5,0.2,0.4,0.6
CS00547,Cloud_Solutions_Architect,Cloud Solutions Architect,M,22-25,2,BSc,5.7,0.5206,0.5054,0.9219,0.6756,0.5682,1.0,0.5806,0.7459,0.7477,0.747,1,2,0.2,0.4,0.4,0.3,0.5,0.2,0.4,0.6
CS00548,Cloud_Solutions_Architect,Cloud Solutions Architect,F,31-35,3,MSc,4.8,0.5196,0.6228,0.6146,0.4485,0.6878,0.96,0.4102,0.6856,0.5838,0.6245,0,2,0.2,0.4,0.4,0.3,0.5,0.2,0.4,0.6
CS00549,Cloud_Solutions_Architect,Cloud Solutions Architect,F,26-30,2,BSc,3.8,0.5528,0.6491,0.8323,0.5093,0.5811,0.76,0.8148,0.7461,0.7127,0.7261,1,3,0.2,0.4,0.4,0.3,0.5,0.2,0.4,0.6
CS00550,Cloud_Solutions_Architect,Cloud Solutions Architect,M,22-25,2,BSc,5.9,0.5391,0.799,1.0,0.8721,0.5756,1.0,0.9448,0.893,0.9141,0.9057,1,2,0.2,0.4,0.4,0.3,0.5,0.2,0.4,0.6
CS00551,Cloud_Solutions_Architect,Cloud Solutions Architect,M,26-30,3,MSc,5.6,0.5115,0.7012,0.7133,0.5446,0.6846,1.0,0.7689,0.8445,0.6759,0.7433,1,2,0.2,0.4,0.4,0.3,0.5,0.2,0.4,0.6
CS00552,Cloud_Solutions_Architect,Cloud Solutions Architect,F,26-30,3,MSc,7.1,0.7635,0.687,0.9046,0.8423,0.7854,1.0,0.5129,0.7622,0.8269,0.801,1,1,0.2,0.4,0.4,0.3,0.5,0.2,0.4,0.6
CS00553,Cloud_Solutions_Architect,Cloud Solutions Architect,F,26-30,3,MSc,5.9,0.8247,0.7144,0.6271,0.4647,0.8099,1.0,0.6846,0.8358,0.6208,0.7068,1,2,0.2,0.4,0.4,0.3,0.5,0.2,0.4,0.6
CS00554,Cloud_Solutions_Architect,Cloud Solutions Architect,M,31-35,3,MSc,0.9,0.8867,0.7637,0.7594,0.7063,0.8347,0.18,0.5708,0.4673,0.7501,0.637,0,1,0.2,0.4,0.4,0.3,0.5,0.2,0.4,0.6
CS00555,Cloud_Solutions_Architect,Cloud Solutions Architect,M,22-25,1,Diploma,4.2,0.1759,0.7379,0.6535,0.3219,0.3103,0.84,0.5569,0.6208,0.6125,0.6158,0,2,0.2,0.4,0.4,0.3,0.5,0.2,0.4,0.6
CS00556,Cloud_Solutions_Architect,Cloud Solutions Architect,M,22-25,2,BSc,7.7,0.4884,0.6406,0.8132,0.7395,0.5553,1.0,0.6536,0.7725,0.7467,0.757,1,2,0.2,0.4,0.4,0.3,0.5,0.2,0.4,0.6
CS00557,Cloud_Solutions_Architect,Cloud Solutions Architect,M,22-25,3,MSc,4.1,0.6198,0.8357,0.5945,0.4911,0.7279,0.82,0.4677,0.6607,0.6462,0.652,1,1,0.2,0.4,0.4,0.3,0.5,0.2,0.4,0.6
CS00558,Cloud_Solutions_Architect,Cloud Solutions Architect,M,36-40,2,BSc,4.7,0.565,0.9066,0.77,0.8419,0.586,0.94,0.5814,0.7258,0.8254,0.7856,1,2,0.2,0.4,0.4,0.3,0.5,0.2,0.4,0.6
CS00559,Cloud_Solutions_Architect,Cloud Solutions Architect,M,31-35,1,Diploma,3.5,0.5649,0.6423,0.7043,0.7204,0.466,0.7,0.7506,0.6734,0.689,0.6828,0,2,0.2,0.4,0.4,0.3,0.5,0.2,0.4,0.6
CS00560,Cloud_Solutions_Architect,Cloud Solutions Architect,M,31-35,3,MSc,5.9,0.7305,0.8365,0.539,0.7329,0.7722,1.0,0.6712,0.8229,0.667,0.7294,1,1,0.2,0.4,0.4,0.3,0.5,0.2,0.4,0.6
CS00561,Cloud_Solutions_Architect,Cloud Solutions Architect,M,31-35,1,Diploma,8.6,0.5823,0.5163,0.6096,0.7201,0.4729,1.0,0.603,0.7358,0.6037,0.6565,0,2,0.2,0.4,0.4,0.3,0.5,0.2,0.4,0.6
CS00562,Cloud_Solutions_Architect,Cloud Solutions Architect,F,26-30,3,MSc,12.1,0.4859,0.7758,0.7893,0.8203,0.6744,1.0,0.9556,0.9171,0.7914,0.8417,1,2,0.2,0.4,0.4,0.3,0.5,0.2,0.4,0.6
CS00563,Cloud_Solutions_Architect,Cloud Solutions Architect,F,36-40,2,BSc,5.6,0.9174,0.7406,0.8913,0.5444,0.727,1.0,0.6617,0.8101,0.7767,0.7901,1,2,0.2,0.4,0.4,0.3,0.5,0.2,0.4,0.6
CS00564,Cloud_Solutions_Architect,Cloud Solutions Architect,F,31-35,3,MSc,8.4,0.8068,0.4199,0.9737,0.4742,0.8027,1.0,0.5268,0.7713,0.7076,0.7331,1,1,0.2,0.4,0.4,0.3,0.5,0.2,0.4,0.6
CS00565,Cloud_Solutions_Architect,Cloud Solutions Architect,M,22-25,2,BSc,5.7,0.4477,0.4963,0.8086,0.7015,0.5391,1.0,0.5893,0.7436,0.6935,0.7135,1,3,0.2,0.4,0.4,0.3,0.5,0.2,0.4,0.6
CS00566,Cloud_Solutions_Architect,Cloud Solutions Architect,M,31-35,3,MSc,5.5,0.8655,0.6126,0.6362,0.6044,0.8262,1.0,0.7992,0.8849,0.6227,0.7276,1,2,0.2,0.4,0.4,0.3,0.5,0.2,0.4,0.6
CS00567,Cloud_Solutions_Architect,Cloud Solutions Architect,M,31-35,2,BSc,8.2,0.507,0.7788,0.9809,0.4896,0.5628,1.0,0.6911,0.789,0.822,0.8088,1,2,0.2,0.4,0.4,0.3,0.5,0.2,0.4,0.6
CS00568,Cloud_Solutions_Architect,Cloud Solutions Architect,M,31-35,3,MSc,3.1,0.558,0.6663,0.6609,0.3554,0.7032,0.62,0.6552,0.6507,0.6014,0.6211,1,3,0.2,0.4,0.4,0.3,0.5,0.2,0.4,0.6
CS00569,Cloud_Solutions_Architect,Cloud Solutions Architect,M,22-25,3,MSc,11.5,0.5096,0.6331,0.8828,0.8182,0.6838,1.0,0.6883,0.8121,0.795,0.8018,1,2,0.2,0.4,0.4,0.3,0.5,0.2,0.4,0.6
CS00570,Cloud_Solutions_Architect,Cloud Solutions Architect,F,22-25,2,BSc,8.7,0.6125,0.4873,0.8691,0.5361,0.605,1.0,0.8474,0.8599,0.688,0.7568,1,3,0.2,0.4,0.4,0.3,0.5,0.2,0.4,0.6
CS00571,Cloud_Solutions_Architect,Cloud Solutions Architect,F,36-40,4,PhD,0.0,0.576,0.8518,0.5429,0.2643,0.8304,0.0,0.5128,0.3712,0.5798,0.4964,0,1,0.2,0.4,0.4,0.3,0.5,0.2,0.4,0.6
CS00572,Cloud_Solutions_Architect,Cloud Solutions Architect,F,26-30,2,BSc,3.9,0.5951,0.5782,0.5526,0.6228,0.598,0.78,0.7456,0.7299,0.5743,0.6365,1,1,0.2,0.4,0.4,0.3,0.5,0.2,0.4,0.6
CS00573,Cloud_Solutions_Architect,Cloud Solutions Architect,M,22-25,2,BSc,2.1,0.5983,0.6489,0.858,0.4932,0.5993,0.42,0.5398,0.5038,0.7223,0.6349,0,1,0.2,0.4,0.4,0.3,0.5,0.2,0.4,0.6
CS00574,Cloud_Solutions_Architect,Cloud Solutions Architect,M,36-40,3,MSc,6.4,0.6968,0.7501,0.9302,0.7082,0.7587,1.0,0.7621,0.8566,0.8318,0.8417,1,3,0.2,0.4,0.4,0.3,0.5,0.2,0.4,0.6
CS00575,Cloud_Solutions_Architect,Cloud Solutions Architect,M,26-30,2,BSc,6.4,0.4202,0.8311,0.6755,0.6177,0.5281,1.0,0.7659,0.812,0.7106,0.7512,1,2,0.2,0.4,0.4,0.3,0.5,0.2,0.4,0.6
CS00576,Cloud_Solutions_Architect,Cloud Solutions Architect,M,22-25,3,MSc,4.5,0.7232,0.6222,0.6701,0.3734,0.7693,0.9,0.642,0.7706,0.5964,0.6661,1,2,0.2,0.4,0.4,0.3,0.5,0.2,0.4,0.6
CS00577,Cloud_Solutions_Architect,Cloud Solutions Architect,M,26-30,4,PhD,8.8,0.5496,0.8206,0.8368,0.847,0.8198,1.0,0.6171,0.8108,0.834,0.8247,1,1,0.2,0.4,0.4,0.3,0.5,0.2,0.4,0.6
CS00578,Cloud_Solutions_Architect,Cloud Solutions Architect,M,22-25,3,MSc,0.6,0.4396,0.6515,0.6762,0.5581,0.6558,0.12,0.5759,0.4095,0.6452,0.5509,0,1,0.2,0.4,0.4,0.3,0.5,0.2,0.4,0.6
CS00579,Cloud_Solutions_Architect,Cloud Solutions Architect,M,26-30,4,PhD,9.1,0.7117,0.7523,0.8002,0.8559,0.8847,1.0,0.801,0.8974,0.797,0.8372,1,3,0.2,0.4,0.4,0.3,0.5,0.2,0.4,0.6
CS00580,Cloud_Solutions_Architect,Cloud Solutions Architect,F,31-35,2,BSc,5.1,0.6166,0.7781,0.8292,0.5763,0.6067,1.0,0.8892,0.877,0.7633,0.8088,1,3,0.2,0.4,0.4,0.3,0.5,0.2,0.4,0.6
CS00581,Cloud_Solutions_Architect,Cloud Solutions Architect,M,36-40,3,MSc,4.4,0.4054,0.6698,0.9504,0.8367,0.6421,0.88,0.7046,0.7623,0.8435,0.811,1,3,0.2,0.4,0.4,0.3,0.5,0.2,0.4,0.6
CS00582,Cloud_Solutions_Architect,Cloud Solutions Architect,F,22-25,3,MSc,4.4,0.5707,0.6918,0.9279,0.7786,0.7083,0.88,0.5697,0.7215,0.8272,0.7849,1,2,0.2,0.4,0.4,0.3,0.5,0.2,0.4,0.6
CS00583,Cloud_Solutions_Architect,Cloud Solutions Architect,F,31-35,4,PhD,9.7,0.4257,0.6844,0.8776,0.7524,0.7703,1.0,0.7098,0.838,0.7946,0.812,1,1,0.2,0.4,0.4,0.3,0.5,0.2,0.4,0.6
CS00584,Cloud_Solutions_Architect,Cloud Solutions Architect,M,36-40,2,BSc,5.5,0.4212,0.471,0.8034,0.7391,0.5285,1.0,0.527,0.7165,0.6908,0.7011,1,1,0.2,0.4,0.4,0.3,0.5,0.2,0.4,0.6
CS00585,Cloud_Solutions_Architect,Cloud Solutions Architect,F,22-25,3,MSc,8.0,0.5961,0.7587,1.0,0.7496,0.7184,1.0,1.0,0.9437,0.8775,0.904,1,2,0.2,0.4,0.4,0.3,0.5,0.2,0.4,0.6
CS00586,Cloud_Solutions_Architect,Cloud Solutions Architect,M,31-35,3,MSc,4.4,0.5809,0.7651,0.7466,0.7295,0.7124,0.88,0.5986,0.7339,0.7487,0.7428,1,2,0.2,0.4,0.4,0.3,0.5,0.2,0.4,0.6
CS00587,Cloud_Solutions_Architect,Cloud Solutions Architect,M,26-30,3,MSc,8.2,0.6881,0.7323,0.6473,0.8587,0.7552,1.0,0.8751,0.9011,0.7151,0.7895,1,2,0.2,0.4,0.4,0.3,0.5,0.2,0.4,0.6
CS00588,Cloud_Solutions_Architect,Cloud Solutions Architect,F,22-25,2,BSc,6.5,0.9589,0.6257,0.6729,0.5537,0.7436,1.0,0.5957,0.787,0.6349,0.6957,1,2,0.2,0.4,0.4,0.3,0.5,0.2,0.4,0.6
CS00589,Cloud_Solutions_Architect,Cloud Solutions Architect,F,31-35,3,MSc,0.0,0.6004,0.7532,0.6761,0.2669,0.7202,0.0,0.608,0.3872,0.6174,0.5253,0,1,0.2,0.4,0.4,0.3,0.5,0.2,0.4,0.6
CS00590,Cloud_Solutions_Architect,Cloud Solutions Architect,F,36-40,2,BSc,6.9,0.5468,0.7405,0.8187,0.6509,0.5787,1.0,0.5389,0.7313,0.7617,0.7495,1,2,0.2,0.4,0.4,0.3,0.5,0.2,0.4,0.6
CS00591,Cloud_Solutions_Architect,Cloud Solutions Architect,M,26-30,4,PhD,8.9,0.5376,0.8756,0.7039,0.9429,0.8151,1.0,0.8859,0.9174,0.8032,0.8489,1,2,0.2,0.4,0.4,0.3,0.5,0.2,0.4,0.6
CS00592,Cloud_Solutions_Architect,Cloud Solutions Architect,M,36-40,4,PhD,6.2,0.5529,0.7172,0.9681,0.5945,0.8212,1.0,0.8313,0.8967,0.8181,0.8495,1,3,0.2,0.4,0.4,0.3,0.5,0.2,0.4,0.6
CS00593,Cloud_Solutions_Architect,Cloud Solutions Architect,M,26-30,3,MSc,9.0,0.5956,0.6402,0.7835,0.2786,0.7182,1.0,0.6333,0.797,0.6396,0.7026,1,2,0.2,0.4,0.4,0.3,0.5,0.2,0.4,0.6
CS00594,Cloud_Solutions_Architect,Cloud Solutions Architect,M,31-35,3,MSc,6.1,0.7504,0.6577,0.8862,0.3253,0.7802,1.0,0.6515,0.8167,0.7055,0.75,1,2,0.2,0.4,0.4,0.3,0.5,0.2,0.4,0.6
CS00595,Cloud_Solutions_Architect,Cloud Solutions Architect,M,26-30,2,BSc,7.5,0.6501,0.8677,0.8561,0.617,0.6201,1.0,0.6642,0.7897,0.8117,0.8029,1,2,0.2,0.4,0.4,0.3,0.5,0.2,0.4,0.6
CS00596,Cloud_Solutions_Architect,Cloud Solutions Architect,M,26-30,4,PhD,3.4,0.7853,0.5621,0.523,0.661,0.9141,0.68,0.6799,0.7268,0.5623,0.6281,1,1,0.2,0.4,0.4,0.3,0.5,0.2,0.4,0.6
CS00597,Cloud_Solutions_Architect,Cloud Solutions Architect,M,40+,3,MSc,6.0,0.2301,0.976,0.8935,0.4188,0.572,1.0,0.7439,0.812,0.8233,0.8188,1,3,0.2,0.4,0.4,0.3,0.5,0.2,0.4,0.6
CS00598,Cloud_Solutions_Architect,Cloud Solutions Architect,M,40+,2,BSc,9.9,0.5035,0.5123,0.7897,0.744,0.5614,1.0,0.6897,0.7882,0.6974,0.7337,1,2,0.2,0.4,0.4,0.3,0.5,0.2,0.4,0.6
CS00599,Cloud_Solutions_Architect,Cloud Solutions Architect,F,22-25,2,BSc,2.1,0.5442,0.8608,0.7215,0.5605,0.5777,0.42,0.7865,0.5982,0.7311,0.6779,0,1,0.2,0.4,0.4,0.3,0.5,0.2,0.4,0.6
CS00600,Cloud_Solutions_Architect,Cloud Solutions Architect,M,31-35,3,MSc,5.6,0.3264,0.611,0.7007,0.6134,0.6105,1.0,0.5991,0.7617,0.6563,0.6985,1,2,0.2,0.4,0.4,0.3,0.5,0.2,0.4,0.6
