candidate_id,job_role,job_role_display,gender,age_group,edu_level,edu_level_name,years_experience,edu_relevance,P_mcq,P_desc,P_code,S_edu,S_exp,S_skill,S_cv,S_int,CSS,passed_hard_filter,relevance_label,w_edu,w_exp,w_skill,w_mcq,w_desc,w_code,W_CV,W_INT
ML00001,Machine_Learning_Engineer,Machine Learning Engineer,M,31-35,2,BSc,3.4,0.7968,0.5109,0.6587,0.5366,0.6787,1.0,0.441,0.6681,0.5729,0.611,0,1,0.25,0.3,0.45,0.25,0.35,0.4,0.4,0.6
ML00002,Machine_Learning_Engineer,Machine Learning Engineer,F,26-30,4,PhD,3.3,0.9939,0.8841,0.5596,0.6854,0.9976,1.0,0.5924,0.816,0.6911,0.7411,1,2,0.25,0.3,0.45,0.25,0.35,0.4,0.4,0.6
ML00003,Machine_Learning_Engineer,Machine Learning Engineer,F,22-25,3,MSc,2.4,0.8721,0.4724,0.4303,0.7387,0.8289,0.8,0.5962,0.7155,0.5642,0.6247,1,1,0.25,0.3,0.45,0.25,0.35,0.4,0.4,0.6
ML00004,Machine_Learning_Engineer,Machine Learning Engineer,F,26-30,2,BSc,4.4,0.3689,0.5508,0.7188,0.561,0.5075,1.0,0.6459,0.7175,0.6137,0.6552,0,2,0.25,0.3,0.45,0.25,0.35,0.4,0.4,0.6
ML00005,Machine_Learning_Engineer,Machine Learning Engineer,F,22-25,3,MSc,3.4,0.7467,0.5976,0.5942,0.5256,0.7787,1.0,0.6056,0.7672,0.5676,0.6474,1,2,0.25,0.3,0.45,0.25,0.35,0.4,0.4,0.6
ML00006,Machine_Learning_Engineer,Machine Learning Engineer,M,26-30,3,MSc,3.1,0.8854,0.5821,0.6543,0.795,0.8342,1.0,0.5622,0.7615,0.6925,0.7201,1,2,0.25,0.3,0.45,0.25,0.35,0.4,0.4,0.6
ML00007,Machine_Learning_Engineer,Machine Learning Engineer,M,22-25,3,MSc,3.8,0.768,0.6448,0.7338,0.604,0.7872,1.0,0.465,0.7061,0.6596,0.6782,1,1,0.25,0.3,0.45,0.25,0.35,0.4,0.4,0.6
ML00008,Machine_Learning_Engineer,Machine Learning Engineer,M,26-30,2,BSc,4.5,0.9197,0.5898,0.6609,0.6216,0.7279,1.0,0.4488,0.6839,0.6274,0.65,0,1,0.25,0.3,0.45,0.25,0.35,0.4,0.4,0.6
ML00009,Machine_Learning_Engineer,Machine Learning Engineer,M,26-30,3,MSc,2.2,0.9414,0.5696,0.7826,0.7852,0.8566,0.7333,0.6572,0.7299,0.7304,0.7302,1,2,0.25,0.3,0.45,0.25,0.35,0.4,0.4,0.6
ML00010,Machine_Learning_Engineer,Machine Learning Engineer,F,26-30,2,BSc,3.3,0.8269,0.8194,0.5237,0.7446,0.6908,1.0,0.7851,0.826,0.686,0.742,0,1,0.25,0.3,0.45,0.25,0.35,0.4,0.4,0.6
ML00011,Machine_Learning_Engineer,Machine Learning Engineer,F,31-35,3,MSc,1.5,0.7758,0.6053,0.6237,0.6046,0.7903,0.5,0.5748,0.6062,0.6114,0.6093,1,2,0.25,0.3,0.45,0.25,0.35,0.4,0.4,0.6
ML00012,Machine_Learning_Engineer,Machine Learning Engineer,F,31-35,3,MSc,1.8,0.7428,0.716,0.6073,0.7506,0.7771,0.6,0.7393,0.7069,0.6918,0.6978,1,2,0.25,0.3,0.45,0.25,0.35,0.4,0.4,0.6
ML00013,Machine_Learning_Engineer,Machine Learning Engineer,M,36-40,4,PhD,6.4,1.0,0.8209,0.7847,0.9372,1.0,1.0,0.8036,0.9116,0.8547,0.8775,1,3,0.25,0.3,0.45,0.25,0.35,0.4,0.4,0.6
ML00014,Machine_Learning_Engineer,Machine Learning Engineer,F,40+,2,BSc,3.5,0.9175,0.5582,0.7011,0.632,0.727,1.0,0.7899,0.8372,0.6378,0.7176,0,2,0.25,0.3,0.45,0.25,0.35,0.4,0.4,0.6
ML00015,Machine_Learning_Engineer,Machine Learning Engineer,F,22-25,3,MSc,3.3,0.8741,0.4574,0.8981,0.6903,0.8296,1.0,0.5391,0.75,0.7048,0.7229,1,1,0.25,0.3,0.45,0.25,0.35,0.4,0.4,0.6
ML00016,Machine_Learning_Engineer,Machine Learning Engineer,F,26-30,3,MSc,0.0,0.8403,0.8066,0.524,0.6439,0.8161,0.0,0.727,0.5312,0.6426,0.598,0,2,0.25,0.3,0.45,0.25,0.35,0.4,0.4,0.6
ML00017,Machine_Learning_Engineer,Machine Learning Engineer,M,26-30,2,BSc,1.9,0.8747,0.4615,0.6545,0.5952,0.7099,0.6333,0.6101,0.642,0.5825,0.6063,0,2,0.25,0.3,0.45,0.25,0.35,0.4,0.4,0.6
ML00018,Machine_Learning_Engineer,Machine Learning Engineer,M,26-30,4,PhD,0.5,0.9276,0.7021,0.5841,0.7514,0.971,0.1667,0.8223,0.6628,0.6805,0.6734,0,2,0.25,0.3,0.45,0.25,0.35,0.4,0.4,0.6
ML00019,Machine_Learning_Engineer,Machine Learning Engineer,M,22-25,3,MSc,5.0,0.9781,0.5383,0.6638,0.7486,0.8713,1.0,0.6764,0.8222,0.6664,0.7287,1,2,0.25,0.3,0.45,0.25,0.35,0.4,0.4,0.6
ML00020,Machine_Learning_Engineer,Machine Learning Engineer,M,22-25,3,MSc,3.6,0.5908,0.6883,0.6326,0.7098,0.7163,1.0,0.7283,0.8068,0.6774,0.7292,1,2,0.25,0.3,0.45,0.25,0.35,0.4,0.4,0.6
ML00021,Machine_Learning_Engineer,Machine Learning Engineer,F,26-30,2,BSc,3.0,0.6281,0.6935,0.5997,0.7761,0.6113,1.0,0.6171,0.7305,0.6937,0.7084,0,1,0.25,0.3,0.45,0.25,0.35,0.4,0.4,0.6
ML00022,Machine_Learning_Engineer,Machine Learning Engineer,M,40+,1,Diploma,3.2,0.7907,0.5655,0.8544,0.7412,0.5563,1.0,0.522,0.674,0.7369,0.7117,0,1,0.25,0.3,0.45,0.25,0.35,0.4,0.4,0.6
ML00023,Machine_Learning_Engineer,Machine Learning Engineer,F,22-25,4,PhD,5.5,0.8661,0.7611,0.6541,0.7203,0.9464,1.0,0.4395,0.7344,0.7073,0.7181,1,1,0.25,0.3,0.45,0.25,0.35,0.4,0.4,0.6
ML00024,Machine_Learning_Engineer,Machine Learning Engineer,F,40+,3,MSc,3.3,0.7813,0.5918,0.5139,0.4756,0.7925,1.0,0.5696,0.7544,0.518,0.6126,1,1,0.25,0.3,0.45,0.25,0.35,0.4,0.4,0.6
ML00025,Machine_Learning_Engineer,Machine Learning Engineer,M,22-25,2,BSc,4.4,1.0,0.6484,0.7106,0.9284,0.76,1.0,0.8722,0.8825,0.7822,0.8223,0,2,0.25,0.3,0.45,0.25,0.35,0.4,0.4,0.6
ML00026,Machine_Learning_Engineer,Machine Learning Engineer,F,40+,4,PhD,7.3,0.6749,0.628,0.7857,0.8755,0.8699,1.0,0.7846,0.8706,0.7822,0.8176,1,2,0.25,0.3,0.45,0.25,0.35,0.4,0.4,0.6
ML00027,Machine_Learning_Engineer,Machine Learning Engineer,F,26-30,4,PhD,2.4,0.823,0.7214,0.6889,0.5281,0.9292,0.8,0.4669,0.6824,0.6327,0.6526,1,1,0.25,0.3,0.45,0.25,0.35,0.4,0.4,0.6
ML00028,Machine_Learning_Engineer,Machine Learning Engineer,M,22-25,4,PhD,5.9,0.5764,0.9852,0.8049,0.8971,0.8306,1.0,0.864,0.8964,0.8869,0.8907,1,3,0.25,0.3,0.45,0.25,0.35,0.4,0.4,0.6
ML00029,Machine_Learning_Engineer,Machine Learning Engineer,M,36-40,2,BSc,4.8,0.7586,0.7492,0.8428,0.8032,0.6634,1.0,0.7721,0.8133,0.8036,0.8075,0,3,0.25,0.3,0.45,0.25,0.35,0.4,0.4,0.6
ML00030,Machine_Learning_Engineer,Machine Learning Engineer,F,22-25,2,BSc,7.3,0.729,0.6777,0.6639,0.9919,0.6516,1.0,0.708,0.7815,0.7985,0.7917,0,2,0.25,0.3,0.45,0.25,0.35,0.4,0.4,0.6
ML00031,Machine_Learning_Engineer,Machine Learning Engineer,M,26-30,2,BSc,3.2,0.6931,0.5826,0.4775,0.517,0.6373,1.0,0.4306,0.6531,0.5196,0.573,0,1,0.25,0.3,0.45,0.25,0.35,0.4,0.4,0.6
ML00032,Machine_Learning_Engineer,Machine Learning Engineer,F,31-35,3,MSc,5.1,0.7498,0.5514,0.6927,0.6246,0.7799,1.0,0.6929,0.8068,0.6301,0.7008,1,2,0.25,0.3,0.45,0.25,0.35,0.4,0.4,0.6
ML00033,Machine_Learning_Engineer,Machine Learning Engineer,F,26-30,3,MSc,4.6,0.7874,0.6041,0.5966,0.7556,0.7949,1.0,0.7375,0.8306,0.6621,0.7295,1,2,0.25,0.3,0.45,0.25,0.35,0.4,0.4,0.6
ML00034,Machine_Learning_Engineer,Machine Learning Engineer,M,22-25,3,MSc,1.6,0.8704,0.6951,0.4072,0.8203,0.8282,0.5333,0.4841,0.5849,0.6444,0.6206,1,1,0.25,0.3,0.45,0.25,0.35,0.4,0.4,0.6
ML00035,Machine_Learning_Engineer,Machine Learning Engineer,F,40+,4,PhD,1.9,0.6038,0.7219,0.8087,0.7643,0.8415,0.6333,0.6583,0.6966,0.7692,0.7402,1,2,0.25,0.3,0.45,0.25,0.35,0.4,0.4,0.6
ML00036,Machine_Learning_Engineer,Machine Learning Engineer,F,22-25,2,BSc,3.2,0.7295,0.8322,0.6089,0.7578,0.6518,1.0,0.8839,0.8607,0.7243,0.7789,0,2,0.25,0.3,0.45,0.25,0.35,0.4,0.4,0.6
ML00037,Machine_Learning_Engineer,Machine Learning Engineer,M,22-25,3,MSc,4.0,0.5949,0.8949,0.4436,0.5596,0.7179,1.0,0.6922,0.791,0.6028,0.6781,1,0,0.25,0.3,0.45,0.25,0.35,0.4,0.4,0.6
ML00038,Machine_Learning_Engineer,Machine Learning Engineer,F,22-25,3,MSc,2.6,0.9898,0.487,0.6171,0.6382,0.8759,0.8667,0.5934,0.746,0.593,0.6542,1,1,0.25,0.3,0.45,0.25,0.35,0.4,0.4,0.6
ML00039,Machine_Learning_Engineer,Machine Learning Engineer,M,36-40,2,BSc,2.2,0.722,0.9067,0.4101,0.7057,0.6488,0.7333,0.7856,0.7357,0.6525,0.6858,0,1,0.25,0.3,0.45,0.25,0.35,0.4,0.4,0.6
ML00040,Machine_Learning_Engineer,Machine Learning Engineer,M,22-25,3,MSc,6.0,0.8104,0.7359,0.8848,0.8416,0.8042,1.0,0.7966,0.8595,0.8303,0.842,1,3,0.25,0.3,0.45,0.25,0.35,0.4,0.4,0.6
ML00041,Machine_Learning_Engineer,Machine Learning Engineer,M,36-40,3,MSc,2.6,0.7158,0.5757,0.6834,0.645,0.7663,0.8667,0.3947,0.6292,0.6411,0.6363,0,1,0.25,0.3,0.45,0.25,0.35,0.4,0.4,0.6
ML00042,Machine_Learning_Engineer,Machine Learning Engineer,M,26-30,4,PhD,4.0,0.8351,0.6375,0.8262,0.5768,0.934,1.0,0.508,0.7621,0.6793,0.7124,1,1,0.25,0.3,0.45,0.25,0.35,0.4,0.4,0.6
ML00043,Machine_Learning_Engineer,Machine Learning Engineer,M,22-25,2,BSc,6.0,0.7141,0.8018,0.6135,0.9387,0.6456,1.0,0.7846,0.8145,0.7906,0.8002,0,3,0.25,0.3,0.45,0.25,0.35,0.4,0.4,0.6
ML00044,Machine_Learning_Engineer,Machine Learning Engineer,M,26-30,3,MSc,2.6,1.0,0.5392,0.5088,0.5002,0.88,0.8667,0.474,0.6933,0.513,0.5851,1,1,0.25,0.3,0.45,0.25,0.35,0.4,0.4,0.6
ML00045,Machine_Learning_Engineer,Machine Learning Engineer,M,26-30,2,BSc,4.7,0.6455,0.5816,0.7962,0.957,0.6182,1.0,0.7737,0.8027,0.8069,0.8052,0,3,0.25,0.3,0.45,0.25,0.35,0.4,0.4,0.6
ML00046,Machine_Learning_Engineer,Machine Learning Engineer,F,22-25,3,MSc,2.5,0.6466,0.5789,0.5239,0.8197,0.7386,0.8333,0.6676,0.735,0.656,0.6876,1,2,0.25,0.3,0.45,0.25,0.35,0.4,0.4,0.6
ML00047,Machine_Learning_Engineer,Machine Learning Engineer,M,31-35,3,MSc,4.3,0.855,0.6388,0.7272,0.5156,0.822,1.0,0.6805,0.8117,0.6205,0.697,1,1,0.25,0.3,0.45,0.25,0.35,0.4,0.4,0.6
ML00048,Machine_Learning_Engineer,Machine Learning Engineer,F,36-40,3,MSc,1.5,0.6717,0.6494,0.4385,0.4994,0.7487,0.5,0.483,0.5545,0.5156,0.5312,1,1,0.25,0.3,0.45,0.25,0.35,0.4,0.4,0.6
ML00049,Machine_Learning_Engineer,Machine Learning Engineer,F,31-35,3,MSc,3.6,0.6535,0.5496,0.714,0.8388,0.7414,1.0,0.6684,0.7861,0.7228,0.7481,1,3,0.25,0.3,0.45,0.25,0.35,0.4,0.4,0.6
ML00050,Machine_Learning_Engineer,Machine Learning Engineer,F,26-30,4,PhD,3.5,0.9169,0.5216,0.715,0.5443,0.9668,1.0,0.633,0.8265,0.5984,0.6896,1,2,0.25,0.3,0.45,0.25,0.35,0.4,0.4,0.6
ML00051,Machine_Learning_Engineer,Machine Learning Engineer,M,22-25,2,BSc,5.5,0.7426,0.7993,0.8661,0.5486,0.657,1.0,0.8677,0.8547,0.7224,0.7753,0,1,0.25,0.3,0.45,0.25,0.35,0.4,0.4,0.6
ML00052,Machine_Learning_Engineer,Machine Learning Engineer,M,31-35,2,BSc,0.0,0.7413,0.633,0.4907,0.4479,0.6565,0.0,0.5654,0.4186,0.5092,0.473,0,1,0.25,0.3,0.45,0.25,0.35,0.4,0.4,0.6
ML00053,Machine_Learning_Engineer,Machine Learning Engineer,M,36-40,3,MSc,4.8,0.8405,0.5062,0.7905,0.6297,0.8162,1.0,0.5626,0.7572,0.6551,0.6959,1,2,0.25,0.3,0.45,0.25,0.35,0.4,0.4,0.6
ML00054,Machine_Learning_Engineer,Machine Learning Engineer,M,26-30,3,MSc,0.0,1.0,0.6364,0.5222,0.1648,0.88,0.0,0.4067,0.403,0.4078,0.4059,0,2,0.25,0.3,0.45,0.25,0.35,0.4,0.4,0.6
ML00055,Machine_Learning_Engineer,Machine Learning Engineer,F,22-25,4,PhD,1.4,0.6884,0.5298,0.3817,0.4522,0.8754,0.4667,0.454,0.5632,0.4469,0.4934,0,1,0.25,0.3,0.45,0.25,0.35,0.4,0.4,0.6
ML00056,Machine_Learning_Engineer,Machine Learning Engineer,F,22-25,4,PhD,3.3,1.0,0.7682,0.6533,0.664,1.0,1.0,0.6234,0.8305,0.6863,0.744,1,2,0.25,0.3,0.45,0.25,0.35,0.4,0.4,0.6
ML00057,Machine_Learning_Engineer,Machine Learning Engineer,M,26-30,4,PhD,3.7,0.8506,0.7307,0.7279,0.6099,0.9402,1.0,0.6597,0.8319,0.6814,0.7416,1,2,0.25,0.3,0.45,0.25,0.35,0.4,0.4,0.6
ML00058,Machine_Learning_Engineer,Machine Learning Engineer,M,26-30,3,MSc,1.1,0.8377,0.678,0.5319,0.5104,0.8151,0.3667,0.4624,0.5219,0.5598,0.5446,0,2,0.25,0.3,0.45,0.25,0.35,0.4,0.4,0.6
ML00059,Machine_Learning_Engineer,Machine Learning Engineer,M,36-40,2,BSc,3.9,0.5696,0.632,0.4943,0.8369,0.5878,1.0,0.542,0.6908,0.6657,0.6757,0,0,0.25,0.3,0.45,0.25,0.35,0.4,0.4,0.6
ML00060,Machine_Learning_Engineer,Machine Learning Engineer,M,22-25,3,MSc,5.2,0.825,0.6768,0.6867,0.701,0.81,1.0,0.7258,0.8291,0.69,0.7456,1,3,0.25,0.3,0.45,0.25,0.35,0.4,0.4,0.6
ML00061,Machine_Learning_Engineer,Machine Learning Engineer,M,22-25,4,PhD,1.9,0.7992,0.6879,0.7348,0.7327,0.9197,0.6333,0.7154,0.7418,0.7222,0.73,1,2,0.25,0.3,0.45,0.25,0.35,0.4,0.4,0.6
ML00062,Machine_Learning_Engineer,Machine Learning Engineer,F,26-30,3,MSc,1.8,0.614,0.5002,0.6729,0.6285,0.7256,0.6,0.6319,0.6458,0.612,0.6255,1,2,0.25,0.3,0.45,0.25,0.35,0.4,0.4,0.6
ML00063,Machine_Learning_Engineer,Machine Learning Engineer,M,31-35,4,PhD,0.0,0.6615,0.735,0.4872,0.7139,0.8646,0.0,0.6499,0.5086,0.6398,0.5873,0,1,0.25,0.3,0.45,0.25,0.35,0.4,0.4,0.6
ML00064,Machine_Learning_Engineer,Machine Learning Engineer,F,26-30,3,MSc,2.7,0.8427,0.8361,0.7957,0.6421,0.8171,0.9,0.6829,0.7816,0.7444,0.7593,1,2,0.25,0.3,0.45,0.25,0.35,0.4,0.4,0.6
ML00065,Machine_Learning_Engineer,Machine Learning Engineer,M,22-25,4,PhD,2.5,0.6547,0.8675,0.7766,1.0,0.8619,0.8333,0.7514,0.8036,0.8887,0.8547,1,2,0.25,0.3,0.45,0.25,0.35,0.4,0.4,0.6
ML00066,Machine_Learning_Engineer,Machine Learning Engineer,F,22-25,3,MSc,4.1,0.6239,0.5452,0.594,0.6681,0.7295,1.0,0.5608,0.7347,0.6114,0.6607,1,2,0.25,0.3,0.45,0.25,0.35,0.4,0.4,0.6
ML00067,Machine_Learning_Engineer,Machine Learning Engineer,M,31-35,3,MSc,4.3,0.8877,0.6804,0.6876,0.7447,0.8351,1.0,0.6751,0.8126,0.7086,0.7502,1,2,0.25,0.3,0.45,0.25,0.35,0.4,0.4,0.6
ML00068,Machine_Learning_Engineer,Machine Learning Engineer,F,22-25,3,MSc,3.1,0.8129,0.5063,0.5327,0.8475,0.8052,1.0,0.5895,0.7666,0.652,0.6978,1,2,0.25,0.3,0.45,0.25,0.35,0.4,0.4,0.6
ML00069,Machine_Learning_Engineer,Machine Learning Engineer,F,22-25,3,MSc,1.6,0.8836,0.6883,0.5832,0.6896,0.8334,0.5333,0.4868,0.5874,0.652,0.6262,1,1,0.25,0.3,0.45,0.25,0.35,0.4,0.4,0.6
ML00070,Machine_Learning_Engineer,Machine Learning Engineer,F,26-30,3,MSc,4.9,0.7789,0.8198,0.7349,0.6799,0.7916,1.0,0.7742,0.8463,0.7341,0.779,1,2,0.25,0.3,0.45,0.25,0.35,0.4,0.4,0.6
ML00071,Machine_Learning_Engineer,Machine Learning Engineer,M,36-40,2,BSc,2.3,0.5304,0.5916,0.6195,0.7541,0.5721,0.7667,0.5206,0.6073,0.6663,0.6427,0,1,0.25,0.3,0.45,0.25,0.35,0.4,0.4,0.6
ML00072,Machine_Learning_Engineer,Machine Learning Engineer,F,36-40,2,BSc,1.8,0.7633,0.7156,0.4059,0.4968,0.6653,0.6,0.5524,0.5949,0.5197,0.5498,0,2,0.25,0.3,0.45,0.25,0.35,0.4,0.4,0.6
ML00073,Machine_Learning_Engineer,Machine Learning Engineer,M,22-25,3,MSc,4.5,0.8413,0.4944,0.6486,0.7449,0.8165,1.0,0.6279,0.7867,0.6486,0.7038,1,2,0.25,0.3,0.45,0.25,0.35,0.4,0.4,0.6
ML00074,Machine_Learning_Engineer,Machine Learning Engineer,F,26-30,3,MSc,4.5,0.4882,0.7364,0.6178,0.8577,0.6753,1.0,0.597,0.7375,0.7434,0.741,1,2,0.25,0.3,0.45,0.25,0.35,0.4,0.4,0.6
ML00075,Machine_Learning_Engineer,Machine Learning Engineer,M,31-35,2,BSc,2.0,0.7535,0.5205,0.3924,0.8272,0.6614,0.6667,0.7193,0.6891,0.5983,0.6346,0,1,0.25,0.3,0.45,0.25,0.35,0.4,0.4,0.6
ML00076,Machine_Learning_Engineer,Machine Learning Engineer,M,22-25,3,MSc,3.6,0.8849,0.7637,0.6889,0.4879,0.8339,1.0,0.8253,0.8799,0.6272,0.7283,1,1,0.25,0.3,0.45,0.25,0.35,0.4,0.4,0.6
ML00077,Machine_Learning_Engineer,Machine Learning Engineer,F,31-35,2,BSc,2.9,0.6969,0.7232,0.5142,0.5175,0.6387,0.9667,0.504,0.6765,0.5678,0.6113,0,1,0.25,0.3,0.45,0.25,0.35,0.4,0.4,0.6
ML00078,Machine_Learning_Engineer,Machine Learning Engineer,M,36-40,4,PhD,0.0,0.6548,0.6801,0.4559,0.4749,0.8619,0.0,0.4216,0.4052,0.5196,0.4738,0,1,0.25,0.3,0.45,0.25,0.35,0.4,0.4,0.6
ML00079,Machine_Learning_Engineer,Machine Learning Engineer,M,26-30,1,Diploma,2.8,0.5765,0.6495,0.7673,0.3124,0.4706,0.9333,0.4289,0.5906,0.5559,0.5698,0,1,0.25,0.3,0.45,0.25,0.35,0.4,0.4,0.6
ML00080,Machine_Learning_Engineer,Machine Learning Engineer,F,26-30,2,BSc,6.9,0.7398,0.5741,0.5111,0.7338,0.6559,1.0,0.6542,0.7584,0.6159,0.6729,0,2,0.25,0.3,0.45,0.25,0.35,0.4,0.4,0.6
ML00081,Machine_Learning_Engineer,Machine Learning Engineer,F,31-35,3,MSc,3.3,0.416,0.8583,0.7505,0.8093,0.6464,1.0,0.7906,0.8174,0.801,0.8076,1,2,0.25,0.3,0.45,0.25,0.35,0.4,0.4,0.6
ML00082,Machine_Learning_Engineer,Machine Learning Engineer,M,31-35,3,MSc,0.0,1.0,0.8975,0.7359,0.8194,0.88,0.0,0.6694,0.5212,0.8097,0.6943,0,1,0.25,0.3,0.45,0.25,0.35,0.4,0.4,0.6
ML00083,Machine_Learning_Engineer,Machine Learning Engineer,F,31-35,3,MSc,2.4,1.0,0.8931,0.6888,0.7639,0.88,0.8,0.8693,0.8512,0.7699,0.8024,1,3,0.25,0.3,0.45,0.25,0.35,0.4,0.4,0.6
ML00084,Machine_Learning_Engineer,Machine Learning Engineer,M,22-25,2,BSc,2.0,0.8631,0.7939,0.7868,0.6701,0.7052,0.6667,0.7676,0.7217,0.7419,0.7338,0,2,0.25,0.3,0.45,0.25,0.35,0.4,0.4,0.6
ML00085,Machine_Learning_Engineer,Machine Learning Engineer,M,26-30,4,PhD,3.2,0.8334,0.7431,0.5776,0.7466,0.9333,1.0,0.4279,0.7259,0.6866,0.7023,1,1,0.25,0.3,0.45,0.25,0.35,0.4,0.4,0.6
ML00086,Machine_Learning_Engineer,Machine Learning Engineer,M,40+,4,PhD,3.6,0.9812,0.7554,0.6877,0.6931,0.9925,1.0,0.6139,0.8244,0.7068,0.7538,1,2,0.25,0.3,0.45,0.25,0.35,0.4,0.4,0.6
ML00087,Machine_Learning_Engineer,Machine Learning Engineer,M,31-35,3,MSc,4.4,0.6287,0.5854,0.7716,0.7874,0.7315,1.0,0.5451,0.7282,0.7314,0.7301,1,1,0.25,0.3,0.45,0.25,0.35,0.4,0.4,0.6
ML00088,Machine_Learning_Engineer,Machine Learning Engineer,M,26-30,2,BSc,0.4,0.8021,0.5678,0.4798,0.5674,0.6808,0.1333,0.4122,0.3957,0.5368,0.4804,0,1,0.25,0.3,0.45,0.25,0.35,0.4,0.4,0.6
ML00089,Machine_Learning_Engineer,Machine Learning Engineer,M,22-25,3,MSc,2.2,0.925,0.5938,0.5231,0.7382,0.85,0.7333,0.6093,0.7067,0.6268,0.6588,1,1,0.25,0.3,0.45,0.25,0.35,0.4,0.4,0.6
ML00090,Machine_Learning_Engineer,Machine Learning Engineer,M,40+,4,PhD,2.4,0.7268,0.5589,0.4957,0.7023,0.8907,0.8,0.5044,0.6897,0.5942,0.6324,1,1,0.25,0.3,0.45,0.25,0.35,0.4,0.4,0.6
ML00091,Machine_Learning_Engineer,Machine Learning Engineer,F,36-40,2,BSc,2.7,0.8387,0.5956,0.5494,0.6841,0.6955,0.9,0.62,0.7229,0.6148,0.658,0,2,0.25,0.3,0.45,0.25,0.35,0.4,0.4,0.6
ML00092,Machine_Learning_Engineer,Machine Learning Engineer,M,40+,3,MSc,1.8,0.877,0.633,0.5068,0.5278,0.8308,0.6,0.5854,0.6511,0.5467,0.5885,1,2,0.25,0.3,0.45,0.25,0.35,0.4,0.4,0.6
ML00093,Machine_Learning_Engineer,Machine Learning Engineer,M,26-30,3,MSc,2.6,0.8447,0.6701,0.5409,0.643,0.8179,0.8667,0.5881,0.7291,0.6141,0.6601,1,2,0.25,0.3,0.45,0.25,0.35,0.4,0.4,0.6
ML00094,Machine_Learning_Engineer,Machine Learning Engineer,F,31-35,3,MSc,3.9,0.6687,0.7255,0.8023,0.7057,0.7475,1.0,0.5666,0.7419,0.7445,0.7435,1,2,0.25,0.3,0.45,0.25,0.35,0.4,0.4,0.6
ML00095,Machine_Learning_Engineer,Machine Learning Engineer,F,31-35,4,PhD,3.2,0.9009,0.8055,0.5911,0.6349,0.9604,1.0,0.8416,0.9188,0.6622,0.7648,1,2,0.25,0.3,0.45,0.25,0.35,0.4,0.4,0.6
ML00096,Machine_Learning_Engineer,Machine Learning Engineer,M,31-35,2,BSc,5.2,0.9014,0.55,0.8265,0.7643,0.7206,1.0,0.5415,0.7238,0.7325,0.729,0,1,0.25,0.3,0.45,0.25,0.35,0.4,0.4,0.6
ML00097,Machine_Learning_Engineer,Machine Learning Engineer,F,36-40,4,PhD,5.2,0.8333,0.7729,0.7322,0.6835,0.9333,1.0,0.8852,0.9317,0.7229,0.8064,1,2,0.25,0.3,0.45,0.25,0.35,0.4,0.4,0.6
ML00098,Machine_Learning_Engineer,Machine Learning Engineer,M,26-30,2,BSc,1.6,0.6753,0.6434,0.5348,0.3286,0.6301,0.5333,0.3883,0.4922,0.4795,0.4846,0,1,0.25,0.3,0.45,0.25,0.35,0.4,0.4,0.6
ML00099,Machine_Learning_Engineer,Machine Learning Engineer,F,22-25,2,BSc,6.6,0.5241,0.5086,0.4485,0.6551,0.5697,1.0,0.6628,0.7407,0.5462,0.624,0,1,0.25,0.3,0.45,0.25,0.35,0.4,0.4,0.6
ML00100,Machine_Learning_Engineer,Machine Learning Engineer,M,31-35,4,PhD,6.8,0.6194,0.7788,0.823,0.7254,0.8477,1.0,0.9491,0.939,0.7729,0.8393,1,3,0.25,0.3,0.45,0.25,0.35,0.4,0.4,0.6
ML00101,Machine_Learning_Engineer,Machine Learning Engineer,M,22-25,3,MSc,4.3,0.6765,0.513,0.7695,0.78,0.7506,1.0,0.8679,0.8782,0.7096,0.777,1,3,0.25,0.3,0.45,0.25,0.35,0.4,0.4,0.6
ML00102,Machine_Learning_Engineer,Machine Learning Engineer,M,26-30,4,PhD,0.0,0.9024,0.558,0.6158,0.5172,0.961,0.0,0.476,0.4544,0.5619,0.5189,0,1,0.25,0.3,0.45,0.25,0.35,0.4,0.4,0.6
ML00103,Machine_Learning_Engineer,Machine Learning Engineer,F,31-35,3,MSc,4.9,0.5823,0.73,0.8722,0.6034,0.7129,1.0,0.85,0.8607,0.7291,0.7817,1,2,0.25,0.3,0.45,0.25,0.35,0.4,0.4,0.6
ML00104,Machine_Learning_Engineer,Machine Learning Engineer,F,26-30,2,BSc,0.0,0.7814,0.6593,0.2056,0.4111,0.6726,0.0,0.58,0.4291,0.4012,0.4124,0,1,0.25,0.3,0.45,0.25,0.35,0.4,0.4,0.6
ML00105,Machine_Learning_Engineer,Machine Learning Engineer,F,22-25,2,BSc,4.0,0.8323,0.7724,0.6401,0.8255,0.6929,1.0,0.7492,0.8104,0.7473,0.7725,0,3,0.25,0.3,0.45,0.25,0.35,0.4,0.4,0.6
ML00106,Machine_Learning_Engineer,Machine Learning Engineer,F,26-30,3,MSc,1.6,0.8148,0.6461,0.7617,0.7085,0.8059,0.5333,0.6963,0.6748,0.7115,0.6968,1,1,0.25,0.3,0.45,0.25,0.35,0.4,0.4,0.6
ML00107,Machine_Learning_Engineer,Machine Learning Engineer,M,26-30,4,PhD,4.6,0.7491,0.6319,0.6999,0.8773,0.8996,1.0,0.7306,0.8537,0.7538,0.7938,1,3,0.25,0.3,0.45,0.25,0.35,0.4,0.4,0.6
ML00108,Machine_Learning_Engineer,Machine Learning Engineer,F,31-35,3,MSc,3.3,0.889,0.6243,0.476,0.6876,0.8356,1.0,0.5686,0.7648,0.5977,0.6645,1,1,0.25,0.3,0.45,0.25,0.35,0.4,0.4,0.6
ML00109,Machine_Learning_Engineer,Machine Learning Engineer,M,22-25,4,PhD,0.0,0.968,0.7258,0.6392,0.4795,0.9872,0.0,0.6161,0.524,0.597,0.5678,0,2,0.25,0.3,0.45,0.25,0.35,0.4,0.4,0.6
ML00110,Machine_Learning_Engineer,Machine Learning Engineer,F,26-30,4,PhD,2.6,0.7068,0.7087,0.6668,0.6614,0.8827,0.8667,0.6553,0.7756,0.6751,0.7153,1,2,0.25,0.3,0.45,0.25,0.35,0.4,0.4,0.6
ML00111,Machine_Learning_Engineer,Machine Learning Engineer,M,26-30,3,MSc,2.6,0.8116,0.6314,0.5341,0.6122,0.8046,0.8667,0.8296,0.8345,0.5896,0.6876,1,2,0.25,0.3,0.45,0.25,0.35,0.4,0.4,0.6
ML00112,Machine_Learning_Engineer,Machine Learning Engineer,M,36-40,2,BSc,5.0,0.8791,0.8277,0.7213,0.5272,0.7117,1.0,0.6529,0.7717,0.6703,0.7109,0,2,0.25,0.3,0.45,0.25,0.35,0.4,0.4,0.6
ML00113,Machine_Learning_Engineer,Machine Learning Engineer,F,36-40,3,MSc,4.3,0.6026,0.6677,0.6157,0.7882,0.721,1.0,0.6322,0.7647,0.6977,0.7245,1,2,0.25,0.3,0.45,0.25,0.35,0.4,0.4,0.6
ML00114,Machine_Learning_Engineer,Machine Learning Engineer,M,40+,3,MSc,3.8,0.676,0.5595,0.6235,0.8138,0.7504,1.0,0.5893,0.7528,0.6836,0.7113,1,2,0.25,0.3,0.45,0.25,0.35,0.4,0.4,0.6
ML00115,Machine_Learning_Engineer,Machine Learning Engineer,F,26-30,3,MSc,3.1,0.7944,0.6275,0.8329,0.6744,0.7978,1.0,0.6664,0.7993,0.7182,0.7506,1,3,0.25,0.3,0.45,0.25,0.35,0.4,0.4,0.6
ML00116,Machine_Learning_Engineer,Machine Learning Engineer,F,26-30,3,MSc,4.3,0.7801,0.6493,0.6086,0.6518,0.792,1.0,0.7592,0.8396,0.636,0.7174,1,2,0.25,0.3,0.45,0.25,0.35,0.4,0.4,0.6
ML00117,Machine_Learning_Engineer,Machine Learning Engineer,F,22-25,4,PhD,4.1,0.7625,0.5652,0.7069,0.5099,0.905,1.0,0.5873,0.7905,0.5927,0.6718,1,1,0.25,0.3,0.45,0.25,0.35,0.4,0.4,0.6
ML00118,Machine_Learning_Engineer,Machine Learning Engineer,M,31-35,1,Diploma,6.0,0.6742,0.6692,0.8761,0.7557,0.5097,1.0,0.5862,0.6912,0.7762,0.7422,0,2,0.25,0.3,0.45,0.25,0.35,0.4,0.4,0.6
ML00119,Machine_Learning_Engineer,Machine Learning Engineer,M,26-30,3,MSc,4.3,0.6355,0.65,0.8486,0.5497,0.7342,1.0,0.589,0.7486,0.6794,0.7071,1,2,0.25,0.3,0.45,0.25,0.35,0.4,0.4,0.6
ML00120,Machine_Learning_Engineer,Machine Learning Engineer,F,22-25,4,PhD,6.1,0.8054,0.7433,0.396,0.9986,0.9221,1.0,0.7585,0.8719,0.7239,0.7831,1,2,0.25,0.3,0.45,0.25,0.35,0.4,0.4,0.6
ML00121,Machine_Learning_Engineer,Machine Learning Engineer,F,36-40,4,PhD,5.6,0.7241,0.6003,0.6753,0.6382,0.8896,1.0,0.7493,0.8596,0.6417,0.7289,1,2,0.25,0.3,0.45,0.25,0.35,0.4,0.4,0.6
ML00122,Machine_Learning_Engineer,Machine Learning Engineer,F,22-25,3,MSc,1.6,0.8131,0.5147,0.6911,0.5854,0.8053,0.5333,0.6874,0.6707,0.6047,0.6311,1,2,0.25,0.3,0.45,0.25,0.35,0.4,0.4,0.6
ML00123,Machine_Learning_Engineer,Machine Learning Engineer,F,22-25,2,BSc,6.8,0.7085,0.7006,0.5988,0.5414,0.6434,1.0,0.7444,0.7958,0.6013,0.6791,0,2,0.25,0.3,0.45,0.25,0.35,0.4,0.4,0.6
ML00124,Machine_Learning_Engineer,Machine Learning Engineer,F,31-35,3,MSc,4.3,0.7876,0.7491,0.8309,0.8501,0.7951,1.0,0.7389,0.8313,0.8182,0.8234,1,3,0.25,0.3,0.45,0.25,0.35,0.4,0.4,0.6
ML00125,Machine_Learning_Engineer,Machine Learning Engineer,M,26-30,3,MSc,4.6,0.5327,0.6646,0.567,0.7968,0.6931,1.0,0.7529,0.8121,0.6833,0.7348,1,2,0.25,0.3,0.45,0.25,0.35,0.4,0.4,0.6
ML00126,Machine_Learning_Engineer,Machine Learning Engineer,M,26-30,3,MSc,2.4,0.7544,0.7877,0.43,0.7833,0.7818,0.8,0.4821,0.6524,0.6607,0.6574,1,1,0.25,0.3,0.45,0.25,0.35,0.4,0.4,0.6
ML00127,Machine_Learning_Engineer,Machine Learning Engineer,F,31-35,3,MSc,4.1,0.6693,0.4428,0.847,0.6051,0.7477,1.0,0.4732,0.6999,0.6492,0.6695,1,1,0.25,0.3,0.45,0.25,0.35,0.4,0.4,0.6
ML00128,Machine_Learning_Engineer,Machine Learning Engineer,M,26-30,2,BSc,4.8,1.0,0.6127,0.4969,1.0,0.76,1.0,0.793,0.8469,0.7271,0.775,0,0,0.25,0.3,0.45,0.25,0.35,0.4,0.4,0.6
ML00129,Machine_Learning_Engineer,Machine Learning Engineer,M,31-35,3,MSc,2.0,0.7194,0.5936,0.6016,0.7873,0.7678,0.6667,0.6634,0.6905,0.6739,0.6805,1,2,0.25,0.3,0.45,0.25,0.35,0.4,0.4,0.6
ML00130,Machine_Learning_Engineer,Machine Learning Engineer,M,31-35,4,PhD,4.0,0.9407,0.7318,0.266,0.6485,0.9763,1.0,0.6466,0.835,0.5354,0.6552,1,1,0.25,0.3,0.45,0.25,0.35,0.4,0.4,0.6
ML00131,Machine_Learning_Engineer,Machine Learning Engineer,M,36-40,2,BSc,5.9,0.6587,0.7322,0.6138,0.7385,0.6235,1.0,0.6119,0.7312,0.6933,0.7085,0,2,0.25,0.3,0.45,0.25,0.35,0.4,0.4,0.6
ML00132,Machine_Learning_Engineer,Machine Learning Engineer,M,22-25,3,MSc,2.8,0.899,0.7939,0.6332,0.5856,0.8396,0.9333,0.4005,0.6701,0.6543,0.6606,0,1,0.25,0.3,0.45,0.25,0.35,0.4,0.4,0.6
ML00133,Machine_Learning_Engineer,Machine Learning Engineer,M,31-35,3,MSc,3.5,0.679,0.8098,0.5389,1.0,0.7516,1.0,0.7379,0.82,0.7911,0.8027,1,1,0.25,0.3,0.45,0.25,0.35,0.4,0.4,0.6
ML00134,Machine_Learning_Engineer,Machine Learning Engineer,F,31-35,3,MSc,4.5,0.9357,0.7222,0.8013,0.7063,0.8543,1.0,0.7965,0.872,0.7436,0.795,1,3,0.25,0.3,0.45,0.25,0.35,0.4,0.4,0.6
ML00135,Machine_Learning_Engineer,Machine Learning Engineer,M,22-25,2,BSc,2.6,0.6587,0.7066,0.6835,0.7472,0.6235,0.8667,0.8182,0.7841,0.7148,0.7425,0,3,0.25,0.3,0.45,0.25,0.35,0.4,0.4,0.6
ML00136,Machine_Learning_Engineer,Machine Learning Engineer,M,26-30,3,MSc,3.0,0.7813,0.6382,0.6783,0.6633,0.7925,1.0,0.6704,0.7998,0.6623,0.7173,1,2,0.25,0.3,0.45,0.25,0.35,0.4,0.4,0.6
ML00137,Machine_Learning_Engineer,Machine Learning Engineer,F,40+,4,PhD,3.7,0.5623,0.6928,0.8744,0.6786,0.8249,1.0,0.7396,0.839,0.7506,0.786,1,2,0.25,0.3,0.45,0.25,0.35,0.4,0.4,0.6
ML00138,Machine_Learning_Engineer,Machine Learning Engineer,M,22-25,3,MSc,6.1,0.7689,0.7029,0.8878,0.7347,0.7876,1.0,0.7217,0.8217,0.7803,0.7969,1,3,0.25,0.3,0.45,0.25,0.35,0.4,0.4,0.6
ML00139,Machine_Learning_Engineer,Machine Learning Engineer,M,36-40,3,MSc,3.5,0.5087,0.6163,0.4818,0.5698,0.6835,1.0,0.4974,0.6947,0.5506,0.6082,1,1,0.25,0.3,0.45,0.25,0.35,0.4,0.4,0.6
ML00140,Machine_Learning_Engineer,Machine Learning Engineer,M,22-25,3,MSc,4.1,0.9713,0.7838,0.8167,0.8737,0.8685,1.0,0.6897,0.8275,0.8313,0.8298,1,2,0.25,0.3,0.45,0.25,0.35,0.4,0.4,0.6
ML00141,Machine_Learning_Engineer,Machine Learning Engineer,M,31-35,2,BSc,4.3,0.8184,0.6122,0.7837,0.7926,0.6873,1.0,0.7195,0.7956,0.7444,0.7649,0,2,0.25,0.3,0.45,0.25,0.35,0.4,0.4,0.6
ML00142,Machine_Learning_Engineer,Machine Learning Engineer,M,26-30,3,MSc,4.4,0.6427,0.7378,0.7191,0.7478,0.7371,1.0,0.9182,0.8975,0.7353,0.8002,1,3,0.25,0.3,0.45,0.25,0.35,0.4,0.4,0.6
ML00143,Machine_Learning_Engineer,Machine Learning Engineer,M,22-25,2,BSc,6.8,0.5932,0.6942,0.7128,0.8651,0.5973,1.0,0.8507,0.8322,0.7691,0.7943,0,2,0.25,0.3,0.45,0.25,0.35,0.4,0.4,0.6
ML00144,Machine_Learning_Engineer,Machine Learning Engineer,M,36-40,2,BSc,5.9,1.0,0.482,0.5605,0.6036,0.76,1.0,0.4434,0.6895,0.5581,0.6107,0,1,0.25,0.3,0.45,0.25,0.35,0.4,0.4,0.6
ML00145,Machine_Learning_Engineer,Machine Learning Engineer,M,22-25,2,BSc,1.9,0.6019,0.6984,0.3714,0.5587,0.6008,0.6333,0.5863,0.604,0.5281,0.5585,0,1,0.25,0.3,0.45,0.25,0.35,0.4,0.4,0.6
ML00146,Machine_Learning_Engineer,Machine Learning Engineer,M,22-25,4,PhD,3.0,0.6518,0.5902,0.6235,0.5336,0.8607,1.0,0.6111,0.7902,0.5792,0.6636,1,2,0.25,0.3,0.45,0.25,0.35,0.4,0.4,0.6
ML00147,Machine_Learning_Engineer,Machine Learning Engineer,M,26-30,2,BSc,4.1,0.7437,0.6505,0.7668,0.8574,0.6575,1.0,0.7152,0.7862,0.7739,0.7788,0,2,0.25,0.3,0.45,0.25,0.35,0.4,0.4,0.6
ML00148,Machine_Learning_Engineer,Machine Learning Engineer,F,22-25,3,MSc,4.3,0.8767,0.8595,0.7415,0.8322,0.8307,1.0,0.6771,0.8124,0.8073,0.8093,1,2,0.25,0.3,0.45,0.25,0.35,0.4,0.4,0.6
ML00149,Machine_Learning_Engineer,Machine Learning Engineer,M,22-25,4,PhD,0.2,0.9097,0.6854,0.6323,0.6756,0.9639,0.0667,0.646,0.5517,0.6629,0.6184,0,2,0.25,0.3,0.45,0.25,0.35,0.4,0.4,0.6
ML00150,Machine_Learning_Engineer,Machine Learning Engineer,F,26-30,3,MSc,4.0,0.6786,0.8476,0.7606,0.743,0.7514,1.0,1.0,0.9379,0.7753,0.8403,1,3,0.25,0.3,0.45,0.25,0.35,0.4,0.4,0.6
ML00151,Machine_Learning_Engineer,Machine Learning Engineer,M,31-35,3,MSc,6.0,0.8432,0.5663,0.8443,0.9883,0.8173,1.0,0.9063,0.9122,0.8324,0.8643,1,3,0.25,0.3,0.45,0.25,0.35,0.4,0.4,0.6
ML00152,Machine_Learning_Engineer,Machine Learning Engineer,M,31-35,3,MSc,5.0,0.9791,0.7629,0.6213,0.7682,0.8717,1.0,0.6804,0.8241,0.7155,0.7589,1,2,0.25,0.3,0.45,0.25,0.35,0.4,0.4,0.6
ML00153,Machine_Learning_Engineer,Machine Learning Engineer,M,31-35,3,MSc,3.6,0.7019,0.6489,0.9429,0.6433,0.7608,1.0,0.8056,0.8527,0.7496,0.7908,1,2,0.25,0.3,0.45,0.25,0.35,0.4,0.4,0.6
ML00154,Machine_Learning_Engineer,Machine Learning Engineer,M,26-30,3,MSc,4.0,0.7444,0.4841,0.6348,0.7835,0.7777,1.0,0.5208,0.7288,0.6566,0.6855,1,1,0.25,0.3,0.45,0.25,0.35,0.4,0.4,0.6
ML00155,Machine_Learning_Engineer,Machine Learning Engineer,M,40+,4,PhD,3.3,0.6312,0.7496,0.5187,0.6326,0.8525,1.0,0.6663,0.813,0.622,0.6984,1,1,0.25,0.3,0.45,0.25,0.35,0.4,0.4,0.6
ML00156,Machine_Learning_Engineer,Machine Learning Engineer,M,31-35,3,MSc,4.7,0.7408,0.6879,0.7094,0.356,0.7763,1.0,0.5023,0.7201,0.5627,0.6257,1,1,0.25,0.3,0.45,0.25,0.35,0.4,0.4,0.6
ML00157,Machine_Learning_Engineer,Machine Learning Engineer,F,40+,2,BSc,2.9,0.7549,0.6096,0.549,0.6049,0.662,0.9667,0.5087,0.6844,0.5865,0.6257,0,1,0.25,0.3,0.45,0.25,0.35,0.4,0.4,0.6
ML00158,Machine_Learning_Engineer,Machine Learning Engineer,F,22-25,3,MSc,4.3,0.86,0.8183,0.6179,0.8773,0.824,1.0,0.5675,0.7614,0.7718,0.7676,1,2,0.25,0.3,0.45,0.25,0.35,0.4,0.4,0.6
ML00159,Machine_Learning_Engineer,Machine Learning Engineer,M,26-30,3,MSc,2.5,0.7837,0.7113,0.7359,0.6702,0.7935,0.8333,0.7453,0.7838,0.7035,0.7356,1,3,0.25,0.3,0.45,0.25,0.35,0.4,0.4,0.6
ML00160,Machine_Learning_Engineer,Machine Learning Engineer,F,36-40,3,MSc,3.0,0.7321,0.6077,0.2077,0.5494,0.7728,1.0,0.4956,0.7162,0.4444,0.5531,1,1,0.25,0.3,0.45,0.25,0.35,0.4,0.4,0.6
ML00161,Machine_Learning_Engineer,Machine Learning Engineer,F,26-30,3,MSc,3.5,0.5743,0.4816,0.7513,0.5827,0.7097,1.0,0.5115,0.7076,0.6164,0.6529,1,1,0.25,0.3,0.45,0.25,0.35,0.4,0.4,0.6
ML00162,Machine_Learning_Engineer,Machine Learning Engineer,M,26-30,4,PhD,3.5,0.7101,0.7472,0.4846,0.7626,0.884,1.0,0.6147,0.7976,0.6614,0.7159,1,1,0.25,0.3,0.45,0.25,0.35,0.4,0.4,0.6
ML00163,Machine_Learning_Engineer,Machine Learning Engineer,F,26-30,3,MSc,1.0,0.8332,0.4873,0.6118,0.3057,0.8133,0.3333,0.5177,0.5363,0.4582,0.4894,0,1,0.25,0.3,0.45,0.25,0.35,0.4,0.4,0.6
ML00164,Machine_Learning_Engineer,Machine Learning Engineer,F,26-30,3,MSc,2.0,0.7266,0.7451,0.5674,0.4678,0.7706,0.6667,0.6846,0.7007,0.572,0.6235,1,1,0.25,0.3,0.45,0.25,0.35,0.4,0.4,0.6
ML00165,Machine_Learning_Engineer,Machine Learning Engineer,M,26-30,3,MSc,3.4,0.6794,0.8087,0.6813,0.7235,0.7518,1.0,0.6193,0.7666,0.73,0.7446,1,2,0.25,0.3,0.45,0.25,0.35,0.4,0.4,0.6
ML00166,Machine_Learning_Engineer,Machine Learning Engineer,M,22-25,4,PhD,5.8,0.8251,0.5692,0.6926,0.7674,0.93,1.0,0.5726,0.7901,0.6917,0.7311,1,2,0.25,0.3,0.45,0.25,0.35,0.4,0.4,0.6
ML00167,Machine_Learning_Engineer,Machine Learning Engineer,M,22-25,3,MSc,3.4,0.6984,0.6985,0.7459,0.5762,0.7594,1.0,0.8117,0.8551,0.6661,0.7417,1,2,0.25,0.3,0.45,0.25,0.35,0.4,0.4,0.6
ML00168,Machine_Learning_Engineer,Machine Learning Engineer,M,31-35,4,PhD,4.0,0.9917,0.7667,0.6686,0.683,0.9967,1.0,0.8415,0.9279,0.6989,0.7905,1,2,0.25,0.3,0.45,0.25,0.35,0.4,0.4,0.6
ML00169,Machine_Learning_Engineer,Machine Learning Engineer,M,22-25,3,MSc,4.3,0.8514,0.9324,0.5933,0.9172,0.8206,1.0,0.6894,0.8154,0.8076,0.8107,1,2,0.25,0.3,0.45,0.25,0.35,0.4,0.4,0.6
ML00170,Machine_Learning_Engineer,Machine Learning Engineer,F,31-35,3,MSc,5.5,0.7932,0.5377,0.688,0.9163,0.7973,1.0,0.6038,0.771,0.7417,0.7534,1,2,0.25,0.3,0.45,0.25,0.35,0.4,0.4,0.6
ML00171,Machine_Learning_Engineer,Machine Learning Engineer,F,26-30,3,MSc,3.3,0.9187,0.6332,0.6907,0.4331,0.8475,1.0,0.3905,0.6876,0.5733,0.619,0,1,0.25,0.3,0.45,0.25,0.35,0.4,0.4,0.6
ML00172,Machine_Learning_Engineer,Machine Learning Engineer,M,36-40,3,MSc,4.7,0.647,0.6922,0.5762,0.4686,0.7388,1.0,0.5218,0.7195,0.5622,0.6251,1,1,0.25,0.3,0.45,0.25,0.35,0.4,0.4,0.6
ML00173,Machine_Learning_Engineer,Machine Learning Engineer,F,31-35,3,MSc,5.0,0.8897,0.7967,0.8387,0.7327,0.8359,1.0,0.8274,0.8813,0.7858,0.824,1,3,0.25,0.3,0.45,0.25,0.35,0.4,0.4,0.6
ML00174,Machine_Learning_Engineer,Machine Learning Engineer,F,36-40,3,MSc,3.9,0.5722,0.6491,0.8695,0.7404,0.7089,1.0,0.8262,0.849,0.7628,0.7973,1,3,0.25,0.3,0.45,0.25,0.35,0.4,0.4,0.6
ML00175,Machine_Learning_Engineer,Machine Learning Engineer,F,31-35,2,BSc,2.2,0.9027,0.6173,0.4359,0.5992,0.7211,0.7333,0.4478,0.6018,0.5466,0.5687,0,1,0.25,0.3,0.45,0.25,0.35,0.4,0.4,0.6
ML00176,Machine_Learning_Engineer,Machine Learning Engineer,M,31-35,3,MSc,5.6,0.7794,0.6837,0.7927,0.6647,0.7918,1.0,0.7082,0.8166,0.7142,0.7552,1,2,0.25,0.3,0.45,0.25,0.35,0.4,0.4,0.6
ML00177,Machine_Learning_Engineer,Machine Learning Engineer,M,36-40,3,MSc,3.9,0.7414,0.5734,0.7861,0.6226,0.7765,1.0,0.5954,0.7621,0.6675,0.7053,1,2,0.25,0.3,0.45,0.25,0.35,0.4,0.4,0.6
ML00178,Machine_Learning_Engineer,Machine Learning Engineer,M,31-35,3,MSc,2.3,0.648,0.5742,0.6828,0.4873,0.7392,0.7667,0.5831,0.6772,0.5774,0.6173,1,1,0.25,0.3,0.45,0.25,0.35,0.4,0.4,0.6
ML00179,Machine_Learning_Engineer,Machine Learning Engineer,F,22-25,3,MSc,5.1,0.8004,0.8384,0.5865,0.8071,0.8001,1.0,1.0,0.95,0.7377,0.8226,1,2,0.25,0.3,0.45,0.25,0.35,0.4,0.4,0.6
ML00180,Machine_Learning_Engineer,Machine Learning Engineer,M,26-30,2,BSc,0.0,0.8181,0.6037,0.4482,0.3796,0.6872,0.0,0.4052,0.3542,0.4596,0.4174,0,1,0.25,0.3,0.45,0.25,0.35,0.4,0.4,0.6
ML00181,Machine_Learning_Engineer,Machine Learning Engineer,F,22-25,3,MSc,4.1,0.7543,0.813,0.7766,0.7166,0.7817,1.0,0.6862,0.8042,0.7617,0.7787,1,3,0.25,0.3,0.45,0.25,0.35,0.4,0.4,0.6
ML00182,Machine_Learning_Engineer,Machine Learning Engineer,F,40+,2,BSc,4.5,0.6216,0.6503,0.6228,0.7955,0.6086,1.0,0.5839,0.7149,0.6988,0.7052,0,2,0.25,0.3,0.45,0.25,0.35,0.4,0.4,0.6
ML00183,Machine_Learning_Engineer,Machine Learning Engineer,F,26-30,3,MSc,1.6,0.7547,0.3963,0.4423,0.5893,0.7819,0.5333,0.4293,0.5487,0.4896,0.5132,1,1,0.25,0.3,0.45,0.25,0.35,0.4,0.4,0.6
ML00184,Machine_Learning_Engineer,Machine Learning Engineer,F,22-25,2,BSc,8.5,1.0,0.7051,1.0,0.9018,0.76,1.0,0.8873,0.8893,0.887,0.8879,0,3,0.25,0.3,0.45,0.25,0.35,0.4,0.4,0.6
ML00185,Machine_Learning_Engineer,Machine Learning Engineer,F,22-25,3,MSc,4.9,0.7576,0.4666,0.6686,0.8452,0.783,1.0,0.6012,0.7663,0.6888,0.7198,1,2,0.25,0.3,0.45,0.25,0.35,0.4,0.4,0.6
ML00186,Machine_Learning_Engineer,Machine Learning Engineer,M,36-40,3,MSc,5.8,0.7709,0.8091,0.9096,0.7202,0.7884,1.0,0.715,0.8188,0.8087,0.8127,1,2,0.25,0.3,0.45,0.25,0.35,0.4,0.4,0.6
ML00187,Machine_Learning_Engineer,Machine Learning Engineer,F,26-30,2,BSc,3.3,0.8595,0.5587,0.5601,0.7937,0.7038,1.0,0.7672,0.8212,0.6532,0.7204,0,3,0.25,0.3,0.45,0.25,0.35,0.4,0.4,0.6
ML00188,Machine_Learning_Engineer,Machine Learning Engineer,F,26-30,2,BSc,6.6,0.662,0.6013,0.8406,0.6868,0.6248,1.0,0.6822,0.7632,0.7192,0.7368,0,2,0.25,0.3,0.45,0.25,0.35,0.4,0.4,0.6
ML00189,Machine_Learning_Engineer,Machine Learning Engineer,F,40+,2,BSc,4.2,0.224,0.531,0.4614,0.4444,0.4496,1.0,0.6824,0.7195,0.472,0.571,0,1,0.25,0.3,0.45,0.25,0.35,0.4,0.4,0.6
ML00190,Machine_Learning_Engineer,Machine Learning Engineer,M,22-25,3,MSc,1.3,0.6459,0.6117,0.7982,0.5933,0.7384,0.4333,0.4811,0.5311,0.6696,0.6142,0,1,0.25,0.3,0.45,0.25,0.35,0.4,0.4,0.6
ML00191,Machine_Learning_Engineer,Machine Learning Engineer,F,31-35,3,MSc,6.3,0.7918,0.7062,0.5614,0.6302,0.7967,1.0,0.908,0.9078,0.6251,0.7382,1,2,0.25,0.3,0.45,0.25,0.35,0.4,0.4,0.6
ML00192,Machine_Learning_Engineer,Machine Learning Engineer,F,22-25,3,MSc,2.2,0.6074,0.5512,0.7094,0.7454,0.723,0.7333,0.6695,0.702,0.6842,0.6913,1,2,0.25,0.3,0.45,0.25,0.35,0.4,0.4,0.6
ML00193,Machine_Learning_Engineer,Machine Learning Engineer,M,40+,3,MSc,5.8,0.732,0.8205,0.737,0.605,0.7728,1.0,0.7999,0.8532,0.7051,0.7643,1,2,0.25,0.3,0.45,0.25,0.35,0.4,0.4,0.6
ML00194,Machine_Learning_Engineer,Machine Learning Engineer,F,26-30,3,MSc,5.8,0.821,0.5569,0.7879,0.6782,0.8084,1.0,0.7603,0.8442,0.6863,0.7495,1,2,0.25,0.3,0.45,0.25,0.35,0.4,0.4,0.6
ML00195,Machine_Learning_Engineer,Machine Learning Engineer,F,22-25,3,MSc,1.5,0.7484,0.5957,0.3421,0.4053,0.7794,0.5,0.4468,0.5459,0.4308,0.4768,1,1,0.25,0.3,0.45,0.25,0.35,0.4,0.4,0.6
ML00196,Machine_Learning_Engineer,Machine Learning Engineer,F,31-35,3,MSc,2.5,0.8545,0.8907,0.7087,0.5913,0.8218,0.8333,0.5004,0.6806,0.7073,0.6966,1,1,0.25,0.3,0.45,0.25,0.35,0.4,0.4,0.6
ML00197,Machine_Learning_Engineer,Machine Learning Engineer,M,22-25,4,PhD,4.0,0.8848,0.6876,0.6609,0.5881,0.9539,1.0,0.5824,0.8005,0.6385,0.7033,1,2,0.25,0.3,0.45,0.25,0.35,0.4,0.4,0.6
ML00198,Machine_Learning_Engineer,Machine Learning Engineer,M,22-25,3,MSc,3.3,0.7638,0.7803,0.7331,0.3182,0.7855,1.0,0.7448,0.8315,0.5789,0.6799,1,1,0.25,0.3,0.45,0.25,0.35,0.4,0.4,0.6
ML00199,Machine_Learning_Engineer,Machine Learning Engineer,M,22-25,2,BSc,6.8,0.7928,0.7705,0.7219,0.6498,0.6771,1.0,0.4856,0.6878,0.7052,0.6982,0,0,0.25,0.3,0.45,0.25,0.35,0.4,0.4,0.6
ML00200,Machine_Learning_Engineer,Machine Learning Engineer,M,31-35,3,MSc,4.3,0.8139,0.7783,0.4753,0.7217,0.8056,1.0,0.6682,0.8021,0.6496,0.7106,1,1,0.25,0.3,0.45,0.25,0.35,0.4,0.4,0.6
ML00201,Machine_Learning_Engineer,Machine Learning Engineer,F,26-30,2,BSc,1.4,0.7238,0.758,0.6208,0.6865,0.6495,0.4667,0.9134,0.7134,0.6814,0.6942,0,2,0.25,0.3,0.45,0.25,0.35,0.4,0.4,0.6
ML00202,Machine_Learning_Engineer,Machine Learning Engineer,F,31-35,4,PhD,6.1,0.7169,0.6811,0.6524,0.617,0.8868,1.0,0.5603,0.7738,0.6454,0.6968,1,2,0.25,0.3,0.45,0.25,0.35,0.4,0.4,0.6
ML00203,Machine_Learning_Engineer,Machine Learning Engineer,M,40+,2,BSc,0.0,0.4518,0.4813,0.6203,0.5211,0.5407,0.0,0.613,0.411,0.5459,0.4919,0,1,0.25,0.3,0.45,0.25,0.35,0.4,0.4,0.6
ML00204,Machine_Learning_Engineer,Machine Learning Engineer,M,26-30,3,MSc,0.4,0.9907,0.7292,0.7837,0.584,0.8763,0.1333,0.7711,0.6061,0.6902,0.6566,0,2,0.25,0.3,0.45,0.25,0.35,0.4,0.4,0.6
ML00205,Machine_Learning_Engineer,Machine Learning Engineer,M,26-30,3,MSc,0.6,0.7751,0.9524,0.7117,0.5376,0.79,0.2,0.7865,0.6114,0.7023,0.6659,0,2,0.25,0.3,0.45,0.25,0.35,0.4,0.4,0.6
ML00206,Machine_Learning_Engineer,Machine Learning Engineer,F,22-25,3,MSc,2.9,0.9995,0.7792,0.7707,0.747,0.8798,0.9667,0.7095,0.8292,0.7633,0.7897,1,2,0.25,0.3,0.45,0.25,0.35,0.4,0.4,0.6
ML00207,Machine_Learning_Engineer,Machine Learning Engineer,F,26-30,2,BSc,6.4,0.6715,0.6832,0.711,0.664,0.6286,1.0,0.5392,0.6998,0.6853,0.6911,0,1,0.25,0.3,0.45,0.25,0.35,0.4,0.4,0.6
ML00208,Machine_Learning_Engineer,Machine Learning Engineer,M,26-30,3,MSc,1.9,0.7972,0.5981,0.6476,0.409,0.7989,0.6333,0.5459,0.6354,0.5398,0.578,1,0,0.25,0.3,0.45,0.25,0.35,0.4,0.4,0.6
ML00209,Machine_Learning_Engineer,Machine Learning Engineer,M,22-25,2,BSc,5.7,0.7368,0.7889,0.603,0.8079,0.6547,1.0,0.6568,0.7592,0.7315,0.7426,0,2,0.25,0.3,0.45,0.25,0.35,0.4,0.4,0.6
ML00210,Machine_Learning_Engineer,Machine Learning Engineer,F,22-25,4,PhD,3.6,0.7948,0.6308,0.4327,0.7212,0.9179,1.0,0.806,0.8922,0.5976,0.7154,1,1,0.25,0.3,0.45,0.25,0.35,0.4,0.4,0.6
ML00211,Machine_Learning_Engineer,Machine Learning Engineer,F,40+,2,BSc,3.9,0.8529,0.7616,0.7762,0.6464,0.7012,1.0,0.561,0.7278,0.7206,0.7235,0,2,0.25,0.3,0.45,0.25,0.35,0.4,0.4,0.6
ML00212,Machine_Learning_Engineer,Machine Learning Engineer,M,26-30,2,BSc,4.3,0.6079,0.8453,0.6717,0.5636,0.6031,1.0,0.6988,0.7652,0.6719,0.7092,0,2,0.25,0.3,0.45,0.25,0.35,0.4,0.4,0.6
ML00213,Machine_Learning_Engineer,Machine Learning Engineer,M,26-30,4,PhD,3.4,0.8163,0.8196,0.5897,0.7552,0.9265,1.0,0.6694,0.8329,0.7134,0.7612,1,2,0.25,0.3,0.45,0.25,0.35,0.4,0.4,0.6
ML00214,Machine_Learning_Engineer,Machine Learning Engineer,F,22-25,3,MSc,3.1,0.7373,0.6352,0.6679,0.6414,0.7749,1.0,0.6719,0.7961,0.6491,0.7079,1,2,0.25,0.3,0.45,0.25,0.35,0.4,0.4,0.6
ML00215,Machine_Learning_Engineer,Machine Learning Engineer,M,40+,4,PhD,4.6,0.6237,0.7121,0.6082,0.6863,0.8495,1.0,0.6304,0.7961,0.6654,0.7177,1,2,0.25,0.3,0.45,0.25,0.35,0.4,0.4,0.6
ML00216,Machine_Learning_Engineer,Machine Learning Engineer,M,31-35,3,MSc,1.7,0.741,0.6397,0.5557,0.6542,0.7764,0.5667,0.5615,0.6168,0.6161,0.6164,1,2,0.25,0.3,0.45,0.25,0.35,0.4,0.4,0.6
ML00217,Machine_Learning_Engineer,Machine Learning Engineer,F,26-30,2,BSc,2.2,1.0,0.5355,0.433,0.6742,0.76,0.7333,0.7683,0.7557,0.5551,0.6353,0,1,0.25,0.3,0.45,0.25,0.35,0.4,0.4,0.6
ML00218,Machine_Learning_Engineer,Machine Learning Engineer,M,31-35,2,BSc,2.1,0.7426,0.5237,0.602,0.5393,0.657,0.7,0.6104,0.6489,0.5573,0.5939,0,2,0.25,0.3,0.45,0.25,0.35,0.4,0.4,0.6
ML00219,Machine_Learning_Engineer,Machine Learning Engineer,F,22-25,3,MSc,4.3,0.8151,0.8101,0.8654,0.9812,0.806,1.0,0.7212,0.826,0.8979,0.8691,1,3,0.25,0.3,0.45,0.25,0.35,0.4,0.4,0.6
ML00220,Machine_Learning_Engineer,Machine Learning Engineer,M,26-30,3,MSc,2.3,0.6635,0.882,0.5609,0.7492,0.7454,0.7667,0.561,0.6688,0.7165,0.6974,1,2,0.25,0.3,0.45,0.25,0.35,0.4,0.4,0.6
ML00221,Machine_Learning_Engineer,Machine Learning Engineer,M,40+,4,PhD,1.6,0.6804,0.8195,0.8388,0.5826,0.8722,0.5333,0.7104,0.6977,0.7315,0.718,1,2,0.25,0.3,0.45,0.25,0.35,0.4,0.4,0.6
ML00222,Machine_Learning_Engineer,Machine Learning Engineer,F,31-35,3,MSc,5.1,0.8443,0.7758,0.8411,0.6199,0.8177,1.0,0.9181,0.9176,0.7363,0.8088,1,2,0.25,0.3,0.45,0.25,0.35,0.4,0.4,0.6
ML00223,Machine_Learning_Engineer,Machine Learning Engineer,M,26-30,3,MSc,0.0,0.9849,0.5932,0.5392,0.3398,0.874,0.0,0.3454,0.3739,0.4729,0.4333,0,0,0.25,0.3,0.45,0.25,0.35,0.4,0.4,0.6
ML00224,Machine_Learning_Engineer,Machine Learning Engineer,F,22-25,2,BSc,1.8,0.8992,0.6486,0.4575,0.4862,0.7197,0.6,0.5761,0.6192,0.5167,0.5577,0,0,0.25,0.3,0.45,0.25,0.35,0.4,0.4,0.6
ML00225,Machine_Learning_Engineer,Machine Learning Engineer,M,22-25,2,BSc,4.5,0.6638,0.6508,0.5722,0.9155,0.6255,1.0,0.5933,0.7233,0.7292,0.7268,0,2,0.25,0.3,0.45,0.25,0.35,0.4,0.4,0.6
ML00226,Machine_Learning_Engineer,Machine Learning Engineer,M,22-25,3,MSc,1.6,0.6663,0.5164,0.6078,0.421,0.7465,0.5333,0.5264,0.5835,0.5103,0.5396,1,1,0.25,0.3,0.45,0.25,0.35,0.4,0.4,0.6
ML00227,Machine_Learning_Engineer,Machine Learning Engineer,F,26-30,3,MSc,3.4,0.5854,0.692,0.6376,0.7808,0.7142,1.0,0.7985,0.8379,0.7085,0.7603,1,2,0.25,0.3,0.45,0.25,0.35,0.4,0.4,0.6
ML00228,Machine_Learning_Engineer,Machine Learning Engineer,M,36-40,3,MSc,8.6,1.0,0.5559,0.7226,0.6755,0.88,1.0,0.6833,0.8275,0.6621,0.7283,1,2,0.25,0.3,0.45,0.25,0.35,0.4,0.4,0.6
ML00229,Machine_Learning_Engineer,Machine Learning Engineer,F,36-40,2,BSc,4.9,0.779,0.6199,0.3935,0.5705,0.6716,1.0,0.5219,0.7028,0.5209,0.5937,0,1,0.25,0.3,0.45,0.25,0.35,0.4,0.4,0.6
ML00230,Machine_Learning_Engineer,Machine Learning Engineer,M,26-30,1,Diploma,3.5,0.7453,0.638,0.6153,0.6122,0.5381,1.0,0.6453,0.7249,0.6197,0.6618,0,2,0.25,0.3,0.45,0.25,0.35,0.4,0.4,0.6
ML00231,Machine_Learning_Engineer,Machine Learning Engineer,F,22-25,3,MSc,0.7,0.7911,0.8254,0.6636,0.562,0.7964,0.2333,0.672,0.5715,0.6634,0.6266,0,3,0.25,0.3,0.45,0.25,0.35,0.4,0.4,0.6
ML00232,Machine_Learning_Engineer,Machine Learning Engineer,F,31-35,4,PhD,1.2,1.0,0.7546,0.6091,0.4333,1.0,0.4,0.4656,0.5795,0.5752,0.5769,0,1,0.25,0.3,0.45,0.25,0.35,0.4,0.4,0.6
ML00233,Machine_Learning_Engineer,Machine Learning Engineer,M,22-25,1,Diploma,0.3,0.8971,0.7121,0.2196,0.4734,0.5988,0.1,0.4273,0.372,0.4442,0.4153,0,1,0.25,0.3,0.45,0.25,0.35,0.4,0.4,0.6
ML00234,Machine_Learning_Engineer,Machine Learning Engineer,F,26-30,4,PhD,3.3,0.9234,0.8081,0.7983,0.8075,0.9694,1.0,0.8766,0.9368,0.8044,0.8574,1,3,0.25,0.3,0.45,0.25,0.35,0.4,0.4,0.6
ML00235,Machine_Learning_Engineer,Machine Learning Engineer,F,40+,3,MSc,4.5,0.9017,0.7759,0.6756,0.6912,0.8407,1.0,0.5329,0.75,0.7069,0.7241,1,1,0.25,0.3,0.45,0.25,0.35,0.4,0.4,0.6
ML00236,Machine_Learning_Engineer,Machine Learning Engineer,M,31-35,3,MSc,3.5,0.8197,0.5357,0.5672,0.6912,0.8079,1.0,0.5748,0.7606,0.6089,0.6696,1,2,0.25,0.3,0.45,0.25,0.35,0.4,0.4,0.6
ML00237,Machine_Learning_Engineer,Machine Learning Engineer,F,36-40,4,PhD,1.8,0.8801,0.6624,0.8134,0.7413,0.952,0.6,0.7371,0.7497,0.7468,0.748,1,3,0.25,0.3,0.45,0.25,0.35,0.4,0.4,0.6
ML00238,Machine_Learning_Engineer,Machine Learning Engineer,F,22-25,4,PhD,4.1,0.5996,0.7355,0.6496,0.7408,0.8398,1.0,0.5666,0.7649,0.7075,0.7305,1,2,0.25,0.3,0.45,0.25,0.35,0.4,0.4,0.6
ML00239,Machine_Learning_Engineer,Machine Learning Engineer,M,36-40,3,MSc,4.0,1.0,0.511,0.6912,0.6332,0.88,1.0,0.6268,0.8021,0.623,0.6946,1,2,0.25,0.3,0.45,0.25,0.35,0.4,0.4,0.6
ML00240,Machine_Learning_Engineer,Machine Learning Engineer,M,22-25,1,Diploma,5.1,0.7929,0.4717,0.796,0.5651,0.5571,1.0,0.7523,0.7778,0.6226,0.6847,0,2,0.25,0.3,0.45,0.25,0.35,0.4,0.4,0.6
ML00241,Machine_Learning_Engineer,Machine Learning Engineer,M,26-30,3,MSc,3.1,0.8808,0.8474,0.6453,0.7846,0.8323,1.0,0.6987,0.8225,0.7515,0.7799,1,2,0.25,0.3,0.45,0.25,0.35,0.4,0.4,0.6
ML00242,Machine_Learning_Engineer,Machine Learning Engineer,M,36-40,2,BSc,3.2,0.9057,0.5525,0.6393,0.9348,0.7223,1.0,0.6576,0.7765,0.7358,0.7521,0,2,0.25,0.3,0.45,0.25,0.35,0.4,0.4,0.6
ML00243,Machine_Learning_Engineer,Machine Learning Engineer,M,31-35,4,PhD,5.1,0.8848,0.7248,0.5779,0.8509,0.9539,1.0,0.7378,0.8705,0.7238,0.7825,1,2,0.25,0.3,0.45,0.25,0.35,0.4,0.4,0.6
ML00244,Machine_Learning_Engineer,Machine Learning Engineer,M,26-30,4,PhD,4.1,0.7671,0.6992,0.6999,0.8604,0.9068,1.0,0.7998,0.8866,0.7639,0.813,1,3,0.25,0.3,0.45,0.25,0.35,0.4,0.4,0.6
ML00245,Machine_Learning_Engineer,Machine Learning Engineer,M,31-35,3,MSc,5.5,0.9902,0.6878,0.8234,0.6337,0.8761,1.0,0.7089,0.838,0.7136,0.7634,1,2,0.25,0.3,0.45,0.25,0.35,0.4,0.4,0.6
ML00246,Machine_Learning_Engineer,Machine Learning Engineer,M,26-30,3,MSc,4.2,1.0,0.7508,0.7957,0.7974,0.88,1.0,0.6157,0.7971,0.7852,0.79,1,2,0.25,0.3,0.45,0.25,0.35,0.4,0.4,0.6
ML00247,Machine_Learning_Engineer,Machine Learning Engineer,M,26-30,3,MSc,0.8,0.6241,0.7038,0.5887,0.588,0.7297,0.2667,0.4653,0.4718,0.6172,0.559,0,1,0.25,0.3,0.45,0.25,0.35,0.4,0.4,0.6
ML00248,Machine_Learning_Engineer,Machine Learning Engineer,M,31-35,2,BSc,2.7,0.8487,0.6637,0.8214,0.7353,0.6995,0.9,0.6202,0.724,0.7476,0.7382,0,2,0.25,0.3,0.45,0.25,0.35,0.4,0.4,0.6
ML00249,Machine_Learning_Engineer,Machine Learning Engineer,M,22-25,3,MSc,3.6,0.608,0.8821,0.578,0.3792,0.7232,1.0,0.5263,0.7176,0.5745,0.6317,1,1,0.25,0.3,0.45,0.25,0.35,0.4,0.4,0.6
ML00250,Machine_Learning_Engineer,Machine Learning Engineer,M,26-30,3,MSc,0.5,0.8338,0.7015,0.5622,0.4169,0.8135,0.1667,0.5841,0.5162,0.5389,0.5298,0,1,0.25,0.3,0.45,0.25,0.35,0.4,0.4,0.6
ML00251,Machine_Learning_Engineer,Machine Learning Engineer,F,22-25,3,MSc,1.0,0.8056,0.7706,0.6757,0.5248,0.8022,0.3333,0.5379,0.5426,0.6391,0.6005,0,0,0.25,0.3,0.45,0.25,0.35,0.4,0.4,0.6
ML00252,Machine_Learning_Engineer,Machine Learning Engineer,F,36-40,3,MSc,4.9,0.8509,0.6913,0.5745,0.7023,0.8204,1.0,0.593,0.7719,0.6548,0.7016,1,2,0.25,0.3,0.45,0.25,0.35,0.4,0.4,0.6
ML00253,Machine_Learning_Engineer,Machine Learning Engineer,F,26-30,4,PhD,4.3,0.6414,0.6186,0.8241,0.8742,0.8566,1.0,0.757,0.8548,0.7928,0.8176,1,3,0.25,0.3,0.45,0.25,0.35,0.4,0.4,0.6
ML00254,Machine_Learning_Engineer,Machine Learning Engineer,F,36-40,2,BSc,6.1,0.5978,0.6195,0.4161,0.8452,0.5991,1.0,0.4937,0.6719,0.6386,0.6519,0,1,0.25,0.3,0.45,0.25,0.35,0.4,0.4,0.6
ML00255,Machine_Learning_Engineer,Machine Learning Engineer,M,31-35,3,MSc,1.5,0.979,0.732,0.6636,0.7107,0.8716,0.5,0.6255,0.6494,0.6996,0.6795,1,3,0.25,0.3,0.45,0.25,0.35,0.4,0.4,0.6
ML00256,Machine_Learning_Engineer,Machine Learning Engineer,M,26-30,2,BSc,5.4,0.6488,0.7313,0.6095,0.7207,0.6195,1.0,0.6831,0.7623,0.6844,0.7156,0,2,0.25,0.3,0.45,0.25,0.35,0.4,0.4,0.6
ML00257,Machine_Learning_Engineer,Machine Learning Engineer,M,26-30,3,MSc,3.7,0.9465,0.6651,0.7032,0.9407,0.8586,1.0,0.6825,0.8218,0.7887,0.8019,1,2,0.25,0.3,0.45,0.25,0.35,0.4,0.4,0.6
ML00258,Machine_Learning_Engineer,Machine Learning Engineer,M,22-25,3,MSc,4.4,0.7427,0.5982,0.9997,0.8577,0.7771,1.0,0.7731,0.8422,0.8425,0.8424,1,3,0.25,0.3,0.45,0.25,0.35,0.4,0.4,0.6
ML00259,Machine_Learning_Engineer,Machine Learning Engineer,M,26-30,2,BSc,5.2,0.8693,0.8437,0.7308,0.9372,0.7077,1.0,0.7808,0.8283,0.8416,0.8363,0,3,0.25,0.3,0.45,0.25,0.35,0.4,0.4,0.6
ML00260,Machine_Learning_Engineer,Machine Learning Engineer,M,22-25,2,BSc,5.7,0.6728,0.628,0.5876,0.7509,0.6291,1.0,0.4712,0.6693,0.663,0.6655,0,1,0.25,0.3,0.45,0.25,0.35,0.4,0.4,0.6
ML00261,Machine_Learning_Engineer,Machine Learning Engineer,M,22-25,3,MSc,1.7,0.7158,0.7032,0.7647,0.6977,0.7663,0.5667,0.7346,0.6922,0.7225,0.7104,1,2,0.25,0.3,0.45,0.25,0.35,0.4,0.4,0.6
ML00262,Machine_Learning_Engineer,Machine Learning Engineer,M,22-25,3,MSc,7.6,0.7141,0.8143,0.7796,0.9074,0.7656,1.0,0.8047,0.8535,0.8394,0.845,1,3,0.25,0.3,0.45,0.25,0.35,0.4,0.4,0.6
ML00263,Machine_Learning_Engineer,Machine Learning Engineer,M,26-30,2,BSc,1.6,0.6562,0.5866,0.5739,0.5461,0.6225,0.5333,0.4619,0.5235,0.5659,0.5489,0,1,0.25,0.3,0.45,0.25,0.35,0.4,0.4,0.6
ML00264,Machine_Learning_Engineer,Machine Learning Engineer,F,31-35,3,MSc,2.8,0.6909,0.7214,0.6405,0.6247,0.7564,0.9333,0.5366,0.7105,0.6544,0.6768,1,1,0.25,0.3,0.45,0.25,0.35,0.4,0.4,0.6
ML00265,Machine_Learning_Engineer,Machine Learning Engineer,F,31-35,2,BSc,4.8,0.6586,0.819,0.9716,0.9668,0.6234,1.0,0.7696,0.8022,0.9315,0.8798,0,3,0.25,0.3,0.45,0.25,0.35,0.4,0.4,0.6
ML00266,Machine_Learning_Engineer,Machine Learning Engineer,F,22-25,3,MSc,2.7,0.8854,0.7919,0.8382,0.7,0.8342,0.9,0.8472,0.8598,0.7713,0.8067,1,2,0.25,0.3,0.45,0.25,0.35,0.4,0.4,0.6
ML00267,Machine_Learning_Engineer,Machine Learning Engineer,F,31-35,3,MSc,5.5,0.5562,0.601,0.7592,0.7321,0.7025,1.0,0.6634,0.7741,0.7088,0.7349,1,2,0.25,0.3,0.45,0.25,0.35,0.4,0.4,0.6
ML00268,Machine_Learning_Engineer,Machine Learning Engineer,F,26-30,2,BSc,1.7,0.77,0.7289,0.3327,0.4599,0.668,0.5667,0.6328,0.6218,0.4826,0.5383,0,1,0.25,0.3,0.45,0.25,0.35,0.4,0.4,0.6
ML00269,Machine_Learning_Engineer,Machine Learning Engineer,F,26-30,2,BSc,2.5,0.821,0.6031,0.7424,0.5453,0.6884,0.8333,0.6788,0.7275,0.6287,0.6682,0,2,0.25,0.3,0.45,0.25,0.35,0.4,0.4,0.6
ML00270,Machine_Learning_Engineer,Machine Learning Engineer,M,26-30,4,PhD,2.2,0.6202,0.6599,0.3266,0.6183,0.8481,0.7333,0.5763,0.6913,0.5266,0.5925,1,2,0.25,0.3,0.45,0.25,0.35,0.4,0.4,0.6
ML00271,Machine_Learning_Engineer,Machine Learning Engineer,F,31-35,3,MSc,3.7,0.7291,0.6395,0.5495,0.7759,0.7716,1.0,0.6656,0.7924,0.6626,0.7145,1,2,0.25,0.3,0.45,0.25,0.35,0.4,0.4,0.6
ML00272,Machine_Learning_Engineer,Machine Learning Engineer,F,36-40,3,MSc,5.0,0.5438,0.7475,0.7816,0.8056,0.6975,1.0,0.6437,0.764,0.7827,0.7752,1,2,0.25,0.3,0.45,0.25,0.35,0.4,0.4,0.6
ML00273,Machine_Learning_Engineer,Machine Learning Engineer,F,22-25,2,BSc,4.2,1.0,0.6052,0.8023,0.6835,0.76,1.0,0.5941,0.7574,0.7055,0.7263,0,2,0.25,0.3,0.45,0.25,0.35,0.4,0.4,0.6
ML00274,Machine_Learning_Engineer,Machine Learning Engineer,F,31-35,3,MSc,2.1,0.7294,0.659,0.567,0.4463,0.7718,0.7,0.5686,0.6588,0.5417,0.5885,1,1,0.25,0.3,0.45,0.25,0.35,0.4,0.4,0.6
ML00275,Machine_Learning_Engineer,Machine Learning Engineer,M,22-25,3,MSc,1.9,0.7932,0.7837,0.5163,0.8077,0.7973,0.6333,0.5289,0.6273,0.6997,0.6707,1,2,0.25,0.3,0.45,0.25,0.35,0.4,0.4,0.6
ML00276,Machine_Learning_Engineer,Machine Learning Engineer,M,31-35,2,BSc,7.1,0.7268,0.5781,0.7964,0.8061,0.6507,1.0,0.5207,0.697,0.7457,0.7262,0,1,0.25,0.3,0.45,0.25,0.35,0.4,0.4,0.6
ML00277,Machine_Learning_Engineer,Machine Learning Engineer,F,26-30,3,MSc,0.8,0.675,0.7664,0.3275,0.3914,0.75,0.2667,0.497,0.4912,0.4628,0.4742,0,1,0.25,0.3,0.45,0.25,0.35,0.4,0.4,0.6
ML00278,Machine_Learning_Engineer,Machine Learning Engineer,F,36-40,3,MSc,6.5,0.7585,0.7051,0.8793,0.7287,0.7834,1.0,0.6393,0.7835,0.7755,0.7787,1,2,0.25,0.3,0.45,0.25,0.35,0.4,0.4,0.6
ML00279,Machine_Learning_Engineer,Machine Learning Engineer,M,26-30,4,PhD,4.4,0.9448,0.6748,0.7291,0.4782,0.9779,1.0,0.6303,0.8281,0.6151,0.7003,1,1,0.25,0.3,0.45,0.25,0.35,0.4,0.4,0.6
ML00280,Machine_Learning_Engineer,Machine Learning Engineer,M,22-25,2,BSc,6.2,0.9653,0.6454,0.5775,0.6472,0.7461,1.0,0.4688,0.6975,0.6224,0.6524,0,0,0.25,0.3,0.45,0.25,0.35,0.4,0.4,0.6
ML00281,Machine_Learning_Engineer,Machine Learning Engineer,M,36-40,4,PhD,4.8,0.8428,0.7302,0.5611,0.8403,0.9371,1.0,0.6704,0.836,0.7151,0.7635,1,2,0.25,0.3,0.45,0.25,0.35,0.4,0.4,0.6
ML00282,Machine_Learning_Engineer,Machine Learning Engineer,M,31-35,3,MSc,1.9,0.6129,0.6801,0.6014,0.8341,0.7252,0.6333,0.6504,0.664,0.7141,0.6941,1,2,0.25,0.3,0.45,0.25,0.35,0.4,0.4,0.6
ML00283,Machine_Learning_Engineer,Machine Learning Engineer,M,31-35,2,BSc,2.4,0.5797,0.5413,0.679,0.4143,0.5919,0.8,0.584,0.6508,0.5387,0.5835,0,1,0.25,0.3,0.45,0.25,0.35,0.4,0.4,0.6
ML00284,Machine_Learning_Engineer,Machine Learning Engineer,M,26-30,2,BSc,4.0,0.7096,0.6891,0.8364,0.7664,0.6438,1.0,0.5832,0.7234,0.7716,0.7523,0,2,0.25,0.3,0.45,0.25,0.35,0.4,0.4,0.6
ML00285,Machine_Learning_Engineer,Machine Learning Engineer,M,31-35,3,MSc,4.1,0.8344,0.6782,0.5361,0.5343,0.8138,1.0,0.5594,0.7552,0.5709,0.6446,1,1,0.25,0.3,0.45,0.25,0.35,0.4,0.4,0.6
ML00286,Machine_Learning_Engineer,Machine Learning Engineer,M,22-25,2,BSc,1.7,0.898,0.5918,0.5979,0.7464,0.7192,0.5667,0.4445,0.5498,0.6558,0.6134,0,1,0.25,0.3,0.45,0.25,0.35,0.4,0.4,0.6
ML00287,Machine_Learning_Engineer,Machine Learning Engineer,F,26-30,4,PhD,3.9,0.9404,0.7667,0.6207,0.6935,0.9761,1.0,0.6649,0.8432,0.6863,0.7491,1,2,0.25,0.3,0.45,0.25,0.35,0.4,0.4,0.6
ML00288,Machine_Learning_Engineer,Machine Learning Engineer,F,31-35,3,MSc,3.1,0.6179,0.6034,0.574,0.5656,0.7272,1.0,0.6973,0.7956,0.578,0.665,1,2,0.25,0.3,0.45,0.25,0.35,0.4,0.4,0.6
ML00289,Machine_Learning_Engineer,Machine Learning Engineer,F,26-30,2,BSc,1.8,0.7484,0.6686,0.653,0.4074,0.6594,0.6,0.579,0.6054,0.5586,0.5773,0,1,0.25,0.3,0.45,0.25,0.35,0.4,0.4,0.6
ML00290,Machine_Learning_Engineer,Machine Learning Engineer,M,31-35,4,PhD,2.8,0.9273,0.7082,0.7025,0.954,0.9709,0.9333,0.6471,0.8139,0.8045,0.8083,1,3,0.25,0.3,0.45,0.25,0.35,0.4,0.4,0.6
ML00291,Machine_Learning_Engineer,Machine Learning Engineer,M,36-40,2,BSc,0.0,0.7543,0.5817,0.6464,0.4527,0.6617,0.0,0.6056,0.4379,0.5527,0.5068,0,1,0.25,0.3,0.45,0.25,0.35,0.4,0.4,0.6
ML00292,Machine_Learning_Engineer,Machine Learning Engineer,M,26-30,4,PhD,3.5,0.732,0.8425,0.5938,0.5174,0.8928,1.0,0.7124,0.8438,0.6254,0.7128,1,1,0.25,0.3,0.45,0.25,0.35,0.4,0.4,0.6
ML00293,Machine_Learning_Engineer,Machine Learning Engineer,F,36-40,2,BSc,3.1,0.6779,0.5367,0.5343,0.5452,0.6312,1.0,0.5076,0.6862,0.5392,0.598,0,1,0.25,0.3,0.45,0.25,0.35,0.4,0.4,0.6
ML00294,Machine_Learning_Engineer,Machine Learning Engineer,M,36-40,2,BSc,2.2,0.6439,0.6551,0.5668,0.7676,0.6175,0.7333,0.5545,0.6239,0.6692,0.6511,0,1,0.25,0.3,0.45,0.25,0.35,0.4,0.4,0.6
ML00295,Machine_Learning_Engineer,Machine Learning Engineer,M,26-30,4,PhD,4.2,0.8435,0.7147,0.6316,0.8278,0.9374,1.0,0.6626,0.8325,0.7308,0.7715,1,1,0.25,0.3,0.45,0.25,0.35,0.4,0.4,0.6
ML00296,Machine_Learning_Engineer,Machine Learning Engineer,M,22-25,3,MSc,2.7,0.7683,0.6012,0.6635,0.5739,0.7873,0.9,0.4957,0.6899,0.6121,0.6432,1,1,0.25,0.3,0.45,0.25,0.35,0.4,0.4,0.6
ML00297,Machine_Learning_Engineer,Machine Learning Engineer,M,22-25,3,MSc,2.6,0.6906,0.6551,0.5698,0.8618,0.7563,0.8667,0.4385,0.6464,0.7079,0.6833,1,1,0.25,0.3,0.45,0.25,0.35,0.4,0.4,0.6
ML00298,Machine_Learning_Engineer,Machine Learning Engineer,F,40+,2,BSc,1.0,0.5901,0.6128,0.5788,0.8141,0.596,0.3333,0.5998,0.5189,0.6814,0.6164,0,2,0.25,0.3,0.45,0.25,0.35,0.4,0.4,0.6
ML00299,Machine_Learning_Engineer,Machine Learning Engineer,M,22-25,3,MSc,4.2,0.9736,0.6037,0.7899,0.4634,0.8695,1.0,0.7615,0.86,0.6127,0.7116,1,1,0.25,0.3,0.45,0.25,0.35,0.4,0.4,0.6
ML00300,Machine_Learning_Engineer,Machine Learning Engineer,M,26-30,3,MSc,3.5,0.8855,0.7616,0.8357,0.6989,0.8342,1.0,0.738,0.8407,0.7625,0.7938,1,2,0.25,0.3,0.45,0.25,0.35,0.4,0.4,0.6
ML00301,Machine_Learning_Engineer,Machine Learning Engineer,M,22-25,3,MSc,4.3,1.0,0.651,1.0,0.8412,0.88,1.0,0.7964,0.8784,0.8492,0.8609,1,3,0.25,0.3,0.45,0.25,0.35,0.4,0.4,0.6
ML00302,Machine_Learning_Engineer,Machine Learning Engineer,M,40+,3,MSc,6.9,0.8585,0.7482,0.71,0.7948,0.8234,1.0,0.76,0.8479,0.7535,0.7913,1,3,0.25,0.3,0.45,0.25,0.35,0.4,0.4,0.6
ML00303,Machine_Learning_Engineer,Machine Learning Engineer,F,22-25,3,MSc,3.6,0.6795,0.6603,0.5187,0.4602,0.7518,1.0,0.5892,0.7531,0.5307,0.6197,1,1,0.25,0.3,0.45,0.25,0.35,0.4,0.4,0.6
ML00304,Machine_Learning_Engineer,Machine Learning Engineer,F,22-25,3,MSc,7.4,0.7656,0.6108,0.7666,0.9722,0.7862,1.0,0.7045,0.8136,0.8099,0.8114,1,1,0.25,0.3,0.45,0.25,0.35,0.4,0.4,0.6
ML00305,Machine_Learning_Engineer,Machine Learning Engineer,F,31-35,2,BSc,3.3,0.8974,0.6353,0.8398,0.6085,0.7189,1.0,0.6536,0.7738,0.6961,0.7272,0,2,0.25,0.3,0.45,0.25,0.35,0.4,0.4,0.6
ML00306,Machine_Learning_Engineer,Machine Learning Engineer,M,26-30,3,MSc,0.0,0.974,0.5805,0.7875,0.6856,0.8696,0.0,0.7371,0.5491,0.695,0.6366,0,2,0.25,0.3,0.45,0.25,0.35,0.4,0.4,0.6
ML00307,Machine_Learning_Engineer,Machine Learning Engineer,F,26-30,3,MSc,4.8,0.8469,0.7969,0.6655,0.6706,0.8187,1.0,0.5864,0.7686,0.7004,0.7277,1,2,0.25,0.3,0.45,0.25,0.35,0.4,0.4,0.6
ML00308,Machine_Learning_Engineer,Machine Learning Engineer,M,22-25,2,BSc,3.8,0.7046,0.512,0.6607,0.7084,0.6419,1.0,0.6743,0.7639,0.6426,0.6911,0,2,0.25,0.3,0.45,0.25,0.35,0.4,0.4,0.6
ML00309,Machine_Learning_Engineer,Machine Learning Engineer,M,22-25,3,MSc,3.7,0.6755,0.5805,0.6678,0.8143,0.7502,1.0,0.5498,0.7349,0.7046,0.7167,1,1,0.25,0.3,0.45,0.25,0.35,0.4,0.4,0.6
ML00310,Machine_Learning_Engineer,Machine Learning Engineer,F,31-35,4,PhD,4.9,0.5892,0.8589,0.3832,0.6943,0.8357,1.0,0.6008,0.7793,0.6266,0.6877,1,1,0.25,0.3,0.45,0.25,0.35,0.4,0.4,0.6
ML00311,Machine_Learning_Engineer,Machine Learning Engineer,M,36-40,3,MSc,3.6,0.6966,0.4751,0.6108,0.5301,0.7586,1.0,0.6063,0.7625,0.5446,0.6318,1,2,0.25,0.3,0.45,0.25,0.35,0.4,0.4,0.6
ML00312,Machine_Learning_Engineer,Machine Learning Engineer,M,26-30,4,PhD,3.1,0.8808,0.6084,0.6853,0.7781,0.9523,1.0,0.551,0.786,0.7032,0.7363,1,1,0.25,0.3,0.45,0.25,0.35,0.4,0.4,0.6
ML00313,Machine_Learning_Engineer,Machine Learning Engineer,M,26-30,3,MSc,5.5,0.7901,0.7064,0.9337,0.7226,0.796,1.0,0.7764,0.8484,0.7924,0.8148,1,3,0.25,0.3,0.45,0.25,0.35,0.4,0.4,0.6
ML00314,Machine_Learning_Engineer,Machine Learning Engineer,F,36-40,2,BSc,3.3,0.5474,0.6288,0.5453,0.7043,0.5789,1.0,0.8366,0.8212,0.6298,0.7064,0,2,0.25,0.3,0.45,0.25,0.35,0.4,0.4,0.6
ML00315,Machine_Learning_Engineer,Machine Learning Engineer,F,40+,3,MSc,3.9,0.7447,0.7915,0.8744,0.8846,0.7779,1.0,0.5317,0.7337,0.8578,0.8082,1,1,0.25,0.3,0.45,0.25,0.35,0.4,0.4,0.6
ML00316,Machine_Learning_Engineer,Machine Learning Engineer,M,26-30,3,MSc,2.7,0.7541,0.5937,0.8836,0.7544,0.7816,0.9,0.5356,0.7064,0.7595,0.7383,1,1,0.25,0.3,0.45,0.25,0.35,0.4,0.4,0.6
ML00317,Machine_Learning_Engineer,Machine Learning Engineer,F,26-30,3,MSc,3.3,0.9567,0.7128,0.5996,0.6968,0.8627,1.0,0.6361,0.8019,0.6668,0.7208,1,2,0.25,0.3,0.45,0.25,0.35,0.4,0.4,0.6
ML00318,Machine_Learning_Engineer,Machine Learning Engineer,F,36-40,4,PhD,0.6,1.0,0.6861,0.3391,0.5253,1.0,0.2,0.4802,0.5261,0.5003,0.5106,0,1,0.25,0.3,0.45,0.25,0.35,0.4,0.4,0.6
ML00319,Machine_Learning_Engineer,Machine Learning Engineer,M,31-35,3,MSc,4.0,0.8692,0.9206,0.9184,0.7725,0.8277,1.0,0.7514,0.8451,0.8606,0.8544,1,3,0.25,0.3,0.45,0.25,0.35,0.4,0.4,0.6
ML00320,Machine_Learning_Engineer,Machine Learning Engineer,M,31-35,3,MSc,4.9,0.8812,0.7239,0.563,0.8843,0.8325,1.0,0.6535,0.8022,0.7318,0.76,1,2,0.25,0.3,0.45,0.25,0.35,0.4,0.4,0.6
ML00321,Machine_Learning_Engineer,Machine Learning Engineer,F,22-25,3,MSc,0.0,0.6742,0.6713,0.575,0.5899,0.7497,0.0,0.4665,0.3974,0.605,0.522,0,1,0.25,0.3,0.45,0.25,0.35,0.4,0.4,0.6
ML00322,Machine_Learning_Engineer,Machine Learning Engineer,M,26-30,3,MSc,1.5,0.9165,0.8682,0.8199,0.5998,0.8466,0.5,0.6579,0.6577,0.7439,0.7094,1,3,0.25,0.3,0.45,0.25,0.35,0.4,0.4,0.6
ML00323,Machine_Learning_Engineer,Machine Learning Engineer,M,31-35,3,MSc,3.9,0.5836,0.5047,0.7459,0.7594,0.7134,1.0,0.4038,0.6601,0.691,0.6786,0,1,0.25,0.3,0.45,0.25,0.35,0.4,0.4,0.6
ML00324,Machine_Learning_Engineer,Machine Learning Engineer,M,26-30,3,MSc,3.1,0.735,0.6951,0.8063,0.619,0.774,1.0,0.5894,0.7587,0.7036,0.7256,1,2,0.25,0.3,0.45,0.25,0.35,0.4,0.4,0.6
ML00325,Machine_Learning_Engineer,Machine Learning Engineer,F,26-30,2,BSc,7.0,0.8584,0.4807,0.7425,0.7409,0.7034,1.0,0.5431,0.7202,0.6764,0.6939,0,1,0.25,0.3,0.45,0.25,0.35,0.4,0.4,0.6
ML00326,Machine_Learning_Engineer,Machine Learning Engineer,F,31-35,2,BSc,3.8,0.5445,0.5627,0.7856,0.6024,0.5778,1.0,0.6691,0.7455,0.6566,0.6922,0,2,0.25,0.3,0.45,0.25,0.35,0.4,0.4,0.6
ML00327,Machine_Learning_Engineer,Machine Learning Engineer,F,26-30,2,BSc,2.7,0.7644,0.6173,0.5872,0.7489,0.6658,0.9,0.6554,0.7314,0.6594,0.6882,0,2,0.25,0.3,0.45,0.25,0.35,0.4,0.4,0.6
ML00328,Machine_Learning_Engineer,Machine Learning Engineer,M,22-25,4,PhD,7.8,0.8151,0.6981,0.6622,0.7547,0.926,1.0,0.9837,0.9742,0.7081,0.8145,1,2,0.25,0.3,0.45,0.25,0.35,0.4,0.4,0.6
ML00329,Machine_Learning_Engineer,Machine Learning Engineer,F,26-30,2,BSc,2.7,0.609,0.5954,0.6002,0.6307,0.6036,0.9,0.8094,0.7851,0.6112,0.6808,0,3,0.25,0.3,0.45,0.25,0.35,0.4,0.4,0.6
ML00330,Machine_Learning_Engineer,Machine Learning Engineer,M,26-30,3,MSc,4.6,0.5764,0.7181,0.7228,0.7294,0.7105,1.0,0.6431,0.767,0.7243,0.7414,1,2,0.25,0.3,0.45,0.25,0.35,0.4,0.4,0.6
ML00331,Machine_Learning_Engineer,Machine Learning Engineer,M,31-35,3,MSc,3.9,0.864,0.7079,0.7396,0.4244,0.8256,1.0,0.6447,0.7965,0.6056,0.682,1,1,0.25,0.3,0.45,0.25,0.35,0.4,0.4,0.6
ML00332,Machine_Learning_Engineer,Machine Learning Engineer,M,22-25,3,MSc,5.2,0.8981,0.4971,0.5939,0.7679,0.8392,1.0,0.7148,0.8315,0.6393,0.7162,1,2,0.25,0.3,0.45,0.25,0.35,0.4,0.4,0.6
ML00333,Machine_Learning_Engineer,Machine Learning Engineer,M,31-35,1,Diploma,3.5,0.8016,0.6547,0.529,0.7045,0.5606,1.0,0.3553,0.6,0.6306,0.6184,0,0,0.25,0.3,0.45,0.25,0.35,0.4,0.4,0.6
ML00334,Machine_Learning_Engineer,Machine Learning Engineer,M,36-40,3,MSc,3.4,0.7539,0.7222,0.5361,0.621,0.7816,1.0,0.4922,0.7169,0.6166,0.6567,1,1,0.25,0.3,0.45,0.25,0.35,0.4,0.4,0.6
ML00335,Machine_Learning_Engineer,Machine Learning Engineer,F,31-35,3,MSc,1.9,0.7577,0.6235,0.9313,0.3954,0.7831,0.6333,0.557,0.6364,0.64,0.6386,1,2,0.25,0.3,0.45,0.25,0.35,0.4,0.4,0.6
ML00336,Machine_Learning_Engineer,Machine Learning Engineer,F,22-25,3,MSc,7.0,1.0,0.7355,0.7597,0.7415,0.88,1.0,0.6806,0.8263,0.7464,0.7784,1,2,0.25,0.3,0.45,0.25,0.35,0.4,0.4,0.6
ML00337,Machine_Learning_Engineer,Machine Learning Engineer,M,22-25,2,BSc,5.4,0.5358,0.5337,0.3485,0.5461,0.5743,1.0,0.6076,0.717,0.4738,0.5711,0,1,0.25,0.3,0.45,0.25,0.35,0.4,0.4,0.6
ML00338,Machine_Learning_Engineer,Machine Learning Engineer,F,22-25,4,PhD,6.2,0.8622,0.464,0.609,0.6463,0.9449,1.0,0.5566,0.7867,0.5877,0.6673,1,1,0.25,0.3,0.45,0.25,0.35,0.4,0.4,0.6
ML00339,Machine_Learning_Engineer,Machine Learning Engineer,M,36-40,3,MSc,6.1,0.9144,0.8626,0.7942,0.7613,0.8458,1.0,0.7361,0.8427,0.7981,0.8159,1,3,0.25,0.3,0.45,0.25,0.35,0.4,0.4,0.6
ML00340,Machine_Learning_Engineer,Machine Learning Engineer,F,31-35,3,MSc,1.1,0.8965,0.6069,0.8572,0.6771,0.8386,0.3667,0.6945,0.6322,0.7226,0.6864,0,2,0.25,0.3,0.45,0.25,0.35,0.4,0.4,0.6
ML00341,Machine_Learning_Engineer,Machine Learning Engineer,M,26-30,3,MSc,0.3,0.8836,0.7637,0.4935,0.4888,0.8335,0.1,0.6856,0.5469,0.5592,0.5543,0,1,0.25,0.3,0.45,0.25,0.35,0.4,0.4,0.6
ML00342,Machine_Learning_Engineer,Machine Learning Engineer,F,31-35,3,MSc,1.6,1.0,0.5629,0.6142,0.463,0.88,0.5333,0.4312,0.574,0.5409,0.5541,1,0,0.25,0.3,0.45,0.25,0.35,0.4,0.4,0.6
ML00343,Machine_Learning_Engineer,Machine Learning Engineer,M,36-40,4,PhD,5.7,0.7688,0.7891,0.6697,0.7526,0.9075,1.0,0.6262,0.8086,0.7327,0.7631,1,2,0.25,0.3,0.45,0.25,0.35,0.4,0.4,0.6
ML00344,Machine_Learning_Engineer,Machine Learning Engineer,F,22-25,3,MSc,0.9,0.77,0.7201,0.6534,0.3276,0.788,0.3,0.4835,0.5046,0.5398,0.5257,0,1,0.25,0.3,0.45,0.25,0.35,0.4,0.4,0.6
ML00345,Machine_Learning_Engineer,Machine Learning Engineer,M,26-30,3,MSc,1.9,0.5263,0.674,0.3042,0.4064,0.6905,0.6333,0.3512,0.5207,0.4375,0.4708,0,0,0.25,0.3,0.45,0.25,0.35,0.4,0.4,0.6
ML00346,Machine_Learning_Engineer,Machine Learning Engineer,F,40+,3,MSc,0.3,0.6512,0.576,0.4663,0.5412,0.7405,0.1,0.5622,0.4681,0.5237,0.5015,0,1,0.25,0.3,0.45,0.25,0.35,0.4,0.4,0.6
ML00347,Machine_Learning_Engineer,Machine Learning Engineer,M,36-40,3,MSc,5.1,0.9916,0.6024,0.8007,0.4462,0.8766,1.0,0.4951,0.7419,0.6093,0.6623,1,1,0.25,0.3,0.45,0.25,0.35,0.4,0.4,0.6
ML00348,Machine_Learning_Engineer,Machine Learning Engineer,M,22-25,2,BSc,3.2,0.8918,0.8805,0.6506,0.7858,0.7167,1.0,0.5805,0.7404,0.7621,0.7534,0,2,0.25,0.3,0.45,0.25,0.35,0.4,0.4,0.6
ML00349,Machine_Learning_Engineer,Machine Learning Engineer,M,36-40,3,MSc,4.6,0.844,0.9519,0.6505,1.0,0.8176,1.0,0.9242,0.9203,0.8656,0.8875,1,2,0.25,0.3,0.45,0.25,0.35,0.4,0.4,0.6
ML00350,Machine_Learning_Engineer,Machine Learning Engineer,F,22-25,4,PhD,4.9,0.9974,0.6516,0.8869,0.5856,0.999,1.0,0.6004,0.8199,0.7076,0.7525,1,2,0.25,0.3,0.45,0.25,0.35,0.4,0.4,0.6
ML00351,Machine_Learning_Engineer,Machine Learning Engineer,F,26-30,3,MSc,6.6,0.7379,0.8441,0.8453,0.8543,0.7752,1.0,0.9522,0.9223,0.8486,0.8781,1,3,0.25,0.3,0.45,0.25,0.35,0.4,0.4,0.6
ML00352,Machine_Learning_Engineer,Machine Learning Engineer,M,26-30,2,BSc,2.8,0.5981,0.6864,0.6871,0.9194,0.5992,0.9333,0.5756,0.6888,0.7798,0.7434,0,2,0.25,0.3,0.45,0.25,0.35,0.4,0.4,0.6
ML00353,Machine_Learning_Engineer,Machine Learning Engineer,F,31-35,1,Diploma,5.1,0.8366,0.6649,0.7213,0.8399,0.5747,1.0,0.7154,0.7656,0.7546,0.759,0,2,0.25,0.3,0.45,0.25,0.35,0.4,0.4,0.6
ML00354,Machine_Learning_Engineer,Machine Learning Engineer,F,40+,2,BSc,1.5,0.6732,0.6982,0.6861,0.6762,0.6293,0.5,0.6018,0.5781,0.6851,0.6423,0,2,0.25,0.3,0.45,0.25,0.35,0.4,0.4,0.6
ML00355,Machine_Learning_Engineer,Machine Learning Engineer,M,26-30,3,MSc,7.5,0.8522,0.8116,0.7271,0.8157,0.8209,1.0,0.6696,0.8065,0.7836,0.7928,1,2,0.25,0.3,0.45,0.25,0.35,0.4,0.4,0.6
ML00356,Machine_Learning_Engineer,Machine Learning Engineer,M,22-25,3,MSc,5.9,0.7135,0.869,0.6454,0.7433,0.7654,1.0,0.5957,0.7594,0.7405,0.7481,1,2,0.25,0.3,0.45,0.25,0.35,0.4,0.4,0.6
ML00357,Machine_Learning_Engineer,Machine Learning Engineer,M,31-35,3,MSc,2.5,0.9743,0.8314,0.9228,0.8353,0.8697,0.8333,0.7373,0.7992,0.8649,0.8386,1,3,0.25,0.3,0.45,0.25,0.35,0.4,0.4,0.6
ML00358,Machine_Learning_Engineer,Machine Learning Engineer,F,22-25,3,MSc,4.2,0.482,0.7086,0.5509,0.5055,0.6728,1.0,0.4358,0.6643,0.5722,0.609,1,1,0.25,0.3,0.45,0.25,0.35,0.4,0.4,0.6
ML00359,Machine_Learning_Engineer,Machine Learning Engineer,M,40+,3,MSc,2.9,0.9592,0.7767,0.6044,1.0,0.8637,0.9667,0.6274,0.7883,0.8057,0.7987,1,2,0.25,0.3,0.45,0.25,0.35,0.4,0.4,0.6
ML00360,Machine_Learning_Engineer,Machine Learning Engineer,F,26-30,2,BSc,4.1,0.6028,0.6223,0.6768,0.3241,0.6011,1.0,0.5093,0.6795,0.5221,0.5851,0,1,0.25,0.3,0.45,0.25,0.35,0.4,0.4,0.6
ML00361,Machine_Learning_Engineer,Machine Learning Engineer,F,22-25,3,MSc,4.5,0.9288,0.6756,0.5951,0.2215,0.8515,1.0,0.7586,0.8542,0.4658,0.6212,0,1,0.25,0.3,0.45,0.25,0.35,0.4,0.4,0.6
ML00362,Machine_Learning_Engineer,Machine Learning Engineer,F,40+,3,MSc,2.7,0.6606,0.6919,0.6611,0.8267,0.7443,0.9,0.7012,0.7716,0.7351,0.7497,1,2,0.25,0.3,0.45,0.25,0.35,0.4,0.4,0.6
ML00363,Machine_Learning_Engineer,Machine Learning Engineer,M,22-25,2,BSc,1.0,0.8418,0.5485,0.6266,0.675,0.6967,0.3333,0.605,0.5464,0.6264,0.5944,0,2,0.25,0.3,0.45,0.25,0.35,0.4,0.4,0.6
ML00364,Machine_Learning_Engineer,Machine Learning Engineer,M,26-30,3,MSc,1.0,1.0,0.7338,0.5271,0.5056,0.88,0.3333,0.4086,0.5039,0.5702,0.5437,0,1,0.25,0.3,0.45,0.25,0.35,0.4,0.4,0.6
ML00365,Machine_Learning_Engineer,Machine Learning Engineer,F,31-35,2,BSc,2.8,0.8287,0.5188,0.76,0.9074,0.6915,0.9333,0.4969,0.6764,0.7587,0.7258,0,1,0.25,0.3,0.45,0.25,0.35,0.4,0.4,0.6
ML00366,Machine_Learning_Engineer,Machine Learning Engineer,M,31-35,3,MSc,2.3,0.8513,0.8185,0.6233,0.9338,0.8205,0.7667,0.6985,0.7495,0.7963,0.7776,1,2,0.25,0.3,0.45,0.25,0.35,0.4,0.4,0.6
ML00367,Machine_Learning_Engineer,Machine Learning Engineer,F,22-25,4,PhD,6.7,0.8809,0.7796,0.9654,0.7846,0.9524,1.0,0.753,0.877,0.8466,0.8588,1,3,0.25,0.3,0.45,0.25,0.35,0.4,0.4,0.6
ML00368,Machine_Learning_Engineer,Machine Learning Engineer,M,26-30,4,PhD,1.8,0.7024,0.5166,0.4836,0.4446,0.881,0.6,0.5838,0.663,0.4762,0.5509,1,1,0.25,0.3,0.45,0.25,0.35,0.4,0.4,0.6
ML00369,Machine_Learning_Engineer,Machine Learning Engineer,F,31-35,3,MSc,8.4,0.9254,0.7897,0.8199,0.9649,0.8501,1.0,0.8565,0.898,0.8704,0.8814,1,3,0.25,0.3,0.45,0.25,0.35,0.4,0.4,0.6
ML00370,Machine_Learning_Engineer,Machine Learning Engineer,M,36-40,3,MSc,5.3,0.7853,0.5543,0.6472,0.8091,0.7941,1.0,0.6956,0.8116,0.6887,0.7379,1,2,0.25,0.3,0.45,0.25,0.35,0.4,0.4,0.6
ML00371,Machine_Learning_Engineer,Machine Learning Engineer,F,31-35,2,BSc,7.5,0.7094,0.8325,0.7319,0.8617,0.6438,1.0,0.5631,0.7143,0.809,0.7711,0,2,0.25,0.3,0.45,0.25,0.35,0.4,0.4,0.6
ML00372,Machine_Learning_Engineer,Machine Learning Engineer,M,22-25,4,PhD,3.7,0.6264,0.7666,0.4625,0.7116,0.8505,1.0,0.6136,0.7888,0.6382,0.6984,1,1,0.25,0.3,0.45,0.25,0.35,0.4,0.4,0.6
ML00373,Machine_Learning_Engineer,Machine Learning Engineer,F,26-30,4,PhD,4.1,0.9182,0.913,0.8858,0.5799,0.9673,1.0,0.737,0.8735,0.7702,0.8115,1,2,0.25,0.3,0.45,0.25,0.35,0.4,0.4,0.6
ML00374,Machine_Learning_Engineer,Machine Learning Engineer,F,26-30,3,MSc,1.2,0.4979,0.5955,0.9094,0.5963,0.6792,0.4,0.5977,0.5587,0.7057,0.6469,0,2,0.25,0.3,0.45,0.25,0.35,0.4,0.4,0.6
ML00375,Machine_Learning_Engineer,Machine Learning Engineer,M,31-35,4,PhD,3.7,0.8863,0.8145,0.6524,0.7931,0.9545,1.0,0.5642,0.7925,0.7492,0.7665,1,2,0.25,0.3,0.45,0.25,0.35,0.4,0.4,0.6
ML00376,Machine_Learning_Engineer,Machine Learning Engineer,F,36-40,3,MSc,4.7,0.7684,0.7015,0.8208,0.8536,0.7874,1.0,0.6295,0.7801,0.8041,0.7945,1,2,0.25,0.3,0.45,0.25,0.35,0.4,0.4,0.6
ML00377,Machine_Learning_Engineer,Machine Learning Engineer,F,26-30,3,MSc,3.6,0.6785,0.7271,0.4722,0.6852,0.7514,1.0,0.5839,0.7506,0.6211,0.6729,1,1,0.25,0.3,0.45,0.25,0.35,0.4,0.4,0.6
ML00378,Machine_Learning_Engineer,Machine Learning Engineer,M,26-30,2,BSc,2.6,0.7612,0.5578,0.5799,0.652,0.6645,0.8667,0.6046,0.6982,0.6032,0.6412,0,2,0.25,0.3,0.45,0.25,0.35,0.4,0.4,0.6
ML00379,Machine_Learning_Engineer,Machine Learning Engineer,M,36-40,3,MSc,4.0,0.6379,0.6925,0.7009,0.732,0.7352,1.0,0.6288,0.7668,0.7112,0.7334,1,2,0.25,0.3,0.45,0.25,0.35,0.4,0.4,0.6
ML00380,Machine_Learning_Engineer,Machine Learning Engineer,F,31-35,3,MSc,4.6,0.9296,0.5066,0.6725,0.684,0.8518,1.0,0.5362,0.7542,0.6356,0.683,1,1,0.25,0.3,0.45,0.25,0.35,0.4,0.4,0.6
ML00381,Machine_Learning_Engineer,Machine Learning Engineer,F,40+,3,MSc,2.6,0.5353,0.553,0.3601,0.4712,0.6941,0.8667,0.492,0.6549,0.4528,0.5336,1,1,0.25,0.3,0.45,0.25,0.35,0.4,0.4,0.6
ML00382,Machine_Learning_Engineer,Machine Learning Engineer,F,31-35,2,BSc,4.8,0.5949,0.7157,0.9884,0.7796,0.5979,1.0,0.7159,0.7716,0.8367,0.8107,0,2,0.25,0.3,0.45,0.25,0.35,0.4,0.4,0.6
ML00383,Machine_Learning_Engineer,Machine Learning Engineer,M,26-30,2,BSc,3.6,0.5141,0.7524,0.7931,0.9924,0.5656,1.0,0.6812,0.7479,0.8626,0.8167,0,2,0.25,0.3,0.45,0.25,0.35,0.4,0.4,0.6
ML00384,Machine_Learning_Engineer,Machine Learning Engineer,M,40+,3,MSc,1.8,0.6743,0.9351,0.7481,0.819,0.7497,0.6,0.6687,0.6683,0.8232,0.7612,1,2,0.25,0.3,0.45,0.25,0.35,0.4,0.4,0.6
ML00385,Machine_Learning_Engineer,Machine Learning Engineer,M,26-30,4,PhD,2.7,0.9098,0.5931,0.8055,0.5352,0.9639,0.9,0.6427,0.8002,0.6443,0.7067,1,2,0.25,0.3,0.45,0.25,0.35,0.4,0.4,0.6
ML00386,Machine_Learning_Engineer,Machine Learning Engineer,F,26-30,2,BSc,3.8,0.8007,0.5975,0.4213,0.5966,0.6803,1.0,0.6122,0.7456,0.5355,0.6195,0,1,0.25,0.3,0.45,0.25,0.35,0.4,0.4,0.6
ML00387,Machine_Learning_Engineer,Machine Learning Engineer,F,36-40,3,MSc,4.5,0.6779,0.839,0.6476,0.6806,0.7512,1.0,0.5994,0.7575,0.7087,0.7282,1,2,0.25,0.3,0.45,0.25,0.35,0.4,0.4,0.6
ML00388,Machine_Learning_Engineer,Machine Learning Engineer,F,31-35,3,MSc,3.2,0.6055,0.5709,0.628,0.7832,0.7222,1.0,0.5388,0.723,0.6758,0.6947,1,1,0.25,0.3,0.45,0.25,0.35,0.4,0.4,0.6
ML00389,Machine_Learning_Engineer,Machine Learning Engineer,F,22-25,3,MSc,0.8,0.7674,0.6741,0.623,0.5334,0.7869,0.2667,0.633,0.5616,0.5999,0.5846,0,2,0.25,0.3,0.45,0.25,0.35,0.4,0.4,0.6
ML00390,Machine_Learning_Engineer,Machine Learning Engineer,F,40+,3,MSc,2.6,0.7119,0.7894,0.7794,0.8712,0.7648,0.8667,0.7916,0.8074,0.8186,0.8141,1,2,0.25,0.3,0.45,0.25,0.35,0.4,0.4,0.6
ML00391,Machine_Learning_Engineer,Machine Learning Engineer,F,31-35,3,MSc,5.1,0.6617,0.6076,0.7164,0.7842,0.7447,1.0,0.4524,0.6898,0.7163,0.7057,1,1,0.25,0.3,0.45,0.25,0.35,0.4,0.4,0.6
ML00392,Machine_Learning_Engineer,Machine Learning Engineer,F,22-25,3,MSc,4.2,0.7481,0.6311,0.618,0.8685,0.7792,1.0,0.6919,0.8062,0.7215,0.7554,1,2,0.25,0.3,0.45,0.25,0.35,0.4,0.4,0.6
ML00393,Machine_Learning_Engineer,Machine Learning Engineer,F,36-40,2,BSc,4.7,0.7042,0.6021,0.7403,0.6953,0.6417,1.0,0.9371,0.8821,0.6878,0.7655,0,2,0.25,0.3,0.45,0.25,0.35,0.4,0.4,0.6
ML00394,Machine_Learning_Engineer,Machine Learning Engineer,M,26-30,3,MSc,2.0,0.8386,0.8001,0.6207,0.7902,0.8154,0.6667,0.6821,0.7108,0.7334,0.7244,1,2,0.25,0.3,0.45,0.25,0.35,0.4,0.4,0.6
ML00395,Machine_Learning_Engineer,Machine Learning Engineer,F,36-40,3,MSc,4.8,0.7556,0.7287,0.764,0.9016,0.7823,1.0,0.7141,0.8169,0.8102,0.8129,1,2,0.25,0.3,0.45,0.25,0.35,0.4,0.4,0.6
ML00396,Machine_Learning_Engineer,Machine Learning Engineer,M,26-30,4,PhD,2.3,0.7712,0.8446,0.5502,0.5736,0.9085,0.7667,0.779,0.8077,0.6332,0.703,1,2,0.25,0.3,0.45,0.25,0.35,0.4,0.4,0.6
ML00397,Machine_Learning_Engineer,Machine Learning Engineer,M,22-25,3,MSc,5.2,0.7187,0.8285,0.749,0.4915,0.7675,1.0,0.7473,0.8282,0.6659,0.7308,1,1,0.25,0.3,0.45,0.25,0.35,0.4,0.4,0.6
ML00398,Machine_Learning_Engineer,Machine Learning Engineer,M,26-30,4,PhD,6.0,0.8012,0.7752,1.0,0.9558,0.9205,1.0,0.7375,0.862,0.9261,0.9005,1,3,0.25,0.3,0.45,0.25,0.35,0.4,0.4,0.6
ML00399,Machine_Learning_Engineer,Machine Learning Engineer,M,31-35,2,BSc,7.0,1.0,0.7635,0.775,0.6268,0.76,1.0,0.6845,0.798,0.7128,0.7469,0,2,0.25,0.3,0.45,0.25,0.35,0.4,0.4,0.6
ML00400,Machine_Learning_Engineer,Machine Learning Engineer,M,22-25,2,BSc,1.8,0.7538,0.6659,0.5795,0.6694,0.6615,0.6,0.6641,0.6442,0.6371,0.6399,0,2,0.25,0.3,0.45,0.25,0.35,0.4,0.4,0.6
ML00401,Machine_Learning_Engineer,Machine Learning Engineer,M,31-35,4,PhD,6.8,1.0,0.8262,1.0,0.9157,1.0,1.0,0.6975,0.8639,0.9228,0.8992,1,2,0.25,0.3,0.45,0.25,0.35,0.4,0.4,0.6
ML00402,Machine_Learning_Engineer,Machine Learning Engineer,M,26-30,2,BSc,2.8,0.6105,0.6829,0.8943,0.5753,0.6042,0.9333,0.636,0.7172,0.7138,0.7152,0,2,0.25,0.3,0.45,0.25,0.35,0.4,0.4,0.6
ML00403,Machine_Learning_Engineer,Machine Learning Engineer,M,36-40,3,MSc,4.8,0.8678,0.5366,0.7191,0.7373,0.8271,1.0,0.6941,0.8191,0.6808,0.7361,1,2,0.25,0.3,0.45,0.25,0.35,0.4,0.4,0.6
ML00404,Machine_Learning_Engineer,Machine Learning Engineer,M,36-40,4,PhD,1.8,0.9163,0.6977,0.6474,0.6831,0.9665,0.6,0.6191,0.7002,0.6743,0.6847,1,2,0.25,0.3,0.45,0.25,0.35,0.4,0.4,0.6
ML00405,Machine_Learning_Engineer,Machine Learning Engineer,F,26-30,2,BSc,5.2,0.8797,0.7144,0.7684,0.8138,0.7119,1.0,0.6698,0.7794,0.773,0.7756,0,2,0.25,0.3,0.45,0.25,0.35,0.4,0.4,0.6
ML00406,Machine_Learning_Engineer,Machine Learning Engineer,F,26-30,4,PhD,1.3,1.0,0.6549,0.3909,0.6776,1.0,0.4333,0.6075,0.6534,0.5716,0.6043,0,2,0.25,0.3,0.45,0.25,0.35,0.4,0.4,0.6
ML00407,Machine_Learning_Engineer,Machine Learning Engineer,M,26-30,2,BSc,3.4,0.9493,0.6369,0.5029,0.3942,0.7397,1.0,0.4715,0.6971,0.4929,0.5746,0,1,0.25,0.3,0.45,0.25,0.35,0.4,0.4,0.6
ML00408,Machine_Learning_Engineer,Machine Learning Engineer,F,31-35,2,BSc,0.7,0.8375,0.7584,0.7067,0.7639,0.695,0.2333,0.7658,0.5883,0.7425,0.6808,0,2,0.25,0.3,0.45,0.25,0.35,0.4,0.4,0.6
ML00409,Machine_Learning_Engineer,Machine Learning Engineer,F,40+,3,MSc,5.5,0.8346,0.8318,0.6797,0.6189,0.8138,1.0,0.8279,0.876,0.6934,0.7664,1,2,0.25,0.3,0.45,0.25,0.35,0.4,0.4,0.6
ML00410,Machine_Learning_Engineer,Machine Learning Engineer,M,26-30,3,MSc,2.2,0.9356,0.8079,0.5056,0.7972,0.8542,0.7333,0.6648,0.7327,0.6978,0.7118,1,1,0.25,0.3,0.45,0.25,0.35,0.4,0.4,0.6
ML00411,Machine_Learning_Engineer,Machine Learning Engineer,M,31-35,3,MSc,3.5,0.7844,0.5074,0.5743,0.8807,0.7938,1.0,0.582,0.7603,0.6801,0.7122,1,2,0.25,0.3,0.45,0.25,0.35,0.4,0.4,0.6
ML00412,Machine_Learning_Engineer,Machine Learning Engineer,M,31-35,4,PhD,3.6,0.8339,0.6195,0.5268,0.5511,0.9335,1.0,0.4557,0.7384,0.5597,0.6312,1,1,0.25,0.3,0.45,0.25,0.35,0.4,0.4,0.6
ML00413,Machine_Learning_Engineer,Machine Learning Engineer,M,40+,1,Diploma,2.4,0.6469,0.7133,0.4377,0.5569,0.4988,0.8,0.4417,0.5635,0.5543,0.558,0,1,0.25,0.3,0.45,0.25,0.35,0.4,0.4,0.6
ML00414,Machine_Learning_Engineer,Machine Learning Engineer,M,22-25,3,MSc,3.7,0.7597,0.8003,0.5001,0.5904,0.7839,1.0,0.8486,0.8779,0.6113,0.7179,1,1,0.25,0.3,0.45,0.25,0.35,0.4,0.4,0.6
ML00415,Machine_Learning_Engineer,Machine Learning Engineer,M,26-30,3,MSc,6.9,0.7487,0.7964,0.8134,0.6718,0.7795,1.0,0.7738,0.8431,0.7525,0.7887,1,2,0.25,0.3,0.45,0.25,0.35,0.4,0.4,0.6
ML00416,Machine_Learning_Engineer,Machine Learning Engineer,M,31-35,3,MSc,0.4,0.9525,0.6231,0.5933,0.6921,0.861,0.1333,0.5867,0.5192,0.6402,0.5918,0,2,0.25,0.3,0.45,0.25,0.35,0.4,0.4,0.6
ML00417,Machine_Learning_Engineer,Machine Learning Engineer,F,22-25,3,MSc,3.7,0.9799,0.6131,0.8476,0.7909,0.872,1.0,0.6683,0.8187,0.7663,0.7873,1,2,0.25,0.3,0.45,0.25,0.35,0.4,0.4,0.6
ML00418,Machine_Learning_Engineer,Machine Learning Engineer,F,31-35,3,MSc,2.6,0.5903,0.6045,0.5095,0.5678,0.7161,0.8667,0.6343,0.7245,0.5566,0.6238,1,1,0.25,0.3,0.45,0.25,0.35,0.4,0.4,0.6
ML00419,Machine_Learning_Engineer,Machine Learning Engineer,M,31-35,1,Diploma,4.7,0.7942,0.7629,0.7135,0.3744,0.5577,1.0,0.4201,0.6285,0.5902,0.6055,0,1,0.25,0.3,0.45,0.25,0.35,0.4,0.4,0.6
ML00420,Machine_Learning_Engineer,Machine Learning Engineer,F,22-25,4,PhD,4.7,0.9134,0.8487,0.6071,0.9011,0.9654,1.0,0.633,0.8262,0.7851,0.8015,1,2,0.25,0.3,0.45,0.25,0.35,0.4,0.4,0.6
ML00421,Machine_Learning_Engineer,Machine Learning Engineer,F,22-25,2,BSc,0.0,0.8257,0.3506,0.5505,0.7022,0.6903,0.0,0.5052,0.3999,0.5612,0.4967,0,0,0.25,0.3,0.45,0.25,0.35,0.4,0.4,0.6
ML00422,Machine_Learning_Engineer,Machine Learning Engineer,M,22-25,3,MSc,6.9,0.795,0.6591,0.5632,0.6022,0.798,1.0,0.6768,0.8041,0.6028,0.6833,1,2,0.25,0.3,0.45,0.25,0.35,0.4,0.4,0.6
ML00423,Machine_Learning_Engineer,Machine Learning Engineer,M,31-35,3,MSc,8.2,0.7851,0.651,0.5615,1.0,0.794,1.0,0.8302,0.8721,0.7593,0.8044,1,2,0.25,0.3,0.45,0.25,0.35,0.4,0.4,0.6
ML00424,Machine_Learning_Engineer,Machine Learning Engineer,F,22-25,4,PhD,7.6,0.9709,0.7747,0.9634,0.9067,0.9883,1.0,0.7824,0.8991,0.8936,0.8958,1,3,0.25,0.3,0.45,0.25,0.35,0.4,0.4,0.6
ML00425,Machine_Learning_Engineer,Machine Learning Engineer,M,26-30,2,BSc,4.8,0.5219,0.7595,1.0,1.0,0.5688,1.0,0.7998,0.8021,0.9399,0.8848,0,3,0.25,0.3,0.45,0.25,0.35,0.4,0.4,0.6
ML00426,Machine_Learning_Engineer,Machine Learning Engineer,F,26-30,3,MSc,3.1,0.9012,0.6826,0.8051,0.6622,0.8405,1.0,0.5935,0.7772,0.7173,0.7413,1,1,0.25,0.3,0.45,0.25,0.35,0.4,0.4,0.6
ML00427,Machine_Learning_Engineer,Machine Learning Engineer,M,22-25,3,MSc,5.3,0.652,0.697,0.5735,0.6095,0.7408,1.0,0.5429,0.7295,0.6188,0.6631,1,1,0.25,0.3,0.45,0.25,0.35,0.4,0.4,0.6
ML00428,Machine_Learning_Engineer,Machine Learning Engineer,M,31-35,3,MSc,2.2,0.8926,0.6834,0.9046,0.6514,0.837,0.7333,0.8542,0.8136,0.7481,0.7743,1,2,0.25,0.3,0.45,0.25,0.35,0.4,0.4,0.6
ML00429,Machine_Learning_Engineer,Machine Learning Engineer,F,22-25,3,MSc,5.3,0.9595,0.6114,0.511,0.6224,0.8638,1.0,0.6224,0.796,0.5807,0.6668,1,1,0.25,0.3,0.45,0.25,0.35,0.4,0.4,0.6
ML00430,Machine_Learning_Engineer,Machine Learning Engineer,M,31-35,3,MSc,0.6,0.8293,0.6923,0.4633,0.4192,0.8117,0.2,0.4448,0.4631,0.5029,0.487,0,2,0.25,0.3,0.45,0.25,0.35,0.4,0.4,0.6
ML00431,Machine_Learning_Engineer,Machine Learning Engineer,M,31-35,2,BSc,2.5,0.9056,0.6652,0.7358,0.5321,0.7222,0.8333,0.6515,0.7237,0.6367,0.6715,0,2,0.25,0.3,0.45,0.25,0.35,0.4,0.4,0.6
ML00432,Machine_Learning_Engineer,Machine Learning Engineer,F,22-25,3,MSc,5.9,0.6867,0.9185,0.6268,0.8333,0.7547,1.0,0.6376,0.7756,0.7823,0.7796,1,2,0.25,0.3,0.45,0.25,0.35,0.4,0.4,0.6
ML00433,Machine_Learning_Engineer,Machine Learning Engineer,F,36-40,4,PhD,2.6,1.0,0.7331,0.5185,0.7337,1.0,0.8667,0.6572,0.8058,0.6583,0.7173,1,1,0.25,0.3,0.45,0.25,0.35,0.4,0.4,0.6
ML00434,Machine_Learning_Engineer,Machine Learning Engineer,F,31-35,3,MSc,4.9,0.9364,0.5074,0.6866,0.5929,0.8546,1.0,0.6609,0.811,0.6043,0.687,1,2,0.25,0.3,0.45,0.25,0.35,0.4,0.4,0.6
ML00435,Machine_Learning_Engineer,Machine Learning Engineer,M,26-30,2,BSc,3.6,0.8658,0.4498,0.7598,0.7235,0.7063,1.0,0.7051,0.7939,0.6678,0.7182,0,2,0.25,0.3,0.45,0.25,0.35,0.4,0.4,0.6
ML00436,Machine_Learning_Engineer,Machine Learning Engineer,M,26-30,4,PhD,3.1,0.8023,0.7154,0.6393,0.5693,0.9209,1.0,0.6215,0.8099,0.6303,0.7021,1,3,0.25,0.3,0.45,0.25,0.35,0.4,0.4,0.6
ML00437,Machine_Learning_Engineer,Machine Learning Engineer,M,31-35,3,MSc,3.6,0.8838,0.7437,0.6333,0.6414,0.8335,1.0,0.7222,0.8334,0.6641,0.7318,1,2,0.25,0.3,0.45,0.25,0.35,0.4,0.4,0.6
ML00438,Machine_Learning_Engineer,Machine Learning Engineer,M,22-25,3,MSc,2.0,0.5301,0.6564,0.6219,0.3487,0.692,0.6667,0.5032,0.5995,0.5213,0.5526,1,2,0.25,0.3,0.45,0.25,0.35,0.4,0.4,0.6
ML00439,Machine_Learning_Engineer,Machine Learning Engineer,F,26-30,2,BSc,1.4,0.7041,0.5295,0.6022,0.5275,0.6416,0.4667,0.6359,0.5866,0.5542,0.5672,0,2,0.25,0.3,0.45,0.25,0.35,0.4,0.4,0.6
ML00440,Machine_Learning_Engineer,Machine Learning Engineer,F,26-30,1,Diploma,2.1,0.8738,0.4727,0.6181,0.4721,0.5895,0.7,0.2595,0.4741,0.5233,0.5036,0,0,0.25,0.3,0.45,0.25,0.35,0.4,0.4,0.6
ML00441,Machine_Learning_Engineer,Machine Learning Engineer,F,22-25,3,MSc,4.1,0.8689,0.4928,0.8037,0.6972,0.8276,1.0,0.6047,0.779,0.6834,0.7216,1,2,0.25,0.3,0.45,0.25,0.35,0.4,0.4,0.6
ML00442,Machine_Learning_Engineer,Machine Learning Engineer,F,36-40,1,Diploma,3.7,0.477,0.6619,0.8161,0.7367,0.4308,1.0,0.869,0.7988,0.7458,0.767,0,3,0.25,0.3,0.45,0.25,0.35,0.4,0.4,0.6
ML00443,Machine_Learning_Engineer,Machine Learning Engineer,M,22-25,4,PhD,3.9,0.7107,0.9297,0.5746,0.7896,0.8843,1.0,0.6954,0.834,0.7494,0.7832,1,2,0.25,0.3,0.45,0.25,0.35,0.4,0.4,0.6
ML00444,Machine_Learning_Engineer,Machine Learning Engineer,F,22-25,3,MSc,3.7,0.6695,0.7233,0.7141,0.9253,0.7478,1.0,0.701,0.8024,0.8009,0.8015,1,2,0.25,0.3,0.45,0.25,0.35,0.4,0.4,0.6
ML00445,Machine_Learning_Engineer,Machine Learning Engineer,F,26-30,3,MSc,0.3,1.0,0.6973,0.7623,0.6328,0.88,0.1,0.5342,0.4904,0.6942,0.6127,0,1,0.25,0.3,0.45,0.25,0.35,0.4,0.4,0.6
ML00446,Machine_Learning_Engineer,Machine Learning Engineer,F,36-40,3,MSc,1.1,1.0,0.7002,0.6041,0.7126,0.88,0.3667,0.7042,0.6469,0.6715,0.6617,0,2,0.25,0.3,0.45,0.25,0.35,0.4,0.4,0.6
ML00447,Machine_Learning_Engineer,Machine Learning Engineer,M,31-35,3,MSc,3.5,0.8066,0.7891,0.8291,0.7175,0.8026,1.0,0.7539,0.8399,0.7745,0.8007,1,2,0.25,0.3,0.45,0.25,0.35,0.4,0.4,0.6
ML00448,Machine_Learning_Engineer,Machine Learning Engineer,M,26-30,2,BSc,6.5,0.6553,0.6926,0.6095,0.6904,0.6221,1.0,0.6498,0.748,0.6626,0.6968,0,2,0.25,0.3,0.45,0.25,0.35,0.4,0.4,0.6
ML00449,Machine_Learning_Engineer,Machine Learning Engineer,F,40+,3,MSc,5.4,1.0,0.6666,0.9194,0.8851,0.88,1.0,0.7105,0.8397,0.8425,0.8414,1,2,0.25,0.3,0.45,0.25,0.35,0.4,0.4,0.6
ML00450,Machine_Learning_Engineer,Machine Learning Engineer,F,31-35,3,MSc,1.6,0.807,0.7096,0.6702,0.6544,0.8028,0.5333,0.7811,0.7122,0.6738,0.6892,1,2,0.25,0.3,0.45,0.25,0.35,0.4,0.4,0.6
ML00451,Machine_Learning_Engineer,Machine Learning Engineer,M,26-30,2,BSc,1.7,0.912,0.5456,0.3841,0.7557,0.7248,0.5667,0.6716,0.6534,0.5731,0.6052,0,2,0.25,0.3,0.45,0.25,0.35,0.4,0.4,0.6
ML00452,Machine_Learning_Engineer,Machine Learning Engineer,F,22-25,3,MSc,2.3,0.7153,0.8033,0.6373,0.6667,0.7661,0.7667,0.7047,0.7387,0.6906,0.7098,1,2,0.25,0.3,0.45,0.25,0.35,0.4,0.4,0.6
ML00453,Machine_Learning_Engineer,Machine Learning Engineer,F,31-35,3,MSc,1.8,0.829,0.6655,0.5141,0.5975,0.8116,0.6,0.5632,0.6363,0.5853,0.6057,1,1,0.25,0.3,0.45,0.25,0.35,0.4,0.4,0.6
ML00454,Machine_Learning_Engineer,Machine Learning Engineer,M,26-30,3,MSc,3.2,0.7197,0.7953,0.5248,0.8344,0.7679,1.0,0.5569,0.7426,0.7163,0.7268,1,1,0.25,0.3,0.45,0.25,0.35,0.4,0.4,0.6
ML00455,Machine_Learning_Engineer,Machine Learning Engineer,M,26-30,4,PhD,4.6,0.8284,0.7587,0.958,0.6762,0.9314,1.0,0.7009,0.8483,0.7955,0.8166,1,2,0.25,0.3,0.45,0.25,0.35,0.4,0.4,0.6
ML00456,Machine_Learning_Engineer,Machine Learning Engineer,M,31-35,4,PhD,3.5,1.0,0.7427,0.5013,0.5161,1.0,1.0,0.9378,0.972,0.5676,0.7294,1,1,0.25,0.3,0.45,0.25,0.35,0.4,0.4,0.6
ML00457,Machine_Learning_Engineer,Machine Learning Engineer,M,22-25,3,MSc,2.4,0.8944,0.637,0.4484,0.7402,0.8377,0.8,0.3662,0.6142,0.6122,0.613,0,1,0.25,0.3,0.45,0.25,0.35,0.4,0.4,0.6
ML00458,Machine_Learning_Engineer,Machine Learning Engineer,F,26-30,2,BSc,5.9,0.7843,0.601,0.3825,0.6882,0.6737,1.0,0.7295,0.7967,0.5594,0.6543,0,1,0.25,0.3,0.45,0.25,0.35,0.4,0.4,0.6
ML00459,Machine_Learning_Engineer,Machine Learning Engineer,F,40+,3,MSc,3.5,0.6284,1.0,0.6687,0.7474,0.7314,1.0,0.8201,0.8519,0.783,0.8106,1,2,0.25,0.3,0.45,0.25,0.35,0.4,0.4,0.6
ML00460,Machine_Learning_Engineer,Machine Learning Engineer,F,31-35,2,BSc,7.1,1.0,0.6806,0.5593,0.8525,0.76,1.0,0.611,0.7649,0.7069,0.7301,0,1,0.25,0.3,0.45,0.25,0.35,0.4,0.4,0.6
ML00461,Machine_Learning_Engineer,Machine Learning Engineer,M,31-35,3,MSc,4.0,0.6456,0.7872,0.5991,0.8381,0.7382,1.0,0.7082,0.8033,0.7417,0.7663,1,2,0.25,0.3,0.45,0.25,0.35,0.4,0.4,0.6
ML00462,Machine_Learning_Engineer,Machine Learning Engineer,M,36-40,3,MSc,3.8,0.69,0.6673,0.7819,0.7468,0.756,1.0,0.6814,0.7956,0.7393,0.7618,1,2,0.25,0.3,0.45,0.25,0.35,0.4,0.4,0.6
ML00463,Machine_Learning_Engineer,Machine Learning Engineer,F,22-25,3,MSc,2.6,0.9799,0.7474,0.4372,0.7238,0.872,0.8667,0.7021,0.794,0.6294,0.6952,1,1,0.25,0.3,0.45,0.25,0.35,0.4,0.4,0.6
ML00464,Machine_Learning_Engineer,Machine Learning Engineer,M,26-30,3,MSc,4.7,0.5832,0.7475,0.7328,0.6579,0.7133,1.0,0.6323,0.7628,0.7065,0.729,1,2,0.25,0.3,0.45,0.25,0.35,0.4,0.4,0.6
ML00465,Machine_Learning_Engineer,Machine Learning Engineer,F,36-40,2,BSc,3.8,0.5894,0.8794,0.4983,0.7049,0.5957,1.0,0.5645,0.7029,0.6762,0.6869,0,1,0.25,0.3,0.45,0.25,0.35,0.4,0.4,0.6
ML00466,Machine_Learning_Engineer,Machine Learning Engineer,M,31-35,3,MSc,2.5,1.0,0.5331,0.5482,0.5999,0.88,0.8333,0.4748,0.6836,0.5651,0.6125,1,1,0.25,0.3,0.45,0.25,0.35,0.4,0.4,0.6
ML00467,Machine_Learning_Engineer,Machine Learning Engineer,F,36-40,3,MSc,2.3,0.7274,0.6565,0.7457,0.4808,0.7709,0.7667,0.7845,0.7757,0.6174,0.6807,1,1,0.25,0.3,0.45,0.25,0.35,0.4,0.4,0.6
ML00468,Machine_Learning_Engineer,Machine Learning Engineer,M,22-25,3,MSc,5.0,0.9879,0.7886,0.8692,0.548,0.8752,1.0,0.8081,0.8825,0.7206,0.7854,1,2,0.25,0.3,0.45,0.25,0.35,0.4,0.4,0.6
ML00469,Machine_Learning_Engineer,Machine Learning Engineer,M,26-30,2,BSc,2.5,0.9464,0.7574,0.5759,0.7639,0.7385,0.8333,0.6577,0.7306,0.6965,0.7101,0,2,0.25,0.3,0.45,0.25,0.35,0.4,0.4,0.6
ML00470,Machine_Learning_Engineer,Machine Learning Engineer,M,40+,3,MSc,6.1,0.6714,0.631,0.6987,0.7588,0.7486,1.0,0.711,0.8071,0.7058,0.7463,1,2,0.25,0.3,0.45,0.25,0.35,0.4,0.4,0.6
ML00471,Machine_Learning_Engineer,Machine Learning Engineer,M,26-30,2,BSc,0.9,0.8442,0.6283,0.3136,0.516,0.6977,0.3,0.6195,0.5432,0.4732,0.5012,0,2,0.25,0.3,0.45,0.25,0.35,0.4,0.4,0.6
ML00472,Machine_Learning_Engineer,Machine Learning Engineer,F,36-40,2,BSc,7.8,0.6093,0.647,0.7017,0.7324,0.6037,1.0,0.824,0.8217,0.7003,0.7489,0,3,0.25,0.3,0.45,0.25,0.35,0.4,0.4,0.6
ML00473,Machine_Learning_Engineer,Machine Learning Engineer,F,26-30,2,BSc,1.4,0.8891,0.627,0.6925,0.431,0.7156,0.4667,0.6358,0.605,0.5715,0.5849,0,0,0.25,0.3,0.45,0.25,0.35,0.4,0.4,0.6
ML00474,Machine_Learning_Engineer,Machine Learning Engineer,M,26-30,3,MSc,2.6,0.8584,0.7306,0.5288,0.8755,0.8233,0.8667,0.5589,0.7174,0.7179,0.7177,1,1,0.25,0.3,0.45,0.25,0.35,0.4,0.4,0.6
ML00475,Machine_Learning_Engineer,Machine Learning Engineer,M,31-35,2,BSc,2.6,0.5987,0.6752,0.2777,0.4594,0.5995,0.8667,0.4448,0.61,0.4498,0.5139,0,1,0.25,0.3,0.45,0.25,0.35,0.4,0.4,0.6
ML00476,Machine_Learning_Engineer,Machine Learning Engineer,M,22-25,3,MSc,4.9,0.9087,0.7178,0.4364,0.6675,0.8435,1.0,0.6626,0.809,0.5992,0.6831,1,1,0.25,0.3,0.45,0.25,0.35,0.4,0.4,0.6
ML00477,Machine_Learning_Engineer,Machine Learning Engineer,M,36-40,3,MSc,1.7,0.769,0.6865,0.5173,0.8461,0.7876,0.5667,0.609,0.6409,0.6911,0.671,1,1,0.25,0.3,0.45,0.25,0.35,0.4,0.4,0.6
ML00478,Machine_Learning_Engineer,Machine Learning Engineer,M,40+,2,BSc,1.9,0.6842,0.5873,0.2901,0.6582,0.6337,0.6333,0.5477,0.5949,0.5116,0.5449,0,1,0.25,0.3,0.45,0.25,0.35,0.4,0.4,0.6
ML00479,Machine_Learning_Engineer,Machine Learning Engineer,M,40+,4,PhD,5.4,0.6809,0.7264,0.6649,0.4803,0.8723,1.0,0.5397,0.7609,0.6065,0.6683,1,1,0.25,0.3,0.45,0.25,0.35,0.4,0.4,0.6
ML00480,Machine_Learning_Engineer,Machine Learning Engineer,M,26-30,3,MSc,7.8,0.7441,0.584,0.8193,0.5574,0.7776,1.0,0.7476,0.8308,0.6557,0.7257,1,2,0.25,0.3,0.45,0.25,0.35,0.4,0.4,0.6
ML00481,Machine_Learning_Engineer,Machine Learning Engineer,F,31-35,3,MSc,4.2,0.8015,0.6931,0.5624,0.7065,0.8006,1.0,0.5359,0.7413,0.6527,0.6881,1,1,0.25,0.3,0.45,0.25,0.35,0.4,0.4,0.6
ML00482,Machine_Learning_Engineer,Machine Learning Engineer,F,26-30,3,MSc,3.2,0.7007,0.7104,0.518,0.4544,0.7603,1.0,0.7297,0.8184,0.5407,0.6518,1,1,0.25,0.3,0.45,0.25,0.35,0.4,0.4,0.6
ML00483,Machine_Learning_Engineer,Machine Learning Engineer,M,26-30,2,BSc,3.6,0.7195,0.5118,0.5599,0.7512,0.6478,1.0,0.5436,0.7066,0.6244,0.6573,0,1,0.25,0.3,0.45,0.25,0.35,0.4,0.4,0.6
ML00484,Machine_Learning_Engineer,Machine Learning Engineer,F,22-25,4,PhD,7.4,0.9139,0.7338,0.9476,0.8263,0.9656,1.0,0.9075,0.9498,0.8456,0.8873,1,3,0.25,0.3,0.45,0.25,0.35,0.4,0.4,0.6
ML00485,Machine_Learning_Engineer,Machine Learning Engineer,F,26-30,3,MSc,4.7,0.9403,0.7117,0.7497,0.8511,0.8561,1.0,0.7318,0.8433,0.7808,0.8058,1,3,0.25,0.3,0.45,0.25,0.35,0.4,0.4,0.6
ML00486,Machine_Learning_Engineer,Machine Learning Engineer,M,31-35,3,MSc,0.3,0.6584,0.536,0.4265,0.5862,0.7433,0.1,0.759,0.5574,0.5177,0.5336,0,1,0.25,0.3,0.45,0.25,0.35,0.4,0.4,0.6
ML00487,Machine_Learning_Engineer,Machine Learning Engineer,F,26-30,2,BSc,5.2,0.7088,0.7498,0.6672,0.6573,0.6435,1.0,0.5477,0.7073,0.6839,0.6933,0,1,0.25,0.3,0.45,0.25,0.35,0.4,0.4,0.6
ML00488,Machine_Learning_Engineer,Machine Learning Engineer,M,26-30,3,MSc,2.9,0.9365,0.6224,0.6208,0.5667,0.8546,0.9667,0.4964,0.727,0.5996,0.6506,1,1,0.25,0.3,0.45,0.25,0.35,0.4,0.4,0.6
ML00489,Machine_Learning_Engineer,Machine Learning Engineer,M,31-35,3,MSc,3.9,0.5842,0.5527,0.6404,0.8699,0.7137,1.0,0.6219,0.7583,0.7103,0.7295,1,2,0.25,0.3,0.45,0.25,0.35,0.4,0.4,0.6
ML00490,Machine_Learning_Engineer,Machine Learning Engineer,M,31-35,2,BSc,3.2,0.9894,0.6792,0.7655,0.6482,0.7557,1.0,0.7416,0.8226,0.697,0.7472,0,2,0.25,0.3,0.45,0.25,0.35,0.4,0.4,0.6
ML00491,Machine_Learning_Engineer,Machine Learning Engineer,M,26-30,3,MSc,6.2,0.8682,0.8493,0.8249,0.9386,0.8273,1.0,0.8105,0.8715,0.8765,0.8745,1,3,0.25,0.3,0.45,0.25,0.35,0.4,0.4,0.6
ML00492,Machine_Learning_Engineer,Machine Learning Engineer,M,26-30,3,MSc,2.8,0.8657,0.6846,0.5079,0.7255,0.8263,0.9333,0.6961,0.7998,0.6391,0.7034,1,1,0.25,0.3,0.45,0.25,0.35,0.4,0.4,0.6
ML00493,Machine_Learning_Engineer,Machine Learning Engineer,F,40+,4,PhD,1.9,0.9037,0.823,0.5878,0.759,0.9615,0.6333,0.6567,0.7259,0.7151,0.7194,1,2,0.25,0.3,0.45,0.25,0.35,0.4,0.4,0.6
ML00494,Machine_Learning_Engineer,Machine Learning Engineer,M,26-30,2,BSc,4.9,0.7976,0.6912,0.7979,0.8652,0.679,1.0,0.8185,0.8381,0.7982,0.8142,0,3,0.25,0.3,0.45,0.25,0.35,0.4,0.4,0.6
ML00495,Machine_Learning_Engineer,Machine Learning Engineer,M,31-35,3,MSc,5.0,0.6957,0.76,0.8258,0.8423,0.7583,1.0,0.6681,0.7902,0.8159,0.8056,1,2,0.25,0.3,0.45,0.25,0.35,0.4,0.4,0.6
ML00496,Machine_Learning_Engineer,Machine Learning Engineer,F,26-30,4,PhD,2.1,0.7986,0.8229,0.6853,0.6341,0.9194,0.7,0.707,0.758,0.6992,0.7227,1,2,0.25,0.3,0.45,0.25,0.35,0.4,0.4,0.6
ML00497,Machine_Learning_Engineer,Machine Learning Engineer,F,31-35,2,BSc,5.0,0.7951,0.4385,0.5311,0.6214,0.678,1.0,0.417,0.6571,0.544,0.5892,0,1,0.25,0.3,0.45,0.25,0.35,0.4,0.4,0.6
ML00498,Machine_Learning_Engineer,Machine Learning Engineer,F,36-40,4,PhD,6.5,0.8816,0.6562,0.8623,0.8521,0.9526,1.0,0.8128,0.9039,0.8067,0.8456,1,3,0.25,0.3,0.45,0.25,0.35,0.4,0.4,0.6
ML00499,Machine_Learning_Engineer,Machine Learning Engineer,F,36-40,4,PhD,4.2,0.9618,0.6928,0.5299,0.8619,0.9847,1.0,0.6265,0.8281,0.7034,0.7533,1,2,0.25,0.3,0.45,0.25,0.35,0.4,0.4,0.6
ML00500,Machine_Learning_Engineer,Machine Learning Engineer,M,31-35,4,PhD,3.1,0.989,0.6121,0.5094,0.6054,0.9956,1.0,0.5059,0.7766,0.5735,0.6547,1,1,0.25,0.3,0.45,0.25,0.35,0.4,0.4,0.6
ML00501,Machine_Learning_Engineer,Machine Learning Engineer,F,26-30,2,BSc,4.8,0.461,0.6468,0.5396,0.7111,0.5444,1.0,0.5701,0.6927,0.635,0.6581,0,2,0.25,0.3,0.45,0.25,0.35,0.4,0.4,0.6
ML00502,Machine_Learning_Engineer,Machine Learning Engineer,M,26-30,3,MSc,2.8,0.6825,0.6153,0.4967,0.6217,0.753,0.9333,0.4909,0.6891,0.5764,0.6215,1,1,0.25,0.3,0.45,0.25,0.35,0.4,0.4,0.6
ML00503,Machine_Learning_Engineer,Machine Learning Engineer,M,26-30,2,BSc,3.2,0.6287,0.7032,0.677,0.6899,0.6115,1.0,0.6295,0.7361,0.6887,0.7077,0,1,0.25,0.3,0.45,0.25,0.35,0.4,0.4,0.6
ML00504,Machine_Learning_Engineer,Machine Learning Engineer,F,31-35,3,MSc,1.3,0.7138,0.7137,0.3187,0.6626,0.7655,0.4333,0.8116,0.6866,0.555,0.6076,0,1,0.25,0.3,0.45,0.25,0.35,0.4,0.4,0.6
ML00505,Machine_Learning_Engineer,Machine Learning Engineer,M,26-30,3,MSc,4.6,0.8306,0.726,0.6447,0.8018,0.8122,1.0,0.6313,0.7871,0.7279,0.7516,1,2,0.25,0.3,0.45,0.25,0.35,0.4,0.4,0.6
ML00506,Machine_Learning_Engineer,Machine Learning Engineer,M,31-35,3,MSc,3.2,0.7069,0.7734,0.7949,0.7943,0.7628,1.0,0.5258,0.7273,0.7893,0.7645,1,1,0.25,0.3,0.45,0.25,0.35,0.4,0.4,0.6
ML00507,Machine_Learning_Engineer,Machine Learning Engineer,F,36-40,3,MSc,2.5,0.6508,0.6905,0.7695,0.8656,0.7403,0.8333,0.8288,0.808,0.7882,0.7961,1,3,0.25,0.3,0.45,0.25,0.35,0.4,0.4,0.6
ML00508,Machine_Learning_Engineer,Machine Learning Engineer,F,31-35,3,MSc,2.3,1.0,0.7137,0.5489,0.5308,0.88,0.7667,0.6252,0.7313,0.5829,0.6423,1,1,0.25,0.3,0.45,0.25,0.35,0.4,0.4,0.6
ML00509,Machine_Learning_Engineer,Machine Learning Engineer,F,36-40,2,BSc,3.0,0.8096,0.59,0.781,0.6604,0.6838,1.0,0.7795,0.8217,0.685,0.7397,0,2,0.25,0.3,0.45,0.25,0.35,0.4,0.4,0.6
ML00510,Machine_Learning_Engineer,Machine Learning Engineer,M,22-25,2,BSc,2.3,0.7026,0.5872,0.5768,0.5844,0.641,0.7667,0.758,0.7314,0.5824,0.642,0,2,0.25,0.3,0.45,0.25,0.35,0.4,0.4,0.6
ML00511,Machine_Learning_Engineer,Machine Learning Engineer,M,26-30,3,MSc,5.0,0.9419,0.7205,0.8208,0.5301,0.8567,1.0,0.7902,0.8698,0.6794,0.7556,1,2,0.25,0.3,0.45,0.25,0.35,0.4,0.4,0.6
ML00512,Machine_Learning_Engineer,Machine Learning Engineer,F,26-30,3,MSc,1.8,0.6983,0.6201,0.4819,0.7958,0.7593,0.6,0.6224,0.6499,0.642,0.6452,1,1,0.25,0.3,0.45,0.25,0.35,0.4,0.4,0.6
ML00513,Machine_Learning_Engineer,Machine Learning Engineer,F,22-25,2,BSc,1.6,0.9502,0.7272,0.5961,0.6823,0.7401,0.5333,0.6852,0.6534,0.6633,0.6593,0,1,0.25,0.3,0.45,0.25,0.35,0.4,0.4,0.6
ML00514,Machine_Learning_Engineer,Machine Learning Engineer,M,31-35,3,MSc,2.1,0.879,0.5662,0.5299,0.8067,0.8316,0.7,0.661,0.7153,0.6497,0.6759,1,2,0.25,0.3,0.45,0.25,0.35,0.4,0.4,0.6
ML00515,Machine_Learning_Engineer,Machine Learning Engineer,M,31-35,2,BSc,3.0,0.7166,0.5137,0.6588,0.6797,0.6466,1.0,0.6989,0.7762,0.6309,0.689,0,2,0.25,0.3,0.45,0.25,0.35,0.4,0.4,0.6
ML00516,Machine_Learning_Engineer,Machine Learning Engineer,M,26-30,3,MSc,3.8,0.6537,0.6471,0.6074,0.9438,0.7415,1.0,0.6186,0.7638,0.7519,0.7567,1,3,0.25,0.3,0.45,0.25,0.35,0.4,0.4,0.6
ML00517,Machine_Learning_Engineer,Machine Learning Engineer,F,22-25,2,BSc,5.6,0.6433,0.4725,0.6226,0.6637,0.6173,1.0,0.5559,0.7045,0.6015,0.6427,0,1,0.25,0.3,0.45,0.25,0.35,0.4,0.4,0.6
ML00518,Machine_Learning_Engineer,Machine Learning Engineer,F,26-30,3,MSc,3.9,1.0,0.6296,0.6447,0.5582,0.88,1.0,0.6816,0.8267,0.6064,0.6945,1,2,0.25,0.3,0.45,0.25,0.35,0.4,0.4,0.6
ML00519,Machine_Learning_Engineer,Machine Learning Engineer,F,31-35,3,MSc,1.7,0.8411,0.6533,0.5492,0.5898,0.8164,0.5667,0.5648,0.6283,0.5915,0.6062,1,3,0.25,0.3,0.45,0.25,0.35,0.4,0.4,0.6
ML00520,Machine_Learning_Engineer,Machine Learning Engineer,M,36-40,3,MSc,3.2,0.801,0.7643,0.5674,0.387,0.8004,1.0,0.6267,0.7821,0.5445,0.6395,1,1,0.25,0.3,0.45,0.25,0.35,0.4,0.4,0.6
ML00521,Machine_Learning_Engineer,Machine Learning Engineer,F,31-35,2,BSc,5.0,0.936,0.6044,0.6492,0.8231,0.7344,1.0,0.5839,0.7463,0.7076,0.7231,0,2,0.25,0.3,0.45,0.25,0.35,0.4,0.4,0.6
ML00522,Machine_Learning_Engineer,Machine Learning Engineer,F,26-30,3,MSc,0.0,0.7549,0.6662,0.416,0.5991,0.782,0.0,0.6891,0.5056,0.5518,0.5333,0,1,0.25,0.3,0.45,0.25,0.35,0.4,0.4,0.6
ML00523,Machine_Learning_Engineer,Machine Learning Engineer,F,31-35,2,BSc,2.5,0.6637,0.7558,0.5602,0.5632,0.6255,0.8333,0.711,0.7263,0.6103,0.6567,0,3,0.25,0.3,0.45,0.25,0.35,0.4,0.4,0.6
ML00524,Machine_Learning_Engineer,Machine Learning Engineer,M,26-30,2,BSc,4.1,0.6542,0.8109,0.5491,0.4271,0.6217,1.0,0.6206,0.7347,0.5658,0.6334,0,1,0.25,0.3,0.45,0.25,0.35,0.4,0.4,0.6
ML00525,Machine_Learning_Engineer,Machine Learning Engineer,M,40+,3,MSc,2.5,0.6025,0.8495,0.8696,0.7229,0.721,0.8333,0.8902,0.8308,0.8059,0.8159,1,3,0.25,0.3,0.45,0.25,0.35,0.4,0.4,0.6
ML00526,Machine_Learning_Engineer,Machine Learning Engineer,F,26-30,4,PhD,5.1,0.9105,0.7208,0.7529,0.6968,0.9642,1.0,0.7767,0.8906,0.7224,0.7897,1,1,0.25,0.3,0.45,0.25,0.35,0.4,0.4,0.6
ML00527,Machine_Learning_Engineer,Machine Learning Engineer,M,26-30,2,BSc,0.6,0.9359,0.5564,0.4196,0.4061,0.7344,0.2,0.5127,0.4743,0.4484,0.4588,0,1,0.25,0.3,0.45,0.25,0.35,0.4,0.4,0.6
ML00528,Machine_Learning_Engineer,Machine Learning Engineer,F,31-35,3,MSc,4.5,0.8015,0.8254,0.8447,0.8995,0.8006,1.0,0.7023,0.8162,0.8618,0.8436,1,2,0.25,0.3,0.45,0.25,0.35,0.4,0.4,0.6
ML00529,Machine_Learning_Engineer,Machine Learning Engineer,M,22-25,4,PhD,0.0,0.8993,0.8679,0.4866,0.6779,0.9597,0.0,0.6279,0.5225,0.6585,0.6041,0,1,0.25,0.3,0.45,0.25,0.35,0.4,0.4,0.6
ML00530,Machine_Learning_Engineer,Machine Learning Engineer,F,22-25,3,MSc,4.0,0.6514,0.5122,0.6622,0.819,0.7406,1.0,0.4752,0.699,0.6874,0.692,1,1,0.25,0.3,0.45,0.25,0.35,0.4,0.4,0.6
ML00531,Machine_Learning_Engineer,Machine Learning Engineer,F,26-30,2,BSc,2.6,0.8872,0.8805,0.6073,0.6439,0.7149,0.8667,0.5647,0.6929,0.6902,0.6913,0,2,0.25,0.3,0.45,0.25,0.35,0.4,0.4,0.6
ML00532,Machine_Learning_Engineer,Machine Learning Engineer,F,31-35,4,PhD,1.9,0.8297,0.8599,0.6187,0.5491,0.9319,0.6333,0.8459,0.8036,0.6511,0.7121,1,2,0.25,0.3,0.45,0.25,0.35,0.4,0.4,0.6
ML00533,Machine_Learning_Engineer,Machine Learning Engineer,F,26-30,3,MSc,5.1,0.9002,0.8842,0.625,0.8802,0.8401,1.0,0.5588,0.7615,0.7919,0.7797,1,1,0.25,0.3,0.45,0.25,0.35,0.4,0.4,0.6
ML00534,Machine_Learning_Engineer,Machine Learning Engineer,M,40+,2,BSc,2.1,0.8117,0.4315,0.5614,0.4216,0.6847,0.7,0.5022,0.6072,0.473,0.5267,0,1,0.25,0.3,0.45,0.25,0.35,0.4,0.4,0.6
ML00535,Machine_Learning_Engineer,Machine Learning Engineer,M,26-30,3,MSc,2.4,0.6906,0.8753,0.4841,0.6374,0.7562,0.8,0.5739,0.6873,0.6432,0.6608,1,1,0.25,0.3,0.45,0.25,0.35,0.4,0.4,0.6
ML00536,Machine_Learning_Engineer,Machine Learning Engineer,F,31-35,2,BSc,5.8,0.6834,0.6507,0.5216,0.6076,0.6333,1.0,0.5406,0.7016,0.5883,0.6336,0,1,0.25,0.3,0.45,0.25,0.35,0.4,0.4,0.6
ML00537,Machine_Learning_Engineer,Machine Learning Engineer,M,36-40,3,MSc,5.2,0.7599,0.9501,0.8423,0.6069,0.7839,1.0,0.8771,0.8907,0.7751,0.8213,1,2,0.25,0.3,0.45,0.25,0.35,0.4,0.4,0.6
ML00538,Machine_Learning_Engineer,Machine Learning Engineer,M,26-30,4,PhD,4.2,0.881,0.8614,0.5481,0.5233,0.9524,1.0,0.438,0.7352,0.6165,0.664,1,1,0.25,0.3,0.45,0.25,0.35,0.4,0.4,0.6
ML00539,Machine_Learning_Engineer,Machine Learning Engineer,F,26-30,4,PhD,3.6,0.6443,0.9529,0.727,0.616,0.8577,1.0,0.7122,0.8349,0.7391,0.7774,1,2,0.25,0.3,0.45,0.25,0.35,0.4,0.4,0.6
ML00540,Machine_Learning_Engineer,Machine Learning Engineer,M,31-35,3,MSc,6.1,0.866,0.9939,0.7726,0.7251,0.8264,1.0,0.9155,0.9186,0.8089,0.8528,1,2,0.25,0.3,0.45,0.25,0.35,0.4,0.4,0.6
ML00541,Machine_Learning_Engineer,Machine Learning Engineer,M,26-30,4,PhD,6.4,0.6942,0.6372,0.6364,0.7101,0.8777,1.0,0.5716,0.7766,0.666,0.7102,1,2,0.25,0.3,0.45,0.25,0.35,0.4,0.4,0.6
ML00542,Machine_Learning_Engineer,Machine Learning Engineer,M,26-30,4,PhD,4.8,0.7693,0.6495,0.9287,0.7477,0.9077,1.0,0.6262,0.8087,0.7865,0.7954,1,2,0.25,0.3,0.45,0.25,0.35,0.4,0.4,0.6
ML00543,Machine_Learning_Engineer,Machine Learning Engineer,M,22-25,3,MSc,5.9,0.6439,0.663,0.6469,0.7847,0.7376,1.0,0.5429,0.7287,0.706,0.7151,1,1,0.25,0.3,0.45,0.25,0.35,0.4,0.4,0.6
ML00544,Machine_Learning_Engineer,Machine Learning Engineer,F,31-35,4,PhD,8.3,0.8056,0.6822,0.5514,0.7031,0.9223,1.0,0.9256,0.9471,0.6448,0.7657,1,2,0.25,0.3,0.45,0.25,0.35,0.4,0.4,0.6
ML00545,Machine_Learning_Engineer,Machine Learning Engineer,F,22-25,4,PhD,3.5,0.9758,0.6266,0.7974,0.7294,0.9903,1.0,0.4088,0.7315,0.7275,0.7291,0,1,0.25,0.3,0.45,0.25,0.35,0.4,0.4,0.6
ML00546,Machine_Learning_Engineer,Machine Learning Engineer,F,31-35,3,MSc,2.9,0.6568,0.7956,0.6821,0.9824,0.7427,0.9667,0.7313,0.8048,0.8306,0.8203,1,3,0.25,0.3,0.45,0.25,0.35,0.4,0.4,0.6
ML00547,Machine_Learning_Engineer,Machine Learning Engineer,M,26-30,2,BSc,2.0,0.8199,0.794,0.5096,0.6444,0.688,0.6667,0.7044,0.689,0.6346,0.6564,0,1,0.25,0.3,0.45,0.25,0.35,0.4,0.4,0.6
ML00548,Machine_Learning_Engineer,Machine Learning Engineer,M,26-30,3,MSc,2.1,0.8607,0.8366,0.5616,0.7579,0.8243,0.7,0.7286,0.7439,0.7089,0.7229,1,1,0.25,0.3,0.45,0.25,0.35,0.4,0.4,0.6
ML00549,Machine_Learning_Engineer,Machine Learning Engineer,M,22-25,3,MSc,4.8,0.8951,0.5405,0.5521,0.7012,0.838,1.0,0.5589,0.761,0.6088,0.6697,1,1,0.25,0.3,0.45,0.25,0.35,0.4,0.4,0.6
ML00550,Machine_Learning_Engineer,Machine Learning Engineer,F,26-30,3,MSc,2.8,0.8307,0.7633,0.459,0.8814,0.8123,0.9333,0.6365,0.7695,0.704,0.7302,1,1,0.25,0.3,0.45,0.25,0.35,0.4,0.4,0.6
ML00551,Machine_Learning_Engineer,Machine Learning Engineer,F,31-35,3,MSc,3.1,0.8835,0.572,0.5451,0.9577,0.8334,1.0,0.6977,0.8223,0.7169,0.7591,1,2,0.25,0.3,0.45,0.25,0.35,0.4,0.4,0.6
ML00552,Machine_Learning_Engineer,Machine Learning Engineer,M,40+,3,MSc,3.1,0.7397,0.7307,0.7446,0.7924,0.7759,1.0,0.606,0.7667,0.7602,0.7628,1,2,0.25,0.3,0.45,0.25,0.35,0.4,0.4,0.6
ML00553,Machine_Learning_Engineer,Machine Learning Engineer,M,26-30,3,MSc,6.1,0.7695,0.7396,0.7344,0.9537,0.7878,1.0,0.7279,0.8245,0.8234,0.8238,1,3,0.25,0.3,0.45,0.25,0.35,0.4,0.4,0.6
ML00554,Machine_Learning_Engineer,Machine Learning Engineer,M,36-40,3,MSc,3.6,0.5495,0.6249,0.5303,0.5958,0.6998,1.0,0.6976,0.7889,0.5802,0.6637,1,2,0.25,0.3,0.45,0.25,0.35,0.4,0.4,0.6
ML00555,Machine_Learning_Engineer,Machine Learning Engineer,F,31-35,3,MSc,5.6,0.8348,0.865,0.7203,0.8452,0.8139,1.0,0.7516,0.8417,0.8064,0.8205,1,3,0.25,0.3,0.45,0.25,0.35,0.4,0.4,0.6
ML00556,Machine_Learning_Engineer,Machine Learning Engineer,M,22-25,3,MSc,5.8,0.7594,0.5536,0.8468,0.834,0.7838,1.0,0.6937,0.8081,0.7684,0.7843,1,2,0.25,0.3,0.45,0.25,0.35,0.4,0.4,0.6
ML00557,Machine_Learning_Engineer,Machine Learning Engineer,M,31-35,3,MSc,4.1,0.7022,0.5748,0.7598,0.4305,0.7609,1.0,0.6436,0.7799,0.5818,0.661,1,1,0.25,0.3,0.45,0.25,0.35,0.4,0.4,0.6
ML00558,Machine_Learning_Engineer,Machine Learning Engineer,F,31-35,3,MSc,0.0,0.6659,0.7396,0.6523,0.4557,0.7463,0.0,0.5259,0.4232,0.5955,0.5266,0,1,0.25,0.3,0.45,0.25,0.35,0.4,0.4,0.6
ML00559,Machine_Learning_Engineer,Machine Learning Engineer,M,36-40,3,MSc,3.3,0.7877,0.5167,0.7558,0.5985,0.7951,1.0,0.4514,0.7019,0.6331,0.6606,1,1,0.25,0.3,0.45,0.25,0.35,0.4,0.4,0.6
ML00560,Machine_Learning_Engineer,Machine Learning Engineer,F,40+,3,MSc,3.9,0.7214,0.6816,0.6885,0.6638,0.7686,1.0,0.61,0.7667,0.6769,0.7128,1,3,0.25,0.3,0.45,0.25,0.35,0.4,0.4,0.6
ML00561,Machine_Learning_Engineer,Machine Learning Engineer,F,31-35,4,PhD,3.2,0.7842,0.7669,0.7396,0.8736,0.9137,1.0,0.8187,0.8969,0.8,0.8388,1,3,0.25,0.3,0.45,0.25,0.35,0.4,0.4,0.6
ML00562,Machine_Learning_Engineer,Machine Learning Engineer,F,26-30,4,PhD,0.0,0.7598,0.7701,0.3156,0.6029,0.9039,0.0,0.586,0.4897,0.5442,0.5224,0,1,0.25,0.3,0.45,0.25,0.35,0.4,0.4,0.6
ML00563,Machine_Learning_Engineer,Machine Learning Engineer,F,40+,2,BSc,1.4,0.6887,0.624,0.5731,0.4705,0.6355,0.4667,0.3508,0.4568,0.5448,0.5096,0,0,0.25,0.3,0.45,0.25,0.35,0.4,0.4,0.6
ML00564,Machine_Learning_Engineer,Machine Learning Engineer,M,22-25,2,BSc,7.0,0.8845,0.5319,0.7139,0.7351,0.7138,1.0,0.4546,0.683,0.6769,0.6793,0,1,0.25,0.3,0.45,0.25,0.35,0.4,0.4,0.6
ML00565,Machine_Learning_Engineer,Machine Learning Engineer,F,26-30,3,MSc,4.1,0.937,0.7974,0.4853,0.8175,0.8548,1.0,0.7396,0.8465,0.6962,0.7563,1,0,0.25,0.3,0.45,0.25,0.35,0.4,0.4,0.6
ML00566,Machine_Learning_Engineer,Machine Learning Engineer,F,22-25,3,MSc,4.5,0.8467,0.6332,0.6725,0.6039,0.8187,1.0,0.498,0.7288,0.6352,0.6726,1,1,0.25,0.3,0.45,0.25,0.35,0.4,0.4,0.6
ML00567,Machine_Learning_Engineer,Machine Learning Engineer,F,31-35,2,BSc,7.5,0.5554,0.7903,0.993,0.9013,0.5821,1.0,0.7756,0.7946,0.9056,0.8612,0,3,0.25,0.3,0.45,0.25,0.35,0.4,0.4,0.6
ML00568,Machine_Learning_Engineer,Machine Learning Engineer,F,36-40,4,PhD,6.1,0.8166,0.5042,0.7695,0.6376,0.9266,1.0,0.514,0.763,0.6504,0.6954,1,1,0.25,0.3,0.45,0.25,0.35,0.4,0.4,0.6
ML00569,Machine_Learning_Engineer,Machine Learning Engineer,F,22-25,2,BSc,4.4,0.9139,0.5811,0.6485,0.6411,0.7256,1.0,0.6243,0.7624,0.6287,0.6822,0,2,0.25,0.3,0.45,0.25,0.35,0.4,0.4,0.6
ML00570,Machine_Learning_Engineer,Machine Learning Engineer,M,22-25,2,BSc,5.3,0.7318,0.8558,0.8366,0.8241,0.6527,1.0,0.7668,0.8083,0.8364,0.8252,0,3,0.25,0.3,0.45,0.25,0.35,0.4,0.4,0.6
ML00571,Machine_Learning_Engineer,Machine Learning Engineer,F,31-35,4,PhD,0.0,0.8492,0.81,0.6427,0.5926,0.9397,0.0,0.6235,0.5155,0.6645,0.6049,0,2,0.25,0.3,0.45,0.25,0.35,0.4,0.4,0.6
ML00572,Machine_Learning_Engineer,Machine Learning Engineer,M,40+,4,PhD,3.8,0.9495,0.7931,0.7794,0.9145,0.9798,1.0,0.7927,0.9017,0.8369,0.8628,1,3,0.25,0.3,0.45,0.25,0.35,0.4,0.4,0.6
ML00573,Machine_Learning_Engineer,Machine Learning Engineer,F,31-35,4,PhD,0.0,0.6819,0.7286,0.3544,0.5167,0.8728,0.0,0.5451,0.4635,0.5129,0.4931,0,1,0.25,0.3,0.45,0.25,0.35,0.4,0.4,0.6
ML00574,Machine_Learning_Engineer,Machine Learning Engineer,M,22-25,2,BSc,2.0,0.8324,0.6062,0.615,0.5342,0.6929,0.6667,0.6646,0.6723,0.5805,0.6172,0,3,0.25,0.3,0.45,0.25,0.35,0.4,0.4,0.6
ML00575,Machine_Learning_Engineer,Machine Learning Engineer,M,26-30,3,MSc,7.0,0.6073,0.697,0.6802,0.9938,0.7229,1.0,0.8286,0.8536,0.8098,0.8273,1,3,0.25,0.3,0.45,0.25,0.35,0.4,0.4,0.6
ML00576,Machine_Learning_Engineer,Machine Learning Engineer,F,40+,2,BSc,2.8,0.4847,0.7483,0.8595,0.6027,0.5539,0.9333,0.9709,0.8553,0.729,0.7795,0,2,0.25,0.3,0.45,0.25,0.35,0.4,0.4,0.6
ML00577,Machine_Learning_Engineer,Machine Learning Engineer,F,26-30,2,BSc,0.0,0.7008,0.6613,0.5385,0.5921,0.6403,0.0,0.6368,0.4467,0.5906,0.533,0,1,0.25,0.3,0.45,0.25,0.35,0.4,0.4,0.6
ML00578,Machine_Learning_Engineer,Machine Learning Engineer,M,36-40,3,MSc,0.2,0.7924,0.6236,0.6379,0.9354,0.797,0.0667,0.8703,0.6109,0.7533,0.6963,0,2,0.25,0.3,0.45,0.25,0.35,0.4,0.4,0.6
ML00579,Machine_Learning_Engineer,Machine Learning Engineer,M,31-35,3,MSc,3.5,0.8032,0.6497,0.8214,0.5894,0.8013,1.0,0.6676,0.8008,0.6857,0.7317,1,2,0.25,0.3,0.45,0.25,0.35,0.4,0.4,0.6
ML00580,Machine_Learning_Engineer,Machine Learning Engineer,M,22-25,3,MSc,5.0,0.7578,0.7651,0.848,0.7018,0.7831,1.0,0.8982,0.8999,0.7688,0.8212,1,3,0.25,0.3,0.45,0.25,0.35,0.4,0.4,0.6
ML00581,Machine_Learning_Engineer,Machine Learning Engineer,F,36-40,2,BSc,7.3,0.6718,0.586,0.738,0.8523,0.6287,1.0,0.6616,0.7549,0.7457,0.7494,0,2,0.25,0.3,0.45,0.25,0.35,0.4,0.4,0.6
ML00582,Machine_Learning_Engineer,Machine Learning Engineer,F,22-25,3,MSc,3.5,1.0,0.7649,0.7221,0.6626,0.88,1.0,0.6814,0.8266,0.709,0.756,1,2,0.25,0.3,0.45,0.25,0.35,0.4,0.4,0.6
ML00583,Machine_Learning_Engineer,Machine Learning Engineer,M,31-35,3,MSc,4.3,0.9189,0.6154,0.6507,0.5563,0.8476,1.0,0.7063,0.8297,0.6041,0.6943,1,2,0.25,0.3,0.45,0.25,0.35,0.4,0.4,0.6
ML00584,Machine_Learning_Engineer,Machine Learning Engineer,M,22-25,2,BSc,0.6,1.0,0.5784,0.6491,0.6507,0.76,0.2,0.3515,0.4082,0.6321,0.5425,0,0,0.25,0.3,0.45,0.25,0.35,0.4,0.4,0.6
ML00585,Machine_Learning_Engineer,Machine Learning Engineer,M,36-40,3,MSc,1.5,0.9147,0.684,0.7771,0.4706,0.8459,0.5,0.5875,0.6259,0.6312,0.6291,1,1,0.25,0.3,0.45,0.25,0.35,0.4,0.4,0.6
ML00586,Machine_Learning_Engineer,Machine Learning Engineer,F,36-40,2,BSc,1.7,0.7285,0.6352,0.6013,0.7289,0.6514,0.5667,0.5548,0.5825,0.6608,0.6295,0,1,0.25,0.3,0.45,0.25,0.35,0.4,0.4,0.6
ML00587,Machine_Learning_Engineer,Machine Learning Engineer,F,22-25,2,BSc,2.1,0.5487,0.753,0.6075,0.5816,0.5795,0.7,0.5244,0.5909,0.6335,0.6165,0,1,0.25,0.3,0.45,0.25,0.35,0.4,0.4,0.6
ML00588,Machine_Learning_Engineer,Machine Learning Engineer,M,31-35,3,MSc,5.1,0.9125,0.6542,0.5621,0.6773,0.845,1.0,0.5934,0.7783,0.6312,0.69,1,2,0.25,0.3,0.45,0.25,0.35,0.4,0.4,0.6
ML00589,Machine_Learning_Engineer,Machine Learning Engineer,M,36-40,3,MSc,3.1,0.8552,0.7119,0.498,0.6727,0.8221,1.0,0.5103,0.7352,0.6214,0.6669,1,1,0.25,0.3,0.45,0.25,0.35,0.4,0.4,0.6
ML00590,Machine_Learning_Engineer,Machine Learning Engineer,M,36-40,3,MSc,3.1,0.8572,0.4859,0.6824,0.8631,0.8229,1.0,0.5208,0.7401,0.7056,0.7194,1,1,0.25,0.3,0.45,0.25,0.35,0.4,0.4,0.6
ML00591,Machine_Learning_Engineer,Machine Learning Engineer,F,22-25,3,MSc,1.5,0.7054,1.0,0.6219,0.6421,0.7622,0.5,0.808,0.7041,0.7245,0.7163,1,2,0.25,0.3,0.45,0.25,0.35,0.4,0.4,0.6
ML00592,Machine_Learning_Engineer,Machine Learning Engineer,M,26-30,3,MSc,3.9,0.7791,0.6937,0.7783,0.7284,0.7916,1.0,0.5919,0.7642,0.7372,0.748,1,2,0.25,0.3,0.45,0.25,0.35,0.4,0.4,0.6
ML00593,Machine_Learning_Engineer,Machine Learning Engineer,F,26-30,2,BSc,2.8,0.5727,0.5122,0.2653,0.42,0.5891,0.9333,0.3571,0.588,0.3889,0.4685,0,1,0.25,0.3,0.45,0.25,0.35,0.4,0.4,0.6
ML00594,Machine_Learning_Engineer,Machine Learning Engineer,F,36-40,2,BSc,6.7,0.7553,0.6451,0.7828,0.862,0.6621,1.0,0.7398,0.7984,0.7801,0.7874,0,3,0.25,0.3,0.45,0.25,0.35,0.4,0.4,0.6
ML00595,Machine_Learning_Engineer,Machine Learning Engineer,M,36-40,3,MSc,2.7,0.8247,0.5556,0.7518,0.5163,0.8099,0.9,0.6757,0.7765,0.6086,0.6758,1,1,0.25,0.3,0.45,0.25,0.35,0.4,0.4,0.6
ML00596,Machine_Learning_Engineer,Machine Learning Engineer,F,22-25,3,MSc,0.1,0.9258,0.5701,0.4763,0.5086,0.8503,0.0333,0.3604,0.3848,0.5126,0.4615,0,1,0.25,0.3,0.45,0.25,0.35,0.4,0.4,0.6
ML00597,Machine_Learning_Engineer,Machine Learning Engineer,F,31-35,3,MSc,5.0,0.4657,0.5137,0.4396,0.6332,0.6663,1.0,0.4919,0.6879,0.5356,0.5965,1,1,0.25,0.3,0.45,0.25,0.35,0.4,0.4,0.6
ML00598,Machine_Learning_Engineer,Machine Learning Engineer,M,26-30,4,PhD,4.2,0.9754,0.8002,0.7677,0.5556,0.9901,1.0,0.6825,0.8546,0.691,0.7564,1,2,0.25,0.3,0.45,0.25,0.35,0.4,0.4,0.6
ML00599,Machine_Learning_Engineer,Machine Learning Engineer,M,31-35,3,MSc,0.6,0.8874,0.822,0.4853,0.6597,0.835,0.2,0.7027,0.5849,0.6392,0.6175,0,1,0.25,0.3,0.45,0.25,0.35,0.4,0.4,0.6
ML00600,Machine_Learning_Engineer,Machine Learning Engineer,M,26-30,4,PhD,7.1,0.8369,0.68,0.6476,0.7165,0.9348,1.0,0.7136,0.8548,0.6833,0.7519,1,2,0.25,0.3,0.45,0.25,0.35,0.4,0.4,0.6
