candidate_id,job_role,job_role_display,gender,age_group,edu_level,edu_level_name,years_experience,edu_relevance,P_mcq,P_desc,P_code,S_edu,S_exp,S_skill,S_cv,S_int,CSS,passed_hard_filter,relevance_label,w_edu,w_exp,w_skill,w_mcq,w_desc,w_code,W_CV,W_INT
BLO00001,Blockchain_Developer,Blockchain Developer,F,31-35,3,MSc,3.0,0.792,0.6132,0.7568,0.6902,0.7968,1.0,0.6567,0.7807,0.6948,0.7292,1,2,0.15,0.3,0.55,0.2,0.3,0.5,0.4,0.6
BLO00002,Blockchain_Developer,Blockchain Developer,F,36-40,3,MSc,2.7,1.0,0.768,0.6808,0.8327,0.88,1.0,0.6593,0.7946,0.7742,0.7824,1,3,0.15,0.3,0.55,0.2,0.3,0.5,0.4,0.6
BLO00003,Blockchain_Developer,Blockchain Developer,M,26-30,2,BSc,1.0,0.693,0.6487,0.568,0.826,0.6372,0.4,0.6083,0.5501,0.7131,0.6479,1,2,0.15,0.3,0.55,0.2,0.3,0.5,0.4,0.6
BLO00004,Blockchain_Developer,Blockchain Developer,M,36-40,3,MSc,4.0,0.696,0.8278,0.6444,0.9077,0.7584,1.0,0.6401,0.7658,0.8127,0.7939,1,2,0.15,0.3,0.55,0.2,0.3,0.5,0.4,0.6
BLO00005,Blockchain_Developer,Blockchain Developer,F,26-30,2,BSc,0.4,0.708,0.607,0.6274,0.7138,0.6432,0.16,0.6979,0.5283,0.6665,0.6112,0,0,0.15,0.3,0.55,0.2,0.3,0.5,0.4,0.6
BLO00006,Blockchain_Developer,Blockchain Developer,F,26-30,2,BSc,4.6,0.667,0.8067,0.5385,0.7691,0.6268,1.0,0.7229,0.7916,0.7074,0.7411,1,3,0.15,0.3,0.55,0.2,0.3,0.5,0.4,0.6
BLO00007,Blockchain_Developer,Blockchain Developer,F,22-25,2,BSc,1.9,0.705,0.8357,0.6541,0.8964,0.642,0.76,0.7285,0.725,0.8116,0.777,1,3,0.15,0.3,0.55,0.2,0.3,0.5,0.4,0.6
BLO00008,Blockchain_Developer,Blockchain Developer,F,31-35,2,BSc,0.8,0.7,0.8469,0.74,0.9312,0.64,0.32,0.76,0.61,0.857,0.7582,0,3,0.15,0.3,0.55,0.2,0.3,0.5,0.4,0.6
BLO00009,Blockchain_Developer,Blockchain Developer,M,31-35,3,MSc,3.3,0.804,0.9212,0.7945,0.7803,0.8016,1.0,0.8219,0.8723,0.8127,0.8365,1,3,0.15,0.3,0.55,0.2,0.3,0.5,0.4,0.6
BLO00010,Blockchain_Developer,Blockchain Developer,M,26-30,3,MSc,2.1,0.766,0.7666,0.7661,1.0,0.7864,0.84,0.647,0.7258,0.8831,0.8202,1,2,0.15,0.3,0.55,0.2,0.3,0.5,0.4,0.6
BLO00011,Blockchain_Developer,Blockchain Developer,M,36-40,3,MSc,0.0,0.792,0.7003,0.6448,0.8504,0.7968,0.0,0.7981,0.5585,0.7587,0.6786,0,0,0.15,0.3,0.55,0.2,0.3,0.5,0.4,0.6
BLO00012,Blockchain_Developer,Blockchain Developer,F,36-40,4,PhD,0.5,0.867,0.7008,0.7305,1.0,0.9468,0.2,0.809,0.647,0.8593,0.7744,0,3,0.15,0.3,0.55,0.2,0.3,0.5,0.4,0.6
BLO00013,Blockchain_Developer,Blockchain Developer,M,26-30,2,BSc,0.9,0.67,0.7337,0.5454,0.7167,0.628,0.36,0.5543,0.5071,0.6687,0.6041,0,2,0.15,0.3,0.55,0.2,0.3,0.5,0.4,0.6
BLO00014,Blockchain_Developer,Blockchain Developer,M,41-45,2,BSc,4.7,0.785,0.7778,0.6474,1.0,0.674,1.0,0.8084,0.8457,0.8498,0.8482,1,3,0.15,0.3,0.55,0.2,0.3,0.5,0.4,0.6
BLO00015,Blockchain_Developer,Blockchain Developer,F,22-25,1,Diploma,3.2,0.745,0.7477,0.9172,0.9596,0.538,1.0,0.6515,0.739,0.9045,0.8383,0,0,0.15,0.3,0.55,0.2,0.3,0.5,0.4,0.6
BLO00016,Blockchain_Developer,Blockchain Developer,M,41-45,2,BSc,2.1,0.642,0.8059,0.52,0.7527,0.6168,0.84,0.4995,0.6192,0.6935,0.6638,1,2,0.15,0.3,0.55,0.2,0.3,0.5,0.4,0.6
BLO00017,Blockchain_Developer,Blockchain Developer,F,22-25,2,BSc,0.0,0.719,0.8645,0.6606,0.936,0.6476,0.0,0.7751,0.5234,0.8391,0.7128,0,0,0.15,0.3,0.55,0.2,0.3,0.5,0.4,0.6
BLO00018,Blockchain_Developer,Blockchain Developer,M,26-30,2,BSc,2.3,0.724,0.6681,0.7258,0.7576,0.6496,0.92,0.5202,0.6596,0.7302,0.702,1,2,0.15,0.3,0.55,0.2,0.3,0.5,0.4,0.6
BLO00019,Blockchain_Developer,Blockchain Developer,M,26-30,2,BSc,3.3,0.728,0.5809,0.8613,1.0,0.6512,1.0,0.8287,0.8535,0.8746,0.8662,1,3,0.15,0.3,0.55,0.2,0.3,0.5,0.4,0.6
BLO00020,Blockchain_Developer,Blockchain Developer,F,41-45,3,MSc,0.1,0.806,0.7837,0.6381,0.9466,0.8024,0.04,0.7015,0.5182,0.8215,0.7002,0,0,0.15,0.3,0.55,0.2,0.3,0.5,0.4,0.6
BLO00021,Blockchain_Developer,Blockchain Developer,F,41-45,4,PhD,0.0,0.996,0.7965,0.5473,0.7116,0.9984,0.0,0.5628,0.4593,0.6793,0.5913,0,0,0.15,0.3,0.55,0.2,0.3,0.5,0.4,0.6
BLO00022,Blockchain_Developer,Blockchain Developer,F,26-30,2,BSc,1.3,0.788,0.8661,0.8023,0.6756,0.6752,0.52,0.708,0.6467,0.7517,0.7097,1,3,0.15,0.3,0.55,0.2,0.3,0.5,0.4,0.6
BLO00023,Blockchain_Developer,Blockchain Developer,F,26-30,2,BSc,3.8,0.746,0.8739,0.6659,0.9852,0.6584,1.0,0.608,0.7332,0.8672,0.8136,1,2,0.15,0.3,0.55,0.2,0.3,0.5,0.4,0.6
BLO00024,Blockchain_Developer,Blockchain Developer,F,26-30,2,BSc,2.6,0.581,0.7181,0.7093,0.8344,0.5924,1.0,0.6933,0.7702,0.7736,0.7722,1,2,0.15,0.3,0.55,0.2,0.3,0.5,0.4,0.6
BLO00025,Blockchain_Developer,Blockchain Developer,F,31-35,2,BSc,2.7,0.579,0.705,0.8487,0.9586,0.5916,1.0,0.836,0.8485,0.8749,0.8643,1,3,0.15,0.3,0.55,0.2,0.3,0.5,0.4,0.6
BLO00026,Blockchain_Developer,Blockchain Developer,F,22-25,2,BSc,3.3,0.716,0.6607,0.6387,0.9533,0.6464,1.0,0.7447,0.8065,0.8004,0.8028,1,3,0.15,0.3,0.55,0.2,0.3,0.5,0.4,0.6
BLO00027,Blockchain_Developer,Blockchain Developer,F,22-25,2,BSc,0.9,0.735,0.6972,0.596,0.6104,0.654,0.36,0.5327,0.4991,0.6234,0.5737,0,1,0.15,0.3,0.55,0.2,0.3,0.5,0.4,0.6
BLO00028,Blockchain_Developer,Blockchain Developer,M,41-45,2,BSc,4.0,0.797,0.665,0.8223,1.0,0.6788,1.0,0.7274,0.8019,0.8797,0.8486,1,3,0.15,0.3,0.55,0.2,0.3,0.5,0.4,0.6
BLO00029,Blockchain_Developer,Blockchain Developer,F,36-40,1,Diploma,1.3,0.46,0.7097,0.7605,0.7833,0.424,0.52,0.6224,0.5619,0.7617,0.6818,0,0,0.15,0.3,0.55,0.2,0.3,0.5,0.4,0.6
BLO00030,Blockchain_Developer,Blockchain Developer,M,26-30,4,PhD,3.5,0.683,0.7548,0.7118,0.8925,0.8732,1.0,0.7996,0.8708,0.8107,0.8347,1,3,0.15,0.3,0.55,0.2,0.3,0.5,0.4,0.6
BLO00031,Blockchain_Developer,Blockchain Developer,F,36-40,3,MSc,4.4,0.745,0.9533,0.4814,0.8632,0.778,1.0,0.6096,0.752,0.7667,0.7608,1,1,0.15,0.3,0.55,0.2,0.3,0.5,0.4,0.6
BLO00032,Blockchain_Developer,Blockchain Developer,F,26-30,4,PhD,2.3,0.912,0.8683,0.7826,0.8877,0.9648,0.92,0.8994,0.9154,0.8523,0.8775,1,3,0.15,0.3,0.55,0.2,0.3,0.5,0.4,0.6
BLO00033,Blockchain_Developer,Blockchain Developer,F,36-40,3,MSc,2.9,0.61,0.9777,0.8651,0.8162,0.724,1.0,0.6339,0.7572,0.8632,0.8208,1,2,0.15,0.3,0.55,0.2,0.3,0.5,0.4,0.6
BLO00034,Blockchain_Developer,Blockchain Developer,M,31-35,3,MSc,4.4,0.682,0.9025,0.764,0.8179,0.7528,1.0,0.9121,0.9146,0.8186,0.857,1,3,0.15,0.3,0.55,0.2,0.3,0.5,0.4,0.6
BLO00035,Blockchain_Developer,Blockchain Developer,M,26-30,2,BSc,4.3,0.778,0.9238,0.8346,1.0,0.6712,1.0,0.6439,0.7548,0.9351,0.863,1,2,0.15,0.3,0.55,0.2,0.3,0.5,0.4,0.6
BLO00036,Blockchain_Developer,Blockchain Developer,M,22-25,2,BSc,3.7,0.717,0.8005,0.775,0.7201,0.6468,1.0,0.7116,0.7884,0.7527,0.767,1,2,0.15,0.3,0.55,0.2,0.3,0.5,0.4,0.6
BLO00037,Blockchain_Developer,Blockchain Developer,M,26-30,2,BSc,4.9,0.665,0.7378,0.8919,1.0,0.626,1.0,0.6007,0.7243,0.9151,0.8388,1,2,0.15,0.3,0.55,0.2,0.3,0.5,0.4,0.6
BLO00038,Blockchain_Developer,Blockchain Developer,F,22-25,3,MSc,2.7,0.579,0.8412,0.7283,0.7582,0.7116,1.0,0.8523,0.8755,0.7658,0.8097,1,3,0.15,0.3,0.55,0.2,0.3,0.5,0.4,0.6
BLO00039,Blockchain_Developer,Blockchain Developer,M,36-40,3,MSc,4.6,0.803,0.6324,0.9551,1.0,0.8012,1.0,0.8885,0.9089,0.913,0.9114,1,3,0.15,0.3,0.55,0.2,0.3,0.5,0.4,0.6
BLO00040,Blockchain_Developer,Blockchain Developer,M,26-30,2,BSc,6.1,0.629,0.6977,0.7772,1.0,0.6116,1.0,0.976,0.9285,0.8727,0.895,1,3,0.15,0.3,0.55,0.2,0.3,0.5,0.4,0.6
BLO00041,Blockchain_Developer,Blockchain Developer,F,22-25,3,MSc,2.5,0.766,0.7278,0.7875,1.0,0.7864,1.0,0.7469,0.8288,0.8818,0.8606,1,3,0.15,0.3,0.55,0.2,0.3,0.5,0.4,0.6
BLO00042,Blockchain_Developer,Blockchain Developer,M,31-35,2,BSc,1.5,0.847,0.7927,0.7187,0.9023,0.6988,0.6,0.6203,0.626,0.8253,0.7456,1,2,0.15,0.3,0.55,0.2,0.3,0.5,0.4,0.6
BLO00043,Blockchain_Developer,Blockchain Developer,F,22-25,3,MSc,4.6,0.781,0.6588,0.6956,0.9932,0.7924,1.0,0.7129,0.811,0.837,0.8266,1,3,0.15,0.3,0.55,0.2,0.3,0.5,0.4,0.6
BLO00044,Blockchain_Developer,Blockchain Developer,F,46+,2,BSc,4.2,0.726,0.6592,0.7664,0.9268,0.6504,1.0,0.7653,0.8185,0.8252,0.8225,1,3,0.15,0.3,0.55,0.2,0.3,0.5,0.4,0.6
BLO00045,Blockchain_Developer,Blockchain Developer,F,31-35,2,BSc,0.0,0.769,0.8292,0.8684,0.8098,0.6676,0.0,0.7462,0.5105,0.8313,0.703,0,0,0.15,0.3,0.55,0.2,0.3,0.5,0.4,0.6
BLO00046,Blockchain_Developer,Blockchain Developer,F,31-35,2,BSc,0.5,0.675,0.7295,0.6614,0.7515,0.63,0.2,0.5653,0.4654,0.7201,0.6182,0,2,0.15,0.3,0.55,0.2,0.3,0.5,0.4,0.6
BLO00047,Blockchain_Developer,Blockchain Developer,M,26-30,2,BSc,1.4,0.8,0.7941,0.6785,0.9131,0.68,0.56,0.7593,0.6876,0.8189,0.7664,1,3,0.15,0.3,0.55,0.2,0.3,0.5,0.4,0.6
BLO00048,Blockchain_Developer,Blockchain Developer,F,31-35,3,MSc,0.0,0.822,0.898,0.6211,0.888,0.8088,0.0,0.7383,0.5274,0.8099,0.6969,0,0,0.15,0.3,0.55,0.2,0.3,0.5,0.4,0.6
BLO00049,Blockchain_Developer,Blockchain Developer,F,31-35,3,MSc,2.2,0.712,0.8143,0.6831,0.8219,0.7648,0.88,0.6761,0.7506,0.7787,0.7675,1,2,0.15,0.3,0.55,0.2,0.3,0.5,0.4,0.6
BLO00050,Blockchain_Developer,Blockchain Developer,F,22-25,3,MSc,1.2,0.675,0.7011,0.6092,0.7808,0.75,0.48,0.7945,0.6935,0.7134,0.7054,1,3,0.15,0.3,0.55,0.2,0.3,0.5,0.4,0.6
BLO00051,Blockchain_Developer,Blockchain Developer,M,26-30,4,PhD,2.6,0.964,0.9316,0.6129,0.9477,0.9856,1.0,0.7427,0.8563,0.844,0.8489,1,3,0.15,0.3,0.55,0.2,0.3,0.5,0.4,0.6
BLO00052,Blockchain_Developer,Blockchain Developer,F,31-35,3,MSc,1.6,0.846,0.8067,0.6747,0.7855,0.8184,0.64,0.684,0.691,0.7565,0.7303,1,2,0.15,0.3,0.55,0.2,0.3,0.5,0.4,0.6
BLO00053,Blockchain_Developer,Blockchain Developer,F,26-30,3,MSc,3.5,0.726,0.9534,0.7326,0.8787,0.7704,1.0,0.759,0.833,0.8498,0.8431,1,3,0.15,0.3,0.55,0.2,0.3,0.5,0.4,0.6
BLO00054,Blockchain_Developer,Blockchain Developer,M,26-30,4,PhD,3.1,0.763,1.0,0.969,0.6454,0.9052,1.0,0.6917,0.8162,0.8134,0.8145,1,2,0.15,0.3,0.55,0.2,0.3,0.5,0.4,0.6
BLO00055,Blockchain_Developer,Blockchain Developer,M,31-35,3,MSc,8.5,0.61,0.8483,0.6276,0.8453,0.724,1.0,0.8763,0.8906,0.7806,0.8246,1,3,0.15,0.3,0.55,0.2,0.3,0.5,0.4,0.6
BLO00056,Blockchain_Developer,Blockchain Developer,M,36-40,4,PhD,6.0,0.795,1.0,0.9793,0.9383,0.918,1.0,0.9074,0.9368,0.9629,0.9525,1,3,0.15,0.3,0.55,0.2,0.3,0.5,0.4,0.6
BLO00057,Blockchain_Developer,Blockchain Developer,F,31-35,2,BSc,1.6,0.658,0.6521,0.5438,0.9342,0.6232,0.64,0.7599,0.7034,0.7607,0.7378,1,3,0.15,0.3,0.55,0.2,0.3,0.5,0.4,0.6
BLO00058,Blockchain_Developer,Blockchain Developer,M,41-45,2,BSc,1.2,0.539,0.5354,0.6558,1.0,0.5756,0.48,0.3824,0.4407,0.8038,0.6586,1,1,0.15,0.3,0.55,0.2,0.3,0.5,0.4,0.6
BLO00059,Blockchain_Developer,Blockchain Developer,F,26-30,1,Diploma,5.1,0.699,0.8184,0.9243,1.0,0.5196,1.0,0.7353,0.7824,0.941,0.8776,0,0,0.15,0.3,0.55,0.2,0.3,0.5,0.4,0.6
BLO00060,Blockchain_Developer,Blockchain Developer,M,41-45,3,MSc,0.0,0.836,0.6691,0.7909,0.77,0.8144,0.0,0.6553,0.4826,0.7561,0.6467,0,0,0.15,0.3,0.55,0.2,0.3,0.5,0.4,0.6
BLO00061,Blockchain_Developer,Blockchain Developer,M,22-25,2,BSc,4.4,0.714,0.8161,0.7361,0.8855,0.6456,1.0,0.7668,0.8186,0.8268,0.8235,1,3,0.15,0.3,0.55,0.2,0.3,0.5,0.4,0.6
BLO00062,Blockchain_Developer,Blockchain Developer,M,26-30,2,BSc,5.6,0.613,0.7994,0.7032,1.0,0.6052,1.0,0.7004,0.776,0.8708,0.8329,1,3,0.15,0.3,0.55,0.2,0.3,0.5,0.4,0.6
BLO00063,Blockchain_Developer,Blockchain Developer,F,22-25,4,PhD,2.2,0.687,0.8709,0.8673,1.0,0.8748,0.88,0.8187,0.8455,0.9344,0.8988,1,3,0.15,0.3,0.55,0.2,0.3,0.5,0.4,0.6
BLO00064,Blockchain_Developer,Blockchain Developer,F,31-35,3,MSc,0.0,0.827,0.8018,0.7594,0.7574,0.8108,0.0,0.6681,0.4891,0.7669,0.6558,0,0,0.15,0.3,0.55,0.2,0.3,0.5,0.4,0.6
BLO00065,Blockchain_Developer,Blockchain Developer,F,36-40,3,MSc,2.5,0.715,0.5629,0.7004,0.7551,0.766,1.0,0.7922,0.8506,0.7003,0.7604,1,3,0.15,0.3,0.55,0.2,0.3,0.5,0.4,0.6
BLO00066,Blockchain_Developer,Blockchain Developer,M,36-40,3,MSc,1.5,0.641,0.8071,0.8162,0.8159,0.7364,0.6,0.8119,0.737,0.8142,0.7833,1,3,0.15,0.3,0.55,0.2,0.3,0.5,0.4,0.6
BLO00067,Blockchain_Developer,Blockchain Developer,F,31-35,2,BSc,3.1,0.829,0.7999,0.7209,0.7065,0.6916,1.0,0.6249,0.7474,0.7295,0.7367,1,2,0.15,0.3,0.55,0.2,0.3,0.5,0.4,0.6
BLO00068,Blockchain_Developer,Blockchain Developer,M,22-25,2,BSc,5.4,0.627,0.7011,0.9053,0.7337,0.6108,1.0,0.7543,0.8065,0.7787,0.7898,1,1,0.15,0.3,0.55,0.2,0.3,0.5,0.4,0.6
BLO00069,Blockchain_Developer,Blockchain Developer,F,26-30,3,MSc,0.0,0.833,0.6472,0.7547,0.7348,0.8132,0.0,0.5636,0.432,0.7232,0.6067,0,0,0.15,0.3,0.55,0.2,0.3,0.5,0.4,0.6
BLO00070,Blockchain_Developer,Blockchain Developer,F,22-25,3,MSc,0.7,0.755,0.6744,0.8566,0.903,0.782,0.28,0.8724,0.6811,0.8434,0.7785,0,3,0.15,0.3,0.55,0.2,0.3,0.5,0.4,0.6
BLO00071,Blockchain_Developer,Blockchain Developer,M,26-30,2,BSc,0.5,0.521,0.674,0.7096,1.0,0.5684,0.2,0.6324,0.4931,0.8477,0.7059,0,2,0.15,0.3,0.55,0.2,0.3,0.5,0.4,0.6
BLO00072,Blockchain_Developer,Blockchain Developer,M,36-40,2,BSc,2.1,0.718,0.7475,0.8009,0.9318,0.6472,0.84,0.6599,0.712,0.8557,0.7982,1,2,0.15,0.3,0.55,0.2,0.3,0.5,0.4,0.6
BLO00073,Blockchain_Developer,Blockchain Developer,F,31-35,2,BSc,0.0,0.752,0.7933,0.6431,0.8741,0.6608,0.0,0.8367,0.5593,0.7886,0.6969,0,0,0.15,0.3,0.55,0.2,0.3,0.5,0.4,0.6
BLO00074,Blockchain_Developer,Blockchain Developer,M,41-45,1,Diploma,2.4,0.335,0.8589,0.5775,1.0,0.374,0.96,0.6737,0.7146,0.845,0.7928,0,0,0.15,0.3,0.55,0.2,0.3,0.5,0.4,0.6
BLO00075,Blockchain_Developer,Blockchain Developer,M,26-30,3,MSc,3.8,0.658,0.5962,0.7668,0.9157,0.7432,1.0,0.6006,0.7418,0.8071,0.781,1,2,0.15,0.3,0.55,0.2,0.3,0.5,0.4,0.6
BLO00076,Blockchain_Developer,Blockchain Developer,F,26-30,3,MSc,4.0,0.82,0.7158,1.0,0.8444,0.808,1.0,0.8505,0.889,0.8654,0.8748,1,3,0.15,0.3,0.55,0.2,0.3,0.5,0.4,0.6
BLO00077,Blockchain_Developer,Blockchain Developer,F,31-35,3,MSc,3.1,0.738,0.7067,0.696,1.0,0.7752,1.0,0.7872,0.8492,0.8501,0.8497,1,3,0.15,0.3,0.55,0.2,0.3,0.5,0.4,0.6
BLO00078,Blockchain_Developer,Blockchain Developer,F,41-45,2,BSc,2.7,0.691,0.7996,0.6766,0.9673,0.6364,1.0,0.6874,0.7735,0.8466,0.8174,1,2,0.15,0.3,0.55,0.2,0.3,0.5,0.4,0.6
BLO00079,Blockchain_Developer,Blockchain Developer,F,41-45,1,Diploma,2.9,0.454,0.8025,0.8033,0.9514,0.4216,1.0,0.5967,0.6914,0.8772,0.8029,0,0,0.15,0.3,0.55,0.2,0.3,0.5,0.4,0.6
BLO00080,Blockchain_Developer,Blockchain Developer,M,26-30,2,BSc,2.7,0.456,0.8494,0.5224,0.7931,0.5424,1.0,0.5156,0.6649,0.7231,0.6998,1,1,0.15,0.3,0.55,0.2,0.3,0.5,0.4,0.6
BLO00081,Blockchain_Developer,Blockchain Developer,M,26-30,2,BSc,6.5,0.783,0.8709,0.7356,1.0,0.6732,1.0,0.8051,0.8438,0.8949,0.8745,1,3,0.15,0.3,0.55,0.2,0.3,0.5,0.4,0.6
BLO00082,Blockchain_Developer,Blockchain Developer,M,26-30,4,PhD,4.3,0.866,0.8089,0.7452,1.0,0.9464,1.0,0.6806,0.8163,0.8853,0.8577,1,2,0.15,0.3,0.55,0.2,0.3,0.5,0.4,0.6
BLO00083,Blockchain_Developer,Blockchain Developer,F,31-35,2,BSc,0.1,0.919,0.7519,0.5803,0.6842,0.7276,0.04,0.9013,0.6169,0.6666,0.6467,0,0,0.15,0.3,0.55,0.2,0.3,0.5,0.4,0.6
BLO00084,Blockchain_Developer,Blockchain Developer,F,31-35,3,MSc,7.3,0.72,0.7886,0.7941,1.0,0.768,1.0,0.7347,0.8193,0.896,0.8653,1,3,0.15,0.3,0.55,0.2,0.3,0.5,0.4,0.6
BLO00085,Blockchain_Developer,Blockchain Developer,F,26-30,2,BSc,3.2,0.574,0.8187,0.8029,0.9698,0.5896,1.0,0.6756,0.76,0.8895,0.8377,1,2,0.15,0.3,0.55,0.2,0.3,0.5,0.4,0.6
BLO00086,Blockchain_Developer,Blockchain Developer,F,26-30,2,BSc,2.7,0.725,0.6866,0.7718,1.0,0.65,1.0,0.6072,0.7315,0.8689,0.8139,1,2,0.15,0.3,0.55,0.2,0.3,0.5,0.4,0.6
BLO00087,Blockchain_Developer,Blockchain Developer,M,26-30,3,MSc,2.3,0.708,0.8859,0.8171,0.7628,0.7632,0.92,0.726,0.7898,0.8037,0.7981,1,3,0.15,0.3,0.55,0.2,0.3,0.5,0.4,0.6
BLO00088,Blockchain_Developer,Blockchain Developer,F,36-40,3,MSc,2.1,0.811,0.7497,0.5142,0.7962,0.8044,0.84,0.7415,0.7805,0.7023,0.7336,1,3,0.15,0.3,0.55,0.2,0.3,0.5,0.4,0.6
BLO00089,Blockchain_Developer,Blockchain Developer,F,36-40,3,MSc,0.0,0.834,0.7668,0.7185,0.8509,0.8136,0.0,0.8836,0.608,0.7944,0.7198,0,0,0.15,0.3,0.55,0.2,0.3,0.5,0.4,0.6
BLO00090,Blockchain_Developer,Blockchain Developer,F,31-35,2,BSc,1.4,0.704,0.8422,0.6708,0.8604,0.6416,0.56,0.6449,0.6189,0.7999,0.7275,1,2,0.15,0.3,0.55,0.2,0.3,0.5,0.4,0.6
BLO00091,Blockchain_Developer,Blockchain Developer,M,31-35,3,MSc,2.6,0.829,0.7954,0.6635,0.9249,0.8116,1.0,0.6444,0.7762,0.8206,0.8028,1,2,0.15,0.3,0.55,0.2,0.3,0.5,0.4,0.6
BLO00092,Blockchain_Developer,Blockchain Developer,M,22-25,2,BSc,0.5,0.667,0.5882,0.8226,0.9145,0.6268,0.2,0.4965,0.4271,0.8217,0.6639,0,1,0.15,0.3,0.55,0.2,0.3,0.5,0.4,0.6
BLO00093,Blockchain_Developer,Blockchain Developer,M,22-25,3,MSc,4.0,0.908,0.7658,0.7027,0.8545,0.8432,1.0,0.7944,0.8634,0.7912,0.8201,1,3,0.15,0.3,0.55,0.2,0.3,0.5,0.4,0.6
BLO00094,Blockchain_Developer,Blockchain Developer,F,26-30,4,PhD,1.5,0.876,0.9596,0.7033,1.0,0.9504,0.6,0.83,0.7791,0.9029,0.8534,1,3,0.15,0.3,0.55,0.2,0.3,0.5,0.4,0.6
BLO00095,Blockchain_Developer,Blockchain Developer,F,26-30,3,MSc,2.0,0.739,0.7338,0.5613,1.0,0.7756,0.8,0.8065,0.7999,0.8152,0.8091,1,3,0.15,0.3,0.55,0.2,0.3,0.5,0.4,0.6
BLO00096,Blockchain_Developer,Blockchain Developer,M,36-40,3,MSc,4.6,0.807,0.7874,0.7541,1.0,0.8028,1.0,0.8483,0.887,0.8837,0.885,1,3,0.15,0.3,0.55,0.2,0.3,0.5,0.4,0.6
BLO00097,Blockchain_Developer,Blockchain Developer,F,36-40,2,BSc,0.0,0.728,0.8028,0.7164,0.8915,0.6512,0.0,0.8395,0.5594,0.8212,0.7165,0,0,0.15,0.3,0.55,0.2,0.3,0.5,0.4,0.6
BLO00098,Blockchain_Developer,Blockchain Developer,M,31-35,3,MSc,2.9,0.733,0.6976,0.5766,0.866,0.7732,1.0,0.5811,0.7356,0.7455,0.7415,1,2,0.15,0.3,0.55,0.2,0.3,0.5,0.4,0.6
BLO00099,Blockchain_Developer,Blockchain Developer,F,31-35,3,MSc,3.9,0.871,0.7882,0.6273,1.0,0.8284,1.0,0.5687,0.737,0.8458,0.8023,1,2,0.15,0.3,0.55,0.2,0.3,0.5,0.4,0.6
BLO00100,Blockchain_Developer,Blockchain Developer,M,26-30,2,BSc,3.0,0.794,0.9931,0.7956,1.0,0.6776,1.0,0.9751,0.9379,0.9373,0.9375,1,3,0.15,0.3,0.55,0.2,0.3,0.5,0.4,0.6
BLO00101,Blockchain_Developer,Blockchain Developer,F,26-30,2,BSc,2.5,0.652,0.73,0.7107,0.9336,0.6208,1.0,0.6137,0.7307,0.826,0.7879,1,2,0.15,0.3,0.55,0.2,0.3,0.5,0.4,0.6
BLO00102,Blockchain_Developer,Blockchain Developer,M,31-35,3,MSc,5.1,0.723,0.7209,0.6224,0.8619,0.7692,1.0,0.744,0.8246,0.7618,0.7869,1,3,0.15,0.3,0.55,0.2,0.3,0.5,0.4,0.6
BLO00103,Blockchain_Developer,Blockchain Developer,M,22-25,2,BSc,2.4,0.788,0.8429,0.8433,0.8171,0.6752,0.96,0.6134,0.7267,0.8301,0.7887,1,2,0.15,0.3,0.55,0.2,0.3,0.5,0.4,0.6
BLO00104,Blockchain_Developer,Blockchain Developer,M,26-30,2,BSc,4.2,0.651,0.6595,0.9114,1.0,0.6204,1.0,0.6684,0.7607,0.9053,0.8475,1,1,0.15,0.3,0.55,0.2,0.3,0.5,0.4,0.6
BLO00105,Blockchain_Developer,Blockchain Developer,F,41-45,3,MSc,4.6,0.933,0.9677,0.8548,0.9749,0.8532,1.0,0.7449,0.8377,0.9374,0.8975,1,2,0.15,0.3,0.55,0.2,0.3,0.5,0.4,0.6
BLO00106,Blockchain_Developer,Blockchain Developer,F,22-25,2,BSc,1.5,0.532,0.7344,0.8004,0.745,0.5728,0.6,0.6024,0.5972,0.7595,0.6946,1,2,0.15,0.3,0.55,0.2,0.3,0.5,0.4,0.6
BLO00107,Blockchain_Developer,Blockchain Developer,M,41-45,2,BSc,2.2,0.772,0.7791,0.6589,0.8222,0.6688,0.88,0.5917,0.6898,0.7646,0.7347,1,2,0.15,0.3,0.55,0.2,0.3,0.5,0.4,0.6
BLO00108,Blockchain_Developer,Blockchain Developer,F,26-30,4,PhD,6.7,0.735,0.846,0.7856,1.0,0.894,1.0,0.8655,0.9101,0.9049,0.907,1,3,0.15,0.3,0.55,0.2,0.3,0.5,0.4,0.6
BLO00109,Blockchain_Developer,Blockchain Developer,M,31-35,3,MSc,2.9,0.712,0.8502,0.7713,0.7994,0.7648,1.0,0.7779,0.8426,0.8011,0.8177,1,3,0.15,0.3,0.55,0.2,0.3,0.5,0.4,0.6
BLO00110,Blockchain_Developer,Blockchain Developer,F,31-35,2,BSc,6.1,0.905,0.7985,0.8086,1.0,0.722,1.0,0.8226,0.8607,0.9023,0.8857,1,3,0.15,0.3,0.55,0.2,0.3,0.5,0.4,0.6
BLO00111,Blockchain_Developer,Blockchain Developer,M,22-25,4,PhD,2.7,0.856,0.8859,0.7339,1.0,0.9424,1.0,0.6897,0.8207,0.8973,0.8667,1,2,0.15,0.3,0.55,0.2,0.3,0.5,0.4,0.6
BLO00112,Blockchain_Developer,Blockchain Developer,F,22-25,3,MSc,1.4,0.746,0.8918,0.5814,0.8124,0.7784,0.56,0.6619,0.6488,0.759,0.7149,1,2,0.15,0.3,0.55,0.2,0.3,0.5,0.4,0.6
BLO00113,Blockchain_Developer,Blockchain Developer,M,41-45,4,PhD,4.0,0.658,0.8009,0.8135,0.9215,0.8632,1.0,0.7586,0.8467,0.865,0.8577,1,3,0.15,0.3,0.55,0.2,0.3,0.5,0.4,0.6
BLO00114,Blockchain_Developer,Blockchain Developer,M,22-25,3,MSc,5.2,0.846,0.9374,0.9984,0.7648,0.8184,1.0,1.0,0.9728,0.8694,0.9108,1,3,0.15,0.3,0.55,0.2,0.3,0.5,0.4,0.6
BLO00115,Blockchain_Developer,Blockchain Developer,M,26-30,2,BSc,2.8,0.705,0.7218,0.6651,0.6718,0.642,1.0,0.6409,0.7488,0.6798,0.7074,1,2,0.15,0.3,0.55,0.2,0.3,0.5,0.4,0.6
BLO00116,Blockchain_Developer,Blockchain Developer,F,26-30,3,MSc,4.3,0.63,0.8113,0.7704,1.0,0.732,1.0,0.8011,0.8504,0.8934,0.8762,1,3,0.15,0.3,0.55,0.2,0.3,0.5,0.4,0.6
BLO00117,Blockchain_Developer,Blockchain Developer,F,26-30,3,MSc,3.6,0.715,1.0,0.688,1.0,0.766,1.0,0.9153,0.9183,0.9064,0.9112,1,3,0.15,0.3,0.55,0.2,0.3,0.5,0.4,0.6
BLO00118,Blockchain_Developer,Blockchain Developer,M,41-45,3,MSc,0.0,0.627,0.8367,0.672,0.8178,0.7308,0.0,0.572,0.4242,0.7778,0.6364,0,0,0.15,0.3,0.55,0.2,0.3,0.5,0.4,0.6
BLO00119,Blockchain_Developer,Blockchain Developer,F,31-35,3,MSc,2.4,0.724,0.7636,0.5317,1.0,0.7696,0.96,0.7356,0.808,0.8122,0.8105,1,3,0.15,0.3,0.55,0.2,0.3,0.5,0.4,0.6
BLO00120,Blockchain_Developer,Blockchain Developer,M,31-35,3,MSc,2.4,0.669,0.961,0.7078,0.865,0.7476,0.96,0.8225,0.8525,0.837,0.8432,1,3,0.15,0.3,0.55,0.2,0.3,0.5,0.4,0.6
BLO00121,Blockchain_Developer,Blockchain Developer,F,36-40,2,BSc,3.3,0.682,0.8108,0.6966,0.9067,0.6328,1.0,0.7408,0.8024,0.8245,0.8157,1,3,0.15,0.3,0.55,0.2,0.3,0.5,0.4,0.6
BLO00122,Blockchain_Developer,Blockchain Developer,M,41-45,2,BSc,7.6,0.746,0.7583,0.7903,1.0,0.6584,1.0,0.766,0.8201,0.8888,0.8613,1,3,0.15,0.3,0.55,0.2,0.3,0.5,0.4,0.6
BLO00123,Blockchain_Developer,Blockchain Developer,M,26-30,2,BSc,4.8,0.891,0.7803,0.653,0.8227,0.7164,1.0,0.8077,0.8517,0.7633,0.7987,1,3,0.15,0.3,0.55,0.2,0.3,0.5,0.4,0.6
BLO00124,Blockchain_Developer,Blockchain Developer,F,31-35,3,MSc,2.6,0.84,0.8417,0.5744,1.0,0.816,1.0,0.7239,0.8205,0.8407,0.8326,1,3,0.15,0.3,0.55,0.2,0.3,0.5,0.4,0.6
BLO00125,Blockchain_Developer,Blockchain Developer,M,22-25,2,BSc,4.8,0.517,0.5956,0.7624,0.9593,0.5668,1.0,0.4839,0.6512,0.8275,0.757,1,1,0.15,0.3,0.55,0.2,0.3,0.5,0.4,0.6
BLO00126,Blockchain_Developer,Blockchain Developer,F,26-30,3,MSc,2.6,0.723,0.7679,0.5876,0.9623,0.7692,1.0,0.5804,0.7346,0.811,0.7804,1,2,0.15,0.3,0.55,0.2,0.3,0.5,0.4,0.6
BLO00127,Blockchain_Developer,Blockchain Developer,F,22-25,3,MSc,2.5,0.699,1.0,0.8698,1.0,0.7596,1.0,0.9147,0.917,0.9609,0.9433,1,3,0.15,0.3,0.55,0.2,0.3,0.5,0.4,0.6
BLO00128,Blockchain_Developer,Blockchain Developer,F,36-40,3,MSc,0.1,0.68,0.958,0.6244,0.9516,0.752,0.04,0.6993,0.5094,0.8547,0.7166,0,0,0.15,0.3,0.55,0.2,0.3,0.5,0.4,0.6
BLO00129,Blockchain_Developer,Blockchain Developer,M,26-30,4,PhD,0.0,0.762,0.8301,0.761,0.8821,0.9048,0.0,0.7544,0.5506,0.8354,0.7215,0,0,0.15,0.3,0.55,0.2,0.3,0.5,0.4,0.6
BLO00130,Blockchain_Developer,Blockchain Developer,M,41-45,4,PhD,2.4,0.718,0.8451,0.852,0.9763,0.8872,0.96,0.9923,0.9668,0.9128,0.9344,1,3,0.15,0.3,0.55,0.2,0.3,0.5,0.4,0.6
BLO00131,Blockchain_Developer,Blockchain Developer,M,26-30,3,MSc,6.2,0.749,0.8359,1.0,0.8956,0.7796,1.0,0.8276,0.8721,0.915,0.8978,1,3,0.15,0.3,0.55,0.2,0.3,0.5,0.4,0.6
BLO00132,Blockchain_Developer,Blockchain Developer,F,46+,3,MSc,2.1,0.697,0.7757,0.4978,0.9564,0.7588,0.84,0.6866,0.7435,0.7827,0.767,1,1,0.15,0.3,0.55,0.2,0.3,0.5,0.4,0.6
BLO00133,Blockchain_Developer,Blockchain Developer,M,22-25,4,PhD,1.4,0.711,0.8657,0.8326,0.94,0.8844,0.56,0.7867,0.7333,0.8929,0.8291,1,3,0.15,0.3,0.55,0.2,0.3,0.5,0.4,0.6
BLO00134,Blockchain_Developer,Blockchain Developer,M,22-25,3,MSc,1.1,0.81,0.553,0.7039,0.8994,0.804,0.44,0.6717,0.622,0.7715,0.7117,1,2,0.15,0.3,0.55,0.2,0.3,0.5,0.4,0.6
BLO00135,Blockchain_Developer,Blockchain Developer,F,36-40,4,PhD,4.0,0.737,0.7774,1.0,0.7601,0.8948,1.0,0.8771,0.9166,0.8355,0.8679,1,3,0.15,0.3,0.55,0.2,0.3,0.5,0.4,0.6
BLO00136,Blockchain_Developer,Blockchain Developer,M,22-25,1,Diploma,3.9,0.479,0.7133,0.713,0.9523,0.4316,1.0,0.6268,0.7095,0.8327,0.7834,0,0,0.15,0.3,0.55,0.2,0.3,0.5,0.4,0.6
BLO00137,Blockchain_Developer,Blockchain Developer,F,36-40,1,Diploma,4.7,0.569,0.7681,0.8523,0.8492,0.4676,1.0,0.7539,0.7848,0.8339,0.8143,0,0,0.15,0.3,0.55,0.2,0.3,0.5,0.4,0.6
BLO00138,Blockchain_Developer,Blockchain Developer,M,22-25,3,MSc,5.3,0.8,0.8163,0.7863,0.857,0.8,1.0,0.6478,0.7763,0.8276,0.8071,1,2,0.15,0.3,0.55,0.2,0.3,0.5,0.4,0.6
BLO00139,Blockchain_Developer,Blockchain Developer,M,41-45,3,MSc,0.4,0.651,0.8361,0.5459,1.0,0.7404,0.16,0.8075,0.6032,0.831,0.7399,0,0,0.15,0.3,0.55,0.2,0.3,0.5,0.4,0.6
BLO00140,Blockchain_Developer,Blockchain Developer,F,26-30,4,PhD,3.1,0.901,0.8297,0.5207,1.0,0.9604,1.0,0.8204,0.8953,0.8222,0.8514,1,3,0.15,0.3,0.55,0.2,0.3,0.5,0.4,0.6
BLO00141,Blockchain_Developer,Blockchain Developer,F,26-30,2,BSc,0.5,0.703,0.9153,0.6571,0.9104,0.6412,0.2,0.6957,0.5388,0.8354,0.7168,0,2,0.15,0.3,0.55,0.2,0.3,0.5,0.4,0.6
BLO00142,Blockchain_Developer,Blockchain Developer,F,41-45,2,BSc,3.4,0.612,0.7067,0.6997,0.836,0.6048,1.0,0.7697,0.8141,0.7692,0.7872,1,3,0.15,0.3,0.55,0.2,0.3,0.5,0.4,0.6
BLO00143,Blockchain_Developer,Blockchain Developer,M,36-40,2,BSc,1.5,0.68,0.8196,0.5896,0.7689,0.632,0.6,0.7033,0.6616,0.7252,0.6998,1,3,0.15,0.3,0.55,0.2,0.3,0.5,0.4,0.6
BLO00144,Blockchain_Developer,Blockchain Developer,F,26-30,3,MSc,0.9,0.667,0.6983,0.6852,0.9896,0.7468,0.36,0.7868,0.6528,0.84,0.7651,0,3,0.15,0.3,0.55,0.2,0.3,0.5,0.4,0.6
BLO00145,Blockchain_Developer,Blockchain Developer,F,22-25,2,BSc,4.6,0.751,0.7055,0.6775,0.8492,0.6604,1.0,0.7417,0.807,0.769,0.7842,1,3,0.15,0.3,0.55,0.2,0.3,0.5,0.4,0.6
BLO00146,Blockchain_Developer,Blockchain Developer,F,36-40,3,MSc,1.2,0.773,0.7371,0.6371,0.9829,0.7892,0.48,0.7855,0.6944,0.83,0.7758,1,3,0.15,0.3,0.55,0.2,0.3,0.5,0.4,0.6
BLO00147,Blockchain_Developer,Blockchain Developer,F,36-40,2,BSc,0.3,0.68,0.6975,0.7406,0.7668,0.632,0.12,0.5592,0.4384,0.7451,0.6224,0,0,0.15,0.3,0.55,0.2,0.3,0.5,0.4,0.6
BLO00148,Blockchain_Developer,Blockchain Developer,F,26-30,2,BSc,3.3,0.728,0.7506,0.8977,0.7578,0.6512,1.0,0.7385,0.8039,0.7983,0.8005,1,3,0.15,0.3,0.55,0.2,0.3,0.5,0.4,0.6
BLO00149,Blockchain_Developer,Blockchain Developer,M,22-25,3,MSc,4.1,0.851,0.6623,0.7569,0.9779,0.8204,1.0,0.8509,0.8911,0.8485,0.8655,1,3,0.15,0.3,0.55,0.2,0.3,0.5,0.4,0.6
BLO00150,Blockchain_Developer,Blockchain Developer,F,22-25,2,BSc,0.5,0.792,0.7851,0.7702,0.893,0.6768,0.2,0.5684,0.4741,0.8346,0.6904,0,2,0.15,0.3,0.55,0.2,0.3,0.5,0.4,0.6
BLO00151,Blockchain_Developer,Blockchain Developer,F,26-30,3,MSc,0.3,0.684,0.9632,0.7454,1.0,0.7536,0.12,0.8672,0.626,0.9163,0.8002,0,0,0.15,0.3,0.55,0.2,0.3,0.5,0.4,0.6
BLO00152,Blockchain_Developer,Blockchain Developer,M,31-35,2,BSc,6.2,0.89,0.7668,0.9731,0.8032,0.716,1.0,0.8465,0.873,0.8469,0.8573,1,3,0.15,0.3,0.55,0.2,0.3,0.5,0.4,0.6
BLO00153,Blockchain_Developer,Blockchain Developer,M,41-45,4,PhD,5.0,0.805,0.6854,0.7066,1.0,0.922,1.0,1.0,0.9883,0.8491,0.9048,1,3,0.15,0.3,0.55,0.2,0.3,0.5,0.4,0.6
BLO00154,Blockchain_Developer,Blockchain Developer,F,26-30,2,BSc,0.0,0.739,0.8148,0.8433,0.5293,0.6556,0.0,0.7559,0.5141,0.6806,0.614,0,0,0.15,0.3,0.55,0.2,0.3,0.5,0.4,0.6
BLO00155,Blockchain_Developer,Blockchain Developer,F,36-40,3,MSc,3.6,0.778,0.8003,0.8414,0.7456,0.7912,1.0,0.6597,0.7815,0.7853,0.7838,1,3,0.15,0.3,0.55,0.2,0.3,0.5,0.4,0.6
BLO00156,Blockchain_Developer,Blockchain Developer,F,26-30,3,MSc,2.9,0.781,0.7974,0.6013,0.9628,0.7924,1.0,0.771,0.8429,0.8213,0.8299,1,3,0.15,0.3,0.55,0.2,0.3,0.5,0.4,0.6
BLO00157,Blockchain_Developer,Blockchain Developer,F,36-40,3,MSc,2.1,0.847,0.7823,0.6366,0.8102,0.8188,0.84,0.7193,0.7704,0.7525,0.7597,1,3,0.15,0.3,0.55,0.2,0.3,0.5,0.4,0.6
BLO00158,Blockchain_Developer,Blockchain Developer,F,22-25,2,BSc,1.5,0.708,0.6203,0.896,0.9389,0.6432,0.6,0.7232,0.6742,0.8623,0.7871,1,3,0.15,0.3,0.55,0.2,0.3,0.5,0.4,0.6
BLO00159,Blockchain_Developer,Blockchain Developer,F,26-30,4,PhD,4.2,0.862,0.9508,0.7034,0.9551,0.9448,1.0,0.6661,0.8081,0.8787,0.8505,1,2,0.15,0.3,0.55,0.2,0.3,0.5,0.4,0.6
BLO00160,Blockchain_Developer,Blockchain Developer,M,41-45,2,BSc,2.2,0.596,0.7553,0.6986,0.7158,0.5984,0.88,0.5192,0.6393,0.7185,0.6868,1,1,0.15,0.3,0.55,0.2,0.3,0.5,0.4,0.6
BLO00161,Blockchain_Developer,Blockchain Developer,M,31-35,3,MSc,4.6,0.855,0.6864,0.8484,1.0,0.822,1.0,0.8069,0.8671,0.8918,0.8819,1,3,0.15,0.3,0.55,0.2,0.3,0.5,0.4,0.6
BLO00162,Blockchain_Developer,Blockchain Developer,F,26-30,4,PhD,1.9,0.801,0.8599,0.8535,0.8888,0.9204,0.76,0.7835,0.797,0.8724,0.8422,1,3,0.15,0.3,0.55,0.2,0.3,0.5,0.4,0.6
BLO00163,Blockchain_Developer,Blockchain Developer,M,22-25,1,Diploma,4.7,0.676,0.6508,0.883,0.843,0.5104,1.0,0.6611,0.7402,0.8166,0.786,0,0,0.15,0.3,0.55,0.2,0.3,0.5,0.4,0.6
BLO00164,Blockchain_Developer,Blockchain Developer,M,41-45,2,BSc,1.0,0.73,0.6048,0.7964,0.7163,0.652,0.4,0.6386,0.569,0.718,0.6584,1,2,0.15,0.3,0.55,0.2,0.3,0.5,0.4,0.6
BLO00165,Blockchain_Developer,Blockchain Developer,F,22-25,1,Diploma,2.7,0.639,0.7769,0.656,0.9401,0.4956,1.0,0.7693,0.7975,0.8222,0.8123,0,0,0.15,0.3,0.55,0.2,0.3,0.5,0.4,0.6
BLO00166,Blockchain_Developer,Blockchain Developer,M,31-35,3,MSc,3.8,0.602,0.8468,0.7921,0.7936,0.7208,1.0,0.5555,0.7136,0.8038,0.7677,1,2,0.15,0.3,0.55,0.2,0.3,0.5,0.4,0.6
BLO00167,Blockchain_Developer,Blockchain Developer,M,31-35,2,BSc,3.2,0.525,0.8805,0.6999,1.0,0.57,1.0,0.741,0.7931,0.8861,0.8489,1,3,0.15,0.3,0.55,0.2,0.3,0.5,0.4,0.6
BLO00168,Blockchain_Developer,Blockchain Developer,M,26-30,3,MSc,1.5,0.867,0.8931,0.7401,0.7576,0.8268,0.6,0.8353,0.7634,0.7794,0.773,1,3,0.15,0.3,0.55,0.2,0.3,0.5,0.4,0.6
BLO00169,Blockchain_Developer,Blockchain Developer,F,31-35,3,MSc,1.1,0.907,0.7639,0.6492,0.8414,0.8428,0.44,0.7096,0.6487,0.7682,0.7204,1,3,0.15,0.3,0.55,0.2,0.3,0.5,0.4,0.6
BLO00170,Blockchain_Developer,Blockchain Developer,M,22-25,2,BSc,2.5,0.47,0.6523,0.6885,0.9569,0.548,1.0,0.5867,0.7049,0.8155,0.7713,1,2,0.15,0.3,0.55,0.2,0.3,0.5,0.4,0.6
BLO00171,Blockchain_Developer,Blockchain Developer,M,26-30,3,MSc,3.2,0.782,0.695,0.6492,0.8172,0.7928,1.0,0.6478,0.7752,0.7424,0.7555,1,2,0.15,0.3,0.55,0.2,0.3,0.5,0.4,0.6
BLO00172,Blockchain_Developer,Blockchain Developer,M,22-25,2,BSc,1.8,0.696,0.6532,0.4972,0.7616,0.6384,0.72,0.6479,0.6681,0.6606,0.6636,1,2,0.15,0.3,0.55,0.2,0.3,0.5,0.4,0.6
BLO00173,Blockchain_Developer,Blockchain Developer,F,26-30,2,BSc,2.3,0.776,0.7106,0.7362,0.6855,0.6704,0.92,0.6837,0.7526,0.7057,0.7245,1,2,0.15,0.3,0.55,0.2,0.3,0.5,0.4,0.6
BLO00174,Blockchain_Developer,Blockchain Developer,M,36-40,3,MSc,5.4,0.795,0.8713,0.6288,0.777,0.798,1.0,0.7542,0.8345,0.7514,0.7846,1,3,0.15,0.3,0.55,0.2,0.3,0.5,0.4,0.6
BLO00175,Blockchain_Developer,Blockchain Developer,M,36-40,3,MSc,6.3,0.825,0.8033,0.764,1.0,0.81,1.0,0.8382,0.8825,0.8899,0.8869,1,3,0.15,0.3,0.55,0.2,0.3,0.5,0.4,0.6
BLO00176,Blockchain_Developer,Blockchain Developer,F,31-35,3,MSc,0.0,0.812,0.6872,0.6185,0.7509,0.8048,0.0,0.6576,0.4824,0.6984,0.612,0,0,0.15,0.3,0.55,0.2,0.3,0.5,0.4,0.6
BLO00177,Blockchain_Developer,Blockchain Developer,M,26-30,4,PhD,2.7,0.656,0.7331,0.6448,0.7441,0.8624,1.0,0.6099,0.7648,0.7121,0.7332,1,2,0.15,0.3,0.55,0.2,0.3,0.5,0.4,0.6
BLO00178,Blockchain_Developer,Blockchain Developer,M,31-35,2,BSc,1.3,0.758,0.8647,0.8747,0.9348,0.6632,0.52,0.5744,0.5714,0.9027,0.7702,1,2,0.15,0.3,0.55,0.2,0.3,0.5,0.4,0.6
BLO00179,Blockchain_Developer,Blockchain Developer,M,26-30,2,BSc,1.1,0.597,0.7433,0.587,0.8303,0.5988,0.44,0.5864,0.5443,0.7399,0.6617,1,2,0.15,0.3,0.55,0.2,0.3,0.5,0.4,0.6
BLO00180,Blockchain_Developer,Blockchain Developer,F,31-35,3,MSc,0.0,0.686,0.6992,0.6353,0.9618,0.7544,0.0,0.8371,0.5736,0.8113,0.7162,0,0,0.15,0.3,0.55,0.2,0.3,0.5,0.4,0.6
BLO00181,Blockchain_Developer,Blockchain Developer,F,22-25,4,PhD,4.2,0.684,0.6845,0.9012,1.0,0.8736,1.0,0.7764,0.8581,0.9073,0.8876,1,3,0.15,0.3,0.55,0.2,0.3,0.5,0.4,0.6
BLO00182,Blockchain_Developer,Blockchain Developer,M,22-25,2,BSc,1.3,0.606,0.8254,0.7099,0.7708,0.6024,0.52,0.7358,0.6511,0.7634,0.7185,1,2,0.15,0.3,0.55,0.2,0.3,0.5,0.4,0.6
BLO00183,Blockchain_Developer,Blockchain Developer,M,26-30,3,MSc,6.5,0.78,0.7982,0.814,1.0,0.792,1.0,0.8763,0.9008,0.9038,0.9026,1,3,0.15,0.3,0.55,0.2,0.3,0.5,0.4,0.6
BLO00184,Blockchain_Developer,Blockchain Developer,F,31-35,2,BSc,2.3,0.724,0.7298,0.7208,1.0,0.6496,0.92,0.6103,0.7091,0.8622,0.801,1,2,0.15,0.3,0.55,0.2,0.3,0.5,0.4,0.6
BLO00185,Blockchain_Developer,Blockchain Developer,M,31-35,3,MSc,5.3,0.883,0.8098,0.7196,1.0,0.8332,1.0,0.9366,0.9401,0.8778,0.9027,1,3,0.15,0.3,0.55,0.2,0.3,0.5,0.4,0.6
BLO00186,Blockchain_Developer,Blockchain Developer,F,26-30,3,MSc,2.1,0.696,0.6537,0.6516,0.9601,0.7584,0.84,0.5993,0.6954,0.8063,0.7619,1,2,0.15,0.3,0.55,0.2,0.3,0.5,0.4,0.6
BLO00187,Blockchain_Developer,Blockchain Developer,M,22-25,2,BSc,4.4,0.656,0.4941,0.7396,1.0,0.6224,1.0,0.594,0.7201,0.8207,0.7805,1,2,0.15,0.3,0.55,0.2,0.3,0.5,0.4,0.6
BLO00188,Blockchain_Developer,Blockchain Developer,M,22-25,4,PhD,4.4,0.699,0.7003,0.8148,1.0,0.8796,1.0,0.8547,0.902,0.8845,0.8915,1,3,0.15,0.3,0.55,0.2,0.3,0.5,0.4,0.6
BLO00189,Blockchain_Developer,Blockchain Developer,M,26-30,3,MSc,0.5,0.745,0.6483,0.6627,0.9599,0.778,0.2,0.5854,0.4987,0.8084,0.6845,0,1,0.15,0.3,0.55,0.2,0.3,0.5,0.4,0.6
BLO00190,Blockchain_Developer,Blockchain Developer,F,41-45,4,PhD,5.0,0.609,0.7752,0.6782,1.0,0.8436,1.0,0.7855,0.8586,0.8585,0.8585,1,3,0.15,0.3,0.55,0.2,0.3,0.5,0.4,0.6
BLO00191,Blockchain_Developer,Blockchain Developer,F,36-40,3,MSc,1.7,0.638,0.872,0.9457,0.9798,0.7352,0.68,0.719,0.7097,0.948,0.8527,1,3,0.15,0.3,0.55,0.2,0.3,0.5,0.4,0.6
BLO00192,Blockchain_Developer,Blockchain Developer,F,22-25,4,PhD,2.5,0.911,0.7164,0.82,0.8149,0.9644,1.0,0.6308,0.7916,0.7967,0.7947,1,2,0.15,0.3,0.55,0.2,0.3,0.5,0.4,0.6
BLO00193,Blockchain_Developer,Blockchain Developer,M,22-25,2,BSc,2.6,0.673,0.8178,0.8248,0.9125,0.6292,1.0,0.7486,0.8061,0.8673,0.8428,1,3,0.15,0.3,0.55,0.2,0.3,0.5,0.4,0.6
BLO00194,Blockchain_Developer,Blockchain Developer,F,22-25,2,BSc,2.6,0.619,0.6154,0.6954,0.5195,0.6076,1.0,0.5962,0.719,0.5915,0.6425,1,1,0.15,0.3,0.55,0.2,0.3,0.5,0.4,0.6
BLO00195,Blockchain_Developer,Blockchain Developer,F,26-30,2,BSc,1.2,0.65,0.9241,0.6732,0.89,0.62,0.48,0.6143,0.5749,0.8318,0.729,1,2,0.15,0.3,0.55,0.2,0.3,0.5,0.4,0.6
BLO00196,Blockchain_Developer,Blockchain Developer,F,41-45,3,MSc,1.3,0.574,0.752,0.7062,0.8385,0.7096,0.52,0.9045,0.7599,0.7815,0.7729,1,3,0.15,0.3,0.55,0.2,0.3,0.5,0.4,0.6
BLO00197,Blockchain_Developer,Blockchain Developer,F,36-40,1,Diploma,2.3,0.502,0.8345,0.7219,0.5462,0.4408,0.92,0.7523,0.7559,0.6566,0.6963,0,0,0.15,0.3,0.55,0.2,0.3,0.5,0.4,0.6
BLO00198,Blockchain_Developer,Blockchain Developer,F,26-30,2,BSc,3.2,0.608,0.6404,0.7301,0.8813,0.6032,1.0,0.5083,0.67,0.7878,0.7407,1,2,0.15,0.3,0.55,0.2,0.3,0.5,0.4,0.6
BLO00199,Blockchain_Developer,Blockchain Developer,M,22-25,3,MSc,5.1,0.78,0.6283,0.8332,1.0,0.792,1.0,0.9346,0.9328,0.8756,0.8985,1,3,0.15,0.3,0.55,0.2,0.3,0.5,0.4,0.6
BLO00200,Blockchain_Developer,Blockchain Developer,F,26-30,3,MSc,6.2,0.771,0.8135,0.9798,1.0,0.7884,1.0,0.8777,0.901,0.9566,0.9344,1,3,0.15,0.3,0.55,0.2,0.3,0.5,0.4,0.6
BLO00201,Blockchain_Developer,Blockchain Developer,F,26-30,3,MSc,5.7,0.675,0.7291,0.8929,0.8895,0.75,1.0,0.8772,0.895,0.8584,0.873,1,3,0.15,0.3,0.55,0.2,0.3,0.5,0.4,0.6
BLO00202,Blockchain_Developer,Blockchain Developer,M,26-30,2,BSc,4.0,0.729,0.7013,0.7207,0.9553,0.6516,1.0,0.7759,0.8245,0.8341,0.8303,1,3,0.15,0.3,0.55,0.2,0.3,0.5,0.4,0.6
BLO00203,Blockchain_Developer,Blockchain Developer,M,26-30,2,BSc,5.4,0.574,0.7853,0.6162,0.7976,0.5896,1.0,0.6447,0.743,0.7407,0.7416,1,2,0.15,0.3,0.55,0.2,0.3,0.5,0.4,0.6
BLO00204,Blockchain_Developer,Blockchain Developer,M,31-35,2,BSc,2.8,0.709,0.7014,0.6664,1.0,0.6436,1.0,0.7115,0.7879,0.8402,0.8193,1,3,0.15,0.3,0.55,0.2,0.3,0.5,0.4,0.6
BLO00205,Blockchain_Developer,Blockchain Developer,F,22-25,4,PhD,2.8,0.793,0.9338,0.6958,0.686,0.9172,1.0,0.5973,0.7661,0.7385,0.7495,1,2,0.15,0.3,0.55,0.2,0.3,0.5,0.4,0.6
BLO00206,Blockchain_Developer,Blockchain Developer,F,31-35,4,PhD,6.0,0.688,0.7124,0.8361,1.0,0.8752,1.0,0.7706,0.8551,0.8933,0.878,1,3,0.15,0.3,0.55,0.2,0.3,0.5,0.4,0.6
BLO00207,Blockchain_Developer,Blockchain Developer,M,31-35,1,Diploma,6.4,0.493,0.8439,0.7743,0.9252,0.4372,1.0,0.7758,0.7923,0.8637,0.8351,0,0,0.15,0.3,0.55,0.2,0.3,0.5,0.4,0.6
BLO00208,Blockchain_Developer,Blockchain Developer,M,31-35,3,MSc,1.2,0.615,0.9524,0.6878,0.9871,0.726,0.48,0.9942,0.7997,0.8904,0.8541,1,2,0.15,0.3,0.55,0.2,0.3,0.5,0.4,0.6
BLO00209,Blockchain_Developer,Blockchain Developer,F,31-35,2,BSc,2.2,0.766,0.6762,0.6159,0.6825,0.6664,0.88,0.6847,0.7405,0.6613,0.693,1,2,0.15,0.3,0.55,0.2,0.3,0.5,0.4,0.6
BLO00210,Blockchain_Developer,Blockchain Developer,M,26-30,2,BSc,0.0,0.699,0.72,0.5401,0.7888,0.6396,0.0,0.4327,0.3339,0.7004,0.5538,0,0,0.15,0.3,0.55,0.2,0.3,0.5,0.4,0.6
BLO00211,Blockchain_Developer,Blockchain Developer,F,31-35,2,BSc,0.0,0.555,0.7497,0.5842,1.0,0.582,0.0,0.8042,0.5296,0.8252,0.707,0,0,0.15,0.3,0.55,0.2,0.3,0.5,0.4,0.6
BLO00212,Blockchain_Developer,Blockchain Developer,M,41-45,4,PhD,1.8,0.644,0.8296,0.5757,0.8667,0.8576,0.72,0.8389,0.806,0.772,0.7856,1,3,0.15,0.3,0.55,0.2,0.3,0.5,0.4,0.6
BLO00213,Blockchain_Developer,Blockchain Developer,F,36-40,2,BSc,2.3,0.629,0.6647,0.8542,0.848,0.6116,0.92,0.7053,0.7557,0.8132,0.7902,1,3,0.15,0.3,0.55,0.2,0.3,0.5,0.4,0.6
BLO00214,Blockchain_Developer,Blockchain Developer,F,31-35,2,BSc,8.0,0.914,0.7598,0.7999,0.9963,0.7256,1.0,0.8745,0.8898,0.8901,0.89,1,3,0.15,0.3,0.55,0.2,0.3,0.5,0.4,0.6
BLO00215,Blockchain_Developer,Blockchain Developer,M,31-35,2,BSc,5.6,0.666,0.7521,0.9466,1.0,0.6264,1.0,0.981,0.9335,0.9344,0.934,1,3,0.15,0.3,0.55,0.2,0.3,0.5,0.4,0.6
BLO00216,Blockchain_Developer,Blockchain Developer,F,26-30,2,BSc,5.1,0.614,0.6991,0.6353,0.697,0.6056,1.0,0.6143,0.7287,0.6789,0.6988,1,2,0.15,0.3,0.55,0.2,0.3,0.5,0.4,0.6
BLO00217,Blockchain_Developer,Blockchain Developer,F,26-30,3,MSc,0.0,0.684,0.734,0.3967,0.7784,0.7536,0.0,0.6434,0.4669,0.655,0.5798,0,0,0.15,0.3,0.55,0.2,0.3,0.5,0.4,0.6
BLO00218,Blockchain_Developer,Blockchain Developer,F,31-35,4,PhD,5.6,0.753,0.6445,0.805,0.8803,0.9012,1.0,0.7366,0.8403,0.8105,0.8224,1,3,0.15,0.3,0.55,0.2,0.3,0.5,0.4,0.6
BLO00219,Blockchain_Developer,Blockchain Developer,F,26-30,2,BSc,4.3,0.626,0.677,0.6772,0.8259,0.6104,1.0,0.7809,0.8211,0.7515,0.7793,1,3,0.15,0.3,0.55,0.2,0.3,0.5,0.4,0.6
BLO00220,Blockchain_Developer,Blockchain Developer,M,22-25,2,BSc,7.0,0.48,0.6172,0.9203,0.7186,0.552,1.0,0.9615,0.9116,0.7588,0.8199,1,2,0.15,0.3,0.55,0.2,0.3,0.5,0.4,0.6
BLO00221,Blockchain_Developer,Blockchain Developer,F,26-30,2,BSc,4.0,0.599,0.7624,0.8345,0.8397,0.5996,1.0,0.801,0.8305,0.8227,0.8258,1,3,0.15,0.3,0.55,0.2,0.3,0.5,0.4,0.6
BLO00222,Blockchain_Developer,Blockchain Developer,M,26-30,3,MSc,3.4,0.756,0.6232,0.7842,1.0,0.7824,1.0,0.8372,0.8778,0.8599,0.8671,1,3,0.15,0.3,0.55,0.2,0.3,0.5,0.4,0.6
BLO00223,Blockchain_Developer,Blockchain Developer,F,31-35,1,Diploma,1.0,0.628,0.6666,0.5842,0.6753,0.4912,0.4,0.4672,0.4506,0.6462,0.568,0,0,0.15,0.3,0.55,0.2,0.3,0.5,0.4,0.6
BLO00224,Blockchain_Developer,Blockchain Developer,F,36-40,1,Diploma,0.9,0.462,0.8398,0.797,1.0,0.4248,0.36,0.8309,0.6287,0.9071,0.7957,0,0,0.15,0.3,0.55,0.2,0.3,0.5,0.4,0.6
BLO00225,Blockchain_Developer,Blockchain Developer,M,26-30,3,MSc,3.5,0.743,0.709,0.9373,1.0,0.7772,1.0,0.6453,0.7715,0.923,0.8624,1,2,0.15,0.3,0.55,0.2,0.3,0.5,0.4,0.6
BLO00226,Blockchain_Developer,Blockchain Developer,M,41-45,3,MSc,1.4,0.703,0.865,0.6528,0.9217,0.7612,0.56,0.6601,0.6452,0.8297,0.7559,1,2,0.15,0.3,0.55,0.2,0.3,0.5,0.4,0.6
BLO00227,Blockchain_Developer,Blockchain Developer,F,22-25,2,BSc,1.5,0.67,0.7381,0.7155,0.6492,0.628,0.6,0.5481,0.5757,0.6869,0.6424,1,1,0.15,0.3,0.55,0.2,0.3,0.5,0.4,0.6
BLO00228,Blockchain_Developer,Blockchain Developer,M,26-30,2,BSc,0.6,0.712,0.7921,0.6899,0.9936,0.6448,0.24,0.5806,0.488,0.8622,0.7125,0,2,0.15,0.3,0.55,0.2,0.3,0.5,0.4,0.6
BLO00229,Blockchain_Developer,Blockchain Developer,F,26-30,3,MSc,3.8,0.797,0.6783,0.5085,0.7226,0.7988,1.0,0.6881,0.7983,0.6495,0.709,1,3,0.15,0.3,0.55,0.2,0.3,0.5,0.4,0.6
BLO00230,Blockchain_Developer,Blockchain Developer,F,22-25,3,MSc,4.9,0.671,0.7455,0.8961,1.0,0.7484,1.0,0.7699,0.8357,0.9179,0.885,1,3,0.15,0.3,0.55,0.2,0.3,0.5,0.4,0.6
BLO00231,Blockchain_Developer,Blockchain Developer,F,41-45,2,BSc,1.7,0.479,0.5891,0.6759,1.0,0.5516,0.68,0.6302,0.6334,0.8206,0.7457,1,2,0.15,0.3,0.55,0.2,0.3,0.5,0.4,0.6
BLO00232,Blockchain_Developer,Blockchain Developer,F,31-35,2,BSc,1.7,0.568,0.7765,0.9532,0.9817,0.5872,0.68,0.957,0.8184,0.9321,0.8866,1,3,0.15,0.3,0.55,0.2,0.3,0.5,0.4,0.6
BLO00233,Blockchain_Developer,Blockchain Developer,F,36-40,3,MSc,4.0,0.627,0.8186,0.7096,0.9633,0.7308,1.0,0.6711,0.7787,0.8582,0.8264,1,3,0.15,0.3,0.55,0.2,0.3,0.5,0.4,0.6
BLO00234,Blockchain_Developer,Blockchain Developer,F,31-35,2,BSc,1.7,0.725,0.6361,0.6643,0.7798,0.65,0.68,0.5697,0.6148,0.7164,0.6758,1,2,0.15,0.3,0.55,0.2,0.3,0.5,0.4,0.6
BLO00235,Blockchain_Developer,Blockchain Developer,M,26-30,2,BSc,4.4,0.705,0.5927,0.7058,0.9498,0.642,1.0,0.7849,0.828,0.8052,0.8143,1,3,0.15,0.3,0.55,0.2,0.3,0.5,0.4,0.6
BLO00236,Blockchain_Developer,Blockchain Developer,M,22-25,1,Diploma,1.7,0.705,0.9623,0.7759,0.8313,0.522,0.68,0.681,0.6569,0.8409,0.7673,0,0,0.15,0.3,0.55,0.2,0.3,0.5,0.4,0.6
BLO00237,Blockchain_Developer,Blockchain Developer,F,22-25,2,BSc,3.6,0.565,0.8157,0.869,1.0,0.586,1.0,0.6099,0.7233,0.9238,0.8436,1,2,0.15,0.3,0.55,0.2,0.3,0.5,0.4,0.6
BLO00238,Blockchain_Developer,Blockchain Developer,F,22-25,3,MSc,1.4,0.882,0.8363,0.6825,0.7548,0.8328,0.56,0.6494,0.6501,0.7494,0.7097,1,2,0.15,0.3,0.55,0.2,0.3,0.5,0.4,0.6
BLO00239,Blockchain_Developer,Blockchain Developer,M,26-30,2,BSc,2.6,0.662,0.703,0.783,0.7967,0.6248,1.0,0.4572,0.6452,0.7738,0.7224,1,1,0.15,0.3,0.55,0.2,0.3,0.5,0.4,0.6
BLO00240,Blockchain_Developer,Blockchain Developer,M,22-25,3,MSc,2.0,0.683,0.9845,0.6796,0.9242,0.7532,0.8,0.6392,0.7045,0.8629,0.7995,1,2,0.15,0.3,0.55,0.2,0.3,0.5,0.4,0.6
BLO00241,Blockchain_Developer,Blockchain Developer,F,31-35,3,MSc,3.5,0.663,0.913,0.7552,1.0,0.7452,1.0,0.6338,0.7604,0.9092,0.8497,1,2,0.15,0.3,0.55,0.2,0.3,0.5,0.4,0.6
BLO00242,Blockchain_Developer,Blockchain Developer,M,31-35,4,PhD,5.7,0.837,0.8294,0.9145,0.9611,0.9348,1.0,0.8524,0.909,0.9208,0.9161,1,3,0.15,0.3,0.55,0.2,0.3,0.5,0.4,0.6
BLO00243,Blockchain_Developer,Blockchain Developer,M,31-35,2,BSc,2.4,0.601,0.7814,0.6877,0.9909,0.6004,0.96,0.8183,0.8281,0.858,0.846,1,3,0.15,0.3,0.55,0.2,0.3,0.5,0.4,0.6
BLO00244,Blockchain_Developer,Blockchain Developer,M,41-45,4,PhD,4.6,0.799,0.96,0.7386,0.9598,0.9196,1.0,0.8828,0.9235,0.8935,0.9055,1,3,0.15,0.3,0.55,0.2,0.3,0.5,0.4,0.6
BLO00245,Blockchain_Developer,Blockchain Developer,M,46+,3,MSc,5.4,0.693,0.6812,0.7923,1.0,0.7572,1.0,0.8358,0.8733,0.8739,0.8737,1,3,0.15,0.3,0.55,0.2,0.3,0.5,0.4,0.6
BLO00246,Blockchain_Developer,Blockchain Developer,M,31-35,3,MSc,4.6,0.584,0.792,0.7464,0.9134,0.7136,1.0,0.6421,0.7602,0.839,0.8075,1,2,0.15,0.3,0.55,0.2,0.3,0.5,0.4,0.6
BLO00247,Blockchain_Developer,Blockchain Developer,F,36-40,3,MSc,1.8,0.686,0.8089,0.7742,0.717,0.7544,0.72,0.6622,0.6934,0.7525,0.7289,1,2,0.15,0.3,0.55,0.2,0.3,0.5,0.4,0.6
BLO00248,Blockchain_Developer,Blockchain Developer,M,22-25,3,MSc,4.2,0.612,0.9506,0.9157,0.9006,0.7248,1.0,0.7247,0.8073,0.9151,0.872,1,3,0.15,0.3,0.55,0.2,0.3,0.5,0.4,0.6
BLO00249,Blockchain_Developer,Blockchain Developer,F,26-30,2,BSc,3.3,0.648,0.7113,0.7741,1.0,0.6192,1.0,0.7002,0.778,0.8745,0.8359,1,2,0.15,0.3,0.55,0.2,0.3,0.5,0.4,0.6
BLO00250,Blockchain_Developer,Blockchain Developer,M,31-35,2,BSc,4.1,0.708,0.789,0.6618,0.9317,0.6432,1.0,0.7858,0.8287,0.8222,0.8248,1,3,0.15,0.3,0.55,0.2,0.3,0.5,0.4,0.6
BLO00251,Blockchain_Developer,Blockchain Developer,F,26-30,3,MSc,6.3,0.775,0.7789,0.7658,1.0,0.79,1.0,1.0,0.9685,0.8855,0.9187,1,3,0.15,0.3,0.55,0.2,0.3,0.5,0.4,0.6
BLO00252,Blockchain_Developer,Blockchain Developer,F,31-35,2,BSc,3.9,0.724,0.5662,0.9386,0.7696,0.6496,1.0,0.7413,0.8052,0.7796,0.7898,1,3,0.15,0.3,0.55,0.2,0.3,0.5,0.4,0.6
BLO00253,Blockchain_Developer,Blockchain Developer,F,36-40,2,BSc,3.6,0.619,0.6348,0.8837,0.9197,0.6076,1.0,0.7208,0.7876,0.8519,0.8262,1,3,0.15,0.3,0.55,0.2,0.3,0.5,0.4,0.6
BLO00254,Blockchain_Developer,Blockchain Developer,M,36-40,3,MSc,3.6,0.858,0.5922,0.7263,0.8843,0.8232,1.0,0.635,0.7727,0.7785,0.7762,1,2,0.15,0.3,0.55,0.2,0.3,0.5,0.4,0.6
BLO00255,Blockchain_Developer,Blockchain Developer,M,22-25,3,MSc,6.0,0.748,0.6841,0.7485,1.0,0.7792,1.0,0.8362,0.8768,0.8614,0.8676,1,2,0.15,0.3,0.55,0.2,0.3,0.5,0.4,0.6
BLO00256,Blockchain_Developer,Blockchain Developer,F,31-35,1,Diploma,3.2,0.53,0.8396,0.6425,0.8175,0.452,1.0,0.6676,0.735,0.7694,0.7556,0,0,0.15,0.3,0.55,0.2,0.3,0.5,0.4,0.6
BLO00257,Blockchain_Developer,Blockchain Developer,M,26-30,2,BSc,0.9,0.881,0.6908,0.587,0.8457,0.7124,0.36,0.6984,0.599,0.7371,0.6819,0,2,0.15,0.3,0.55,0.2,0.3,0.5,0.4,0.6
BLO00258,Blockchain_Developer,Blockchain Developer,F,36-40,2,BSc,0.0,0.519,0.7295,0.6033,0.9313,0.5676,0.0,0.7788,0.5135,0.7925,0.6809,0,0,0.15,0.3,0.55,0.2,0.3,0.5,0.4,0.6
BLO00259,Blockchain_Developer,Blockchain Developer,F,22-25,2,BSc,1.0,0.693,0.7717,0.5939,0.8127,0.6372,0.4,0.6301,0.5621,0.7389,0.6682,1,2,0.15,0.3,0.55,0.2,0.3,0.5,0.4,0.6
BLO00260,Blockchain_Developer,Blockchain Developer,F,26-30,2,BSc,1.4,0.69,0.8312,0.9057,1.0,0.636,0.56,0.8471,0.7293,0.9379,0.8545,1,3,0.15,0.3,0.55,0.2,0.3,0.5,0.4,0.6
BLO00261,Blockchain_Developer,Blockchain Developer,M,36-40,3,MSc,0.0,0.649,0.6077,0.4983,0.9268,0.7396,0.0,0.577,0.4283,0.7344,0.612,0,0,0.15,0.3,0.55,0.2,0.3,0.5,0.4,0.6
BLO00262,Blockchain_Developer,Blockchain Developer,M,36-40,2,BSc,4.8,0.653,0.7811,0.6721,1.0,0.6212,1.0,0.7163,0.7871,0.8579,0.8296,1,3,0.15,0.3,0.55,0.2,0.3,0.5,0.4,0.6
BLO00263,Blockchain_Developer,Blockchain Developer,M,26-30,2,BSc,4.1,0.643,0.7554,0.958,0.8407,0.6172,1.0,0.8185,0.8428,0.8588,0.8524,1,2,0.15,0.3,0.55,0.2,0.3,0.5,0.4,0.6
BLO00264,Blockchain_Developer,Blockchain Developer,M,26-30,2,BSc,0.8,0.599,0.795,0.6719,0.6522,0.5996,0.32,0.5403,0.4831,0.6867,0.6053,0,1,0.15,0.3,0.55,0.2,0.3,0.5,0.4,0.6
BLO00265,Blockchain_Developer,Blockchain Developer,M,31-35,2,BSc,0.9,0.794,0.8676,0.5425,0.775,0.6776,0.36,0.5184,0.4948,0.7238,0.6322,0,1,0.15,0.3,0.55,0.2,0.3,0.5,0.4,0.6
BLO00266,Blockchain_Developer,Blockchain Developer,F,31-35,2,BSc,1.6,0.437,0.976,0.6262,0.6369,0.5348,0.64,0.7306,0.6741,0.7015,0.6905,1,2,0.15,0.3,0.55,0.2,0.3,0.5,0.4,0.6
BLO00267,Blockchain_Developer,Blockchain Developer,F,31-35,2,BSc,1.2,0.683,0.749,0.846,0.7475,0.6332,0.48,0.5271,0.5289,0.7773,0.6779,1,1,0.15,0.3,0.55,0.2,0.3,0.5,0.4,0.6
BLO00268,Blockchain_Developer,Blockchain Developer,M,31-35,2,BSc,0.0,0.492,0.6555,0.8766,0.7446,0.5568,0.0,0.7342,0.4873,0.7664,0.6548,0,0,0.15,0.3,0.55,0.2,0.3,0.5,0.4,0.6
BLO00269,Blockchain_Developer,Blockchain Developer,F,26-30,3,MSc,3.3,0.72,0.8486,0.5616,0.8315,0.768,1.0,0.6734,0.7856,0.754,0.7666,1,2,0.15,0.3,0.55,0.2,0.3,0.5,0.4,0.6
BLO00270,Blockchain_Developer,Blockchain Developer,F,22-25,4,PhD,3.1,0.755,0.7459,0.662,0.7351,0.902,1.0,0.632,0.7829,0.7153,0.7423,1,2,0.15,0.3,0.55,0.2,0.3,0.5,0.4,0.6
BLO00271,Blockchain_Developer,Blockchain Developer,F,26-30,4,PhD,5.3,0.867,0.7012,0.6689,1.0,0.9468,1.0,0.9748,0.9782,0.8409,0.8958,1,3,0.15,0.3,0.55,0.2,0.3,0.5,0.4,0.6
BLO00272,Blockchain_Developer,Blockchain Developer,F,22-25,2,BSc,1.4,0.749,0.9679,0.5615,0.7404,0.6596,0.56,0.8048,0.7096,0.7322,0.7232,1,2,0.15,0.3,0.55,0.2,0.3,0.5,0.4,0.6
BLO00273,Blockchain_Developer,Blockchain Developer,M,22-25,3,MSc,6.2,0.875,0.8821,0.9214,1.0,0.83,1.0,0.7265,0.8241,0.9528,0.9013,1,3,0.15,0.3,0.55,0.2,0.3,0.5,0.4,0.6
BLO00274,Blockchain_Developer,Blockchain Developer,F,26-30,4,PhD,5.5,0.705,0.7577,0.7626,1.0,0.882,1.0,0.8119,0.8788,0.8803,0.8797,1,3,0.15,0.3,0.55,0.2,0.3,0.5,0.4,0.6
BLO00275,Blockchain_Developer,Blockchain Developer,F,31-35,2,BSc,3.7,0.513,0.718,0.8829,0.7522,0.5652,1.0,0.8559,0.8555,0.7846,0.813,1,3,0.15,0.3,0.55,0.2,0.3,0.5,0.4,0.6
BLO00276,Blockchain_Developer,Blockchain Developer,F,26-30,2,BSc,3.6,0.689,0.7904,0.5408,0.9966,0.6356,1.0,0.7522,0.8091,0.8186,0.8148,1,3,0.15,0.3,0.55,0.2,0.3,0.5,0.4,0.6
BLO00277,Blockchain_Developer,Blockchain Developer,F,26-30,2,BSc,0.8,0.483,0.923,0.7424,0.6189,0.5532,0.32,0.6632,0.5437,0.7168,0.6476,0,2,0.15,0.3,0.55,0.2,0.3,0.5,0.4,0.6
BLO00278,Blockchain_Developer,Blockchain Developer,F,26-30,3,MSc,0.6,0.828,0.7966,0.5594,0.8402,0.8112,0.24,0.697,0.577,0.7472,0.6791,0,2,0.15,0.3,0.55,0.2,0.3,0.5,0.4,0.6
BLO00279,Blockchain_Developer,Blockchain Developer,M,26-30,3,MSc,3.9,0.766,0.8734,0.633,0.9034,0.7864,1.0,0.6784,0.7911,0.8163,0.8062,1,2,0.15,0.3,0.55,0.2,0.3,0.5,0.4,0.6
BLO00280,Blockchain_Developer,Blockchain Developer,F,36-40,2,BSc,4.8,0.628,0.8774,0.9479,0.9241,0.6112,1.0,0.6335,0.7401,0.9219,0.8492,1,3,0.15,0.3,0.55,0.2,0.3,0.5,0.4,0.6
BLO00281,Blockchain_Developer,Blockchain Developer,F,46+,3,MSc,4.2,0.849,0.8469,0.8866,0.9832,0.8196,1.0,0.8124,0.8698,0.927,0.9041,1,3,0.15,0.3,0.55,0.2,0.3,0.5,0.4,0.6
BLO00282,Blockchain_Developer,Blockchain Developer,M,36-40,2,BSc,3.7,0.711,0.6371,0.7419,0.7986,0.6444,1.0,0.7567,0.8128,0.7493,0.7747,1,3,0.15,0.3,0.55,0.2,0.3,0.5,0.4,0.6
BLO00283,Blockchain_Developer,Blockchain Developer,M,36-40,3,MSc,5.6,0.78,0.7179,0.8601,0.9115,0.792,1.0,0.7401,0.8259,0.8574,0.8448,1,3,0.15,0.3,0.55,0.2,0.3,0.5,0.4,0.6
BLO00284,Blockchain_Developer,Blockchain Developer,M,31-35,3,MSc,7.0,0.866,0.7711,0.8814,0.9029,0.8264,1.0,0.7482,0.8355,0.8701,0.8563,1,3,0.15,0.3,0.55,0.2,0.3,0.5,0.4,0.6
BLO00285,Blockchain_Developer,Blockchain Developer,M,31-35,2,BSc,3.3,0.805,0.728,0.7543,0.88,0.682,1.0,0.6727,0.7723,0.8119,0.7961,1,2,0.15,0.3,0.55,0.2,0.3,0.5,0.4,0.6
BLO00286,Blockchain_Developer,Blockchain Developer,F,26-30,2,BSc,3.7,0.522,0.7819,0.6644,0.7357,0.5688,1.0,0.7278,0.7856,0.7236,0.7484,1,2,0.15,0.3,0.55,0.2,0.3,0.5,0.4,0.6
BLO00287,Blockchain_Developer,Blockchain Developer,M,31-35,2,BSc,6.4,0.614,0.7048,0.9894,1.0,0.6056,1.0,0.7405,0.7981,0.9378,0.8819,1,3,0.15,0.3,0.55,0.2,0.3,0.5,0.4,0.6
BLO00288,Blockchain_Developer,Blockchain Developer,F,26-30,3,MSc,8.3,0.683,0.8166,0.7764,1.0,0.7532,1.0,1.0,0.963,0.8962,0.9229,1,3,0.15,0.3,0.55,0.2,0.3,0.5,0.4,0.6
BLO00289,Blockchain_Developer,Blockchain Developer,F,26-30,2,BSc,2.4,0.655,0.5936,0.7506,1.0,0.622,0.96,0.794,0.818,0.8439,0.8335,1,3,0.15,0.3,0.55,0.2,0.3,0.5,0.4,0.6
BLO00290,Blockchain_Developer,Blockchain Developer,M,36-40,2,BSc,1.3,0.621,0.797,0.6573,0.8247,0.6084,0.52,0.8518,0.7157,0.7689,0.7476,1,3,0.15,0.3,0.55,0.2,0.3,0.5,0.4,0.6
BLO00291,Blockchain_Developer,Blockchain Developer,M,26-30,2,BSc,3.5,0.865,0.8182,0.8195,1.0,0.706,1.0,0.6809,0.7804,0.9095,0.8579,1,2,0.15,0.3,0.55,0.2,0.3,0.5,0.4,0.6
BLO00292,Blockchain_Developer,Blockchain Developer,F,26-30,2,BSc,0.0,0.701,0.8706,0.7074,0.9,0.6404,0.0,0.733,0.4992,0.8363,0.7015,0,0,0.15,0.3,0.55,0.2,0.3,0.5,0.4,0.6
BLO00293,Blockchain_Developer,Blockchain Developer,F,22-25,3,MSc,4.1,0.788,0.7489,0.8212,1.0,0.7952,1.0,0.8425,0.8827,0.8961,0.8907,1,3,0.15,0.3,0.55,0.2,0.3,0.5,0.4,0.6
BLO00294,Blockchain_Developer,Blockchain Developer,M,22-25,3,MSc,0.9,0.78,0.6966,0.6391,0.8159,0.792,0.36,0.5837,0.5478,0.739,0.6625,0,2,0.15,0.3,0.55,0.2,0.3,0.5,0.4,0.6
BLO00295,Blockchain_Developer,Blockchain Developer,M,22-25,2,BSc,5.8,0.844,0.6388,0.6135,1.0,0.6976,1.0,0.7217,0.8016,0.8118,0.8077,1,3,0.15,0.3,0.55,0.2,0.3,0.5,0.4,0.6
BLO00296,Blockchain_Developer,Blockchain Developer,F,22-25,2,BSc,3.8,0.709,0.8303,0.7958,1.0,0.6436,1.0,0.7132,0.7888,0.9048,0.8584,1,3,0.15,0.3,0.55,0.2,0.3,0.5,0.4,0.6
BLO00297,Blockchain_Developer,Blockchain Developer,F,26-30,3,MSc,6.9,0.61,0.7796,0.9406,1.0,0.724,1.0,0.8356,0.8682,0.9381,0.9101,1,3,0.15,0.3,0.55,0.2,0.3,0.5,0.4,0.6
BLO00298,Blockchain_Developer,Blockchain Developer,F,26-30,3,MSc,6.3,0.734,0.6187,0.8319,0.8991,0.7736,1.0,0.7388,0.8224,0.8229,0.8227,1,3,0.15,0.3,0.55,0.2,0.3,0.5,0.4,0.6
BLO00299,Blockchain_Developer,Blockchain Developer,M,22-25,3,MSc,5.6,0.626,0.7481,0.8757,1.0,0.7304,1.0,0.7953,0.847,0.9123,0.8862,1,3,0.15,0.3,0.55,0.2,0.3,0.5,0.4,0.6
BLO00300,Blockchain_Developer,Blockchain Developer,M,26-30,2,BSc,0.5,0.634,0.702,0.5458,1.0,0.6136,0.2,0.7873,0.5851,0.8041,0.7165,0,2,0.15,0.3,0.55,0.2,0.3,0.5,0.4,0.6
BLO00301,Blockchain_Developer,Blockchain Developer,M,26-30,2,BSc,1.7,0.56,0.7878,0.7881,1.0,0.584,0.68,0.8635,0.7665,0.894,0.843,1,3,0.15,0.3,0.55,0.2,0.3,0.5,0.4,0.6
BLO00302,Blockchain_Developer,Blockchain Developer,M,36-40,3,MSc,3.5,0.689,0.7076,0.7926,0.835,0.7556,1.0,1.0,0.9633,0.7968,0.8634,1,3,0.15,0.3,0.55,0.2,0.3,0.5,0.4,0.6
BLO00303,Blockchain_Developer,Blockchain Developer,M,36-40,3,MSc,1.6,0.626,0.9548,0.7177,0.7762,0.7304,0.64,0.6664,0.6681,0.7944,0.7439,1,1,0.15,0.3,0.55,0.2,0.3,0.5,0.4,0.6
BLO00304,Blockchain_Developer,Blockchain Developer,M,22-25,3,MSc,3.0,1.0,0.7887,0.8725,0.9991,0.88,1.0,0.7468,0.8427,0.919,0.8885,1,3,0.15,0.3,0.55,0.2,0.3,0.5,0.4,0.6
BLO00305,Blockchain_Developer,Blockchain Developer,F,26-30,3,MSc,3.0,0.896,0.8155,0.8806,1.0,0.8384,1.0,0.862,0.8999,0.9273,0.9163,1,3,0.15,0.3,0.55,0.2,0.3,0.5,0.4,0.6
BLO00306,Blockchain_Developer,Blockchain Developer,M,26-30,3,MSc,0.0,0.933,0.4787,0.6445,0.9518,0.8532,0.0,0.6575,0.4896,0.765,0.6548,0,0,0.15,0.3,0.55,0.2,0.3,0.5,0.4,0.6
BLO00307,Blockchain_Developer,Blockchain Developer,M,36-40,2,BSc,4.5,0.657,0.874,0.6905,0.9935,0.6228,1.0,0.8651,0.8692,0.8787,0.8749,1,3,0.15,0.3,0.55,0.2,0.3,0.5,0.4,0.6
BLO00308,Blockchain_Developer,Blockchain Developer,F,31-35,2,BSc,0.0,0.649,0.7218,0.6585,0.7915,0.6196,0.0,0.445,0.3377,0.7377,0.5777,0,0,0.15,0.3,0.55,0.2,0.3,0.5,0.4,0.6
BLO00309,Blockchain_Developer,Blockchain Developer,M,31-35,2,BSc,4.8,0.703,0.6368,0.7584,0.8718,0.6412,1.0,0.6725,0.7661,0.7908,0.7809,1,2,0.15,0.3,0.55,0.2,0.3,0.5,0.4,0.6
BLO00310,Blockchain_Developer,Blockchain Developer,F,26-30,3,MSc,6.4,0.716,0.7279,0.7831,1.0,0.7664,1.0,0.9467,0.9356,0.8805,0.9025,1,3,0.15,0.3,0.55,0.2,0.3,0.5,0.4,0.6
BLO00311,Blockchain_Developer,Blockchain Developer,F,31-35,3,MSc,1.5,0.832,0.6595,0.4761,0.7709,0.8128,0.6,0.5545,0.6069,0.6602,0.6389,1,2,0.15,0.3,0.55,0.2,0.3,0.5,0.4,0.6
BLO00312,Blockchain_Developer,Blockchain Developer,M,22-25,4,PhD,1.7,0.725,0.9505,0.6081,0.6355,0.89,0.68,0.6933,0.7188,0.6903,0.7017,1,2,0.15,0.3,0.55,0.2,0.3,0.5,0.4,0.6
BLO00313,Blockchain_Developer,Blockchain Developer,F,36-40,3,MSc,1.7,0.827,0.6524,0.6668,0.7433,0.8108,0.68,0.72,0.7216,0.7022,0.71,1,1,0.15,0.3,0.55,0.2,0.3,0.5,0.4,0.6
BLO00314,Blockchain_Developer,Blockchain Developer,M,22-25,2,BSc,4.2,0.783,0.8252,0.6313,0.7413,0.6732,1.0,0.7412,0.8086,0.7251,0.7585,1,3,0.15,0.3,0.55,0.2,0.3,0.5,0.4,0.6
BLO00315,Blockchain_Developer,Blockchain Developer,M,46+,2,BSc,2.3,0.87,0.9684,0.6233,1.0,0.708,0.92,0.7939,0.8188,0.8807,0.8559,1,3,0.15,0.3,0.55,0.2,0.3,0.5,0.4,0.6
BLO00316,Blockchain_Developer,Blockchain Developer,F,41-45,2,BSc,2.0,0.837,0.7805,0.8078,0.949,0.6948,0.8,0.7254,0.7432,0.8729,0.821,1,3,0.15,0.3,0.55,0.2,0.3,0.5,0.4,0.6
BLO00317,Blockchain_Developer,Blockchain Developer,M,22-25,2,BSc,4.2,0.578,0.7279,0.7728,1.0,0.5912,1.0,0.7114,0.78,0.8774,0.8384,1,3,0.15,0.3,0.55,0.2,0.3,0.5,0.4,0.6
BLO00318,Blockchain_Developer,Blockchain Developer,F,26-30,3,MSc,5.1,0.542,0.7476,0.7977,1.0,0.6968,1.0,0.7691,0.8275,0.8888,0.8643,1,3,0.15,0.3,0.55,0.2,0.3,0.5,0.4,0.6
BLO00319,Blockchain_Developer,Blockchain Developer,M,26-30,3,MSc,6.4,0.729,0.8096,0.7739,1.0,0.7716,1.0,0.7682,0.8383,0.8941,0.8718,1,3,0.15,0.3,0.55,0.2,0.3,0.5,0.4,0.6
BLO00320,Blockchain_Developer,Blockchain Developer,F,22-25,3,MSc,4.2,0.581,0.982,0.6273,0.8955,0.7124,1.0,0.7542,0.8217,0.8323,0.8281,1,3,0.15,0.3,0.55,0.2,0.3,0.5,0.4,0.6
BLO00321,Blockchain_Developer,Blockchain Developer,M,26-30,3,MSc,3.3,0.999,0.8216,0.6264,0.9619,0.8796,1.0,0.6299,0.7784,0.8332,0.8113,1,1,0.15,0.3,0.55,0.2,0.3,0.5,0.4,0.6
BLO00322,Blockchain_Developer,Blockchain Developer,M,22-25,2,BSc,3.3,0.812,0.7664,0.4953,1.0,0.6848,1.0,0.5473,0.7037,0.8019,0.7626,1,1,0.15,0.3,0.55,0.2,0.3,0.5,0.4,0.6
BLO00323,Blockchain_Developer,Blockchain Developer,M,36-40,3,MSc,3.1,0.802,0.7778,0.8405,0.9044,0.8008,1.0,0.7866,0.8528,0.8599,0.8571,1,3,0.15,0.3,0.55,0.2,0.3,0.5,0.4,0.6
BLO00324,Blockchain_Developer,Blockchain Developer,M,26-30,2,BSc,5.4,0.785,0.944,0.8104,0.9655,0.674,1.0,0.6344,0.75,0.9147,0.8488,1,2,0.15,0.3,0.55,0.2,0.3,0.5,0.4,0.6
BLO00325,Blockchain_Developer,Blockchain Developer,F,26-30,3,MSc,2.2,0.496,0.7007,0.6731,0.841,0.6784,0.88,0.7111,0.7569,0.7626,0.7603,1,3,0.15,0.3,0.55,0.2,0.3,0.5,0.4,0.6
BLO00326,Blockchain_Developer,Blockchain Developer,M,22-25,1,Diploma,6.1,0.281,0.7535,0.8673,1.0,0.3524,1.0,0.5902,0.6775,0.9109,0.8175,0,0,0.15,0.3,0.55,0.2,0.3,0.5,0.4,0.6
BLO00327,Blockchain_Developer,Blockchain Developer,M,36-40,2,BSc,0.4,0.717,0.8471,0.5124,0.7644,0.6468,0.16,0.7452,0.5549,0.7053,0.6451,0,0,0.15,0.3,0.55,0.2,0.3,0.5,0.4,0.6
BLO00328,Blockchain_Developer,Blockchain Developer,M,26-30,3,MSc,2.7,0.534,0.8376,0.5604,1.0,0.6936,1.0,0.5938,0.7306,0.8356,0.7936,1,2,0.15,0.3,0.55,0.2,0.3,0.5,0.4,0.6
BLO00329,Blockchain_Developer,Blockchain Developer,F,36-40,2,BSc,6.7,0.866,0.6097,0.9312,0.9284,0.7064,1.0,0.7886,0.8397,0.8655,0.8552,1,3,0.15,0.3,0.55,0.2,0.3,0.5,0.4,0.6
BLO00330,Blockchain_Developer,Blockchain Developer,M,22-25,1,Diploma,5.4,0.752,0.7962,0.964,0.8068,0.5408,1.0,0.7811,0.8107,0.8518,0.8354,0,0,0.15,0.3,0.55,0.2,0.3,0.5,0.4,0.6
BLO00331,Blockchain_Developer,Blockchain Developer,F,36-40,2,BSc,0.7,0.795,0.5392,0.7079,0.8159,0.678,0.28,0.6542,0.5455,0.7282,0.6551,0,2,0.15,0.3,0.55,0.2,0.3,0.5,0.4,0.6
BLO00332,Blockchain_Developer,Blockchain Developer,M,26-30,4,PhD,3.0,0.799,0.811,0.6636,1.0,0.9196,1.0,0.9285,0.9486,0.8613,0.8962,1,3,0.15,0.3,0.55,0.2,0.3,0.5,0.4,0.6
BLO00333,Blockchain_Developer,Blockchain Developer,M,31-35,3,MSc,6.4,0.746,0.7165,0.7794,0.9592,0.7784,1.0,0.8542,0.8866,0.8567,0.8687,1,3,0.15,0.3,0.55,0.2,0.3,0.5,0.4,0.6
BLO00334,Blockchain_Developer,Blockchain Developer,F,31-35,3,MSc,1.1,0.821,0.8255,0.7683,1.0,0.8084,0.44,0.8033,0.6951,0.8956,0.8154,1,3,0.15,0.3,0.55,0.2,0.3,0.5,0.4,0.6
BLO00335,Blockchain_Developer,Blockchain Developer,F,31-35,2,BSc,4.3,0.779,0.8155,0.7173,0.9729,0.6716,1.0,0.5203,0.6869,0.8647,0.7936,1,1,0.15,0.3,0.55,0.2,0.3,0.5,0.4,0.6
BLO00336,Blockchain_Developer,Blockchain Developer,F,22-25,2,BSc,1.7,0.795,0.9621,0.7428,1.0,0.678,0.68,0.6581,0.6677,0.9153,0.8163,1,2,0.15,0.3,0.55,0.2,0.3,0.5,0.4,0.6
BLO00337,Blockchain_Developer,Blockchain Developer,F,22-25,2,BSc,3.6,0.667,0.9629,0.5872,1.0,0.6268,1.0,0.6483,0.7506,0.8687,0.8215,1,2,0.15,0.3,0.55,0.2,0.3,0.5,0.4,0.6
BLO00338,Blockchain_Developer,Blockchain Developer,F,31-35,3,MSc,2.6,0.614,0.73,0.7345,0.9328,0.7256,1.0,0.7697,0.8322,0.8327,0.8325,1,3,0.15,0.3,0.55,0.2,0.3,0.5,0.4,0.6
BLO00339,Blockchain_Developer,Blockchain Developer,M,26-30,3,MSc,2.0,0.79,0.8904,0.9382,0.9745,0.796,0.8,0.6302,0.706,0.9468,0.8505,1,2,0.15,0.3,0.55,0.2,0.3,0.5,0.4,0.6
BLO00340,Blockchain_Developer,Blockchain Developer,M,36-40,2,BSc,3.2,0.519,0.7559,0.7532,1.0,0.5676,1.0,0.8082,0.8296,0.8771,0.8581,1,3,0.15,0.3,0.55,0.2,0.3,0.5,0.4,0.6
BLO00341,Blockchain_Developer,Blockchain Developer,M,26-30,2,BSc,2.2,0.56,0.8746,0.5982,0.9598,0.584,0.88,0.6036,0.6836,0.8343,0.774,1,2,0.15,0.3,0.55,0.2,0.3,0.5,0.4,0.6
BLO00342,Blockchain_Developer,Blockchain Developer,F,31-35,2,BSc,4.5,0.653,0.8288,0.9159,0.8628,0.6212,1.0,0.7719,0.8177,0.8719,0.8502,1,3,0.15,0.3,0.55,0.2,0.3,0.5,0.4,0.6
BLO00343,Blockchain_Developer,Blockchain Developer,F,36-40,3,MSc,2.5,0.664,0.9302,0.6899,0.8333,0.7456,1.0,0.5691,0.7248,0.8097,0.7757,1,2,0.15,0.3,0.55,0.2,0.3,0.5,0.4,0.6
BLO00344,Blockchain_Developer,Blockchain Developer,F,41-45,2,BSc,2.8,0.869,0.8243,0.6391,0.9927,0.7076,1.0,0.5281,0.6966,0.8529,0.7904,1,1,0.15,0.3,0.55,0.2,0.3,0.5,0.4,0.6
BLO00345,Blockchain_Developer,Blockchain Developer,F,22-25,2,BSc,6.1,0.645,0.4834,0.6774,0.7866,0.618,1.0,0.6392,0.7443,0.6932,0.7136,1,1,0.15,0.3,0.55,0.2,0.3,0.5,0.4,0.6
BLO00346,Blockchain_Developer,Blockchain Developer,F,41-45,1,Diploma,2.5,0.615,0.6795,0.633,0.8163,0.486,1.0,0.6921,0.7536,0.7339,0.7418,0,0,0.15,0.3,0.55,0.2,0.3,0.5,0.4,0.6
BLO00347,Blockchain_Developer,Blockchain Developer,M,36-40,4,PhD,3.6,0.883,0.6805,0.7557,0.914,0.9532,1.0,0.6103,0.7786,0.8198,0.8033,1,1,0.15,0.3,0.55,0.2,0.3,0.5,0.4,0.6
BLO00348,Blockchain_Developer,Blockchain Developer,F,31-35,3,MSc,1.9,0.663,0.7651,0.8061,1.0,0.7452,0.76,0.9513,0.863,0.8949,0.8821,1,3,0.15,0.3,0.55,0.2,0.3,0.5,0.4,0.6
BLO00349,Blockchain_Developer,Blockchain Developer,F,26-30,2,BSc,1.4,0.593,0.7817,0.9001,0.9187,0.5972,0.56,0.6604,0.6208,0.8857,0.7797,1,2,0.15,0.3,0.55,0.2,0.3,0.5,0.4,0.6
BLO00350,Blockchain_Developer,Blockchain Developer,M,26-30,2,BSc,5.6,0.8,0.8282,1.0,1.0,0.68,1.0,0.888,0.8904,0.9656,0.9355,1,3,0.15,0.3,0.55,0.2,0.3,0.5,0.4,0.6
BLO00351,Blockchain_Developer,Blockchain Developer,M,22-25,3,MSc,3.5,0.777,0.7487,0.6078,0.8719,0.7908,1.0,0.8298,0.875,0.768,0.8108,1,3,0.15,0.3,0.55,0.2,0.3,0.5,0.4,0.6
BLO00352,Blockchain_Developer,Blockchain Developer,M,36-40,4,PhD,5.1,0.779,0.8261,0.9243,0.9262,0.9116,1.0,0.8534,0.9061,0.9056,0.9058,1,3,0.15,0.3,0.55,0.2,0.3,0.5,0.4,0.6
BLO00353,Blockchain_Developer,Blockchain Developer,F,26-30,2,BSc,6.2,0.815,0.6058,0.6941,0.8863,0.686,1.0,0.7255,0.8019,0.7725,0.7843,1,3,0.15,0.3,0.55,0.2,0.3,0.5,0.4,0.6
BLO00354,Blockchain_Developer,Blockchain Developer,M,26-30,2,BSc,0.5,0.528,0.7622,0.7049,0.7746,0.5712,0.2,0.5156,0.4293,0.7512,0.6224,0,1,0.15,0.3,0.55,0.2,0.3,0.5,0.4,0.6
BLO00355,Blockchain_Developer,Blockchain Developer,F,26-30,2,BSc,3.7,0.699,0.8507,0.9608,0.808,0.6396,1.0,0.7784,0.8241,0.8624,0.8471,1,3,0.15,0.3,0.55,0.2,0.3,0.5,0.4,0.6
BLO00356,Blockchain_Developer,Blockchain Developer,F,22-25,3,MSc,0.8,0.68,0.9611,0.775,0.7378,0.752,0.32,0.7755,0.6353,0.7936,0.7303,0,2,0.15,0.3,0.55,0.2,0.3,0.5,0.4,0.6
BLO00357,Blockchain_Developer,Blockchain Developer,M,26-30,1,Diploma,1.6,0.456,0.8263,0.7906,0.7868,0.4224,0.64,0.5684,0.568,0.7958,0.7047,0,0,0.15,0.3,0.55,0.2,0.3,0.5,0.4,0.6
BLO00358,Blockchain_Developer,Blockchain Developer,F,31-35,3,MSc,2.6,0.662,1.0,0.6969,1.0,0.7448,1.0,0.7713,0.8359,0.9091,0.8798,1,3,0.15,0.3,0.55,0.2,0.3,0.5,0.4,0.6
BLO00359,Blockchain_Developer,Blockchain Developer,F,22-25,2,BSc,7.3,0.772,0.7356,0.9085,0.9956,0.6688,1.0,0.8468,0.8661,0.9175,0.8969,1,3,0.15,0.3,0.55,0.2,0.3,0.5,0.4,0.6
BLO00360,Blockchain_Developer,Blockchain Developer,F,31-35,1,Diploma,5.3,0.478,0.691,0.7337,0.8157,0.4312,1.0,0.6881,0.7431,0.7662,0.757,0,0,0.15,0.3,0.55,0.2,0.3,0.5,0.4,0.6
BLO00361,Blockchain_Developer,Blockchain Developer,F,26-30,2,BSc,2.0,0.549,0.7267,0.5075,0.8826,0.5796,0.8,0.6107,0.6628,0.7389,0.7085,1,2,0.15,0.3,0.55,0.2,0.3,0.5,0.4,0.6
BLO00362,Blockchain_Developer,Blockchain Developer,F,31-35,3,MSc,5.9,0.858,0.8657,0.8158,0.991,0.8232,1.0,0.8262,0.8779,0.9134,0.8992,1,3,0.15,0.3,0.55,0.2,0.3,0.5,0.4,0.6
BLO00363,Blockchain_Developer,Blockchain Developer,F,26-30,3,MSc,6.0,0.634,0.5932,0.9399,0.9686,0.7336,1.0,0.7286,0.8108,0.8849,0.8553,1,3,0.15,0.3,0.55,0.2,0.3,0.5,0.4,0.6
BLO00364,Blockchain_Developer,Blockchain Developer,M,36-40,3,MSc,5.4,0.748,0.7015,0.7516,1.0,0.7792,1.0,0.6875,0.795,0.8658,0.8375,1,2,0.15,0.3,0.55,0.2,0.3,0.5,0.4,0.6
BLO00365,Blockchain_Developer,Blockchain Developer,M,26-30,3,MSc,3.7,0.792,0.7322,0.7789,1.0,0.7968,1.0,0.7885,0.8532,0.8801,0.8693,1,3,0.15,0.3,0.55,0.2,0.3,0.5,0.4,0.6
BLO00366,Blockchain_Developer,Blockchain Developer,F,36-40,2,BSc,4.2,0.831,0.7273,0.944,0.7522,0.6924,1.0,0.8094,0.849,0.8048,0.8225,1,3,0.15,0.3,0.55,0.2,0.3,0.5,0.4,0.6
BLO00367,Blockchain_Developer,Blockchain Developer,F,26-30,2,BSc,1.8,0.694,0.7817,0.5534,0.7913,0.6376,0.72,0.5389,0.608,0.718,0.674,1,1,0.15,0.3,0.55,0.2,0.3,0.5,0.4,0.6
BLO00368,Blockchain_Developer,Blockchain Developer,M,26-30,2,BSc,1.9,0.608,0.8083,0.6901,0.7667,0.6032,0.76,0.8053,0.7614,0.752,0.7558,1,3,0.15,0.3,0.55,0.2,0.3,0.5,0.4,0.6
BLO00369,Blockchain_Developer,Blockchain Developer,F,36-40,3,MSc,2.6,0.826,0.8287,0.6324,0.9568,0.8104,1.0,0.9098,0.922,0.8339,0.8691,1,3,0.15,0.3,0.55,0.2,0.3,0.5,0.4,0.6
BLO00370,Blockchain_Developer,Blockchain Developer,M,31-35,2,BSc,6.7,0.563,0.8349,0.9153,1.0,0.5852,1.0,0.8913,0.878,0.9416,0.9162,1,3,0.15,0.3,0.55,0.2,0.3,0.5,0.4,0.6
BLO00371,Blockchain_Developer,Blockchain Developer,M,26-30,3,MSc,1.8,0.755,0.5487,0.7004,1.0,0.782,0.72,0.593,0.6594,0.8199,0.7557,1,2,0.15,0.3,0.55,0.2,0.3,0.5,0.4,0.6
BLO00372,Blockchain_Developer,Blockchain Developer,F,31-35,2,BSc,1.3,0.636,0.9988,0.8589,0.9927,0.6144,0.52,0.6506,0.606,0.9538,0.8147,1,2,0.15,0.3,0.55,0.2,0.3,0.5,0.4,0.6
BLO00373,Blockchain_Developer,Blockchain Developer,M,22-25,3,MSc,0.2,0.83,0.9559,0.4868,0.8248,0.812,0.08,0.51,0.4263,0.7496,0.6203,0,0,0.15,0.3,0.55,0.2,0.3,0.5,0.4,0.6
BLO00374,Blockchain_Developer,Blockchain Developer,F,26-30,3,MSc,3.8,0.729,0.7476,0.6717,0.9094,0.7716,1.0,0.6988,0.8001,0.8057,0.8035,1,2,0.15,0.3,0.55,0.2,0.3,0.5,0.4,0.6
BLO00375,Blockchain_Developer,Blockchain Developer,M,31-35,2,BSc,0.7,0.732,0.769,0.6508,0.9339,0.6528,0.28,0.6663,0.5484,0.816,0.709,0,2,0.15,0.3,0.55,0.2,0.3,0.5,0.4,0.6
BLO00376,Blockchain_Developer,Blockchain Developer,F,26-30,2,BSc,5.5,0.745,0.5378,0.7848,0.9881,0.658,1.0,0.6521,0.7574,0.837,0.8052,1,2,0.15,0.3,0.55,0.2,0.3,0.5,0.4,0.6
BLO00377,Blockchain_Developer,Blockchain Developer,F,36-40,3,MSc,4.2,0.753,0.9046,0.7533,0.8795,0.7812,1.0,0.9038,0.9143,0.8467,0.8737,1,3,0.15,0.3,0.55,0.2,0.3,0.5,0.4,0.6
BLO00378,Blockchain_Developer,Blockchain Developer,M,22-25,2,BSc,1.5,0.739,0.643,0.8566,0.7701,0.6556,0.6,0.6766,0.6505,0.7706,0.7226,1,1,0.15,0.3,0.55,0.2,0.3,0.5,0.4,0.6
BLO00379,Blockchain_Developer,Blockchain Developer,F,31-35,2,BSc,4.1,0.43,0.8004,0.755,1.0,0.532,1.0,0.7593,0.7974,0.8866,0.8509,1,3,0.15,0.3,0.55,0.2,0.3,0.5,0.4,0.6
BLO00380,Blockchain_Developer,Blockchain Developer,M,26-30,3,MSc,0.0,0.696,0.7151,0.6751,0.86,0.7584,0.0,0.6485,0.4704,0.7755,0.6535,0,0,0.15,0.3,0.55,0.2,0.3,0.5,0.4,0.6
BLO00381,Blockchain_Developer,Blockchain Developer,M,31-35,2,BSc,1.0,0.764,0.7738,0.5128,0.7055,0.6656,0.4,0.5527,0.5238,0.6613,0.6063,1,2,0.15,0.3,0.55,0.2,0.3,0.5,0.4,0.6
BLO00382,Blockchain_Developer,Blockchain Developer,M,26-30,3,MSc,2.2,0.744,0.9135,0.77,0.8386,0.7776,0.88,0.7228,0.7782,0.833,0.8111,1,3,0.15,0.3,0.55,0.2,0.3,0.5,0.4,0.6
BLO00383,Blockchain_Developer,Blockchain Developer,F,22-25,3,MSc,1.9,0.635,0.746,0.6792,0.8883,0.734,0.76,0.5231,0.6258,0.7971,0.7286,1,1,0.15,0.3,0.55,0.2,0.3,0.5,0.4,0.6
BLO00384,Blockchain_Developer,Blockchain Developer,F,22-25,2,BSc,7.9,0.839,0.8563,0.7157,1.0,0.6956,1.0,0.7969,0.8426,0.886,0.8686,1,2,0.15,0.3,0.55,0.2,0.3,0.5,0.4,0.6
BLO00385,Blockchain_Developer,Blockchain Developer,M,31-35,3,MSc,3.5,0.854,0.8325,0.6892,0.8076,0.8216,1.0,0.9704,0.957,0.7771,0.8491,1,3,0.15,0.3,0.55,0.2,0.3,0.5,0.4,0.6
BLO00386,Blockchain_Developer,Blockchain Developer,F,31-35,2,BSc,5.5,0.473,0.8288,0.6346,0.7545,0.5492,1.0,0.7025,0.7688,0.7334,0.7476,1,3,0.15,0.3,0.55,0.2,0.3,0.5,0.4,0.6
BLO00387,Blockchain_Developer,Blockchain Developer,M,31-35,2,BSc,0.2,0.677,0.7645,0.5728,0.9871,0.6308,0.08,0.5941,0.4454,0.8183,0.6691,0,0,0.15,0.3,0.55,0.2,0.3,0.5,0.4,0.6
BLO00388,Blockchain_Developer,Blockchain Developer,M,36-40,2,BSc,6.7,0.61,0.8859,0.7007,0.9859,0.604,1.0,0.6807,0.765,0.8803,0.8342,1,2,0.15,0.3,0.55,0.2,0.3,0.5,0.4,0.6
BLO00389,Blockchain_Developer,Blockchain Developer,F,36-40,3,MSc,0.8,0.612,0.8423,0.6127,1.0,0.7248,0.32,0.7346,0.6088,0.8523,0.7549,0,3,0.15,0.3,0.55,0.2,0.3,0.5,0.4,0.6
BLO00390,Blockchain_Developer,Blockchain Developer,M,31-35,2,BSc,1.2,0.708,0.7455,0.803,0.7172,0.6432,0.48,0.7949,0.6777,0.7486,0.7202,1,2,0.15,0.3,0.55,0.2,0.3,0.5,0.4,0.6
BLO00391,Blockchain_Developer,Blockchain Developer,F,31-35,3,MSc,2.2,0.741,0.6841,0.8914,0.9317,0.7764,0.88,0.5175,0.6651,0.8701,0.7881,1,1,0.15,0.3,0.55,0.2,0.3,0.5,0.4,0.6
BLO00392,Blockchain_Developer,Blockchain Developer,F,36-40,1,Diploma,2.9,0.707,0.6252,0.8663,0.8649,0.5228,1.0,0.4748,0.6396,0.8174,0.7463,0,0,0.15,0.3,0.55,0.2,0.3,0.5,0.4,0.6
BLO00393,Blockchain_Developer,Blockchain Developer,M,26-30,2,BSc,0.8,0.766,0.9342,0.6944,0.98,0.6664,0.32,0.7057,0.5841,0.8852,0.7648,0,3,0.15,0.3,0.55,0.2,0.3,0.5,0.4,0.6
BLO00394,Blockchain_Developer,Blockchain Developer,M,46+,2,BSc,0.0,0.571,0.7794,0.699,0.7432,0.5884,0.0,0.7244,0.4867,0.7372,0.637,0,0,0.15,0.3,0.55,0.2,0.3,0.5,0.4,0.6
BLO00395,Blockchain_Developer,Blockchain Developer,M,31-35,3,MSc,1.5,0.766,0.7668,0.8462,0.9054,0.7864,0.6,0.8105,0.7437,0.8599,0.8134,1,3,0.15,0.3,0.55,0.2,0.3,0.5,0.4,0.6
BLO00396,Blockchain_Developer,Blockchain Developer,F,36-40,4,PhD,5.1,0.842,0.8553,0.6741,1.0,0.9368,1.0,0.7312,0.8427,0.8733,0.8611,1,3,0.15,0.3,0.55,0.2,0.3,0.5,0.4,0.6
BLO00397,Blockchain_Developer,Blockchain Developer,M,31-35,2,BSc,2.9,0.695,0.8824,0.6573,0.8103,0.638,1.0,0.6978,0.7795,0.7788,0.7791,1,2,0.15,0.3,0.55,0.2,0.3,0.5,0.4,0.6
BLO00398,Blockchain_Developer,Blockchain Developer,F,36-40,3,MSc,3.1,0.627,0.554,0.7604,0.6597,0.7308,1.0,0.5423,0.7079,0.6688,0.6844,1,1,0.15,0.3,0.55,0.2,0.3,0.5,0.4,0.6
BLO00399,Blockchain_Developer,Blockchain Developer,M,26-30,2,BSc,4.3,0.57,0.6216,0.6541,0.8766,0.588,1.0,0.745,0.7979,0.7589,0.7745,1,3,0.15,0.3,0.55,0.2,0.3,0.5,0.4,0.6
BLO00400,Blockchain_Developer,Blockchain Developer,M,22-25,2,BSc,7.4,0.81,0.7988,0.7673,0.961,0.684,1.0,0.8032,0.8444,0.8704,0.86,1,3,0.15,0.3,0.55,0.2,0.3,0.5,0.4,0.6
BLO00401,Blockchain_Developer,Blockchain Developer,F,26-30,2,BSc,4.0,0.579,0.5297,0.852,0.7605,0.5916,1.0,0.4491,0.6357,0.7418,0.6994,1,2,0.15,0.3,0.55,0.2,0.3,0.5,0.4,0.6
BLO00402,Blockchain_Developer,Blockchain Developer,M,26-30,2,BSc,0.0,0.83,0.7511,0.6711,0.6008,0.692,0.0,0.6608,0.4672,0.652,0.5781,0,0,0.15,0.3,0.55,0.2,0.3,0.5,0.4,0.6
BLO00403,Blockchain_Developer,Blockchain Developer,F,31-35,2,BSc,2.7,0.711,0.7927,0.752,0.7123,0.6444,1.0,0.7397,0.8035,0.7403,0.7656,1,2,0.15,0.3,0.55,0.2,0.3,0.5,0.4,0.6
BLO00404,Blockchain_Developer,Blockchain Developer,F,26-30,2,BSc,2.8,0.73,0.6009,0.7624,0.8308,0.652,1.0,0.651,0.7559,0.7643,0.7609,1,2,0.15,0.3,0.55,0.2,0.3,0.5,0.4,0.6
BLO00405,Blockchain_Developer,Blockchain Developer,M,22-25,3,MSc,4.8,0.723,0.8644,0.9489,1.0,0.7692,1.0,0.9931,0.9616,0.9576,0.9592,1,3,0.15,0.3,0.55,0.2,0.3,0.5,0.4,0.6
BLO00406,Blockchain_Developer,Blockchain Developer,M,41-45,2,BSc,5.0,0.756,0.6404,0.6244,0.7696,0.6624,1.0,0.527,0.6892,0.7002,0.6958,1,1,0.15,0.3,0.55,0.2,0.3,0.5,0.4,0.6
BLO00407,Blockchain_Developer,Blockchain Developer,M,26-30,2,BSc,5.3,0.741,0.7754,0.7646,0.8598,0.6564,1.0,0.8819,0.8835,0.8144,0.842,1,3,0.15,0.3,0.55,0.2,0.3,0.5,0.4,0.6
BLO00408,Blockchain_Developer,Blockchain Developer,M,22-25,2,BSc,3.8,0.61,0.8112,0.8738,0.7874,0.604,1.0,0.8071,0.8345,0.8181,0.8247,1,3,0.15,0.3,0.55,0.2,0.3,0.5,0.4,0.6
BLO00409,Blockchain_Developer,Blockchain Developer,F,36-40,2,BSc,3.4,0.704,0.7974,0.7169,0.887,0.6416,1.0,0.7023,0.7825,0.818,0.8038,1,3,0.15,0.3,0.55,0.2,0.3,0.5,0.4,0.6
BLO00410,Blockchain_Developer,Blockchain Developer,M,31-35,4,PhD,4.1,0.755,0.8394,0.7384,0.959,0.902,1.0,0.9365,0.9504,0.8689,0.9015,1,3,0.15,0.3,0.55,0.2,0.3,0.5,0.4,0.6
BLO00411,Blockchain_Developer,Blockchain Developer,M,36-40,2,BSc,2.7,0.753,0.8532,0.6886,0.8663,0.6612,1.0,0.6919,0.7797,0.8104,0.7981,1,2,0.15,0.3,0.55,0.2,0.3,0.5,0.4,0.6
BLO00412,Blockchain_Developer,Blockchain Developer,F,31-35,2,BSc,5.1,0.671,0.8595,0.8001,0.9096,0.6284,1.0,0.7308,0.7962,0.8667,0.8385,1,3,0.15,0.3,0.55,0.2,0.3,0.5,0.4,0.6
BLO00413,Blockchain_Developer,Blockchain Developer,M,31-35,3,MSc,5.4,0.758,0.9216,0.762,1.0,0.7832,1.0,0.9317,0.9299,0.9129,0.9197,1,3,0.15,0.3,0.55,0.2,0.3,0.5,0.4,0.6
BLO00414,Blockchain_Developer,Blockchain Developer,F,26-30,2,BSc,2.9,0.602,0.7489,0.8247,0.8108,0.6008,1.0,0.51,0.6706,0.8026,0.7498,1,1,0.15,0.3,0.55,0.2,0.3,0.5,0.4,0.6
BLO00415,Blockchain_Developer,Blockchain Developer,M,36-40,2,BSc,5.7,0.75,0.6768,0.8798,1.0,0.66,1.0,0.748,0.8104,0.8993,0.8637,1,3,0.15,0.3,0.55,0.2,0.3,0.5,0.4,0.6
BLO00416,Blockchain_Developer,Blockchain Developer,F,46+,2,BSc,4.4,0.857,0.8715,0.7825,0.8573,0.7028,1.0,0.7951,0.8427,0.8377,0.8397,1,3,0.15,0.3,0.55,0.2,0.3,0.5,0.4,0.6
BLO00417,Blockchain_Developer,Blockchain Developer,M,31-35,2,BSc,7.1,0.656,0.8176,0.9302,1.0,0.6224,1.0,0.8132,0.8406,0.9426,0.9018,1,3,0.15,0.3,0.55,0.2,0.3,0.5,0.4,0.6
BLO00418,Blockchain_Developer,Blockchain Developer,F,26-30,2,BSc,2.8,0.753,0.725,0.6911,0.8399,0.6612,1.0,0.5588,0.7065,0.7723,0.746,1,2,0.15,0.3,0.55,0.2,0.3,0.5,0.4,0.6
BLO00419,Blockchain_Developer,Blockchain Developer,F,26-30,2,BSc,1.3,0.789,0.6717,0.7583,0.8908,0.6756,0.52,0.5782,0.5754,0.8072,0.7145,1,2,0.15,0.3,0.55,0.2,0.3,0.5,0.4,0.6
BLO00420,Blockchain_Developer,Blockchain Developer,F,31-35,2,BSc,2.2,0.582,0.7331,0.5863,0.8946,0.5928,0.88,0.6571,0.7143,0.7698,0.7476,1,2,0.15,0.3,0.55,0.2,0.3,0.5,0.4,0.6
BLO00421,Blockchain_Developer,Blockchain Developer,F,26-30,1,Diploma,6.8,0.398,0.7912,0.7486,0.9928,0.3992,1.0,0.7307,0.7618,0.8792,0.8322,0,0,0.15,0.3,0.55,0.2,0.3,0.5,0.4,0.6
BLO00422,Blockchain_Developer,Blockchain Developer,F,22-25,2,BSc,0.0,0.656,0.7535,0.8041,0.8079,0.6224,0.0,0.5144,0.3763,0.7959,0.6281,0,0,0.15,0.3,0.55,0.2,0.3,0.5,0.4,0.6
BLO00423,Blockchain_Developer,Blockchain Developer,M,31-35,2,BSc,2.4,0.654,0.8891,0.6453,0.9297,0.6216,0.96,0.695,0.7635,0.8363,0.8072,1,2,0.15,0.3,0.55,0.2,0.3,0.5,0.4,0.6
BLO00424,Blockchain_Developer,Blockchain Developer,F,31-35,1,Diploma,5.6,0.337,0.8504,0.7151,0.895,0.3748,1.0,0.4408,0.5987,0.8321,0.7387,0,0,0.15,0.3,0.55,0.2,0.3,0.5,0.4,0.6
BLO00425,Blockchain_Developer,Blockchain Developer,F,22-25,2,BSc,2.3,0.775,0.6218,0.7473,0.7655,0.67,0.92,0.451,0.6246,0.7313,0.6886,1,1,0.15,0.3,0.55,0.2,0.3,0.5,0.4,0.6
BLO00426,Blockchain_Developer,Blockchain Developer,F,22-25,1,Diploma,2.9,0.555,0.8004,0.6875,0.744,0.462,1.0,0.7092,0.7594,0.7383,0.7467,0,0,0.15,0.3,0.55,0.2,0.3,0.5,0.4,0.6
BLO00427,Blockchain_Developer,Blockchain Developer,F,26-30,2,BSc,4.5,0.697,0.7847,0.8535,0.9252,0.6388,1.0,0.6932,0.7771,0.8756,0.8362,1,2,0.15,0.3,0.55,0.2,0.3,0.5,0.4,0.6
BLO00428,Blockchain_Developer,Blockchain Developer,M,31-35,2,BSc,3.1,0.514,0.9701,0.6376,0.8046,0.5656,1.0,0.793,0.821,0.7876,0.801,1,3,0.15,0.3,0.55,0.2,0.3,0.5,0.4,0.6
BLO00429,Blockchain_Developer,Blockchain Developer,F,26-30,2,BSc,4.2,0.825,1.0,0.735,0.9194,0.69,1.0,0.6604,0.7667,0.8802,0.8348,1,2,0.15,0.3,0.55,0.2,0.3,0.5,0.4,0.6
BLO00430,Blockchain_Developer,Blockchain Developer,F,26-30,2,BSc,3.0,0.669,0.8248,0.5318,0.617,0.6276,1.0,0.5451,0.6939,0.633,0.6574,1,1,0.15,0.3,0.55,0.2,0.3,0.5,0.4,0.6
BLO00431,Blockchain_Developer,Blockchain Developer,F,26-30,2,BSc,5.9,0.876,0.7147,0.8156,1.0,0.7104,1.0,0.7893,0.8407,0.8876,0.8688,1,3,0.15,0.3,0.55,0.2,0.3,0.5,0.4,0.6
BLO00432,Blockchain_Developer,Blockchain Developer,M,36-40,2,BSc,2.9,0.738,0.7705,0.7375,0.8656,0.6552,1.0,0.6767,0.7705,0.8082,0.7931,1,2,0.15,0.3,0.55,0.2,0.3,0.5,0.4,0.6
BLO00433,Blockchain_Developer,Blockchain Developer,M,22-25,2,BSc,0.8,0.711,0.7408,0.5774,0.6379,0.6444,0.32,0.4974,0.4662,0.6403,0.5707,0,1,0.15,0.3,0.55,0.2,0.3,0.5,0.4,0.6
BLO00434,Blockchain_Developer,Blockchain Developer,F,31-35,3,MSc,0.2,0.871,0.6771,0.7358,0.8228,0.8284,0.08,0.6909,0.5283,0.7676,0.6719,0,0,0.15,0.3,0.55,0.2,0.3,0.5,0.4,0.6
BLO00435,Blockchain_Developer,Blockchain Developer,F,26-30,3,MSc,2.4,0.744,0.843,0.7776,1.0,0.7776,0.96,0.6968,0.7879,0.9019,0.8563,1,3,0.15,0.3,0.55,0.2,0.3,0.5,0.4,0.6
BLO00436,Blockchain_Developer,Blockchain Developer,M,31-35,4,PhD,6.8,0.764,0.8802,0.9821,1.0,0.9056,1.0,0.8565,0.9069,0.9707,0.9452,1,3,0.15,0.3,0.55,0.2,0.3,0.5,0.4,0.6
BLO00437,Blockchain_Developer,Blockchain Developer,M,22-25,2,BSc,2.5,0.688,0.795,0.783,0.8838,0.6352,1.0,0.8085,0.84,0.8358,0.8375,1,3,0.15,0.3,0.55,0.2,0.3,0.5,0.4,0.6
BLO00438,Blockchain_Developer,Blockchain Developer,F,26-30,3,MSc,2.3,0.785,0.9111,0.7769,0.7331,0.794,0.92,0.6517,0.7535,0.7818,0.7705,1,2,0.15,0.3,0.55,0.2,0.3,0.5,0.4,0.6
BLO00439,Blockchain_Developer,Blockchain Developer,M,31-35,2,BSc,3.0,0.681,0.8709,0.8843,0.7713,0.6324,1.0,0.4871,0.6628,0.8251,0.7602,1,1,0.15,0.3,0.55,0.2,0.3,0.5,0.4,0.6
BLO00440,Blockchain_Developer,Blockchain Developer,M,36-40,3,MSc,1.9,0.776,0.9012,0.5538,0.8605,0.7904,0.76,0.78,0.7756,0.7766,0.7762,1,3,0.15,0.3,0.55,0.2,0.3,0.5,0.4,0.6
BLO00441,Blockchain_Developer,Blockchain Developer,F,41-45,2,BSc,0.0,0.616,0.7548,0.7755,0.8995,0.6064,0.0,0.6927,0.4719,0.8334,0.6888,0,0,0.15,0.3,0.55,0.2,0.3,0.5,0.4,0.6
BLO00442,Blockchain_Developer,Blockchain Developer,F,36-40,3,MSc,3.6,0.807,0.7556,0.7083,1.0,0.8028,1.0,0.6182,0.7604,0.8636,0.8223,1,2,0.15,0.3,0.55,0.2,0.3,0.5,0.4,0.6
BLO00443,Blockchain_Developer,Blockchain Developer,F,46+,2,BSc,0.1,0.631,0.7699,0.6493,0.6944,0.6124,0.04,0.4419,0.3469,0.696,0.5564,0,0,0.15,0.3,0.55,0.2,0.3,0.5,0.4,0.6
BLO00444,Blockchain_Developer,Blockchain Developer,M,31-35,2,BSc,0.0,0.696,0.802,0.635,0.9081,0.6384,0.0,0.7883,0.5293,0.805,0.6947,0,0,0.15,0.3,0.55,0.2,0.3,0.5,0.4,0.6
BLO00445,Blockchain_Developer,Blockchain Developer,F,36-40,3,MSc,4.2,0.671,0.6871,0.9607,0.9185,0.7484,1.0,0.7157,0.8059,0.8849,0.8533,1,3,0.15,0.3,0.55,0.2,0.3,0.5,0.4,0.6
BLO00446,Blockchain_Developer,Blockchain Developer,F,22-25,4,PhD,3.5,0.867,1.0,0.7503,0.9366,0.9468,1.0,0.8546,0.9121,0.8934,0.9009,1,3,0.15,0.3,0.55,0.2,0.3,0.5,0.4,0.6
BLO00447,Blockchain_Developer,Blockchain Developer,F,26-30,2,BSc,4.9,0.693,0.696,0.6985,1.0,0.6372,1.0,0.5951,0.7229,0.8488,0.7984,1,1,0.15,0.3,0.55,0.2,0.3,0.5,0.4,0.6
BLO00448,Blockchain_Developer,Blockchain Developer,M,26-30,3,MSc,3.1,0.841,0.9152,0.8265,0.947,0.8164,1.0,0.6333,0.7708,0.9045,0.851,1,2,0.15,0.3,0.55,0.2,0.3,0.5,0.4,0.6
BLO00449,Blockchain_Developer,Blockchain Developer,F,22-25,3,MSc,3.9,0.615,0.8451,0.8246,1.0,0.726,1.0,0.8855,0.8959,0.9164,0.9082,1,3,0.15,0.3,0.55,0.2,0.3,0.5,0.4,0.6
BLO00450,Blockchain_Developer,Blockchain Developer,M,36-40,2,BSc,4.9,0.649,0.6434,0.9749,1.0,0.6196,1.0,0.9793,0.9316,0.9212,0.9254,1,3,0.15,0.3,0.55,0.2,0.3,0.5,0.4,0.6
BLO00451,Blockchain_Developer,Blockchain Developer,F,22-25,2,BSc,3.6,0.683,0.903,0.6547,1.0,0.6332,1.0,0.8314,0.8523,0.877,0.8671,1,3,0.15,0.3,0.55,0.2,0.3,0.5,0.4,0.6
BLO00452,Blockchain_Developer,Blockchain Developer,M,26-30,2,BSc,2.1,0.765,0.6737,0.7792,0.9129,0.666,0.84,0.6379,0.7027,0.825,0.7761,1,2,0.15,0.3,0.55,0.2,0.3,0.5,0.4,0.6
BLO00453,Blockchain_Developer,Blockchain Developer,F,41-45,2,BSc,0.0,0.725,0.8264,0.7954,0.7085,0.65,0.0,0.812,0.5441,0.7582,0.6726,0,0,0.15,0.3,0.55,0.2,0.3,0.5,0.4,0.6
BLO00454,Blockchain_Developer,Blockchain Developer,M,26-30,3,MSc,1.6,0.954,0.6474,0.7573,1.0,0.8616,0.64,0.8354,0.7807,0.8567,0.8263,1,3,0.15,0.3,0.55,0.2,0.3,0.5,0.4,0.6
BLO00455,Blockchain_Developer,Blockchain Developer,F,22-25,3,MSc,5.0,0.691,0.7495,0.9018,0.9285,0.7564,1.0,0.9168,0.9177,0.8847,0.8979,1,3,0.15,0.3,0.55,0.2,0.3,0.5,0.4,0.6
BLO00456,Blockchain_Developer,Blockchain Developer,M,36-40,2,BSc,3.1,0.579,0.7068,0.7569,0.9916,0.5916,1.0,0.7668,0.8105,0.8642,0.8427,1,3,0.15,0.3,0.55,0.2,0.3,0.5,0.4,0.6
BLO00457,Blockchain_Developer,Blockchain Developer,M,26-30,3,MSc,2.7,0.707,0.9171,0.8246,0.8851,0.7628,1.0,0.59,0.7389,0.8734,0.8196,1,2,0.15,0.3,0.55,0.2,0.3,0.5,0.4,0.6
BLO00458,Blockchain_Developer,Blockchain Developer,F,36-40,3,MSc,2.1,0.867,0.6887,0.971,0.7884,0.8268,0.84,0.8082,0.8205,0.8232,0.8221,1,3,0.15,0.3,0.55,0.2,0.3,0.5,0.4,0.6
BLO00459,Blockchain_Developer,Blockchain Developer,F,31-35,2,BSc,2.8,0.647,0.7978,0.949,1.0,0.6188,1.0,0.7019,0.7789,0.9443,0.8781,1,3,0.15,0.3,0.55,0.2,0.3,0.5,0.4,0.6
BLO00460,Blockchain_Developer,Blockchain Developer,M,26-30,2,BSc,6.9,0.761,0.8179,0.9573,1.0,0.6644,1.0,0.9215,0.9065,0.9508,0.9331,1,3,0.15,0.3,0.55,0.2,0.3,0.5,0.4,0.6
BLO00461,Blockchain_Developer,Blockchain Developer,M,36-40,2,BSc,4.1,0.728,0.5577,0.804,0.9279,0.6512,1.0,0.6283,0.7432,0.8167,0.7873,1,2,0.15,0.3,0.55,0.2,0.3,0.5,0.4,0.6
BLO00462,Blockchain_Developer,Blockchain Developer,M,22-25,3,MSc,6.4,0.813,0.8906,0.7205,1.0,0.8052,1.0,0.7862,0.8532,0.8943,0.8779,1,3,0.15,0.3,0.55,0.2,0.3,0.5,0.4,0.6
BLO00463,Blockchain_Developer,Blockchain Developer,F,36-40,2,BSc,2.9,0.799,0.795,0.8611,1.0,0.6796,1.0,0.6512,0.7601,0.9173,0.8544,1,2,0.15,0.3,0.55,0.2,0.3,0.5,0.4,0.6
BLO00464,Blockchain_Developer,Blockchain Developer,M,36-40,4,PhD,3.6,0.972,1.0,0.7925,0.9727,0.9888,1.0,1.0,0.9983,0.9241,0.9538,1,2,0.15,0.3,0.55,0.2,0.3,0.5,0.4,0.6
BLO00465,Blockchain_Developer,Blockchain Developer,M,36-40,2,BSc,0.0,0.427,0.6027,0.5455,0.8289,0.5308,0.0,0.5705,0.3934,0.6986,0.5765,0,0,0.15,0.3,0.55,0.2,0.3,0.5,0.4,0.6
BLO00466,Blockchain_Developer,Blockchain Developer,F,26-30,2,BSc,2.3,0.796,0.8178,0.7111,1.0,0.6784,0.92,0.7085,0.7674,0.8769,0.8331,1,3,0.15,0.3,0.55,0.2,0.3,0.5,0.4,0.6
BLO00467,Blockchain_Developer,Blockchain Developer,F,31-35,4,PhD,4.7,0.875,0.7367,0.6746,0.7591,0.95,1.0,0.8267,0.8972,0.7293,0.7965,1,3,0.15,0.3,0.55,0.2,0.3,0.5,0.4,0.6
BLO00468,Blockchain_Developer,Blockchain Developer,M,36-40,4,PhD,1.6,0.724,0.8549,0.4844,0.8389,0.8896,0.64,0.8217,0.7774,0.7358,0.7524,1,2,0.15,0.3,0.55,0.2,0.3,0.5,0.4,0.6
BLO00469,Blockchain_Developer,Blockchain Developer,M,22-25,2,BSc,1.6,0.662,0.6883,0.6627,0.6061,0.6248,0.64,0.7158,0.6794,0.6395,0.6555,1,2,0.15,0.3,0.55,0.2,0.3,0.5,0.4,0.6
BLO00470,Blockchain_Developer,Blockchain Developer,F,31-35,2,BSc,3.1,0.703,0.8931,0.8972,0.9784,0.6412,1.0,0.7798,0.8251,0.937,0.8922,1,3,0.15,0.3,0.55,0.2,0.3,0.5,0.4,0.6
BLO00471,Blockchain_Developer,Blockchain Developer,F,26-30,3,MSc,2.1,0.724,0.8753,0.7059,1.0,0.7696,0.84,0.6974,0.751,0.8868,0.8325,1,2,0.15,0.3,0.55,0.2,0.3,0.5,0.4,0.6
BLO00472,Blockchain_Developer,Blockchain Developer,F,31-35,2,BSc,5.7,0.738,0.6521,0.8567,0.8237,0.6552,1.0,0.8922,0.889,0.7993,0.8352,1,3,0.15,0.3,0.55,0.2,0.3,0.5,0.4,0.6
BLO00473,Blockchain_Developer,Blockchain Developer,M,41-45,3,MSc,2.9,0.847,0.9495,0.5973,0.9015,0.8188,1.0,0.732,0.8254,0.8198,0.822,1,3,0.15,0.3,0.55,0.2,0.3,0.5,0.4,0.6
BLO00474,Blockchain_Developer,Blockchain Developer,F,31-35,3,MSc,0.5,0.898,0.5274,0.8257,1.0,0.8392,0.2,0.7166,0.58,0.8532,0.7439,0,3,0.15,0.3,0.55,0.2,0.3,0.5,0.4,0.6
BLO00475,Blockchain_Developer,Blockchain Developer,F,22-25,3,MSc,4.4,0.778,0.9624,0.9329,0.943,0.7912,1.0,0.7449,0.8284,0.9438,0.8976,1,3,0.15,0.3,0.55,0.2,0.3,0.5,0.4,0.6
BLO00476,Blockchain_Developer,Blockchain Developer,F,22-25,2,BSc,5.6,0.778,0.8697,0.6193,0.8519,0.6712,1.0,0.7794,0.8294,0.7857,0.8032,1,3,0.15,0.3,0.55,0.2,0.3,0.5,0.4,0.6
BLO00477,Blockchain_Developer,Blockchain Developer,M,22-25,2,BSc,3.9,0.63,0.654,0.8241,0.8137,0.612,1.0,0.6702,0.7604,0.7849,0.7751,1,2,0.15,0.3,0.55,0.2,0.3,0.5,0.4,0.6
BLO00478,Blockchain_Developer,Blockchain Developer,F,22-25,1,Diploma,0.1,0.455,0.7277,0.7707,0.7704,0.422,0.04,0.7802,0.5044,0.762,0.659,0,0,0.15,0.3,0.55,0.2,0.3,0.5,0.4,0.6
BLO00479,Blockchain_Developer,Blockchain Developer,M,31-35,4,PhD,2.6,0.937,0.9938,0.965,1.0,0.9748,1.0,0.7707,0.8701,0.9883,0.941,1,3,0.15,0.3,0.55,0.2,0.3,0.5,0.4,0.6
BLO00480,Blockchain_Developer,Blockchain Developer,F,22-25,2,BSc,6.0,0.76,0.697,0.9749,1.0,0.664,1.0,0.886,0.8869,0.9319,0.9139,1,3,0.15,0.3,0.55,0.2,0.3,0.5,0.4,0.6
BLO00481,Blockchain_Developer,Blockchain Developer,F,31-35,2,BSc,2.8,0.702,0.5995,0.6012,0.8154,0.6408,1.0,0.7123,0.7879,0.708,0.74,1,3,0.15,0.3,0.55,0.2,0.3,0.5,0.4,0.6
BLO00482,Blockchain_Developer,Blockchain Developer,F,26-30,3,MSc,3.7,0.464,0.7403,0.8329,0.9592,0.6656,1.0,0.6565,0.7609,0.8775,0.8309,1,2,0.15,0.3,0.55,0.2,0.3,0.5,0.4,0.6
BLO00483,Blockchain_Developer,Blockchain Developer,F,31-35,4,PhD,5.3,0.796,0.8713,0.882,0.9254,0.9184,1.0,0.7976,0.8764,0.9016,0.8915,1,3,0.15,0.3,0.55,0.2,0.3,0.5,0.4,0.6
BLO00484,Blockchain_Developer,Blockchain Developer,F,36-40,2,BSc,3.4,0.776,0.9661,0.6966,0.7775,0.6704,1.0,0.7013,0.7863,0.791,0.7891,1,2,0.15,0.3,0.55,0.2,0.3,0.5,0.4,0.6
BLO00485,Blockchain_Developer,Blockchain Developer,F,22-25,2,BSc,0.3,0.72,0.6154,0.5647,0.7764,0.648,0.12,0.4867,0.4009,0.6807,0.5688,0,0,0.15,0.3,0.55,0.2,0.3,0.5,0.4,0.6
BLO00486,Blockchain_Developer,Blockchain Developer,M,31-35,2,BSc,0.9,0.659,0.5184,0.6581,0.5984,0.6236,0.36,0.4571,0.4529,0.6003,0.5413,0,1,0.15,0.3,0.55,0.2,0.3,0.5,0.4,0.6
BLO00487,Blockchain_Developer,Blockchain Developer,F,31-35,2,BSc,6.1,0.597,0.4402,0.7245,0.8779,0.5988,1.0,0.796,0.8276,0.7443,0.7776,1,3,0.15,0.3,0.55,0.2,0.3,0.5,0.4,0.6
BLO00488,Blockchain_Developer,Blockchain Developer,F,31-35,3,MSc,4.5,0.803,0.9538,0.7685,0.8814,0.8012,1.0,0.7391,0.8267,0.862,0.8479,1,3,0.15,0.3,0.55,0.2,0.3,0.5,0.4,0.6
BLO00489,Blockchain_Developer,Blockchain Developer,F,36-40,2,BSc,1.4,0.531,0.6829,0.8372,0.7969,0.5724,0.56,0.5738,0.5695,0.7862,0.6995,1,2,0.15,0.3,0.55,0.2,0.3,0.5,0.4,0.6
BLO00490,Blockchain_Developer,Blockchain Developer,M,31-35,3,MSc,0.1,0.751,0.8066,0.7477,0.8743,0.7804,0.04,0.8162,0.578,0.8228,0.7249,0,0,0.15,0.3,0.55,0.2,0.3,0.5,0.4,0.6
BLO00491,Blockchain_Developer,Blockchain Developer,M,31-35,2,BSc,5.6,0.867,0.9271,0.8022,1.0,0.7068,1.0,1.0,0.956,0.9261,0.9381,1,3,0.15,0.3,0.55,0.2,0.3,0.5,0.4,0.6
BLO00492,Blockchain_Developer,Blockchain Developer,M,36-40,3,MSc,2.3,0.887,0.746,0.7833,0.8654,0.8348,0.92,0.5813,0.7209,0.8169,0.7785,1,1,0.15,0.3,0.55,0.2,0.3,0.5,0.4,0.6
BLO00493,Blockchain_Developer,Blockchain Developer,F,22-25,3,MSc,4.1,0.731,0.9375,0.608,0.909,0.7724,1.0,0.7095,0.8061,0.8244,0.8171,1,3,0.15,0.3,0.55,0.2,0.3,0.5,0.4,0.6
BLO00494,Blockchain_Developer,Blockchain Developer,M,26-30,4,PhD,4.1,0.817,0.7581,0.7708,0.9503,0.9268,1.0,0.7093,0.8291,0.858,0.8464,1,3,0.15,0.3,0.55,0.2,0.3,0.5,0.4,0.6
BLO00495,Blockchain_Developer,Blockchain Developer,F,31-35,3,MSc,1.2,0.861,0.9662,0.6462,0.9456,0.8244,0.48,0.8671,0.7446,0.8599,0.8138,1,3,0.15,0.3,0.55,0.2,0.3,0.5,0.4,0.6
BLO00496,Blockchain_Developer,Blockchain Developer,F,26-30,4,PhD,6.1,0.883,0.8736,0.7716,0.8073,0.9532,1.0,0.7793,0.8716,0.8098,0.8345,1,3,0.15,0.3,0.55,0.2,0.3,0.5,0.4,0.6
BLO00497,Blockchain_Developer,Blockchain Developer,F,31-35,3,MSc,1.7,0.455,0.696,0.6823,0.6809,0.662,0.68,0.7487,0.7151,0.6843,0.6966,1,2,0.15,0.3,0.55,0.2,0.3,0.5,0.4,0.6
BLO00498,Blockchain_Developer,Blockchain Developer,F,46+,3,MSc,1.5,0.765,1.0,0.3665,0.9288,0.786,0.6,0.7813,0.7276,0.7743,0.7556,1,3,0.15,0.3,0.55,0.2,0.3,0.5,0.4,0.6
BLO00499,Blockchain_Developer,Blockchain Developer,F,26-30,3,MSc,4.1,0.862,0.9984,0.6917,0.8002,0.8248,1.0,0.6743,0.7946,0.8073,0.8022,1,2,0.15,0.3,0.55,0.2,0.3,0.5,0.4,0.6
BLO00500,Blockchain_Developer,Blockchain Developer,F,26-30,1,Diploma,6.7,0.514,0.6698,1.0,0.8016,0.4456,1.0,0.7423,0.7751,0.8348,0.8109,0,0,0.15,0.3,0.55,0.2,0.3,0.5,0.4,0.6
BLO00501,Blockchain_Developer,Blockchain Developer,F,26-30,2,BSc,2.7,0.672,0.5446,0.7837,0.6572,0.6288,1.0,0.6528,0.7534,0.6726,0.7049,1,2,0.15,0.3,0.55,0.2,0.3,0.5,0.4,0.6
BLO00502,Blockchain_Developer,Blockchain Developer,F,31-35,2,BSc,5.4,0.675,0.8785,0.7219,0.8774,0.63,1.0,0.78,0.8235,0.831,0.828,1,3,0.15,0.3,0.55,0.2,0.3,0.5,0.4,0.6
BLO00503,Blockchain_Developer,Blockchain Developer,F,26-30,3,MSc,4.2,0.783,0.7694,0.6539,0.8232,0.7932,1.0,0.5978,0.7478,0.7617,0.7561,1,2,0.15,0.3,0.55,0.2,0.3,0.5,0.4,0.6
BLO00504,Blockchain_Developer,Blockchain Developer,F,46+,3,MSc,0.0,0.876,0.7011,0.7363,0.7013,0.8304,0.0,0.5813,0.4443,0.7118,0.6048,0,0,0.15,0.3,0.55,0.2,0.3,0.5,0.4,0.6
BLO00505,Blockchain_Developer,Blockchain Developer,M,31-35,2,BSc,3.3,0.655,0.8747,0.8928,1.0,0.622,1.0,0.7231,0.791,0.9428,0.8821,1,3,0.15,0.3,0.55,0.2,0.3,0.5,0.4,0.6
BLO00506,Blockchain_Developer,Blockchain Developer,M,31-35,3,MSc,4.9,0.889,0.8079,0.8933,1.0,0.8356,1.0,0.9254,0.9343,0.9296,0.9315,1,3,0.15,0.3,0.55,0.2,0.3,0.5,0.4,0.6
BLO00507,Blockchain_Developer,Blockchain Developer,F,22-25,3,MSc,0.9,0.795,0.7918,0.6075,0.7383,0.798,0.36,0.6833,0.6035,0.7098,0.6673,0,2,0.15,0.3,0.55,0.2,0.3,0.5,0.4,0.6
BLO00508,Blockchain_Developer,Blockchain Developer,M,22-25,2,BSc,2.3,0.78,0.7731,0.6607,0.7561,0.672,0.92,0.4108,0.6027,0.7309,0.6796,1,1,0.15,0.3,0.55,0.2,0.3,0.5,0.4,0.6
BLO00509,Blockchain_Developer,Blockchain Developer,M,26-30,2,BSc,4.2,0.675,0.8207,0.9026,1.0,0.63,1.0,0.9201,0.9006,0.9349,0.9212,1,3,0.15,0.3,0.55,0.2,0.3,0.5,0.4,0.6
BLO00510,Blockchain_Developer,Blockchain Developer,F,26-30,3,MSc,0.7,0.741,0.689,0.914,0.8245,0.7764,0.28,0.6637,0.5655,0.8243,0.7208,0,2,0.15,0.3,0.55,0.2,0.3,0.5,0.4,0.6
BLO00511,Blockchain_Developer,Blockchain Developer,F,31-35,2,BSc,6.8,0.448,0.6862,0.666,0.8275,0.5392,1.0,0.7883,0.8144,0.7508,0.7762,1,3,0.15,0.3,0.55,0.2,0.3,0.5,0.4,0.6
BLO00512,Blockchain_Developer,Blockchain Developer,M,22-25,2,BSc,0.4,0.784,0.7008,0.5586,1.0,0.6736,0.16,0.8038,0.5911,0.8077,0.7211,0,0,0.15,0.3,0.55,0.2,0.3,0.5,0.4,0.6
BLO00513,Blockchain_Developer,Blockchain Developer,M,26-30,2,BSc,4.6,0.712,0.7299,0.743,0.8633,0.6448,1.0,0.6307,0.7436,0.8005,0.7777,1,2,0.15,0.3,0.55,0.2,0.3,0.5,0.4,0.6
BLO00514,Blockchain_Developer,Blockchain Developer,M,36-40,2,BSc,4.5,0.562,0.8441,0.6956,0.9772,0.5848,1.0,0.8089,0.8326,0.8661,0.8527,1,3,0.15,0.3,0.55,0.2,0.3,0.5,0.4,0.6
BLO00515,Blockchain_Developer,Blockchain Developer,F,26-30,2,BSc,1.4,0.691,0.6866,0.6738,0.7707,0.6364,0.56,0.6698,0.6319,0.7248,0.6876,1,2,0.15,0.3,0.55,0.2,0.3,0.5,0.4,0.6
BLO00516,Blockchain_Developer,Blockchain Developer,F,46+,3,MSc,2.9,0.541,0.8225,0.7799,0.9592,0.6964,1.0,0.6566,0.7656,0.8781,0.8331,1,2,0.15,0.3,0.55,0.2,0.3,0.5,0.4,0.6
BLO00517,Blockchain_Developer,Blockchain Developer,M,26-30,2,BSc,5.9,0.588,0.7118,0.8646,0.8955,0.5952,1.0,0.8911,0.8794,0.8495,0.8615,1,3,0.15,0.3,0.55,0.2,0.3,0.5,0.4,0.6
BLO00518,Blockchain_Developer,Blockchain Developer,F,41-45,3,MSc,1.0,0.739,0.6269,0.6748,0.7461,0.7756,0.4,0.6113,0.5726,0.7009,0.6496,1,2,0.15,0.3,0.55,0.2,0.3,0.5,0.4,0.6
BLO00519,Blockchain_Developer,Blockchain Developer,F,36-40,3,MSc,0.0,0.774,0.8232,0.7083,0.8911,0.7896,0.0,0.7023,0.5047,0.8227,0.6955,0,0,0.15,0.3,0.55,0.2,0.3,0.5,0.4,0.6
BLO00520,Blockchain_Developer,Blockchain Developer,M,26-30,3,MSc,3.7,0.904,0.9657,0.7295,0.9556,0.8416,1.0,0.8907,0.9161,0.8898,0.9003,1,3,0.15,0.3,0.55,0.2,0.3,0.5,0.4,0.6
BLO00521,Blockchain_Developer,Blockchain Developer,M,22-25,3,MSc,4.0,0.717,0.8879,0.7249,0.7132,0.7668,1.0,0.8104,0.8607,0.7516,0.7952,1,2,0.15,0.3,0.55,0.2,0.3,0.5,0.4,0.6
BLO00522,Blockchain_Developer,Blockchain Developer,M,26-30,4,PhD,1.3,0.855,0.9081,0.6813,0.9727,0.942,0.52,0.7906,0.7321,0.8724,0.8163,1,3,0.15,0.3,0.55,0.2,0.3,0.5,0.4,0.6
BLO00523,Blockchain_Developer,Blockchain Developer,M,26-30,3,MSc,1.7,0.733,0.9531,0.6807,0.7607,0.7732,0.68,0.7409,0.7275,0.7752,0.7561,1,3,0.15,0.3,0.55,0.2,0.3,0.5,0.4,0.6
BLO00524,Blockchain_Developer,Blockchain Developer,F,22-25,3,MSc,6.7,0.707,0.6885,0.9309,1.0,0.7628,1.0,0.8375,0.875,0.917,0.9002,1,3,0.15,0.3,0.55,0.2,0.3,0.5,0.4,0.6
BLO00525,Blockchain_Developer,Blockchain Developer,M,41-45,2,BSc,0.9,0.606,0.7084,0.6345,0.8833,0.6024,0.36,0.5743,0.5142,0.7737,0.6699,0,1,0.15,0.3,0.55,0.2,0.3,0.5,0.4,0.6
BLO00526,Blockchain_Developer,Blockchain Developer,F,22-25,2,BSc,0.0,0.779,0.8807,0.7816,0.7659,0.6716,0.0,0.4616,0.3546,0.7936,0.618,0,0,0.15,0.3,0.55,0.2,0.3,0.5,0.4,0.6
BLO00527,Blockchain_Developer,Blockchain Developer,F,41-45,4,PhD,0.2,0.782,0.6015,0.8415,0.8349,0.9128,0.08,0.7983,0.6,0.7902,0.7141,0,0,0.15,0.3,0.55,0.2,0.3,0.5,0.4,0.6
BLO00528,Blockchain_Developer,Blockchain Developer,M,26-30,3,MSc,0.7,0.83,0.74,0.64,1.0,0.812,0.28,0.5799,0.5247,0.84,0.7139,0,2,0.15,0.3,0.55,0.2,0.3,0.5,0.4,0.6
BLO00529,Blockchain_Developer,Blockchain Developer,M,26-30,2,BSc,1.6,0.71,0.6453,0.7395,0.8496,0.644,0.64,0.7073,0.6776,0.7757,0.7365,1,3,0.15,0.3,0.55,0.2,0.3,0.5,0.4,0.6
BLO00530,Blockchain_Developer,Blockchain Developer,F,31-35,4,PhD,0.9,0.921,0.8386,0.4412,0.8869,0.9684,0.36,0.6442,0.6076,0.7435,0.6891,0,2,0.15,0.3,0.55,0.2,0.3,0.5,0.4,0.6
BLO00531,Blockchain_Developer,Blockchain Developer,M,31-35,3,MSc,3.3,0.907,0.7327,0.7139,0.8431,0.8428,1.0,0.7706,0.8502,0.7823,0.8095,1,3,0.15,0.3,0.55,0.2,0.3,0.5,0.4,0.6
BLO00532,Blockchain_Developer,Blockchain Developer,M,46+,3,MSc,5.1,0.677,0.9015,0.663,1.0,0.7508,1.0,0.7797,0.8415,0.8792,0.8641,1,3,0.15,0.3,0.55,0.2,0.3,0.5,0.4,0.6
BLO00533,Blockchain_Developer,Blockchain Developer,F,22-25,2,BSc,4.7,0.74,0.9202,0.7048,0.9476,0.656,1.0,0.825,0.8521,0.8693,0.8624,1,2,0.15,0.3,0.55,0.2,0.3,0.5,0.4,0.6
BLO00534,Blockchain_Developer,Blockchain Developer,F,31-35,2,BSc,3.3,0.692,0.6181,0.9449,0.9448,0.6368,1.0,0.6585,0.7577,0.8795,0.8308,1,2,0.15,0.3,0.55,0.2,0.3,0.5,0.4,0.6
BLO00535,Blockchain_Developer,Blockchain Developer,M,36-40,2,BSc,4.6,0.847,0.8561,0.6981,1.0,0.6988,1.0,0.9407,0.9222,0.8807,0.8973,1,3,0.15,0.3,0.55,0.2,0.3,0.5,0.4,0.6
BLO00536,Blockchain_Developer,Blockchain Developer,F,22-25,2,BSc,1.5,0.735,0.8593,0.7802,0.9093,0.654,0.6,0.7579,0.6949,0.8606,0.7943,1,3,0.15,0.3,0.55,0.2,0.3,0.5,0.4,0.6
BLO00537,Blockchain_Developer,Blockchain Developer,M,31-35,4,PhD,1.5,0.833,0.75,0.814,1.0,0.9332,0.6,0.7304,0.7217,0.8942,0.8252,1,3,0.15,0.3,0.55,0.2,0.3,0.5,0.4,0.6
BLO00538,Blockchain_Developer,Blockchain Developer,M,31-35,3,MSc,3.8,0.719,0.6204,0.8579,0.6574,0.7676,1.0,0.6313,0.7624,0.7101,0.731,1,2,0.15,0.3,0.55,0.2,0.3,0.5,0.4,0.6
BLO00539,Blockchain_Developer,Blockchain Developer,M,31-35,2,BSc,3.6,0.827,0.6094,0.7335,0.8824,0.6908,1.0,0.7554,0.8191,0.7831,0.7975,1,3,0.15,0.3,0.55,0.2,0.3,0.5,0.4,0.6
BLO00540,Blockchain_Developer,Blockchain Developer,F,41-45,3,MSc,3.6,0.893,0.824,0.7861,1.0,0.8372,1.0,0.8631,0.9003,0.9006,0.9005,1,3,0.15,0.3,0.55,0.2,0.3,0.5,0.4,0.6
BLO00541,Blockchain_Developer,Blockchain Developer,M,26-30,2,BSc,0.0,0.787,0.7594,0.7578,0.9324,0.6748,0.0,0.6284,0.4468,0.8454,0.686,0,0,0.15,0.3,0.55,0.2,0.3,0.5,0.4,0.6
BLO00542,Blockchain_Developer,Blockchain Developer,F,36-40,3,MSc,0.1,0.735,0.6915,0.7142,0.9521,0.774,0.04,0.73,0.5296,0.8286,0.709,0,0,0.15,0.3,0.55,0.2,0.3,0.5,0.4,0.6
BLO00543,Blockchain_Developer,Blockchain Developer,M,31-35,2,BSc,5.6,0.644,0.5709,0.81,1.0,0.6176,1.0,0.7934,0.829,0.8572,0.8459,1,3,0.15,0.3,0.55,0.2,0.3,0.5,0.4,0.6
BLO00544,Blockchain_Developer,Blockchain Developer,M,26-30,2,BSc,6.1,0.748,0.8905,0.9311,0.7433,0.6592,1.0,0.8133,0.8462,0.8291,0.8359,1,3,0.15,0.3,0.55,0.2,0.3,0.5,0.4,0.6
BLO00545,Blockchain_Developer,Blockchain Developer,F,31-35,1,Diploma,4.1,0.577,0.7963,0.763,1.0,0.4708,1.0,0.7494,0.7828,0.8882,0.846,0,0,0.15,0.3,0.55,0.2,0.3,0.5,0.4,0.6
BLO00546,Blockchain_Developer,Blockchain Developer,F,22-25,1,Diploma,3.2,0.611,0.7128,0.7602,0.8406,0.4844,1.0,0.6229,0.7153,0.7909,0.7607,0,0,0.15,0.3,0.55,0.2,0.3,0.5,0.4,0.6
BLO00547,Blockchain_Developer,Blockchain Developer,M,41-45,2,BSc,4.1,0.619,0.7837,0.7616,0.9043,0.6076,1.0,0.572,0.7057,0.8374,0.7847,1,2,0.15,0.3,0.55,0.2,0.3,0.5,0.4,0.6
BLO00548,Blockchain_Developer,Blockchain Developer,M,22-25,1,Diploma,3.9,0.592,0.8404,0.8947,1.0,0.4768,1.0,0.8517,0.84,0.9365,0.8979,0,0,0.15,0.3,0.55,0.2,0.3,0.5,0.4,0.6
BLO00549,Blockchain_Developer,Blockchain Developer,F,36-40,2,BSc,4.7,0.637,0.9385,0.7689,1.0,0.6148,1.0,0.8059,0.8355,0.9184,0.8852,1,3,0.15,0.3,0.55,0.2,0.3,0.5,0.4,0.6
BLO00550,Blockchain_Developer,Blockchain Developer,M,46+,2,BSc,1.0,0.76,0.7907,0.5893,0.8738,0.664,0.4,0.8028,0.6611,0.7718,0.7275,1,3,0.15,0.3,0.55,0.2,0.3,0.5,0.4,0.6
BLO00551,Blockchain_Developer,Blockchain Developer,F,36-40,2,BSc,1.2,0.689,0.7422,0.5581,0.9257,0.6356,0.48,0.7635,0.6593,0.7787,0.7309,1,3,0.15,0.3,0.55,0.2,0.3,0.5,0.4,0.6
BLO00552,Blockchain_Developer,Blockchain Developer,F,36-40,2,BSc,2.7,0.73,0.7469,0.6901,0.815,0.652,1.0,0.718,0.7927,0.7639,0.7754,1,3,0.15,0.3,0.55,0.2,0.3,0.5,0.4,0.6
BLO00553,Blockchain_Developer,Blockchain Developer,F,26-30,4,PhD,5.5,0.722,0.8658,0.9434,0.9148,0.8888,1.0,0.7892,0.8674,0.9136,0.8951,1,3,0.15,0.3,0.55,0.2,0.3,0.5,0.4,0.6
BLO00554,Blockchain_Developer,Blockchain Developer,F,26-30,2,BSc,4.9,0.59,0.7563,0.7598,0.8933,0.596,1.0,0.6733,0.7597,0.8258,0.7994,1,2,0.15,0.3,0.55,0.2,0.3,0.5,0.4,0.6
BLO00555,Blockchain_Developer,Blockchain Developer,F,26-30,2,BSc,2.8,0.515,0.7177,0.7677,0.8951,0.566,1.0,0.7383,0.791,0.8214,0.8092,1,3,0.15,0.3,0.55,0.2,0.3,0.5,0.4,0.6
BLO00556,Blockchain_Developer,Blockchain Developer,M,31-35,2,BSc,1.9,0.635,0.637,0.8231,0.854,0.614,0.76,0.6787,0.6934,0.8013,0.7581,1,2,0.15,0.3,0.55,0.2,0.3,0.5,0.4,0.6
BLO00557,Blockchain_Developer,Blockchain Developer,F,31-35,3,MSc,2.0,0.823,0.9412,0.7364,1.0,0.8092,0.8,0.8736,0.8419,0.9092,0.8823,1,3,0.15,0.3,0.55,0.2,0.3,0.5,0.4,0.6
BLO00558,Blockchain_Developer,Blockchain Developer,F,22-25,3,MSc,4.4,0.867,0.7451,0.5298,0.8812,0.8268,1.0,0.7343,0.8279,0.7486,0.7803,1,3,0.15,0.3,0.55,0.2,0.3,0.5,0.4,0.6
BLO00559,Blockchain_Developer,Blockchain Developer,F,36-40,2,BSc,2.4,0.5,0.9696,0.6301,1.0,0.56,0.96,0.6981,0.756,0.883,0.8322,1,2,0.15,0.3,0.55,0.2,0.3,0.5,0.4,0.6
BLO00560,Blockchain_Developer,Blockchain Developer,M,46+,3,MSc,2.9,0.661,0.8323,0.7426,1.0,0.7444,1.0,0.7919,0.8472,0.8892,0.8724,1,3,0.15,0.3,0.55,0.2,0.3,0.5,0.4,0.6
BLO00561,Blockchain_Developer,Blockchain Developer,F,46+,2,BSc,3.0,0.615,1.0,0.8341,0.8134,0.606,1.0,0.7401,0.798,0.8569,0.8333,1,3,0.15,0.3,0.55,0.2,0.3,0.5,0.4,0.6
BLO00562,Blockchain_Developer,Blockchain Developer,F,31-35,3,MSc,5.2,0.731,0.8701,0.7904,1.0,0.7724,1.0,0.812,0.8625,0.9111,0.8917,1,3,0.15,0.3,0.55,0.2,0.3,0.5,0.4,0.6
BLO00563,Blockchain_Developer,Blockchain Developer,M,22-25,4,PhD,3.4,0.905,0.698,0.9479,0.9859,0.962,1.0,0.9618,0.9733,0.9169,0.9395,1,3,0.15,0.3,0.55,0.2,0.3,0.5,0.4,0.6
BLO00564,Blockchain_Developer,Blockchain Developer,M,22-25,3,MSc,4.0,0.532,0.7456,0.9268,0.7838,0.6928,1.0,0.6669,0.7707,0.8191,0.7997,1,2,0.15,0.3,0.55,0.2,0.3,0.5,0.4,0.6
BLO00565,Blockchain_Developer,Blockchain Developer,F,26-30,2,BSc,0.1,0.709,0.9036,0.8383,0.7186,0.6436,0.04,0.6602,0.4717,0.7915,0.6636,0,0,0.15,0.3,0.55,0.2,0.3,0.5,0.4,0.6
BLO00566,Blockchain_Developer,Blockchain Developer,F,22-25,2,BSc,3.9,0.634,0.706,0.6417,0.7808,0.6136,1.0,0.6963,0.775,0.7241,0.7445,1,2,0.15,0.3,0.55,0.2,0.3,0.5,0.4,0.6
BLO00567,Blockchain_Developer,Blockchain Developer,M,31-35,4,PhD,3.3,0.82,0.9083,0.6028,0.772,0.928,1.0,0.6796,0.813,0.7485,0.7743,1,2,0.15,0.3,0.55,0.2,0.3,0.5,0.4,0.6
BLO00568,Blockchain_Developer,Blockchain Developer,F,26-30,3,MSc,0.0,0.807,0.9262,0.8194,0.7932,0.8028,0.0,0.8104,0.5661,0.8277,0.7231,0,0,0.15,0.3,0.55,0.2,0.3,0.5,0.4,0.6
BLO00569,Blockchain_Developer,Blockchain Developer,M,31-35,3,MSc,3.2,0.768,0.8542,0.8923,0.9076,0.7872,1.0,0.8826,0.9035,0.8923,0.8968,1,3,0.15,0.3,0.55,0.2,0.3,0.5,0.4,0.6
BLO00570,Blockchain_Developer,Blockchain Developer,F,26-30,3,MSc,1.7,0.777,0.723,0.8964,0.8496,0.7908,0.68,0.6346,0.6717,0.8383,0.7717,1,2,0.15,0.3,0.55,0.2,0.3,0.5,0.4,0.6
BLO00571,Blockchain_Developer,Blockchain Developer,M,36-40,1,Diploma,1.8,0.532,0.6622,0.7683,0.9381,0.4528,0.72,0.7267,0.6836,0.832,0.7726,0,0,0.15,0.3,0.55,0.2,0.3,0.5,0.4,0.6
BLO00572,Blockchain_Developer,Blockchain Developer,M,22-25,2,BSc,0.0,0.706,0.5826,0.6913,0.86,0.6424,0.0,0.6259,0.4406,0.7539,0.6286,0,0,0.15,0.3,0.55,0.2,0.3,0.5,0.4,0.6
BLO00573,Blockchain_Developer,Blockchain Developer,F,31-35,3,MSc,0.6,0.755,0.6914,0.6477,0.7379,0.782,0.24,0.6456,0.5444,0.7015,0.6387,0,2,0.15,0.3,0.55,0.2,0.3,0.5,0.4,0.6
BLO00574,Blockchain_Developer,Blockchain Developer,F,31-35,3,MSc,2.7,0.826,0.7094,0.8401,0.8632,0.8104,1.0,0.7078,0.8109,0.8255,0.8197,1,3,0.15,0.3,0.55,0.2,0.3,0.5,0.4,0.6
BLO00575,Blockchain_Developer,Blockchain Developer,F,36-40,2,BSc,3.3,0.695,0.5445,0.5865,0.9547,0.638,1.0,0.6708,0.7646,0.7622,0.7632,1,2,0.15,0.3,0.55,0.2,0.3,0.5,0.4,0.6
BLO00576,Blockchain_Developer,Blockchain Developer,F,41-45,2,BSc,5.5,0.735,0.8521,0.8975,0.8105,0.654,1.0,0.6475,0.7542,0.8449,0.8086,1,2,0.15,0.3,0.55,0.2,0.3,0.5,0.4,0.6
BLO00577,Blockchain_Developer,Blockchain Developer,F,26-30,3,MSc,4.1,0.842,0.87,0.757,0.9167,0.8168,1.0,0.7724,0.8473,0.8595,0.8546,1,3,0.15,0.3,0.55,0.2,0.3,0.5,0.4,0.6
BLO00578,Blockchain_Developer,Blockchain Developer,F,22-25,2,BSc,4.8,0.739,0.6626,0.6962,1.0,0.6556,1.0,0.7722,0.8231,0.8414,0.8341,1,2,0.15,0.3,0.55,0.2,0.3,0.5,0.4,0.6
BLO00579,Blockchain_Developer,Blockchain Developer,M,22-25,2,BSc,4.0,0.604,0.7649,0.7273,0.8844,0.6016,1.0,0.9053,0.8882,0.8134,0.8433,1,3,0.15,0.3,0.55,0.2,0.3,0.5,0.4,0.6
BLO00580,Blockchain_Developer,Blockchain Developer,F,36-40,2,BSc,2.5,0.644,0.7084,0.6405,0.8837,0.6176,1.0,0.5239,0.6808,0.7757,0.7377,1,1,0.15,0.3,0.55,0.2,0.3,0.5,0.4,0.6
BLO00581,Blockchain_Developer,Blockchain Developer,M,31-35,2,BSc,0.6,0.528,0.6532,0.8589,1.0,0.5712,0.24,0.6505,0.5155,0.8883,0.7392,0,2,0.15,0.3,0.55,0.2,0.3,0.5,0.4,0.6
BLO00582,Blockchain_Developer,Blockchain Developer,F,46+,2,BSc,0.0,0.621,0.5572,0.4797,0.7908,0.6084,0.0,0.6745,0.4622,0.6507,0.5753,0,0,0.15,0.3,0.55,0.2,0.3,0.5,0.4,0.6
BLO00583,Blockchain_Developer,Blockchain Developer,M,31-35,2,BSc,0.1,0.672,0.8682,0.5144,0.9728,0.6288,0.04,0.5598,0.4142,0.8144,0.6543,0,0,0.15,0.3,0.55,0.2,0.3,0.5,0.4,0.6
BLO00584,Blockchain_Developer,Blockchain Developer,M,26-30,2,BSc,4.3,0.458,0.7983,0.9019,0.9049,0.5432,1.0,0.8613,0.8552,0.8827,0.8717,1,3,0.15,0.3,0.55,0.2,0.3,0.5,0.4,0.6
BLO00585,Blockchain_Developer,Blockchain Developer,F,26-30,2,BSc,0.7,0.636,0.8408,0.6821,0.7295,0.6144,0.28,0.5204,0.4624,0.7375,0.6275,0,1,0.15,0.3,0.55,0.2,0.3,0.5,0.4,0.6
BLO00586,Blockchain_Developer,Blockchain Developer,F,36-40,3,MSc,0.7,0.745,0.804,0.7955,1.0,0.778,0.28,0.6748,0.5718,0.8994,0.7684,0,2,0.15,0.3,0.55,0.2,0.3,0.5,0.4,0.6
BLO00587,Blockchain_Developer,Blockchain Developer,F,36-40,3,MSc,6.0,0.699,0.591,0.7724,0.9445,0.7596,1.0,0.857,0.8853,0.8222,0.8474,1,3,0.15,0.3,0.55,0.2,0.3,0.5,0.4,0.6
BLO00588,Blockchain_Developer,Blockchain Developer,F,31-35,3,MSc,2.7,0.795,0.8556,0.8365,0.9314,0.798,1.0,0.8385,0.8809,0.8878,0.885,1,3,0.15,0.3,0.55,0.2,0.3,0.5,0.4,0.6
BLO00589,Blockchain_Developer,Blockchain Developer,M,31-35,3,MSc,6.6,0.776,0.8353,0.8635,1.0,0.7904,1.0,0.6957,0.8012,0.9261,0.8761,1,2,0.15,0.3,0.55,0.2,0.3,0.5,0.4,0.6
BLO00590,Blockchain_Developer,Blockchain Developer,M,26-30,2,BSc,5.0,0.711,0.7564,0.9121,0.8034,0.6444,1.0,0.4268,0.6314,0.8266,0.7485,1,1,0.15,0.3,0.55,0.2,0.3,0.5,0.4,0.6
BLO00591,Blockchain_Developer,Blockchain Developer,M,26-30,2,BSc,2.2,0.793,0.9718,0.7708,0.9439,0.6772,0.88,0.5236,0.6536,0.8975,0.7999,1,1,0.15,0.3,0.55,0.2,0.3,0.5,0.4,0.6
BLO00592,Blockchain_Developer,Blockchain Developer,M,22-25,3,MSc,2.9,0.651,0.903,0.6629,1.0,0.7404,1.0,0.775,0.8373,0.8795,0.8626,1,3,0.15,0.3,0.55,0.2,0.3,0.5,0.4,0.6
BLO00593,Blockchain_Developer,Blockchain Developer,M,26-30,2,BSc,1.8,0.525,0.8936,0.8156,0.9374,0.57,0.72,0.8583,0.7736,0.8921,0.8447,1,3,0.15,0.3,0.55,0.2,0.3,0.5,0.4,0.6
BLO00594,Blockchain_Developer,Blockchain Developer,F,41-45,2,BSc,0.0,0.628,0.7835,0.6462,0.9029,0.6112,0.0,0.7764,0.5187,0.802,0.6887,0,0,0.15,0.3,0.55,0.2,0.3,0.5,0.4,0.6
BLO00595,Blockchain_Developer,Blockchain Developer,F,31-35,2,BSc,1.7,0.668,0.5832,0.7439,0.9103,0.6272,0.68,0.6972,0.6815,0.795,0.7496,1,2,0.15,0.3,0.55,0.2,0.3,0.5,0.4,0.6
BLO00596,Blockchain_Developer,Blockchain Developer,M,31-35,2,BSc,2.5,0.636,0.9471,0.5299,0.8359,0.6144,1.0,0.6674,0.7592,0.7663,0.7635,1,2,0.15,0.3,0.55,0.2,0.3,0.5,0.4,0.6
BLO00597,Blockchain_Developer,Blockchain Developer,M,41-45,1,Diploma,3.2,0.646,0.8917,0.6602,0.8849,0.4984,1.0,0.7528,0.7888,0.8189,0.8069,0,0,0.15,0.3,0.55,0.2,0.3,0.5,0.4,0.6
BLO00598,Blockchain_Developer,Blockchain Developer,M,22-25,3,MSc,3.1,0.809,0.7219,0.5639,0.9528,0.8036,1.0,0.6165,0.7596,0.7899,0.7778,1,2,0.15,0.3,0.55,0.2,0.3,0.5,0.4,0.6
BLO00599,Blockchain_Developer,Blockchain Developer,M,31-35,4,PhD,3.3,0.974,0.7131,0.8306,1.0,0.9896,1.0,0.8418,0.9114,0.8918,0.8996,1,3,0.15,0.3,0.55,0.2,0.3,0.5,0.4,0.6
BLO00600,Blockchain_Developer,Blockchain Developer,M,31-35,2,BSc,1.0,0.526,0.8714,0.5878,0.8364,0.5704,0.4,0.5606,0.5139,0.7688,0.6668,1,2,0.15,0.3,0.55,0.2,0.3,0.5,0.4,0.6
