candidate_id,job_role,job_role_display,gender,age_group,edu_level,edu_level_name,years_experience,edu_relevance,P_mcq,P_desc,P_code,S_edu,S_exp,S_skill,S_cv,S_int,CSS,passed_hard_filter,relevance_label,w_edu,w_exp,w_skill,w_mcq,w_desc,w_code,W_CV,W_INT
MA00001,Mobile_App_Developer,Mobile App Developer,F,36-40,2,BSc,4.4,0.6786,0.6812,0.6818,0.9174,0.6315,1.0,0.5329,0.6878,0.7994,0.7548,1,1,0.15,0.3,0.55,0.2,0.3,0.5,0.4,0.6
MA00002,Mobile_App_Developer,Mobile App Developer,F,26-30,3,MSc,5.2,0.8781,0.8014,0.6768,0.5094,0.8312,1.0,0.663,0.7893,0.618,0.6865,1,1,0.15,0.3,0.55,0.2,0.3,0.5,0.4,0.6
MA00003,Mobile_App_Developer,Mobile App Developer,F,22-25,2,BSc,3.7,0.7662,0.6182,0.5943,0.689,0.6665,1.0,0.4178,0.6298,0.6464,0.6398,1,1,0.15,0.3,0.55,0.2,0.3,0.5,0.4,0.6
MA00004,Mobile_App_Developer,Mobile App Developer,M,31-35,2,BSc,3.0,0.4636,0.7563,0.4617,0.6509,0.5454,1.0,0.454,0.6315,0.6152,0.6217,1,1,0.15,0.3,0.55,0.2,0.3,0.5,0.4,0.6
MA00005,Mobile_App_Developer,Mobile App Developer,F,22-25,2,BSc,0.4,0.5418,0.7115,0.3754,0.5286,0.5767,0.16,0.7571,0.5509,0.5192,0.5319,0,1,0.15,0.3,0.55,0.2,0.3,0.5,0.4,0.6
MA00006,Mobile_App_Developer,Mobile App Developer,M,26-30,3,MSc,0.6,0.6413,0.6805,0.6644,0.676,0.7365,0.24,0.5977,0.5112,0.6735,0.6086,0,2,0.15,0.3,0.55,0.2,0.3,0.5,0.4,0.6
MA00007,Mobile_App_Developer,Mobile App Developer,M,22-25,2,BSc,2.8,0.797,0.5801,0.4317,0.5569,0.6788,1.0,0.5058,0.68,0.524,0.5864,1,1,0.15,0.3,0.55,0.2,0.3,0.5,0.4,0.6
MA00008,Mobile_App_Developer,Mobile App Developer,M,22-25,2,BSc,4.3,0.2073,0.719,0.7277,0.5061,0.4429,1.0,0.7188,0.7618,0.6151,0.6738,1,1,0.15,0.3,0.55,0.2,0.3,0.5,0.4,0.6
MA00009,Mobile_App_Developer,Mobile App Developer,M,31-35,2,BSc,1.5,0.7615,0.6562,0.5258,0.5168,0.6646,0.6,0.749,0.6916,0.5474,0.6051,1,2,0.15,0.3,0.55,0.2,0.3,0.5,0.4,0.6
MA00010,Mobile_App_Developer,Mobile App Developer,M,26-30,3,MSc,3.2,0.5635,0.8172,0.5867,0.8106,0.7054,1.0,0.6654,0.7718,0.7448,0.7556,1,2,0.15,0.3,0.55,0.2,0.3,0.5,0.4,0.6
MA00011,Mobile_App_Developer,Mobile App Developer,F,26-30,3,MSc,2.3,0.8828,0.6529,0.6012,0.569,0.8331,0.92,0.4918,0.6715,0.5955,0.6259,1,1,0.15,0.3,0.55,0.2,0.3,0.5,0.4,0.6
MA00012,Mobile_App_Developer,Mobile App Developer,F,31-35,3,MSc,3.5,0.6571,0.8134,0.6649,0.7448,0.7428,1.0,0.7827,0.8419,0.7346,0.7775,1,3,0.15,0.3,0.55,0.2,0.3,0.5,0.4,0.6
MA00013,Mobile_App_Developer,Mobile App Developer,M,26-30,2,BSc,5.7,0.6657,0.7967,0.6928,0.6901,0.6263,1.0,0.7739,0.8196,0.7122,0.7552,1,2,0.15,0.3,0.55,0.2,0.3,0.5,0.4,0.6
MA00014,Mobile_App_Developer,Mobile App Developer,F,31-35,2,BSc,1.6,0.4249,0.5339,0.231,0.6007,0.5299,0.64,0.6199,0.6124,0.4764,0.5308,1,1,0.15,0.3,0.55,0.2,0.3,0.5,0.4,0.6
MA00015,Mobile_App_Developer,Mobile App Developer,M,31-35,3,MSc,4.1,0.2101,0.5913,0.6982,0.4452,0.564,1.0,0.466,0.6409,0.5503,0.5865,1,1,0.15,0.3,0.55,0.2,0.3,0.5,0.4,0.6
MA00016,Mobile_App_Developer,Mobile App Developer,M,36-40,2,BSc,3.1,0.3881,0.7379,0.5727,0.842,0.5152,1.0,0.5873,0.7003,0.7404,0.7244,1,2,0.15,0.3,0.55,0.2,0.3,0.5,0.4,0.6
MA00017,Mobile_App_Developer,Mobile App Developer,F,22-25,2,BSc,1.2,0.4818,0.4982,0.5844,0.6805,0.5527,0.48,0.3749,0.4331,0.6152,0.5424,0,0,0.15,0.3,0.55,0.2,0.3,0.5,0.4,0.6
MA00018,Mobile_App_Developer,Mobile App Developer,M,40+,4,PhD,3.3,0.7492,0.5906,0.8351,0.7958,0.8997,1.0,0.5017,0.7109,0.7666,0.7443,1,1,0.15,0.3,0.55,0.2,0.3,0.5,0.4,0.6
MA00019,Mobile_App_Developer,Mobile App Developer,M,22-25,2,BSc,3.5,0.2667,0.6531,0.7378,0.7337,0.4667,1.0,0.6187,0.7103,0.7188,0.7154,1,2,0.15,0.3,0.55,0.2,0.3,0.5,0.4,0.6
MA00020,Mobile_App_Developer,Mobile App Developer,M,26-30,2,BSc,2.7,0.4634,0.6399,0.4801,0.6686,0.5453,1.0,0.5664,0.6933,0.6063,0.6411,1,2,0.15,0.3,0.55,0.2,0.3,0.5,0.4,0.6
MA00021,Mobile_App_Developer,Mobile App Developer,F,31-35,1,Diploma,2.1,0.7008,0.5114,0.4622,0.6456,0.5203,0.84,0.4855,0.5971,0.5638,0.5771,0,1,0.15,0.3,0.55,0.2,0.3,0.5,0.4,0.6
MA00022,Mobile_App_Developer,Mobile App Developer,M,31-35,4,PhD,0.0,0.5708,0.7027,0.5034,0.6878,0.8283,0.0,0.6797,0.4981,0.6355,0.5805,0,2,0.15,0.3,0.55,0.2,0.3,0.5,0.4,0.6
MA00023,Mobile_App_Developer,Mobile App Developer,F,36-40,2,BSc,0.5,0.5134,0.8142,0.6155,0.6183,0.5654,0.2,0.7508,0.5577,0.6566,0.617,0,1,0.15,0.3,0.55,0.2,0.3,0.5,0.4,0.6
MA00024,Mobile_App_Developer,Mobile App Developer,F,22-25,2,BSc,0.6,0.8542,0.7033,0.5598,0.5535,0.7017,0.24,0.5452,0.4771,0.5854,0.5421,0,1,0.15,0.3,0.55,0.2,0.3,0.5,0.4,0.6
MA00025,Mobile_App_Developer,Mobile App Developer,F,40+,2,BSc,1.3,0.2585,0.7473,0.4887,0.6985,0.4634,0.52,0.5639,0.5357,0.6453,0.6015,1,2,0.15,0.3,0.55,0.2,0.3,0.5,0.4,0.6
MA00026,Mobile_App_Developer,Mobile App Developer,M,22-25,3,MSc,2.4,0.4364,0.7169,0.7971,0.5286,0.6546,0.96,0.7003,0.7714,0.6468,0.6966,1,1,0.15,0.3,0.55,0.2,0.3,0.5,0.4,0.6
MA00027,Mobile_App_Developer,Mobile App Developer,M,31-35,2,BSc,0.0,0.7998,0.7756,0.5878,0.9057,0.6799,0.0,0.902,0.5981,0.7843,0.7098,0,3,0.15,0.3,0.55,0.2,0.3,0.5,0.4,0.6
MA00028,Mobile_App_Developer,Mobile App Developer,M,22-25,2,BSc,0.0,0.4225,0.6721,0.5238,0.423,0.529,0.0,0.5115,0.3607,0.5031,0.4461,0,1,0.15,0.3,0.55,0.2,0.3,0.5,0.4,0.6
MA00029,Mobile_App_Developer,Mobile App Developer,F,22-25,2,BSc,5.1,0.4672,0.7066,0.8552,0.7595,0.5469,1.0,0.8209,0.8335,0.7776,0.8,1,3,0.15,0.3,0.55,0.2,0.3,0.5,0.4,0.6
MA00030,Mobile_App_Developer,Mobile App Developer,F,36-40,3,MSc,0.0,0.5768,0.7804,0.3966,0.5714,0.7107,0.0,0.5244,0.395,0.5607,0.4944,0,1,0.15,0.3,0.55,0.2,0.3,0.5,0.4,0.6
MA00031,Mobile_App_Developer,Mobile App Developer,F,36-40,3,MSc,1.3,0.6258,0.8727,0.6254,0.688,0.7303,0.52,0.7339,0.6692,0.7061,0.6913,1,3,0.15,0.3,0.55,0.2,0.3,0.5,0.4,0.6
MA00032,Mobile_App_Developer,Mobile App Developer,M,26-30,1,Diploma,5.2,0.519,0.5948,0.6198,0.5946,0.4476,1.0,0.5827,0.6876,0.6022,0.6364,0,2,0.15,0.3,0.55,0.2,0.3,0.5,0.4,0.6
MA00033,Mobile_App_Developer,Mobile App Developer,M,31-35,2,BSc,3.7,0.7117,0.6564,0.405,0.5148,0.6447,1.0,0.444,0.6409,0.5102,0.5625,1,1,0.15,0.3,0.55,0.2,0.3,0.5,0.4,0.6
MA00034,Mobile_App_Developer,Mobile App Developer,M,26-30,2,BSc,0.0,0.8327,0.6411,0.701,0.8057,0.6931,0.0,0.7539,0.5186,0.7413,0.6522,0,2,0.15,0.3,0.55,0.2,0.3,0.5,0.4,0.6
MA00035,Mobile_App_Developer,Mobile App Developer,M,40+,1,Diploma,1.2,0.6801,0.8844,0.8735,0.7464,0.512,0.48,0.6535,0.5803,0.8121,0.7194,0,2,0.15,0.3,0.55,0.2,0.3,0.5,0.4,0.6
MA00036,Mobile_App_Developer,Mobile App Developer,F,40+,4,PhD,0.0,0.7115,0.8859,0.7395,0.5463,0.8846,0.0,0.8855,0.6197,0.6722,0.6512,0,2,0.15,0.3,0.55,0.2,0.3,0.5,0.4,0.6
MA00037,Mobile_App_Developer,Mobile App Developer,F,36-40,2,BSc,2.1,0.8375,0.5628,0.5558,0.6067,0.695,0.84,0.5634,0.6661,0.5826,0.616,1,2,0.15,0.3,0.55,0.2,0.3,0.5,0.4,0.6
MA00038,Mobile_App_Developer,Mobile App Developer,M,36-40,2,BSc,1.7,0.5732,0.6528,0.5602,0.4422,0.5893,0.68,0.4312,0.5295,0.5197,0.5236,1,1,0.15,0.3,0.55,0.2,0.3,0.5,0.4,0.6
MA00039,Mobile_App_Developer,Mobile App Developer,M,31-35,2,BSc,3.8,0.3691,0.6891,0.7299,0.9611,0.5076,1.0,0.6622,0.7404,0.8374,0.7986,1,2,0.15,0.3,0.55,0.2,0.3,0.5,0.4,0.6
MA00040,Mobile_App_Developer,Mobile App Developer,F,22-25,2,BSc,0.0,0.5617,0.5489,0.4951,0.6705,0.5847,0.0,0.4823,0.3529,0.5936,0.4973,0,1,0.15,0.3,0.55,0.2,0.3,0.5,0.4,0.6
MA00041,Mobile_App_Developer,Mobile App Developer,F,26-30,3,MSc,3.1,0.7883,0.3791,0.5232,0.9016,0.7953,1.0,0.622,0.7614,0.6836,0.7147,1,2,0.15,0.3,0.55,0.2,0.3,0.5,0.4,0.6
MA00042,Mobile_App_Developer,Mobile App Developer,F,22-25,2,BSc,1.9,0.8174,0.4798,0.5789,0.7777,0.687,0.76,0.5395,0.6278,0.6585,0.6462,1,1,0.15,0.3,0.55,0.2,0.3,0.5,0.4,0.6
MA00043,Mobile_App_Developer,Mobile App Developer,M,31-35,2,BSc,0.0,0.7403,0.5831,0.3376,0.3777,0.6561,0.0,0.5904,0.4231,0.4068,0.4133,0,1,0.15,0.3,0.55,0.2,0.3,0.5,0.4,0.6
MA00044,Mobile_App_Developer,Mobile App Developer,M,22-25,3,MSc,1.0,0.6027,0.7436,0.6227,0.6089,0.7211,0.4,0.9108,0.7291,0.64,0.6756,1,3,0.15,0.3,0.55,0.2,0.3,0.5,0.4,0.6
MA00045,Mobile_App_Developer,Mobile App Developer,M,22-25,3,MSc,5.3,0.701,0.5911,0.9059,0.6743,0.7604,1.0,0.6441,0.7683,0.7272,0.7436,1,3,0.15,0.3,0.55,0.2,0.3,0.5,0.4,0.6
MA00046,Mobile_App_Developer,Mobile App Developer,M,26-30,2,BSc,5.6,0.5657,0.6291,0.8173,0.653,0.5863,1.0,0.5088,0.6678,0.6975,0.6856,1,1,0.15,0.3,0.55,0.2,0.3,0.5,0.4,0.6
MA00047,Mobile_App_Developer,Mobile App Developer,M,26-30,3,MSc,2.1,0.5929,0.6868,0.6142,0.6446,0.7172,0.84,0.5908,0.6845,0.6439,0.6601,1,2,0.15,0.3,0.55,0.2,0.3,0.5,0.4,0.6
MA00048,Mobile_App_Developer,Mobile App Developer,F,26-30,3,MSc,1.8,0.8848,0.6672,0.4171,0.5694,0.8339,0.72,0.6565,0.7022,0.5432,0.6068,1,2,0.15,0.3,0.55,0.2,0.3,0.5,0.4,0.6
MA00049,Mobile_App_Developer,Mobile App Developer,M,22-25,2,BSc,3.1,0.4166,0.5709,0.6351,0.7014,0.5266,1.0,0.7995,0.8187,0.6554,0.7207,1,2,0.15,0.3,0.55,0.2,0.3,0.5,0.4,0.6
MA00050,Mobile_App_Developer,Mobile App Developer,M,31-35,2,BSc,1.0,0.624,0.7071,0.6406,0.5948,0.6096,0.4,0.5737,0.527,0.631,0.5894,1,2,0.15,0.3,0.55,0.2,0.3,0.5,0.4,0.6
MA00051,Mobile_App_Developer,Mobile App Developer,M,31-35,2,BSc,3.6,0.6142,0.5666,0.9157,0.5388,0.6057,1.0,0.7689,0.8137,0.6574,0.7199,1,1,0.15,0.3,0.55,0.2,0.3,0.5,0.4,0.6
MA00052,Mobile_App_Developer,Mobile App Developer,F,31-35,2,BSc,1.9,0.5969,0.6374,0.7212,0.7888,0.5988,0.76,0.8704,0.7965,0.7382,0.7615,1,3,0.15,0.3,0.55,0.2,0.3,0.5,0.4,0.6
MA00053,Mobile_App_Developer,Mobile App Developer,M,36-40,2,BSc,2.6,0.4828,0.5454,0.5453,0.4734,0.5531,1.0,0.3594,0.5807,0.5094,0.5379,0,1,0.15,0.3,0.55,0.2,0.3,0.5,0.4,0.6
MA00054,Mobile_App_Developer,Mobile App Developer,M,36-40,3,MSc,1.5,0.6039,0.8869,0.7251,0.9951,0.7216,0.6,0.8941,0.78,0.8925,0.8475,1,3,0.15,0.3,0.55,0.2,0.3,0.5,0.4,0.6
MA00055,Mobile_App_Developer,Mobile App Developer,M,22-25,2,BSc,3.3,0.7109,0.6678,0.5756,0.7929,0.6443,1.0,0.512,0.6783,0.7027,0.6929,1,1,0.15,0.3,0.55,0.2,0.3,0.5,0.4,0.6
MA00056,Mobile_App_Developer,Mobile App Developer,M,36-40,1,Diploma,7.7,0.5354,0.9118,0.9072,0.8586,0.4542,1.0,0.9687,0.9009,0.8838,0.8906,0,3,0.15,0.3,0.55,0.2,0.3,0.5,0.4,0.6
MA00057,Mobile_App_Developer,Mobile App Developer,M,26-30,2,BSc,2.9,0.5506,0.7328,0.4559,0.7042,0.5803,1.0,0.8157,0.8357,0.6354,0.7155,1,2,0.15,0.3,0.55,0.2,0.3,0.5,0.4,0.6
MA00058,Mobile_App_Developer,Mobile App Developer,F,26-30,2,BSc,3.2,0.7027,0.5775,0.7135,0.8217,0.6411,1.0,0.7045,0.7836,0.7404,0.7577,1,2,0.15,0.3,0.55,0.2,0.3,0.5,0.4,0.6
MA00059,Mobile_App_Developer,Mobile App Developer,F,26-30,3,MSc,4.2,0.8499,0.714,0.5007,0.6675,0.82,1.0,0.5675,0.7351,0.6268,0.6701,1,3,0.15,0.3,0.55,0.2,0.3,0.5,0.4,0.6
MA00060,Mobile_App_Developer,Mobile App Developer,M,31-35,2,BSc,4.2,0.7285,0.709,0.7062,0.834,0.6514,1.0,0.727,0.7976,0.7707,0.7815,1,3,0.15,0.3,0.55,0.2,0.3,0.5,0.4,0.6
MA00061,Mobile_App_Developer,Mobile App Developer,M,36-40,2,BSc,5.2,0.5194,0.5745,0.9572,0.687,0.5678,1.0,0.7402,0.7923,0.7456,0.7643,1,2,0.15,0.3,0.55,0.2,0.3,0.5,0.4,0.6
MA00062,Mobile_App_Developer,Mobile App Developer,F,31-35,2,BSc,0.6,0.6242,0.6424,0.5896,0.4634,0.6097,0.24,0.5277,0.4537,0.5371,0.5037,0,1,0.15,0.3,0.55,0.2,0.3,0.5,0.4,0.6
MA00063,Mobile_App_Developer,Mobile App Developer,M,26-30,2,BSc,3.8,0.6938,0.692,0.8277,0.8953,0.6375,1.0,0.8916,0.886,0.8344,0.855,1,3,0.15,0.3,0.55,0.2,0.3,0.5,0.4,0.6
MA00064,Mobile_App_Developer,Mobile App Developer,M,22-25,2,BSc,2.8,0.4346,0.5191,0.6985,0.6561,0.5338,1.0,0.5384,0.6762,0.6414,0.6553,1,2,0.15,0.3,0.55,0.2,0.3,0.5,0.4,0.6
MA00065,Mobile_App_Developer,Mobile App Developer,F,22-25,3,MSc,0.1,0.6104,0.6405,0.636,0.5173,0.7241,0.04,0.4409,0.3631,0.5776,0.4918,0,1,0.15,0.3,0.55,0.2,0.3,0.5,0.4,0.6
MA00066,Mobile_App_Developer,Mobile App Developer,F,26-30,2,BSc,5.3,0.3617,0.6585,0.7914,0.819,0.5047,1.0,0.6218,0.7177,0.7787,0.7543,1,2,0.15,0.3,0.55,0.2,0.3,0.5,0.4,0.6
MA00067,Mobile_App_Developer,Mobile App Developer,F,31-35,2,BSc,4.9,0.562,0.7513,0.3691,0.4114,0.5848,1.0,0.6506,0.7455,0.4667,0.5782,1,0,0.15,0.3,0.55,0.2,0.3,0.5,0.4,0.6
MA00068,Mobile_App_Developer,Mobile App Developer,M,22-25,2,BSc,3.3,0.7481,0.7434,0.5075,0.657,0.6592,1.0,0.6885,0.7775,0.6294,0.6886,1,1,0.15,0.3,0.55,0.2,0.3,0.5,0.4,0.6
MA00069,Mobile_App_Developer,Mobile App Developer,M,36-40,3,MSc,4.5,0.7169,0.669,0.6952,0.4978,0.7668,1.0,0.5408,0.7124,0.5913,0.6397,1,1,0.15,0.3,0.55,0.2,0.3,0.5,0.4,0.6
MA00070,Mobile_App_Developer,Mobile App Developer,M,31-35,2,BSc,3.5,0.5326,0.7101,0.5855,0.7072,0.573,1.0,0.5114,0.6672,0.6713,0.6697,1,1,0.15,0.3,0.55,0.2,0.3,0.5,0.4,0.6
MA00071,Mobile_App_Developer,Mobile App Developer,F,36-40,2,BSc,3.7,0.6755,0.5841,0.6801,0.7791,0.6302,1.0,0.7002,0.7796,0.7104,0.7381,1,2,0.15,0.3,0.55,0.2,0.3,0.5,0.4,0.6
MA00072,Mobile_App_Developer,Mobile App Developer,F,22-25,2,BSc,7.5,0.7656,0.7539,0.6256,0.7488,0.6662,1.0,0.7122,0.7916,0.7129,0.7444,1,3,0.15,0.3,0.55,0.2,0.3,0.5,0.4,0.6
MA00073,Mobile_App_Developer,Mobile App Developer,M,22-25,2,BSc,3.6,0.5397,0.728,0.8931,0.5677,0.5759,1.0,0.763,0.8061,0.6974,0.7409,1,2,0.15,0.3,0.55,0.2,0.3,0.5,0.4,0.6
MA00074,Mobile_App_Developer,Mobile App Developer,M,40+,3,MSc,6.3,0.8189,0.6557,0.7794,1.0,0.8076,1.0,0.8303,0.8778,0.8649,0.8701,1,3,0.15,0.3,0.55,0.2,0.3,0.5,0.4,0.6
MA00075,Mobile_App_Developer,Mobile App Developer,F,22-25,2,BSc,1.5,0.64,0.7176,0.552,0.5886,0.616,0.6,0.7127,0.6644,0.6034,0.6278,1,2,0.15,0.3,0.55,0.2,0.3,0.5,0.4,0.6
MA00076,Mobile_App_Developer,Mobile App Developer,F,22-25,3,MSc,1.9,0.4103,0.4893,0.5523,0.6936,0.6441,0.76,0.6265,0.6692,0.6103,0.6339,1,2,0.15,0.3,0.55,0.2,0.3,0.5,0.4,0.6
MA00077,Mobile_App_Developer,Mobile App Developer,M,26-30,1,Diploma,4.2,0.5228,0.4949,0.5825,0.6933,0.4491,1.0,0.6888,0.7462,0.6204,0.6707,0,2,0.15,0.3,0.55,0.2,0.3,0.5,0.4,0.6
MA00078,Mobile_App_Developer,Mobile App Developer,M,26-30,2,BSc,4.0,0.5998,0.6386,0.6399,0.5899,0.5999,1.0,0.6685,0.7577,0.6147,0.6719,1,2,0.15,0.3,0.55,0.2,0.3,0.5,0.4,0.6
MA00079,Mobile_App_Developer,Mobile App Developer,M,31-35,1,Diploma,7.1,0.5426,0.5179,0.6333,0.7222,0.457,1.0,0.7278,0.7688,0.6547,0.7003,0,2,0.15,0.3,0.55,0.2,0.3,0.5,0.4,0.6
MA00080,Mobile_App_Developer,Mobile App Developer,F,26-30,3,MSc,1.8,0.442,0.5918,0.4944,0.6765,0.6568,0.72,0.639,0.666,0.6049,0.6293,1,2,0.15,0.3,0.55,0.2,0.3,0.5,0.4,0.6
MA00081,Mobile_App_Developer,Mobile App Developer,F,26-30,2,BSc,0.0,0.4093,0.6329,0.43,0.4773,0.5237,0.0,0.5628,0.3881,0.4943,0.4518,0,1,0.15,0.3,0.55,0.2,0.3,0.5,0.4,0.6
MA00082,Mobile_App_Developer,Mobile App Developer,F,31-35,2,BSc,2.2,0.7726,0.621,0.6443,0.5127,0.6691,0.88,0.4719,0.6239,0.5738,0.5938,1,1,0.15,0.3,0.55,0.2,0.3,0.5,0.4,0.6
MA00083,Mobile_App_Developer,Mobile App Developer,F,31-35,1,Diploma,2.7,0.3921,0.6488,0.6124,0.8467,0.3969,1.0,0.4967,0.6327,0.7369,0.6952,0,1,0.15,0.3,0.55,0.2,0.3,0.5,0.4,0.6
MA00084,Mobile_App_Developer,Mobile App Developer,F,26-30,2,BSc,4.7,0.4463,0.642,0.6671,0.77,0.5385,1.0,0.6721,0.7504,0.7135,0.7283,1,2,0.15,0.3,0.55,0.2,0.3,0.5,0.4,0.6
MA00085,Mobile_App_Developer,Mobile App Developer,M,36-40,2,BSc,2.8,0.5003,0.667,0.7179,0.852,0.5601,1.0,0.8978,0.8778,0.7748,0.816,1,3,0.15,0.3,0.55,0.2,0.3,0.5,0.4,0.6
MA00086,Mobile_App_Developer,Mobile App Developer,F,26-30,2,BSc,6.3,0.6899,0.6688,0.5518,0.459,0.636,1.0,0.4994,0.6701,0.5288,0.5853,1,1,0.15,0.3,0.55,0.2,0.3,0.5,0.4,0.6
MA00087,Mobile_App_Developer,Mobile App Developer,M,36-40,2,BSc,1.6,0.6543,0.69,0.525,0.5372,0.6217,0.64,0.6925,0.6661,0.5641,0.6049,1,1,0.15,0.3,0.55,0.2,0.3,0.5,0.4,0.6
MA00088,Mobile_App_Developer,Mobile App Developer,M,26-30,2,BSc,6.2,0.4419,0.6299,0.5799,0.7564,0.5367,1.0,0.5447,0.6801,0.6782,0.679,1,3,0.15,0.3,0.55,0.2,0.3,0.5,0.4,0.6
MA00089,Mobile_App_Developer,Mobile App Developer,F,36-40,2,BSc,3.6,0.5189,0.5907,0.6806,0.8525,0.5676,1.0,0.7466,0.7958,0.7486,0.7675,1,3,0.15,0.3,0.55,0.2,0.3,0.5,0.4,0.6
MA00090,Mobile_App_Developer,Mobile App Developer,F,22-25,3,MSc,1.6,0.51,0.7939,0.6575,0.7586,0.684,0.64,0.6537,0.6541,0.7353,0.7028,1,2,0.15,0.3,0.55,0.2,0.3,0.5,0.4,0.6
MA00091,Mobile_App_Developer,Mobile App Developer,F,22-25,2,BSc,4.4,0.6154,0.7575,0.5055,0.6401,0.6061,1.0,0.5716,0.7053,0.6232,0.656,1,2,0.15,0.3,0.55,0.2,0.3,0.5,0.4,0.6
MA00092,Mobile_App_Developer,Mobile App Developer,M,26-30,1,Diploma,6.5,0.5371,0.6673,0.6811,0.7937,0.4548,1.0,0.7205,0.7645,0.7346,0.7466,0,2,0.15,0.3,0.55,0.2,0.3,0.5,0.4,0.6
MA00093,Mobile_App_Developer,Mobile App Developer,M,36-40,1,Diploma,4.5,0.4186,0.5931,0.8407,0.7108,0.4074,1.0,0.7416,0.769,0.7262,0.7433,0,2,0.15,0.3,0.55,0.2,0.3,0.5,0.4,0.6
MA00094,Mobile_App_Developer,Mobile App Developer,M,22-25,2,BSc,5.1,0.5015,0.7772,0.8913,0.6816,0.5606,1.0,0.8243,0.8374,0.7636,0.7931,1,2,0.15,0.3,0.55,0.2,0.3,0.5,0.4,0.6
MA00095,Mobile_App_Developer,Mobile App Developer,M,22-25,2,BSc,3.4,0.7943,0.6743,0.9465,0.7366,0.6777,1.0,0.7421,0.8098,0.7871,0.7962,1,2,0.15,0.3,0.55,0.2,0.3,0.5,0.4,0.6
MA00096,Mobile_App_Developer,Mobile App Developer,F,26-30,3,MSc,2.0,0.5976,0.4104,0.6595,0.8738,0.7191,0.8,0.6629,0.7125,0.7168,0.7151,1,2,0.15,0.3,0.55,0.2,0.3,0.5,0.4,0.6
MA00097,Mobile_App_Developer,Mobile App Developer,M,26-30,2,BSc,3.4,0.5301,0.6907,0.7211,0.8599,0.572,1.0,0.7076,0.775,0.7844,0.7806,1,2,0.15,0.3,0.55,0.2,0.3,0.5,0.4,0.6
MA00098,Mobile_App_Developer,Mobile App Developer,F,22-25,2,BSc,3.0,0.5858,0.5182,0.6875,0.5907,0.5943,1.0,0.3961,0.607,0.6052,0.6059,1,1,0.15,0.3,0.55,0.2,0.3,0.5,0.4,0.6
MA00099,Mobile_App_Developer,Mobile App Developer,M,26-30,2,BSc,3.2,0.799,0.6947,0.5492,0.668,0.6796,1.0,0.4528,0.651,0.6377,0.643,1,1,0.15,0.3,0.55,0.2,0.3,0.5,0.4,0.6
MA00100,Mobile_App_Developer,Mobile App Developer,M,36-40,4,PhD,1.0,0.595,0.7511,0.7215,0.9236,0.838,0.4,0.7378,0.6515,0.8285,0.7577,1,2,0.15,0.3,0.55,0.2,0.3,0.5,0.4,0.6
MA00101,Mobile_App_Developer,Mobile App Developer,M,31-35,3,MSc,0.3,0.5192,0.5595,0.3598,0.5438,0.6877,0.12,0.3309,0.3212,0.4917,0.4235,0,0,0.15,0.3,0.55,0.2,0.3,0.5,0.4,0.6
MA00102,Mobile_App_Developer,Mobile App Developer,M,36-40,2,BSc,0.3,0.4794,0.7102,0.6349,0.6234,0.5518,0.12,0.437,0.3591,0.6442,0.5302,0,1,0.15,0.3,0.55,0.2,0.3,0.5,0.4,0.6
MA00103,Mobile_App_Developer,Mobile App Developer,M,26-30,2,BSc,2.3,0.5861,0.9636,0.6373,0.6929,0.5945,0.92,0.7363,0.7702,0.7304,0.7463,1,2,0.15,0.3,0.55,0.2,0.3,0.5,0.4,0.6
MA00104,Mobile_App_Developer,Mobile App Developer,M,31-35,2,BSc,3.4,0.8297,0.7025,0.619,0.7656,0.6919,1.0,0.6883,0.7823,0.709,0.7383,1,2,0.15,0.3,0.55,0.2,0.3,0.5,0.4,0.6
MA00105,Mobile_App_Developer,Mobile App Developer,F,22-25,1,Diploma,3.8,0.5604,0.7379,0.6966,0.7744,0.4642,1.0,0.7746,0.7957,0.7437,0.7645,0,3,0.15,0.3,0.55,0.2,0.3,0.5,0.4,0.6
MA00106,Mobile_App_Developer,Mobile App Developer,M,26-30,2,BSc,1.0,0.735,0.4924,0.5461,0.5933,0.654,0.4,0.459,0.4706,0.559,0.5236,1,1,0.15,0.3,0.55,0.2,0.3,0.5,0.4,0.6
MA00107,Mobile_App_Developer,Mobile App Developer,F,31-35,1,Diploma,2.4,0.3643,0.6563,0.7566,0.6431,0.3857,0.96,0.5094,0.626,0.6798,0.6583,0,1,0.15,0.3,0.55,0.2,0.3,0.5,0.4,0.6
MA00108,Mobile_App_Developer,Mobile App Developer,F,31-35,3,MSc,1.0,0.4119,0.716,0.6155,0.722,0.6447,0.4,0.7237,0.6147,0.6888,0.6592,1,2,0.15,0.3,0.55,0.2,0.3,0.5,0.4,0.6
MA00109,Mobile_App_Developer,Mobile App Developer,M,36-40,3,MSc,0.5,0.7532,0.7318,0.5429,0.8481,0.7813,0.2,0.8063,0.6207,0.7333,0.6883,0,2,0.15,0.3,0.55,0.2,0.3,0.5,0.4,0.6
MA00110,Mobile_App_Developer,Mobile App Developer,M,31-35,2,BSc,0.0,0.6417,0.6419,0.5374,0.5042,0.6167,0.0,0.5415,0.3903,0.5417,0.4811,0,1,0.15,0.3,0.55,0.2,0.3,0.5,0.4,0.6
MA00111,Mobile_App_Developer,Mobile App Developer,M,31-35,3,MSc,4.1,0.6497,0.6232,0.7366,0.6438,0.7399,1.0,0.6351,0.7603,0.6675,0.7046,1,1,0.15,0.3,0.55,0.2,0.3,0.5,0.4,0.6
MA00112,Mobile_App_Developer,Mobile App Developer,M,22-25,2,BSc,3.6,0.6719,0.6862,0.6112,0.7792,0.6288,1.0,0.7032,0.7811,0.7102,0.7386,1,2,0.15,0.3,0.55,0.2,0.3,0.5,0.4,0.6
MA00113,Mobile_App_Developer,Mobile App Developer,M,26-30,3,MSc,2.7,0.4471,0.7274,0.6417,0.8528,0.6589,1.0,0.7192,0.7944,0.7644,0.7764,1,3,0.15,0.3,0.55,0.2,0.3,0.5,0.4,0.6
MA00114,Mobile_App_Developer,Mobile App Developer,F,36-40,2,BSc,1.3,0.3491,0.7164,0.4136,0.389,0.4997,0.52,0.4523,0.4797,0.4619,0.469,1,2,0.15,0.3,0.55,0.2,0.3,0.5,0.4,0.6
MA00115,Mobile_App_Developer,Mobile App Developer,F,26-30,2,BSc,7.3,0.6398,0.609,0.8188,0.946,0.6159,1.0,0.891,0.8824,0.8404,0.8572,1,3,0.15,0.3,0.55,0.2,0.3,0.5,0.4,0.6
MA00116,Mobile_App_Developer,Mobile App Developer,M,36-40,2,BSc,2.2,0.7383,0.7661,0.3049,0.4355,0.6553,0.88,0.4218,0.5943,0.4624,0.5152,1,1,0.15,0.3,0.55,0.2,0.3,0.5,0.4,0.6
MA00117,Mobile_App_Developer,Mobile App Developer,M,22-25,1,Diploma,1.6,0.5982,0.5218,0.6575,0.6646,0.4793,0.64,0.6628,0.6284,0.6339,0.6317,0,2,0.15,0.3,0.55,0.2,0.3,0.5,0.4,0.6
MA00118,Mobile_App_Developer,Mobile App Developer,M,22-25,2,BSc,4.5,0.3235,0.4177,0.5275,0.6936,0.4894,1.0,0.3482,0.5649,0.5886,0.5791,0,2,0.15,0.3,0.55,0.2,0.3,0.5,0.4,0.6
MA00119,Mobile_App_Developer,Mobile App Developer,M,26-30,2,BSc,3.1,0.4901,0.6755,0.5565,0.7794,0.556,1.0,0.6853,0.7603,0.6918,0.7192,1,2,0.15,0.3,0.55,0.2,0.3,0.5,0.4,0.6
MA00120,Mobile_App_Developer,Mobile App Developer,M,31-35,2,BSc,0.4,0.3707,0.6373,0.6214,0.8106,0.5083,0.16,0.5618,0.4333,0.7192,0.6048,0,2,0.15,0.3,0.55,0.2,0.3,0.5,0.4,0.6
MA00121,Mobile_App_Developer,Mobile App Developer,M,31-35,2,BSc,4.6,0.4592,0.8051,0.6045,0.9233,0.5437,1.0,0.7175,0.7762,0.804,0.7929,1,3,0.15,0.3,0.55,0.2,0.3,0.5,0.4,0.6
MA00122,Mobile_App_Developer,Mobile App Developer,M,31-35,2,BSc,1.7,0.7514,0.868,0.6474,0.7361,0.6606,0.68,0.674,0.6738,0.7358,0.711,1,2,0.15,0.3,0.55,0.2,0.3,0.5,0.4,0.6
MA00123,Mobile_App_Developer,Mobile App Developer,M,26-30,3,MSc,3.8,0.2558,0.5765,0.743,0.682,0.5823,1.0,0.7062,0.7758,0.6792,0.7178,1,2,0.15,0.3,0.55,0.2,0.3,0.5,0.4,0.6
MA00124,Mobile_App_Developer,Mobile App Developer,M,26-30,1,Diploma,4.3,0.5676,0.6408,0.6235,0.9345,0.467,1.0,0.8031,0.8118,0.7825,0.7942,0,3,0.15,0.3,0.55,0.2,0.3,0.5,0.4,0.6
MA00125,Mobile_App_Developer,Mobile App Developer,M,22-25,3,MSc,1.8,0.7458,0.597,0.6511,0.6925,0.7783,0.72,0.7764,0.7598,0.661,0.7005,1,2,0.15,0.3,0.55,0.2,0.3,0.5,0.4,0.6
MA00126,Mobile_App_Developer,Mobile App Developer,M,22-25,2,BSc,6.8,0.599,0.6866,0.5671,0.7983,0.5996,1.0,0.6913,0.7701,0.7066,0.732,1,2,0.15,0.3,0.55,0.2,0.3,0.5,0.4,0.6
MA00127,Mobile_App_Developer,Mobile App Developer,F,31-35,2,BSc,3.0,0.4673,0.7575,0.5899,0.771,0.5469,1.0,0.6875,0.7602,0.714,0.7325,1,2,0.15,0.3,0.55,0.2,0.3,0.5,0.4,0.6
MA00128,Mobile_App_Developer,Mobile App Developer,M,26-30,2,BSc,1.7,0.3847,0.8273,0.5255,1.0,0.5139,0.68,0.7293,0.6822,0.8231,0.7667,1,3,0.15,0.3,0.55,0.2,0.3,0.5,0.4,0.6
MA00129,Mobile_App_Developer,Mobile App Developer,F,22-25,2,BSc,2.2,0.7567,0.7005,0.502,0.5889,0.6627,0.88,0.6686,0.7311,0.5851,0.6435,1,2,0.15,0.3,0.55,0.2,0.3,0.5,0.4,0.6
MA00130,Mobile_App_Developer,Mobile App Developer,M,26-30,2,BSc,3.9,0.5327,0.6538,0.7363,0.5757,0.5731,1.0,0.4492,0.633,0.6395,0.6369,1,1,0.15,0.3,0.55,0.2,0.3,0.5,0.4,0.6
MA00131,Mobile_App_Developer,Mobile App Developer,F,31-35,2,BSc,1.7,0.4686,0.5656,0.6263,0.768,0.5475,0.68,0.5949,0.6133,0.685,0.6563,1,2,0.15,0.3,0.55,0.2,0.3,0.5,0.4,0.6
MA00132,Mobile_App_Developer,Mobile App Developer,M,40+,3,MSc,3.5,0.4983,0.7249,0.5774,0.6415,0.6793,1.0,0.6214,0.7437,0.6389,0.6808,1,3,0.15,0.3,0.55,0.2,0.3,0.5,0.4,0.6
MA00133,Mobile_App_Developer,Mobile App Developer,M,40+,3,MSc,2.1,0.4626,0.5567,0.6885,0.5447,0.665,0.84,0.508,0.6311,0.5902,0.6066,1,1,0.15,0.3,0.55,0.2,0.3,0.5,0.4,0.6
MA00134,Mobile_App_Developer,Mobile App Developer,M,31-35,1,Diploma,5.1,0.588,0.5789,0.4198,0.7646,0.4752,1.0,0.6598,0.7342,0.624,0.6681,0,2,0.15,0.3,0.55,0.2,0.3,0.5,0.4,0.6
MA00135,Mobile_App_Developer,Mobile App Developer,M,31-35,2,BSc,5.5,0.4495,0.7118,0.6864,0.6444,0.5398,1.0,0.6591,0.7435,0.6705,0.6997,1,2,0.15,0.3,0.55,0.2,0.3,0.5,0.4,0.6
MA00136,Mobile_App_Developer,Mobile App Developer,M,36-40,2,BSc,5.5,0.4252,0.7914,0.707,0.7684,0.5301,1.0,0.623,0.7222,0.7545,0.7416,1,2,0.15,0.3,0.55,0.2,0.3,0.5,0.4,0.6
MA00137,Mobile_App_Developer,Mobile App Developer,F,31-35,3,MSc,3.7,0.6953,1.0,0.7764,1.0,0.7581,1.0,1.0,0.9637,0.9329,0.9452,1,3,0.15,0.3,0.55,0.2,0.3,0.5,0.4,0.6
MA00138,Mobile_App_Developer,Mobile App Developer,F,40+,2,BSc,3.5,0.4765,0.5913,0.8548,0.7534,0.5506,1.0,0.6674,0.7497,0.7514,0.7507,1,2,0.15,0.3,0.55,0.2,0.3,0.5,0.4,0.6
MA00139,Mobile_App_Developer,Mobile App Developer,M,22-25,2,BSc,2.5,0.8573,0.632,0.6685,0.483,0.7029,1.0,0.3827,0.6159,0.5685,0.5875,1,0,0.15,0.3,0.55,0.2,0.3,0.5,0.4,0.6
MA00140,Mobile_App_Developer,Mobile App Developer,M,31-35,2,BSc,0.2,0.6587,0.6633,0.5871,0.3819,0.6235,0.08,0.539,0.414,0.4997,0.4654,0,1,0.15,0.3,0.55,0.2,0.3,0.5,0.4,0.6
MA00141,Mobile_App_Developer,Mobile App Developer,F,26-30,2,BSc,3.6,0.7273,0.5257,0.7846,0.8793,0.6509,1.0,0.6818,0.7726,0.7802,0.7772,1,2,0.15,0.3,0.55,0.2,0.3,0.5,0.4,0.6
MA00142,Mobile_App_Developer,Mobile App Developer,F,36-40,3,MSc,2.2,0.6227,0.5637,0.7083,0.8939,0.7291,0.88,0.7522,0.7871,0.7722,0.7782,1,3,0.15,0.3,0.55,0.2,0.3,0.5,0.4,0.6
MA00143,Mobile_App_Developer,Mobile App Developer,F,26-30,2,BSc,1.7,0.4706,0.7086,0.4099,0.6389,0.5483,0.68,0.8562,0.7571,0.5842,0.6534,1,2,0.15,0.3,0.55,0.2,0.3,0.5,0.4,0.6
MA00144,Mobile_App_Developer,Mobile App Developer,M,40+,3,MSc,5.4,0.4486,0.871,0.7331,0.694,0.6594,1.0,0.8192,0.8495,0.7411,0.7845,1,2,0.15,0.3,0.55,0.2,0.3,0.5,0.4,0.6
MA00145,Mobile_App_Developer,Mobile App Developer,F,22-25,2,BSc,3.5,0.5527,0.6788,0.5393,0.8727,0.5811,1.0,0.6124,0.724,0.7339,0.7299,1,2,0.15,0.3,0.55,0.2,0.3,0.5,0.4,0.6
MA00146,Mobile_App_Developer,Mobile App Developer,F,26-30,2,BSc,3.6,0.7009,0.6216,0.6128,0.9266,0.6403,1.0,0.591,0.7211,0.7714,0.7513,1,2,0.15,0.3,0.55,0.2,0.3,0.5,0.4,0.6
MA00147,Mobile_App_Developer,Mobile App Developer,M,31-35,3,MSc,3.0,0.7773,0.8619,0.4021,0.6009,0.7909,1.0,0.5877,0.7419,0.5934,0.6528,1,2,0.15,0.3,0.55,0.2,0.3,0.5,0.4,0.6
MA00148,Mobile_App_Developer,Mobile App Developer,M,22-25,2,BSc,5.4,0.6035,0.7073,0.7894,0.539,0.6014,1.0,0.4796,0.654,0.6478,0.6503,1,1,0.15,0.3,0.55,0.2,0.3,0.5,0.4,0.6
MA00149,Mobile_App_Developer,Mobile App Developer,F,22-25,4,PhD,3.5,0.5173,0.9029,0.6458,0.8556,0.8069,1.0,1.0,0.971,0.8021,0.8697,1,3,0.15,0.3,0.55,0.2,0.3,0.5,0.4,0.6
MA00150,Mobile_App_Developer,Mobile App Developer,F,40+,2,BSc,1.9,0.5068,0.6008,0.2797,0.5856,0.5627,0.76,0.6237,0.6554,0.4969,0.5603,1,1,0.15,0.3,0.55,0.2,0.3,0.5,0.4,0.6
MA00151,Mobile_App_Developer,Mobile App Developer,M,36-40,1,Diploma,6.7,0.6065,0.731,0.7772,0.7345,0.4826,1.0,0.8508,0.8403,0.7466,0.7841,0,3,0.15,0.3,0.55,0.2,0.3,0.5,0.4,0.6
MA00152,Mobile_App_Developer,Mobile App Developer,F,31-35,2,BSc,5.1,0.3727,0.4672,0.5541,0.8089,0.5091,1.0,0.4592,0.6289,0.6641,0.65,1,1,0.15,0.3,0.55,0.2,0.3,0.5,0.4,0.6
MA00153,Mobile_App_Developer,Mobile App Developer,F,36-40,2,BSc,1.9,0.5788,0.7873,0.4163,0.6638,0.5915,0.76,0.6664,0.6832,0.6142,0.6418,1,2,0.15,0.3,0.55,0.2,0.3,0.5,0.4,0.6
MA00154,Mobile_App_Developer,Mobile App Developer,F,22-25,3,MSc,0.7,0.3748,0.5281,0.4154,0.7887,0.6299,0.28,0.6064,0.512,0.6246,0.5796,0,2,0.15,0.3,0.55,0.2,0.3,0.5,0.4,0.6
MA00155,Mobile_App_Developer,Mobile App Developer,F,31-35,2,BSc,4.6,0.5215,0.6667,0.6104,0.8095,0.5686,1.0,0.8561,0.8561,0.7212,0.7752,1,3,0.15,0.3,0.55,0.2,0.3,0.5,0.4,0.6
MA00156,Mobile_App_Developer,Mobile App Developer,F,22-25,2,BSc,4.3,0.5643,0.5159,0.4226,0.7918,0.5857,1.0,0.7229,0.7854,0.6259,0.6897,1,1,0.15,0.3,0.55,0.2,0.3,0.5,0.4,0.6
MA00157,Mobile_App_Developer,Mobile App Developer,F,26-30,2,BSc,3.7,0.4849,0.6618,0.7144,0.8364,0.554,1.0,0.6409,0.7356,0.7649,0.7532,1,3,0.15,0.3,0.55,0.2,0.3,0.5,0.4,0.6
MA00158,Mobile_App_Developer,Mobile App Developer,F,26-30,4,PhD,5.3,0.5684,0.6382,0.5307,0.689,0.8274,1.0,0.6037,0.7561,0.6313,0.6812,1,3,0.15,0.3,0.55,0.2,0.3,0.5,0.4,0.6
MA00159,Mobile_App_Developer,Mobile App Developer,M,26-30,2,BSc,1.9,0.5804,0.6653,0.4887,0.6404,0.5922,0.76,0.6717,0.6863,0.5999,0.6345,1,2,0.15,0.3,0.55,0.2,0.3,0.5,0.4,0.6
MA00160,Mobile_App_Developer,Mobile App Developer,M,31-35,2,BSc,5.6,0.5079,0.5,0.6594,0.579,0.5632,1.0,0.6615,0.7483,0.5873,0.6517,1,2,0.15,0.3,0.55,0.2,0.3,0.5,0.4,0.6
MA00161,Mobile_App_Developer,Mobile App Developer,F,26-30,2,BSc,0.9,0.4158,0.658,0.5912,0.6382,0.5263,0.36,0.6894,0.5661,0.6281,0.6033,0,2,0.15,0.3,0.55,0.2,0.3,0.5,0.4,0.6
MA00162,Mobile_App_Developer,Mobile App Developer,F,26-30,2,BSc,0.0,0.7118,0.5827,0.6943,0.62,0.6447,0.0,0.5247,0.3853,0.6348,0.535,0,1,0.15,0.3,0.55,0.2,0.3,0.5,0.4,0.6
MA00163,Mobile_App_Developer,Mobile App Developer,M,31-35,2,BSc,3.2,0.434,0.7187,0.2693,0.818,0.5336,1.0,0.6178,0.7198,0.6336,0.6681,1,2,0.15,0.3,0.55,0.2,0.3,0.5,0.4,0.6
MA00164,Mobile_App_Developer,Mobile App Developer,M,22-25,2,BSc,6.4,0.577,0.5796,0.5816,1.0,0.5908,1.0,0.722,0.7857,0.7904,0.7885,1,3,0.15,0.3,0.55,0.2,0.3,0.5,0.4,0.6
MA00165,Mobile_App_Developer,Mobile App Developer,M,31-35,2,BSc,5.0,0.5083,0.7745,0.7879,0.7442,0.5633,1.0,0.6817,0.7594,0.7634,0.7618,1,2,0.15,0.3,0.55,0.2,0.3,0.5,0.4,0.6
MA00166,Mobile_App_Developer,Mobile App Developer,F,22-25,2,BSc,2.9,0.7458,0.5467,0.4501,0.4304,0.6583,1.0,0.6876,0.7769,0.4596,0.5865,1,1,0.15,0.3,0.55,0.2,0.3,0.5,0.4,0.6
MA00167,Mobile_App_Developer,Mobile App Developer,M,22-25,2,BSc,4.7,0.7274,0.791,0.62,0.6303,0.651,1.0,0.7407,0.805,0.6593,0.7176,1,2,0.15,0.3,0.55,0.2,0.3,0.5,0.4,0.6
MA00168,Mobile_App_Developer,Mobile App Developer,F,22-25,2,BSc,2.3,0.6923,0.7286,0.6663,0.639,0.6369,0.92,0.7197,0.7674,0.6651,0.706,1,2,0.15,0.3,0.55,0.2,0.3,0.5,0.4,0.6
MA00169,Mobile_App_Developer,Mobile App Developer,M,26-30,2,BSc,6.9,0.6906,0.7379,0.4729,0.8795,0.6362,1.0,0.6508,0.7534,0.7292,0.7389,1,1,0.15,0.3,0.55,0.2,0.3,0.5,0.4,0.6
MA00170,Mobile_App_Developer,Mobile App Developer,M,22-25,2,BSc,4.6,0.4448,0.6249,0.6426,0.9005,0.5379,1.0,0.7832,0.8114,0.768,0.7854,1,3,0.15,0.3,0.55,0.2,0.3,0.5,0.4,0.6
MA00171,Mobile_App_Developer,Mobile App Developer,M,26-30,2,BSc,0.0,0.6976,0.59,0.5139,0.7496,0.6391,0.0,0.5724,0.4107,0.647,0.5525,0,2,0.15,0.3,0.55,0.2,0.3,0.5,0.4,0.6
MA00172,Mobile_App_Developer,Mobile App Developer,M,22-25,2,BSc,5.7,0.5275,0.7138,0.7894,1.0,0.571,1.0,0.7372,0.7911,0.8796,0.8442,1,3,0.15,0.3,0.55,0.2,0.3,0.5,0.4,0.6
MA00173,Mobile_App_Developer,Mobile App Developer,F,26-30,2,BSc,2.8,0.5115,0.5954,0.5279,0.5238,0.5646,1.0,0.3558,0.5804,0.5393,0.5557,0,1,0.15,0.3,0.55,0.2,0.3,0.5,0.4,0.6
MA00174,Mobile_App_Developer,Mobile App Developer,F,22-25,3,MSc,3.7,0.4248,0.5242,0.7785,0.5147,0.6499,1.0,0.4882,0.666,0.5957,0.6238,1,1,0.15,0.3,0.55,0.2,0.3,0.5,0.4,0.6
MA00175,Mobile_App_Developer,Mobile App Developer,M,22-25,1,Diploma,1.9,0.741,0.5712,0.5339,0.7774,0.5364,0.76,0.5434,0.6073,0.6631,0.6408,0,2,0.15,0.3,0.55,0.2,0.3,0.5,0.4,0.6
MA00176,Mobile_App_Developer,Mobile App Developer,F,22-25,3,MSc,2.3,0.5487,0.568,0.5338,0.802,0.6995,0.92,0.6489,0.7378,0.6747,0.6999,1,2,0.15,0.3,0.55,0.2,0.3,0.5,0.4,0.6
MA00177,Mobile_App_Developer,Mobile App Developer,M,26-30,4,PhD,3.0,0.5982,0.8252,0.6416,0.7985,0.8393,1.0,0.8253,0.8798,0.7568,0.806,1,3,0.15,0.3,0.55,0.2,0.3,0.5,0.4,0.6
MA00178,Mobile_App_Developer,Mobile App Developer,M,22-25,2,BSc,3.7,0.557,0.5875,0.7538,0.838,0.5828,1.0,0.7655,0.8085,0.7627,0.781,1,3,0.15,0.3,0.55,0.2,0.3,0.5,0.4,0.6
MA00179,Mobile_App_Developer,Mobile App Developer,F,26-30,3,MSc,3.6,0.8529,0.7082,0.6542,0.7201,0.8212,1.0,0.6644,0.7886,0.6979,0.7342,1,2,0.15,0.3,0.55,0.2,0.3,0.5,0.4,0.6
MA00180,Mobile_App_Developer,Mobile App Developer,M,31-35,2,BSc,5.2,0.5496,0.7338,0.6818,0.8807,0.5798,1.0,0.9075,0.8861,0.7917,0.8295,1,3,0.15,0.3,0.55,0.2,0.3,0.5,0.4,0.6
MA00181,Mobile_App_Developer,Mobile App Developer,M,31-35,1,Diploma,4.3,0.5168,0.6787,0.7896,0.5628,0.4467,1.0,0.7185,0.7622,0.654,0.6973,0,2,0.15,0.3,0.55,0.2,0.3,0.5,0.4,0.6
MA00182,Mobile_App_Developer,Mobile App Developer,M,22-25,4,PhD,2.1,0.574,0.7843,0.6082,0.6153,0.8296,0.84,0.73,0.778,0.647,0.6994,1,2,0.15,0.3,0.55,0.2,0.3,0.5,0.4,0.6
MA00183,Mobile_App_Developer,Mobile App Developer,F,22-25,2,BSc,5.0,0.7522,0.6588,0.684,0.8816,0.6609,1.0,0.7278,0.7994,0.7778,0.7864,1,3,0.15,0.3,0.55,0.2,0.3,0.5,0.4,0.6
MA00184,Mobile_App_Developer,Mobile App Developer,M,22-25,3,MSc,4.0,0.4408,0.6867,0.5925,0.6452,0.6563,1.0,0.4965,0.6715,0.6377,0.6512,1,1,0.15,0.3,0.55,0.2,0.3,0.5,0.4,0.6
MA00185,Mobile_App_Developer,Mobile App Developer,M,36-40,2,BSc,4.5,0.415,0.427,0.7032,0.7529,0.526,1.0,0.7032,0.7656,0.6728,0.7099,1,2,0.15,0.3,0.55,0.2,0.3,0.5,0.4,0.6
MA00186,Mobile_App_Developer,Mobile App Developer,M,26-30,3,MSc,0.4,0.3776,0.7309,0.6024,0.6604,0.631,0.16,0.7021,0.5288,0.6571,0.6058,0,2,0.15,0.3,0.55,0.2,0.3,0.5,0.4,0.6
MA00187,Mobile_App_Developer,Mobile App Developer,M,31-35,2,BSc,0.0,0.441,0.5899,0.4901,0.5845,0.5364,0.0,0.8027,0.5219,0.5572,0.5431,0,1,0.15,0.3,0.55,0.2,0.3,0.5,0.4,0.6
MA00188,Mobile_App_Developer,Mobile App Developer,M,22-25,2,BSc,4.1,0.6912,0.6394,0.5053,0.9035,0.6365,1.0,0.9522,0.9192,0.7313,0.8065,1,3,0.15,0.3,0.55,0.2,0.3,0.5,0.4,0.6
MA00189,Mobile_App_Developer,Mobile App Developer,M,31-35,2,BSc,2.3,0.4034,0.717,0.3513,0.6408,0.5213,0.92,0.4712,0.6133,0.5692,0.5868,1,1,0.15,0.3,0.55,0.2,0.3,0.5,0.4,0.6
MA00190,Mobile_App_Developer,Mobile App Developer,M,26-30,2,BSc,4.4,0.472,0.8798,0.8709,0.9973,0.5488,1.0,0.6668,0.7491,0.9359,0.8612,1,2,0.15,0.3,0.55,0.2,0.3,0.5,0.4,0.6
MA00191,Mobile_App_Developer,Mobile App Developer,M,36-40,3,MSc,1.8,0.6627,0.7359,0.6256,0.554,0.7451,0.72,0.5163,0.6117,0.6119,0.6118,1,1,0.15,0.3,0.55,0.2,0.3,0.5,0.4,0.6
MA00192,Mobile_App_Developer,Mobile App Developer,F,22-25,2,BSc,5.1,0.7451,0.8146,0.6701,0.8025,0.658,1.0,1.0,0.9487,0.7652,0.8386,1,3,0.15,0.3,0.55,0.2,0.3,0.5,0.4,0.6
MA00193,Mobile_App_Developer,Mobile App Developer,F,26-30,2,BSc,0.6,0.6579,0.5912,0.407,0.7212,0.6232,0.24,0.4142,0.3933,0.601,0.5179,0,1,0.15,0.3,0.55,0.2,0.3,0.5,0.4,0.6
MA00194,Mobile_App_Developer,Mobile App Developer,M,31-35,2,BSc,1.6,0.5573,0.6129,0.4595,0.4966,0.5829,0.64,0.5425,0.5778,0.5087,0.5363,1,1,0.15,0.3,0.55,0.2,0.3,0.5,0.4,0.6
MA00195,Mobile_App_Developer,Mobile App Developer,M,26-30,2,BSc,2.8,0.7099,0.676,0.4966,0.6263,0.644,1.0,0.5569,0.7029,0.5973,0.6395,1,3,0.15,0.3,0.55,0.2,0.3,0.5,0.4,0.6
MA00196,Mobile_App_Developer,Mobile App Developer,F,36-40,3,MSc,0.7,0.5068,0.5467,0.5372,0.5919,0.6827,0.28,0.5044,0.4638,0.5664,0.5254,0,1,0.15,0.3,0.55,0.2,0.3,0.5,0.4,0.6
MA00197,Mobile_App_Developer,Mobile App Developer,F,40+,2,BSc,1.5,0.5667,0.584,0.6768,0.5784,0.5867,0.6,0.6536,0.6275,0.609,0.6164,1,2,0.15,0.3,0.55,0.2,0.3,0.5,0.4,0.6
MA00198,Mobile_App_Developer,Mobile App Developer,F,31-35,2,BSc,3.8,0.8324,0.8757,0.5705,0.6481,0.693,1.0,0.6792,0.7775,0.6703,0.7132,1,2,0.15,0.3,0.55,0.2,0.3,0.5,0.4,0.6
MA00199,Mobile_App_Developer,Mobile App Developer,M,22-25,3,MSc,5.6,0.5671,0.5927,0.9182,0.9156,0.7069,1.0,0.5371,0.7015,0.8518,0.7917,1,1,0.15,0.3,0.55,0.2,0.3,0.5,0.4,0.6
MA00200,Mobile_App_Developer,Mobile App Developer,F,31-35,2,BSc,5.0,0.4513,0.8735,0.5498,0.7644,0.5405,1.0,0.5396,0.6778,0.7218,0.7042,1,1,0.15,0.3,0.55,0.2,0.3,0.5,0.4,0.6
MA00201,Mobile_App_Developer,Mobile App Developer,M,31-35,3,MSc,4.2,0.5814,0.7619,0.8293,0.7476,0.7126,1.0,0.7735,0.8323,0.775,0.7979,1,3,0.15,0.3,0.55,0.2,0.3,0.5,0.4,0.6
MA00202,Mobile_App_Developer,Mobile App Developer,M,36-40,2,BSc,1.1,0.8656,0.6944,0.6818,0.5933,0.7063,0.44,0.6283,0.5835,0.6401,0.6175,1,2,0.15,0.3,0.55,0.2,0.3,0.5,0.4,0.6
MA00203,Mobile_App_Developer,Mobile App Developer,M,31-35,2,BSc,2.3,0.3468,0.5896,0.7986,0.2591,0.4987,0.92,0.5211,0.6374,0.487,0.5472,0,0,0.15,0.3,0.55,0.2,0.3,0.5,0.4,0.6
MA00204,Mobile_App_Developer,Mobile App Developer,M,22-25,1,Diploma,2.8,0.5128,0.5394,0.4751,0.6337,0.4451,1.0,0.4361,0.6066,0.5673,0.583,0,1,0.15,0.3,0.55,0.2,0.3,0.5,0.4,0.6
MA00205,Mobile_App_Developer,Mobile App Developer,M,22-25,2,BSc,5.2,0.515,0.72,0.7043,0.6331,0.566,1.0,0.7305,0.7867,0.6718,0.7178,1,2,0.15,0.3,0.55,0.2,0.3,0.5,0.4,0.6
MA00206,Mobile_App_Developer,Mobile App Developer,M,36-40,2,BSc,2.6,0.5102,0.6154,0.6534,0.5877,0.5641,1.0,0.736,0.7894,0.6129,0.6835,1,2,0.15,0.3,0.55,0.2,0.3,0.5,0.4,0.6
MA00207,Mobile_App_Developer,Mobile App Developer,F,31-35,3,MSc,2.3,0.5967,0.8059,0.3298,0.8152,0.7187,0.92,0.7176,0.7785,0.6677,0.712,1,3,0.15,0.3,0.55,0.2,0.3,0.5,0.4,0.6
MA00208,Mobile_App_Developer,Mobile App Developer,F,22-25,2,BSc,4.4,0.7092,0.6214,0.6371,0.9504,0.6437,1.0,0.5803,0.7157,0.7906,0.7606,1,2,0.15,0.3,0.55,0.2,0.3,0.5,0.4,0.6
MA00209,Mobile_App_Developer,Mobile App Developer,M,26-30,2,BSc,4.5,0.3772,0.8014,0.9081,0.7186,0.5109,1.0,0.6248,0.7203,0.792,0.7633,1,2,0.15,0.3,0.55,0.2,0.3,0.5,0.4,0.6
MA00210,Mobile_App_Developer,Mobile App Developer,M,36-40,3,MSc,0.3,0.6348,0.6441,0.4226,0.7436,0.7339,0.12,0.4929,0.4172,0.6274,0.5433,0,1,0.15,0.3,0.55,0.2,0.3,0.5,0.4,0.6
MA00211,Mobile_App_Developer,Mobile App Developer,M,40+,2,BSc,4.1,0.7488,0.6028,0.6951,0.7949,0.6595,1.0,0.5592,0.7065,0.7265,0.7185,1,2,0.15,0.3,0.55,0.2,0.3,0.5,0.4,0.6
MA00212,Mobile_App_Developer,Mobile App Developer,M,22-25,3,MSc,4.1,0.6451,0.6723,0.5609,0.8812,0.738,1.0,0.5865,0.7333,0.7433,0.7393,1,2,0.15,0.3,0.55,0.2,0.3,0.5,0.4,0.6
MA00213,Mobile_App_Developer,Mobile App Developer,F,22-25,2,BSc,0.0,0.4879,0.8318,0.6094,0.3539,0.5551,0.0,0.2981,0.2472,0.5261,0.4145,0,0,0.15,0.3,0.55,0.2,0.3,0.5,0.4,0.6
MA00214,Mobile_App_Developer,Mobile App Developer,F,22-25,2,BSc,2.2,0.609,0.7517,0.7436,0.8008,0.6036,0.88,0.7425,0.7629,0.7738,0.7694,1,3,0.15,0.3,0.55,0.2,0.3,0.5,0.4,0.6
MA00215,Mobile_App_Developer,Mobile App Developer,M,26-30,2,BSc,3.0,0.3044,0.5449,0.4767,0.5821,0.4818,1.0,0.5826,0.6927,0.543,0.6029,1,2,0.15,0.3,0.55,0.2,0.3,0.5,0.4,0.6
MA00216,Mobile_App_Developer,Mobile App Developer,M,36-40,2,BSc,0.5,0.6915,0.6435,0.3833,0.6542,0.6366,0.2,0.4813,0.4202,0.5708,0.5106,0,1,0.15,0.3,0.55,0.2,0.3,0.5,0.4,0.6
MA00217,Mobile_App_Developer,Mobile App Developer,F,22-25,3,MSc,3.5,0.4176,0.7407,0.6412,0.6183,0.6471,1.0,0.6433,0.7509,0.6496,0.6901,1,2,0.15,0.3,0.55,0.2,0.3,0.5,0.4,0.6
MA00218,Mobile_App_Developer,Mobile App Developer,M,31-35,2,BSc,5.6,0.4432,0.6703,0.8397,0.6896,0.5373,1.0,0.7055,0.7686,0.7307,0.7459,1,2,0.15,0.3,0.55,0.2,0.3,0.5,0.4,0.6
MA00219,Mobile_App_Developer,Mobile App Developer,M,31-35,1,Diploma,1.9,0.5117,0.3794,0.5909,0.4757,0.4447,0.76,0.3113,0.4659,0.491,0.481,0,0,0.15,0.3,0.55,0.2,0.3,0.5,0.4,0.6
MA00220,Mobile_App_Developer,Mobile App Developer,M,26-30,2,BSc,0.1,0.7417,0.5926,0.4747,0.3434,0.6567,0.04,0.5147,0.3936,0.4326,0.417,0,0,0.15,0.3,0.55,0.2,0.3,0.5,0.4,0.6
MA00221,Mobile_App_Developer,Mobile App Developer,M,40+,3,MSc,2.8,0.6601,0.5003,0.7946,0.7049,0.7441,1.0,0.5658,0.7228,0.6909,0.7037,1,2,0.15,0.3,0.55,0.2,0.3,0.5,0.4,0.6
MA00222,Mobile_App_Developer,Mobile App Developer,F,26-30,2,BSc,5.3,0.4301,0.9304,0.6985,0.7102,0.5321,1.0,0.6078,0.7141,0.7507,0.7361,1,2,0.15,0.3,0.55,0.2,0.3,0.5,0.4,0.6
MA00223,Mobile_App_Developer,Mobile App Developer,F,22-25,2,BSc,0.0,0.8542,0.6259,0.5758,0.5838,0.7017,0.0,0.7535,0.5197,0.5898,0.5618,0,2,0.15,0.3,0.55,0.2,0.3,0.5,0.4,0.6
MA00224,Mobile_App_Developer,Mobile App Developer,M,22-25,2,BSc,1.9,0.4783,0.6712,0.461,0.8087,0.5513,0.76,0.6617,0.6746,0.6769,0.676,1,2,0.15,0.3,0.55,0.2,0.3,0.5,0.4,0.6
MA00225,Mobile_App_Developer,Mobile App Developer,M,26-30,2,BSc,2.6,0.5505,0.7564,0.7096,0.773,0.5802,1.0,0.8637,0.8621,0.7506,0.7952,1,3,0.15,0.3,0.55,0.2,0.3,0.5,0.4,0.6
MA00226,Mobile_App_Developer,Mobile App Developer,M,40+,2,BSc,0.0,0.5191,0.5315,0.4268,0.5125,0.5676,0.0,0.4845,0.3516,0.4906,0.435,0,1,0.15,0.3,0.55,0.2,0.3,0.5,0.4,0.6
MA00227,Mobile_App_Developer,Mobile App Developer,M,22-25,2,BSc,4.3,0.5106,0.7304,0.7035,0.7707,0.5642,1.0,0.5917,0.7101,0.7424,0.7295,1,2,0.15,0.3,0.55,0.2,0.3,0.5,0.4,0.6
MA00228,Mobile_App_Developer,Mobile App Developer,F,26-30,2,BSc,1.6,0.7139,0.5712,0.4484,0.5967,0.6456,0.64,0.4856,0.5559,0.5471,0.5506,1,1,0.15,0.3,0.55,0.2,0.3,0.5,0.4,0.6
MA00229,Mobile_App_Developer,Mobile App Developer,M,26-30,2,BSc,3.1,0.4474,0.733,0.5088,0.5613,0.5389,1.0,0.5836,0.7018,0.5799,0.6287,1,1,0.15,0.3,0.55,0.2,0.3,0.5,0.4,0.6
MA00230,Mobile_App_Developer,Mobile App Developer,F,26-30,2,BSc,1.4,0.6469,0.5491,0.7948,0.6502,0.6188,0.56,0.6396,0.6126,0.6733,0.649,1,2,0.15,0.3,0.55,0.2,0.3,0.5,0.4,0.6
MA00231,Mobile_App_Developer,Mobile App Developer,M,26-30,2,BSc,2.0,0.5698,0.6666,0.3836,0.4465,0.5879,0.8,0.6275,0.6733,0.4716,0.5523,1,1,0.15,0.3,0.55,0.2,0.3,0.5,0.4,0.6
MA00232,Mobile_App_Developer,Mobile App Developer,M,36-40,3,MSc,3.1,0.1948,0.7819,0.6874,0.781,0.5579,1.0,0.7271,0.7836,0.7531,0.7653,1,3,0.15,0.3,0.55,0.2,0.3,0.5,0.4,0.6
MA00233,Mobile_App_Developer,Mobile App Developer,M,31-35,1,Diploma,2.1,0.5423,0.5378,0.4408,0.4857,0.4569,0.84,0.582,0.6406,0.4827,0.5459,0,1,0.15,0.3,0.55,0.2,0.3,0.5,0.4,0.6
MA00234,Mobile_App_Developer,Mobile App Developer,M,22-25,2,BSc,2.4,0.5871,0.6883,0.583,0.7684,0.5948,0.96,0.4185,0.6074,0.6968,0.661,1,1,0.15,0.3,0.55,0.2,0.3,0.5,0.4,0.6
MA00235,Mobile_App_Developer,Mobile App Developer,F,22-25,2,BSc,4.8,0.5332,0.6215,0.5984,0.5929,0.5733,1.0,0.6686,0.7537,0.6003,0.6617,1,2,0.15,0.3,0.55,0.2,0.3,0.5,0.4,0.6
MA00236,Mobile_App_Developer,Mobile App Developer,M,22-25,2,BSc,0.2,0.7986,0.8017,0.4017,0.5588,0.6794,0.08,0.5756,0.4425,0.5602,0.5131,0,1,0.15,0.3,0.55,0.2,0.3,0.5,0.4,0.6
MA00237,Mobile_App_Developer,Mobile App Developer,F,26-30,3,MSc,2.3,0.7957,0.8451,0.5969,0.5793,0.7983,0.92,0.6115,0.7321,0.6378,0.6755,1,2,0.15,0.3,0.55,0.2,0.3,0.5,0.4,0.6
MA00238,Mobile_App_Developer,Mobile App Developer,F,36-40,2,BSc,4.9,0.7177,0.8294,0.5418,1.0,0.6471,1.0,0.7406,0.8044,0.8284,0.8188,1,3,0.15,0.3,0.55,0.2,0.3,0.5,0.4,0.6
MA00239,Mobile_App_Developer,Mobile App Developer,M,36-40,2,BSc,3.6,0.6207,0.5633,0.6036,0.6656,0.6083,1.0,0.5866,0.7138,0.6265,0.6614,1,2,0.15,0.3,0.55,0.2,0.3,0.5,0.4,0.6
MA00240,Mobile_App_Developer,Mobile App Developer,F,22-25,4,PhD,4.5,0.6375,0.5997,0.7161,0.6753,0.855,1.0,0.5111,0.7094,0.6724,0.6872,1,1,0.15,0.3,0.55,0.2,0.3,0.5,0.4,0.6
MA00241,Mobile_App_Developer,Mobile App Developer,M,31-35,2,BSc,1.0,0.5529,0.7301,0.481,0.2641,0.5812,0.4,0.3676,0.4094,0.4224,0.4172,0,0,0.15,0.3,0.55,0.2,0.3,0.5,0.4,0.6
MA00242,Mobile_App_Developer,Mobile App Developer,M,26-30,1,Diploma,1.9,0.6933,0.623,0.6708,0.642,0.5173,0.76,0.5391,0.6021,0.6468,0.6289,0,1,0.15,0.3,0.55,0.2,0.3,0.5,0.4,0.6
MA00243,Mobile_App_Developer,Mobile App Developer,M,22-25,1,Diploma,2.2,0.628,0.3922,0.4925,0.4524,0.4912,0.88,0.2384,0.4688,0.4524,0.459,0,0,0.15,0.3,0.55,0.2,0.3,0.5,0.4,0.6
MA00244,Mobile_App_Developer,Mobile App Developer,F,31-35,2,BSc,4.2,0.682,0.5264,0.6648,0.9544,0.6328,1.0,0.6032,0.7267,0.7819,0.7598,1,2,0.15,0.3,0.55,0.2,0.3,0.5,0.4,0.6
MA00245,Mobile_App_Developer,Mobile App Developer,F,31-35,2,BSc,6.3,0.3689,0.6001,0.748,0.8657,0.5075,1.0,0.8476,0.8423,0.7773,0.8033,1,3,0.15,0.3,0.55,0.2,0.3,0.5,0.4,0.6
MA00246,Mobile_App_Developer,Mobile App Developer,M,22-25,1,Diploma,1.5,0.6888,0.553,0.6818,0.4435,0.5155,0.6,0.6271,0.6022,0.5369,0.563,0,1,0.15,0.3,0.55,0.2,0.3,0.5,0.4,0.6
MA00247,Mobile_App_Developer,Mobile App Developer,M,26-30,2,BSc,4.5,0.5256,0.5923,0.5225,0.8634,0.5703,1.0,0.5149,0.6687,0.7069,0.6916,1,1,0.15,0.3,0.55,0.2,0.3,0.5,0.4,0.6
MA00248,Mobile_App_Developer,Mobile App Developer,M,26-30,2,BSc,4.2,0.3341,0.7511,0.7643,0.6314,0.4936,1.0,0.6112,0.7102,0.6952,0.7012,1,2,0.15,0.3,0.55,0.2,0.3,0.5,0.4,0.6
MA00249,Mobile_App_Developer,Mobile App Developer,M,26-30,2,BSc,0.8,0.6254,0.5288,0.9397,0.7533,0.6102,0.32,0.8017,0.6285,0.7643,0.71,0,3,0.15,0.3,0.55,0.2,0.3,0.5,0.4,0.6
MA00250,Mobile_App_Developer,Mobile App Developer,F,26-30,1,Diploma,5.2,0.6549,0.656,0.7946,0.9131,0.502,1.0,0.646,0.7306,0.8261,0.7879,0,2,0.15,0.3,0.55,0.2,0.3,0.5,0.4,0.6
MA00251,Mobile_App_Developer,Mobile App Developer,M,40+,2,BSc,1.6,0.4894,0.7043,0.5444,0.5657,0.5558,0.64,0.5305,0.5671,0.587,0.579,1,0,0.15,0.3,0.55,0.2,0.3,0.5,0.4,0.6
MA00252,Mobile_App_Developer,Mobile App Developer,F,26-30,3,MSc,3.5,0.6432,0.8322,0.6384,0.7629,0.7373,1.0,0.8735,0.891,0.7394,0.8,1,3,0.15,0.3,0.55,0.2,0.3,0.5,0.4,0.6
MA00253,Mobile_App_Developer,Mobile App Developer,M,22-25,2,BSc,3.7,0.7061,0.7957,0.3934,0.5791,0.6424,1.0,0.5064,0.6749,0.5667,0.61,1,1,0.15,0.3,0.55,0.2,0.3,0.5,0.4,0.6
MA00254,Mobile_App_Developer,Mobile App Developer,M,26-30,2,BSc,2.9,0.3391,0.6597,0.5876,0.8727,0.4956,1.0,0.7664,0.7959,0.7446,0.7651,1,3,0.15,0.3,0.55,0.2,0.3,0.5,0.4,0.6
MA00255,Mobile_App_Developer,Mobile App Developer,M,40+,3,MSc,1.6,0.4827,0.6378,0.6391,0.436,0.6731,0.64,0.6656,0.6591,0.5373,0.586,1,1,0.15,0.3,0.55,0.2,0.3,0.5,0.4,0.6
MA00256,Mobile_App_Developer,Mobile App Developer,F,36-40,2,BSc,4.2,0.5179,0.6666,0.5314,0.7688,0.5671,1.0,0.7901,0.8196,0.6771,0.7341,1,3,0.15,0.3,0.55,0.2,0.3,0.5,0.4,0.6
MA00257,Mobile_App_Developer,Mobile App Developer,M,36-40,2,BSc,3.6,0.405,0.6639,0.7976,0.9641,0.522,1.0,0.8501,0.8459,0.8541,0.8508,1,3,0.15,0.3,0.55,0.2,0.3,0.5,0.4,0.6
MA00258,Mobile_App_Developer,Mobile App Developer,M,31-35,2,BSc,2.9,0.7389,0.5653,0.7488,0.8188,0.6556,1.0,0.6823,0.7736,0.7471,0.7577,1,2,0.15,0.3,0.55,0.2,0.3,0.5,0.4,0.6
MA00259,Mobile_App_Developer,Mobile App Developer,F,22-25,2,BSc,0.6,0.6745,0.7354,0.4757,0.5829,0.6298,0.24,0.6965,0.5495,0.5812,0.5685,0,2,0.15,0.3,0.55,0.2,0.3,0.5,0.4,0.6
MA00260,Mobile_App_Developer,Mobile App Developer,F,22-25,2,BSc,6.4,0.4509,0.7247,0.5994,0.8573,0.5404,1.0,0.6785,0.7542,0.7534,0.7537,1,2,0.15,0.3,0.55,0.2,0.3,0.5,0.4,0.6
MA00261,Mobile_App_Developer,Mobile App Developer,M,36-40,2,BSc,3.1,0.4446,0.5735,0.5904,0.7504,0.5378,1.0,0.4501,0.6282,0.667,0.6515,1,1,0.15,0.3,0.55,0.2,0.3,0.5,0.4,0.6
MA00262,Mobile_App_Developer,Mobile App Developer,M,40+,2,BSc,2.1,0.6591,0.4931,0.7399,0.8122,0.6237,0.84,0.6086,0.6803,0.7267,0.7081,1,2,0.15,0.3,0.55,0.2,0.3,0.5,0.4,0.6
MA00263,Mobile_App_Developer,Mobile App Developer,M,26-30,2,BSc,3.6,0.6834,0.492,0.5232,0.7658,0.6333,1.0,0.6469,0.7508,0.6383,0.6833,1,2,0.15,0.3,0.55,0.2,0.3,0.5,0.4,0.6
MA00264,Mobile_App_Developer,Mobile App Developer,M,26-30,2,BSc,6.0,0.7681,0.7191,0.5492,0.7971,0.6673,1.0,0.6802,0.7742,0.7071,0.7339,1,2,0.15,0.3,0.55,0.2,0.3,0.5,0.4,0.6
MA00265,Mobile_App_Developer,Mobile App Developer,M,22-25,2,BSc,3.9,0.4277,0.746,0.4684,0.4453,0.5311,1.0,0.8103,0.8253,0.5124,0.6376,1,1,0.15,0.3,0.55,0.2,0.3,0.5,0.4,0.6
MA00266,Mobile_App_Developer,Mobile App Developer,M,31-35,1,Diploma,0.4,0.5063,0.7476,0.4608,0.6888,0.4425,0.16,0.6259,0.4586,0.6322,0.5628,0,2,0.15,0.3,0.55,0.2,0.3,0.5,0.4,0.6
MA00267,Mobile_App_Developer,Mobile App Developer,F,31-35,1,Diploma,1.8,0.5137,0.6468,0.4952,0.5783,0.4455,0.72,0.442,0.5259,0.5671,0.5506,0,1,0.15,0.3,0.55,0.2,0.3,0.5,0.4,0.6
MA00268,Mobile_App_Developer,Mobile App Developer,M,22-25,3,MSc,4.4,0.642,0.5261,0.6722,0.7078,0.7368,1.0,0.714,0.8032,0.6608,0.7178,1,2,0.15,0.3,0.55,0.2,0.3,0.5,0.4,0.6
MA00269,Mobile_App_Developer,Mobile App Developer,M,26-30,3,MSc,4.7,0.4201,0.4536,0.6644,0.7204,0.648,1.0,0.4884,0.6658,0.6503,0.6565,1,1,0.15,0.3,0.55,0.2,0.3,0.5,0.4,0.6
MA00270,Mobile_App_Developer,Mobile App Developer,F,31-35,2,BSc,5.8,0.5283,0.5541,0.9701,0.8054,0.5713,1.0,0.7358,0.7904,0.8046,0.7989,1,2,0.15,0.3,0.55,0.2,0.3,0.5,0.4,0.6
MA00271,Mobile_App_Developer,Mobile App Developer,M,31-35,2,BSc,2.6,0.3977,0.7108,0.6932,0.8877,0.5191,1.0,0.6987,0.7622,0.794,0.7813,1,2,0.15,0.3,0.55,0.2,0.3,0.5,0.4,0.6
MA00272,Mobile_App_Developer,Mobile App Developer,M,26-30,2,BSc,2.5,0.6972,0.663,0.7626,0.789,0.6389,1.0,0.7313,0.7981,0.7559,0.7728,1,3,0.15,0.3,0.55,0.2,0.3,0.5,0.4,0.6
MA00273,Mobile_App_Developer,Mobile App Developer,F,26-30,2,BSc,4.2,0.832,0.8255,0.7499,0.8473,0.6928,1.0,0.66,0.7669,0.8137,0.795,1,2,0.15,0.3,0.55,0.2,0.3,0.5,0.4,0.6
MA00274,Mobile_App_Developer,Mobile App Developer,F,26-30,4,PhD,5.0,0.7003,0.8491,0.911,0.9972,0.8801,1.0,1.0,0.982,0.9417,0.9578,1,3,0.15,0.3,0.55,0.2,0.3,0.5,0.4,0.6
MA00275,Mobile_App_Developer,Mobile App Developer,M,26-30,2,BSc,0.2,0.5286,0.6574,0.5755,0.7035,0.5714,0.08,0.6925,0.4906,0.6559,0.5898,0,2,0.15,0.3,0.55,0.2,0.3,0.5,0.4,0.6
MA00276,Mobile_App_Developer,Mobile App Developer,M,26-30,2,BSc,0.6,0.5054,0.4865,0.4571,0.5206,0.5622,0.24,0.5623,0.4656,0.4947,0.4831,0,1,0.15,0.3,0.55,0.2,0.3,0.5,0.4,0.6
MA00277,Mobile_App_Developer,Mobile App Developer,F,31-35,1,Diploma,3.7,0.2733,0.595,0.4559,0.4933,0.3493,1.0,0.6265,0.6969,0.5024,0.5802,0,1,0.15,0.3,0.55,0.2,0.3,0.5,0.4,0.6
MA00278,Mobile_App_Developer,Mobile App Developer,M,26-30,3,MSc,4.3,0.8504,0.6128,0.5494,0.7652,0.8202,1.0,0.79,0.8575,0.67,0.745,1,3,0.15,0.3,0.55,0.2,0.3,0.5,0.4,0.6
MA00279,Mobile_App_Developer,Mobile App Developer,F,31-35,3,MSc,2.7,0.562,0.6723,0.6003,0.5373,0.7048,1.0,0.639,0.7572,0.5832,0.6528,1,0,0.15,0.3,0.55,0.2,0.3,0.5,0.4,0.6
MA00280,Mobile_App_Developer,Mobile App Developer,F,36-40,2,BSc,6.2,0.5751,0.9077,0.7323,0.766,0.59,1.0,0.8431,0.8522,0.7842,0.8114,1,3,0.15,0.3,0.55,0.2,0.3,0.5,0.4,0.6
MA00281,Mobile_App_Developer,Mobile App Developer,M,26-30,1,Diploma,6.8,0.5612,0.5055,0.5717,0.6904,0.4645,1.0,0.7589,0.7871,0.6178,0.6855,0,2,0.15,0.3,0.55,0.2,0.3,0.5,0.4,0.6
MA00282,Mobile_App_Developer,Mobile App Developer,M,26-30,2,BSc,4.4,0.3854,0.5749,0.7081,0.8127,0.5142,1.0,0.5077,0.6564,0.7338,0.7028,1,1,0.15,0.3,0.55,0.2,0.3,0.5,0.4,0.6
MA00283,Mobile_App_Developer,Mobile App Developer,F,26-30,2,BSc,2.2,0.6767,0.671,0.6807,0.6856,0.6307,0.88,0.4821,0.6238,0.6812,0.6582,1,1,0.15,0.3,0.55,0.2,0.3,0.5,0.4,0.6
MA00284,Mobile_App_Developer,Mobile App Developer,M,26-30,4,PhD,3.5,0.7329,0.8751,0.659,0.8108,0.8931,1.0,0.9661,0.9653,0.7781,0.853,1,3,0.15,0.3,0.55,0.2,0.3,0.5,0.4,0.6
MA00285,Mobile_App_Developer,Mobile App Developer,M,26-30,2,BSc,4.0,0.2401,0.5973,0.578,0.4268,0.4561,1.0,0.5853,0.6903,0.5063,0.5799,1,1,0.15,0.3,0.55,0.2,0.3,0.5,0.4,0.6
MA00286,Mobile_App_Developer,Mobile App Developer,M,26-30,2,BSc,3.5,0.5482,0.7166,0.7225,0.858,0.5793,1.0,0.8121,0.8335,0.7891,0.8069,1,3,0.15,0.3,0.55,0.2,0.3,0.5,0.4,0.6
MA00287,Mobile_App_Developer,Mobile App Developer,M,22-25,2,BSc,2.0,0.5129,0.9228,0.5875,0.8757,0.5652,0.8,0.9885,0.8684,0.7987,0.8266,1,3,0.15,0.3,0.55,0.2,0.3,0.5,0.4,0.6
MA00288,Mobile_App_Developer,Mobile App Developer,M,31-35,2,BSc,0.8,0.7951,0.7882,0.5578,0.6734,0.678,0.32,0.6816,0.5726,0.6617,0.6261,0,2,0.15,0.3,0.55,0.2,0.3,0.5,0.4,0.6
MA00289,Mobile_App_Developer,Mobile App Developer,F,26-30,2,BSc,2.8,0.8088,0.6755,0.6139,0.7842,0.6835,1.0,0.8104,0.8482,0.7114,0.7661,1,3,0.15,0.3,0.55,0.2,0.3,0.5,0.4,0.6
MA00290,Mobile_App_Developer,Mobile App Developer,F,26-30,2,BSc,3.3,0.4663,0.5839,0.5818,0.6699,0.5465,1.0,0.5273,0.672,0.6263,0.6446,1,1,0.15,0.3,0.55,0.2,0.3,0.5,0.4,0.6
MA00291,Mobile_App_Developer,Mobile App Developer,M,36-40,2,BSc,8.2,0.4673,0.5722,0.706,0.8917,0.5469,1.0,0.6682,0.7495,0.7721,0.7631,1,2,0.15,0.3,0.55,0.2,0.3,0.5,0.4,0.6
MA00292,Mobile_App_Developer,Mobile App Developer,F,22-25,2,BSc,1.1,0.4729,0.69,0.6008,0.6027,0.5492,0.44,0.5803,0.5335,0.6196,0.5852,1,2,0.15,0.3,0.55,0.2,0.3,0.5,0.4,0.6
MA00293,Mobile_App_Developer,Mobile App Developer,F,26-30,3,MSc,2.4,0.5369,0.627,0.682,0.7409,0.6948,0.96,0.6898,0.7716,0.7004,0.7289,1,2,0.15,0.3,0.55,0.2,0.3,0.5,0.4,0.6
MA00294,Mobile_App_Developer,Mobile App Developer,M,26-30,3,MSc,0.4,0.7065,0.7868,0.5356,0.8773,0.7626,0.16,0.7196,0.5582,0.7567,0.6773,0,2,0.15,0.3,0.55,0.2,0.3,0.5,0.4,0.6
MA00295,Mobile_App_Developer,Mobile App Developer,M,26-30,3,MSc,2.8,0.7301,0.6435,0.6215,0.8801,0.7721,1.0,0.601,0.7464,0.7552,0.7517,1,2,0.15,0.3,0.55,0.2,0.3,0.5,0.4,0.6
MA00296,Mobile_App_Developer,Mobile App Developer,F,22-25,1,Diploma,1.1,0.2322,0.7216,0.7814,0.6047,0.3329,0.44,0.5822,0.5021,0.6811,0.6095,0,1,0.15,0.3,0.55,0.2,0.3,0.5,0.4,0.6
MA00297,Mobile_App_Developer,Mobile App Developer,M,22-25,2,BSc,1.0,0.6274,0.5265,0.588,0.6159,0.611,0.4,0.4186,0.4419,0.5896,0.5305,1,1,0.15,0.3,0.55,0.2,0.3,0.5,0.4,0.6
MA00298,Mobile_App_Developer,Mobile App Developer,M,22-25,2,BSc,6.5,0.5276,0.5161,0.545,0.7136,0.571,1.0,0.7434,0.7945,0.6235,0.6919,1,2,0.15,0.3,0.55,0.2,0.3,0.5,0.4,0.6
MA00299,Mobile_App_Developer,Mobile App Developer,F,31-35,2,BSc,0.7,0.6412,0.7123,0.7495,0.4752,0.6165,0.28,0.5008,0.4519,0.6049,0.5437,0,1,0.15,0.3,0.55,0.2,0.3,0.5,0.4,0.6
MA00300,Mobile_App_Developer,Mobile App Developer,F,31-35,2,BSc,4.4,0.5501,0.8605,0.5678,0.7052,0.58,1.0,0.7257,0.7862,0.695,0.7315,1,2,0.15,0.3,0.55,0.2,0.3,0.5,0.4,0.6
MA00301,Mobile_App_Developer,Mobile App Developer,M,31-35,2,BSc,2.8,0.6308,0.5159,0.585,0.8424,0.6123,1.0,0.6046,0.7244,0.6999,0.7097,1,2,0.15,0.3,0.55,0.2,0.3,0.5,0.4,0.6
MA00302,Mobile_App_Developer,Mobile App Developer,M,31-35,2,BSc,3.1,0.6477,0.738,0.7748,0.787,0.6191,1.0,0.5857,0.715,0.7736,0.7502,1,2,0.15,0.3,0.55,0.2,0.3,0.5,0.4,0.6
MA00303,Mobile_App_Developer,Mobile App Developer,F,26-30,2,BSc,3.6,0.6765,0.7689,0.7808,0.6369,0.6306,1.0,0.6758,0.7663,0.7065,0.7304,1,2,0.15,0.3,0.55,0.2,0.3,0.5,0.4,0.6
MA00304,Mobile_App_Developer,Mobile App Developer,M,26-30,3,MSc,0.3,0.6424,0.4721,0.2864,0.8122,0.737,0.12,0.8302,0.6032,0.5864,0.5931,0,2,0.15,0.3,0.55,0.2,0.3,0.5,0.4,0.6
MA00305,Mobile_App_Developer,Mobile App Developer,F,31-35,2,BSc,0.0,0.5406,0.5584,0.4778,0.3947,0.5762,0.0,0.424,0.3196,0.4524,0.3993,0,0,0.15,0.3,0.55,0.2,0.3,0.5,0.4,0.6
MA00306,Mobile_App_Developer,Mobile App Developer,M,26-30,3,MSc,5.0,0.5045,0.6283,0.5615,0.6131,0.6818,1.0,0.5279,0.6926,0.6007,0.6375,1,1,0.15,0.3,0.55,0.2,0.3,0.5,0.4,0.6
MA00307,Mobile_App_Developer,Mobile App Developer,M,40+,2,BSc,4.1,0.3114,0.7402,0.5466,0.8153,0.4845,1.0,0.5246,0.6612,0.7197,0.6963,1,1,0.15,0.3,0.55,0.2,0.3,0.5,0.4,0.6
MA00308,Mobile_App_Developer,Mobile App Developer,M,26-30,2,BSc,2.1,0.6629,0.7535,0.5871,0.5076,0.6252,0.84,0.6342,0.6946,0.5806,0.6262,1,1,0.15,0.3,0.55,0.2,0.3,0.5,0.4,0.6
MA00309,Mobile_App_Developer,Mobile App Developer,M,22-25,2,BSc,1.5,0.3464,0.55,0.5697,0.6061,0.4986,0.6,0.6443,0.6092,0.584,0.5941,1,2,0.15,0.3,0.55,0.2,0.3,0.5,0.4,0.6
MA00310,Mobile_App_Developer,Mobile App Developer,F,26-30,2,BSc,3.3,0.4868,0.6895,0.7897,0.4739,0.5547,1.0,0.6151,0.7215,0.6118,0.6557,1,1,0.15,0.3,0.55,0.2,0.3,0.5,0.4,0.6
MA00311,Mobile_App_Developer,Mobile App Developer,M,40+,2,BSc,2.3,0.4716,0.4816,0.4181,0.7916,0.5486,0.92,0.4358,0.598,0.6175,0.6097,1,1,0.15,0.3,0.55,0.2,0.3,0.5,0.4,0.6
MA00312,Mobile_App_Developer,Mobile App Developer,M,26-30,3,MSc,0.2,0.4924,0.7658,0.6401,0.5361,0.677,0.08,0.6022,0.4568,0.6132,0.5506,0,1,0.15,0.3,0.55,0.2,0.3,0.5,0.4,0.6
MA00313,Mobile_App_Developer,Mobile App Developer,F,26-30,2,BSc,2.9,0.7311,0.479,0.4836,0.4332,0.6524,1.0,0.4474,0.644,0.4575,0.5321,1,1,0.15,0.3,0.55,0.2,0.3,0.5,0.4,0.6
MA00314,Mobile_App_Developer,Mobile App Developer,M,22-25,2,BSc,0.4,0.5549,0.4371,0.5964,0.5094,0.582,0.16,0.5162,0.4192,0.5211,0.4803,0,1,0.15,0.3,0.55,0.2,0.3,0.5,0.4,0.6
MA00315,Mobile_App_Developer,Mobile App Developer,M,22-25,4,PhD,0.5,0.6122,0.7418,0.5115,0.7112,0.8449,0.2,0.621,0.5283,0.6574,0.6058,0,2,0.15,0.3,0.55,0.2,0.3,0.5,0.4,0.6
MA00316,Mobile_App_Developer,Mobile App Developer,F,26-30,2,BSc,2.3,0.7318,0.8178,0.5084,0.8768,0.6527,0.92,0.7118,0.7654,0.7545,0.7589,1,2,0.15,0.3,0.55,0.2,0.3,0.5,0.4,0.6
MA00317,Mobile_App_Developer,Mobile App Developer,F,26-30,1,Diploma,3.2,0.5241,0.7254,0.5144,0.6037,0.4496,1.0,0.651,0.7255,0.6012,0.6509,0,2,0.15,0.3,0.55,0.2,0.3,0.5,0.4,0.6
MA00318,Mobile_App_Developer,Mobile App Developer,M,22-25,2,BSc,0.1,0.6995,0.4576,0.7195,0.4996,0.6398,0.04,0.3925,0.3238,0.5572,0.4638,0,1,0.15,0.3,0.55,0.2,0.3,0.5,0.4,0.6
MA00319,Mobile_App_Developer,Mobile App Developer,F,31-35,1,Diploma,3.4,0.6759,0.6519,0.4811,0.6225,0.5104,1.0,0.7015,0.7624,0.5859,0.6565,0,2,0.15,0.3,0.55,0.2,0.3,0.5,0.4,0.6
MA00320,Mobile_App_Developer,Mobile App Developer,M,26-30,2,BSc,3.0,0.6403,0.7075,0.4799,0.7385,0.6161,1.0,0.6874,0.7705,0.6547,0.701,1,2,0.15,0.3,0.55,0.2,0.3,0.5,0.4,0.6
MA00321,Mobile_App_Developer,Mobile App Developer,F,26-30,3,MSc,2.0,0.635,0.5881,0.6723,0.6056,0.734,0.8,0.5804,0.6693,0.6221,0.641,1,2,0.15,0.3,0.55,0.2,0.3,0.5,0.4,0.6
MA00322,Mobile_App_Developer,Mobile App Developer,F,22-25,2,BSc,0.0,0.6308,0.5949,0.6339,0.5961,0.6123,0.0,0.5545,0.3968,0.6072,0.523,0,1,0.15,0.3,0.55,0.2,0.3,0.5,0.4,0.6
MA00323,Mobile_App_Developer,Mobile App Developer,F,26-30,2,BSc,0.4,0.6872,0.6603,0.5347,0.4557,0.6349,0.16,0.4319,0.3808,0.5203,0.4645,0,1,0.15,0.3,0.55,0.2,0.3,0.5,0.4,0.6
MA00324,Mobile_App_Developer,Mobile App Developer,F,22-25,3,MSc,0.0,0.8319,0.6494,0.3981,0.5361,0.8128,0.0,0.4581,0.3739,0.5174,0.46,0,1,0.15,0.3,0.55,0.2,0.3,0.5,0.4,0.6
MA00325,Mobile_App_Developer,Mobile App Developer,F,26-30,4,PhD,4.3,0.6731,0.5989,0.7686,0.6945,0.8693,1.0,0.6329,0.7785,0.6976,0.73,1,2,0.15,0.3,0.55,0.2,0.3,0.5,0.4,0.6
MA00326,Mobile_App_Developer,Mobile App Developer,M,40+,1,Diploma,2.8,0.6864,0.6295,0.666,0.689,0.5146,1.0,0.6029,0.7088,0.6702,0.6856,0,3,0.15,0.3,0.55,0.2,0.3,0.5,0.4,0.6
MA00327,Mobile_App_Developer,Mobile App Developer,F,31-35,2,BSc,4.2,0.752,0.8177,0.5071,0.8395,0.6608,1.0,0.5953,0.7265,0.7354,0.7318,1,2,0.15,0.3,0.55,0.2,0.3,0.5,0.4,0.6
MA00328,Mobile_App_Developer,Mobile App Developer,F,26-30,3,MSc,4.9,0.8451,0.6942,0.5732,0.8753,0.8181,1.0,0.7981,0.8617,0.7485,0.7938,1,3,0.15,0.3,0.55,0.2,0.3,0.5,0.4,0.6
MA00329,Mobile_App_Developer,Mobile App Developer,F,26-30,2,BSc,3.4,0.57,0.6892,0.5742,0.6894,0.588,1.0,0.6687,0.756,0.6548,0.6953,1,2,0.15,0.3,0.55,0.2,0.3,0.5,0.4,0.6
MA00330,Mobile_App_Developer,Mobile App Developer,M,26-30,2,BSc,0.0,0.7105,0.6249,0.5058,0.5873,0.6442,0.0,0.5667,0.4083,0.5704,0.5056,0,1,0.15,0.3,0.55,0.2,0.3,0.5,0.4,0.6
MA00331,Mobile_App_Developer,Mobile App Developer,M,31-35,3,MSc,3.6,0.7713,0.8954,0.7128,0.8925,0.7885,1.0,0.7897,0.8526,0.8392,0.8446,1,3,0.15,0.3,0.55,0.2,0.3,0.5,0.4,0.6
MA00332,Mobile_App_Developer,Mobile App Developer,F,22-25,3,MSc,2.3,0.6617,0.7869,0.8266,0.9352,0.7447,0.92,0.9017,0.8836,0.8729,0.8772,1,3,0.15,0.3,0.55,0.2,0.3,0.5,0.4,0.6
MA00333,Mobile_App_Developer,Mobile App Developer,M,40+,1,Diploma,4.9,0.5948,0.7059,0.5098,1.0,0.4779,1.0,0.6687,0.7395,0.7941,0.7723,0,2,0.15,0.3,0.55,0.2,0.3,0.5,0.4,0.6
MA00334,Mobile_App_Developer,Mobile App Developer,M,26-30,2,BSc,3.2,0.8251,0.8377,0.5791,0.792,0.69,1.0,0.656,0.7643,0.7373,0.7481,1,2,0.15,0.3,0.55,0.2,0.3,0.5,0.4,0.6
MA00335,Mobile_App_Developer,Mobile App Developer,F,26-30,2,BSc,1.6,0.5556,0.688,0.4993,0.5669,0.5823,0.64,0.5259,0.5686,0.5709,0.57,1,1,0.15,0.3,0.55,0.2,0.3,0.5,0.4,0.6
MA00336,Mobile_App_Developer,Mobile App Developer,M,31-35,2,BSc,3.8,0.4894,0.4369,0.6618,0.6104,0.5557,1.0,0.5739,0.699,0.5911,0.6343,1,2,0.15,0.3,0.55,0.2,0.3,0.5,0.4,0.6
MA00337,Mobile_App_Developer,Mobile App Developer,M,31-35,2,BSc,3.2,0.5542,0.7531,0.6098,0.4657,0.5817,1.0,0.3816,0.5972,0.5664,0.5787,1,1,0.15,0.3,0.55,0.2,0.3,0.5,0.4,0.6
MA00338,Mobile_App_Developer,Mobile App Developer,M,26-30,1,Diploma,2.7,0.5663,0.521,0.5998,0.559,0.4665,1.0,0.5672,0.682,0.5636,0.611,0,2,0.15,0.3,0.55,0.2,0.3,0.5,0.4,0.6
MA00339,Mobile_App_Developer,Mobile App Developer,M,36-40,3,MSc,4.1,0.392,0.6084,0.8357,0.8498,0.6368,1.0,0.9655,0.9266,0.7973,0.849,1,3,0.15,0.3,0.55,0.2,0.3,0.5,0.4,0.6
MA00340,Mobile_App_Developer,Mobile App Developer,F,22-25,2,BSc,4.6,0.7351,0.4667,0.5472,0.8072,0.654,1.0,0.6836,0.7741,0.6611,0.7063,1,2,0.15,0.3,0.55,0.2,0.3,0.5,0.4,0.6
MA00341,Mobile_App_Developer,Mobile App Developer,M,26-30,2,BSc,4.9,0.5791,0.6172,0.7097,0.6563,0.5916,1.0,0.6319,0.7363,0.6645,0.6932,1,1,0.15,0.3,0.55,0.2,0.3,0.5,0.4,0.6
MA00342,Mobile_App_Developer,Mobile App Developer,F,36-40,2,BSc,3.8,0.7056,0.5136,0.6355,0.6013,0.6422,1.0,0.6238,0.7394,0.594,0.6522,1,2,0.15,0.3,0.55,0.2,0.3,0.5,0.4,0.6
MA00343,Mobile_App_Developer,Mobile App Developer,F,22-25,2,BSc,3.3,0.4927,0.6476,0.6169,0.5965,0.5571,1.0,0.6973,0.7671,0.6128,0.6745,1,2,0.15,0.3,0.55,0.2,0.3,0.5,0.4,0.6
MA00344,Mobile_App_Developer,Mobile App Developer,M,31-35,2,BSc,4.2,0.4646,0.7949,0.8209,0.5491,0.5458,1.0,0.6331,0.7301,0.6798,0.6999,1,2,0.15,0.3,0.55,0.2,0.3,0.5,0.4,0.6
MA00345,Mobile_App_Developer,Mobile App Developer,F,31-35,2,BSc,0.1,0.4629,0.6783,0.4999,0.6394,0.5451,0.04,0.4415,0.3366,0.6053,0.4978,0,1,0.15,0.3,0.55,0.2,0.3,0.5,0.4,0.6
MA00346,Mobile_App_Developer,Mobile App Developer,M,26-30,2,BSc,3.8,0.8015,0.8689,0.6867,0.7435,0.6806,1.0,0.5928,0.7281,0.7515,0.7421,1,1,0.15,0.3,0.55,0.2,0.3,0.5,0.4,0.6
MA00347,Mobile_App_Developer,Mobile App Developer,M,22-25,2,BSc,0.1,0.4662,0.5273,0.555,0.3428,0.5465,0.04,0.6042,0.4263,0.4434,0.4366,0,1,0.15,0.3,0.55,0.2,0.3,0.5,0.4,0.6
MA00348,Mobile_App_Developer,Mobile App Developer,F,31-35,3,MSc,2.3,0.5001,0.6115,0.3891,0.655,0.68,0.92,0.4442,0.6223,0.5666,0.5889,1,1,0.15,0.3,0.55,0.2,0.3,0.5,0.4,0.6
MA00349,Mobile_App_Developer,Mobile App Developer,M,26-30,2,BSc,2.6,0.8331,0.5073,0.6466,0.6375,0.6932,1.0,0.6895,0.7832,0.6142,0.6818,1,1,0.15,0.3,0.55,0.2,0.3,0.5,0.4,0.6
MA00350,Mobile_App_Developer,Mobile App Developer,M,22-25,2,BSc,4.2,0.5735,0.5297,0.5624,0.539,0.5894,1.0,0.5096,0.6687,0.5442,0.594,1,1,0.15,0.3,0.55,0.2,0.3,0.5,0.4,0.6
MA00351,Mobile_App_Developer,Mobile App Developer,M,22-25,3,MSc,3.2,0.5835,0.8154,0.5802,0.7206,0.7134,1.0,0.7465,0.8176,0.6974,0.7455,1,2,0.15,0.3,0.55,0.2,0.3,0.5,0.4,0.6
MA00352,Mobile_App_Developer,Mobile App Developer,M,22-25,3,MSc,4.1,0.6148,0.5291,0.7419,0.7134,0.7259,1.0,0.7772,0.8363,0.6851,0.7456,1,2,0.15,0.3,0.55,0.2,0.3,0.5,0.4,0.6
MA00353,Mobile_App_Developer,Mobile App Developer,M,31-35,2,BSc,6.6,0.7959,0.7145,0.3846,0.9063,0.6784,1.0,0.5895,0.726,0.7114,0.7172,1,2,0.15,0.3,0.55,0.2,0.3,0.5,0.4,0.6
MA00354,Mobile_App_Developer,Mobile App Developer,M,26-30,3,MSc,4.2,0.4051,0.8135,0.8329,0.5933,0.6421,1.0,0.6933,0.7776,0.7092,0.7366,1,2,0.15,0.3,0.55,0.2,0.3,0.5,0.4,0.6
MA00355,Mobile_App_Developer,Mobile App Developer,M,22-25,3,MSc,2.7,0.3502,0.7743,0.6884,0.8,0.6201,1.0,0.8436,0.857,0.7614,0.7996,1,3,0.15,0.3,0.55,0.2,0.3,0.5,0.4,0.6
MA00356,Mobile_App_Developer,Mobile App Developer,M,26-30,2,BSc,0.1,0.4306,0.6021,0.4809,0.3489,0.5323,0.04,0.4802,0.3559,0.4391,0.4058,0,1,0.15,0.3,0.55,0.2,0.3,0.5,0.4,0.6
MA00357,Mobile_App_Developer,Mobile App Developer,M,22-25,2,BSc,4.7,0.5655,0.5857,0.579,0.7112,0.5862,1.0,0.6974,0.7715,0.6464,0.6964,1,2,0.15,0.3,0.55,0.2,0.3,0.5,0.4,0.6
MA00358,Mobile_App_Developer,Mobile App Developer,M,26-30,2,BSc,4.2,0.6466,0.6318,0.426,0.6226,0.6186,1.0,0.6217,0.7347,0.5654,0.6331,1,2,0.15,0.3,0.55,0.2,0.3,0.5,0.4,0.6
MA00359,Mobile_App_Developer,Mobile App Developer,F,40+,2,BSc,4.1,0.7752,0.7002,0.6119,0.5612,0.6701,1.0,0.4924,0.6714,0.6042,0.6311,1,1,0.15,0.3,0.55,0.2,0.3,0.5,0.4,0.6
MA00360,Mobile_App_Developer,Mobile App Developer,F,40+,2,BSc,3.3,0.5776,0.5834,0.4135,0.7602,0.591,1.0,0.5055,0.6667,0.6208,0.6392,1,1,0.15,0.3,0.55,0.2,0.3,0.5,0.4,0.6
MA00361,Mobile_App_Developer,Mobile App Developer,F,26-30,2,BSc,3.8,0.4501,0.4773,0.4299,0.7374,0.54,1.0,0.4763,0.643,0.5931,0.6131,1,1,0.15,0.3,0.55,0.2,0.3,0.5,0.4,0.6
MA00362,Mobile_App_Developer,Mobile App Developer,M,31-35,1,Diploma,0.1,0.5136,0.5813,0.335,0.715,0.4454,0.04,0.601,0.4093,0.5743,0.5083,0,1,0.15,0.3,0.55,0.2,0.3,0.5,0.4,0.6
MA00363,Mobile_App_Developer,Mobile App Developer,M,22-25,2,BSc,1.2,0.6999,0.6005,0.5047,0.7805,0.64,0.48,0.7388,0.6463,0.6618,0.6556,1,2,0.15,0.3,0.55,0.2,0.3,0.5,0.4,0.6
MA00364,Mobile_App_Developer,Mobile App Developer,M,36-40,2,BSc,2.3,0.4256,0.7033,0.5361,0.7132,0.5302,0.92,0.617,0.6949,0.6581,0.6728,1,2,0.15,0.3,0.55,0.2,0.3,0.5,0.4,0.6
MA00365,Mobile_App_Developer,Mobile App Developer,F,31-35,2,BSc,1.6,0.5509,0.7605,0.24,0.6069,0.5803,0.64,0.6873,0.6571,0.5275,0.5793,1,3,0.15,0.3,0.55,0.2,0.3,0.5,0.4,0.6
MA00366,Mobile_App_Developer,Mobile App Developer,M,22-25,2,BSc,2.6,0.5456,0.69,0.7342,0.4034,0.5782,1.0,0.7407,0.7941,0.56,0.6536,1,1,0.15,0.3,0.55,0.2,0.3,0.5,0.4,0.6
MA00367,Mobile_App_Developer,Mobile App Developer,M,26-30,2,BSc,2.2,0.5646,0.6612,0.6748,0.6281,0.5858,0.88,0.7594,0.7695,0.6487,0.697,1,2,0.15,0.3,0.55,0.2,0.3,0.5,0.4,0.6
MA00368,Mobile_App_Developer,Mobile App Developer,F,22-25,3,MSc,3.7,0.933,0.5379,0.7602,0.9557,0.8532,1.0,0.593,0.7541,0.8135,0.7897,1,2,0.15,0.3,0.55,0.2,0.3,0.5,0.4,0.6
MA00369,Mobile_App_Developer,Mobile App Developer,M,40+,3,MSc,5.4,0.5486,0.622,0.7039,0.9486,0.6994,1.0,0.635,0.7541,0.8099,0.7876,1,2,0.15,0.3,0.55,0.2,0.3,0.5,0.4,0.6
MA00370,Mobile_App_Developer,Mobile App Developer,M,26-30,2,BSc,4.8,0.3164,0.5068,0.7449,0.7627,0.4866,1.0,0.6671,0.7399,0.7062,0.7197,1,2,0.15,0.3,0.55,0.2,0.3,0.5,0.4,0.6
MA00371,Mobile_App_Developer,Mobile App Developer,M,26-30,4,PhD,4.1,0.5529,0.7183,0.7326,0.7842,0.8212,1.0,0.761,0.8417,0.7555,0.79,1,3,0.15,0.3,0.55,0.2,0.3,0.5,0.4,0.6
MA00372,Mobile_App_Developer,Mobile App Developer,M,31-35,2,BSc,1.9,0.6213,0.4931,0.6918,0.4754,0.6085,0.76,0.4902,0.5889,0.5438,0.5618,1,1,0.15,0.3,0.55,0.2,0.3,0.5,0.4,0.6
MA00373,Mobile_App_Developer,Mobile App Developer,M,31-35,2,BSc,2.0,0.4944,0.5594,0.7656,0.899,0.5578,0.8,0.5968,0.6519,0.7911,0.7354,1,2,0.15,0.3,0.55,0.2,0.3,0.5,0.4,0.6
MA00374,Mobile_App_Developer,Mobile App Developer,F,26-30,3,MSc,2.6,0.626,0.4606,0.5615,0.8273,0.7304,1.0,0.4839,0.6757,0.6742,0.6748,1,1,0.15,0.3,0.55,0.2,0.3,0.5,0.4,0.6
MA00375,Mobile_App_Developer,Mobile App Developer,F,22-25,2,BSc,2.8,0.4572,0.7792,0.344,0.7458,0.5429,1.0,0.6505,0.7392,0.6319,0.6748,1,2,0.15,0.3,0.55,0.2,0.3,0.5,0.4,0.6
MA00376,Mobile_App_Developer,Mobile App Developer,M,31-35,2,BSc,2.8,0.6821,0.6645,0.569,0.6268,0.6328,1.0,0.6657,0.7611,0.617,0.6746,1,2,0.15,0.3,0.55,0.2,0.3,0.5,0.4,0.6
MA00377,Mobile_App_Developer,Mobile App Developer,M,26-30,2,BSc,0.9,0.7023,0.6357,0.6948,0.3923,0.6409,0.36,0.6664,0.5707,0.5317,0.5473,0,1,0.15,0.3,0.55,0.2,0.3,0.5,0.4,0.6
MA00378,Mobile_App_Developer,Mobile App Developer,M,22-25,2,BSc,0.4,0.7074,0.7474,0.5155,0.4223,0.643,0.16,0.5035,0.4214,0.5153,0.4777,0,1,0.15,0.3,0.55,0.2,0.3,0.5,0.4,0.6
MA00379,Mobile_App_Developer,Mobile App Developer,M,31-35,3,MSc,0.0,0.3863,0.5555,0.4093,0.5486,0.6345,0.0,0.5268,0.3849,0.5082,0.4589,0,1,0.15,0.3,0.55,0.2,0.3,0.5,0.4,0.6
MA00380,Mobile_App_Developer,Mobile App Developer,M,36-40,2,BSc,1.5,0.3745,0.5987,0.8121,0.6266,0.5098,0.6,0.675,0.6277,0.6767,0.6571,1,2,0.15,0.3,0.55,0.2,0.3,0.5,0.4,0.6
MA00381,Mobile_App_Developer,Mobile App Developer,F,22-25,2,BSc,0.0,0.547,0.4924,0.3869,0.7301,0.5788,0.0,0.3101,0.2574,0.5796,0.4507,0,0,0.15,0.3,0.55,0.2,0.3,0.5,0.4,0.6
MA00382,Mobile_App_Developer,Mobile App Developer,F,22-25,2,BSc,3.2,0.6611,0.5392,0.7771,0.4389,0.6244,1.0,0.5366,0.6888,0.5604,0.6118,1,1,0.15,0.3,0.55,0.2,0.3,0.5,0.4,0.6
MA00383,Mobile_App_Developer,Mobile App Developer,F,40+,3,MSc,3.4,0.568,0.7652,0.7082,0.6133,0.7072,1.0,0.6293,0.7522,0.6722,0.7042,1,3,0.15,0.3,0.55,0.2,0.3,0.5,0.4,0.6
MA00384,Mobile_App_Developer,Mobile App Developer,M,40+,2,BSc,3.7,0.5757,0.7373,0.7129,0.9254,0.5903,1.0,0.6646,0.7541,0.824,0.796,1,2,0.15,0.3,0.55,0.2,0.3,0.5,0.4,0.6
MA00385,Mobile_App_Developer,Mobile App Developer,M,36-40,2,BSc,0.0,0.6937,0.7581,0.7043,0.8488,0.6375,0.0,0.858,0.5675,0.7873,0.6994,0,2,0.15,0.3,0.55,0.2,0.3,0.5,0.4,0.6
MA00386,Mobile_App_Developer,Mobile App Developer,M,31-35,2,BSc,4.6,0.4672,0.7266,0.578,0.7104,0.5469,1.0,0.7185,0.7772,0.6739,0.7152,1,3,0.15,0.3,0.55,0.2,0.3,0.5,0.4,0.6
MA00387,Mobile_App_Developer,Mobile App Developer,F,26-30,1,Diploma,3.3,0.6259,0.5977,0.4817,0.7492,0.4904,1.0,0.6431,0.7273,0.6387,0.6741,0,2,0.15,0.3,0.55,0.2,0.3,0.5,0.4,0.6
MA00388,Mobile_App_Developer,Mobile App Developer,F,26-30,2,BSc,2.2,0.6636,0.8,0.6112,0.5734,0.6255,0.88,0.9594,0.8855,0.63,0.7322,1,2,0.15,0.3,0.55,0.2,0.3,0.5,0.4,0.6
MA00389,Mobile_App_Developer,Mobile App Developer,M,22-25,2,BSc,0.6,0.6342,0.7567,0.6819,0.5969,0.6137,0.24,0.7946,0.6011,0.6544,0.6331,0,2,0.15,0.3,0.55,0.2,0.3,0.5,0.4,0.6
MA00390,Mobile_App_Developer,Mobile App Developer,M,40+,4,PhD,1.8,0.7953,0.7298,0.9718,0.7956,0.9181,0.72,0.9478,0.875,0.8353,0.8512,1,3,0.15,0.3,0.55,0.2,0.3,0.5,0.4,0.6
MA00391,Mobile_App_Developer,Mobile App Developer,M,22-25,3,MSc,6.7,0.4705,0.9458,0.7992,0.7007,0.6682,1.0,0.8148,0.8484,0.7792,0.8069,1,2,0.15,0.3,0.55,0.2,0.3,0.5,0.4,0.6
MA00392,Mobile_App_Developer,Mobile App Developer,M,31-35,2,BSc,2.0,0.3342,0.7825,0.6317,0.4291,0.4937,0.8,0.7142,0.7069,0.5605,0.6191,1,1,0.15,0.3,0.55,0.2,0.3,0.5,0.4,0.6
MA00393,Mobile_App_Developer,Mobile App Developer,M,31-35,2,BSc,2.2,0.3824,0.6149,0.6967,0.6896,0.513,0.88,0.6293,0.687,0.6768,0.6809,1,2,0.15,0.3,0.55,0.2,0.3,0.5,0.4,0.6
MA00394,Mobile_App_Developer,Mobile App Developer,M,31-35,2,BSc,1.4,0.5615,0.5912,0.7153,0.5858,0.5846,0.56,0.6573,0.6172,0.6257,0.6223,1,2,0.15,0.3,0.55,0.2,0.3,0.5,0.4,0.6
MA00395,Mobile_App_Developer,Mobile App Developer,F,31-35,3,MSc,4.4,0.7943,0.6859,0.721,0.7737,0.7977,1.0,0.6927,0.8006,0.7403,0.7644,1,2,0.15,0.3,0.55,0.2,0.3,0.5,0.4,0.6
MA00396,Mobile_App_Developer,Mobile App Developer,F,26-30,2,BSc,2.7,0.4523,0.5641,0.6749,0.774,0.5409,1.0,0.7615,0.8,0.7023,0.7414,1,3,0.15,0.3,0.55,0.2,0.3,0.5,0.4,0.6
MA00397,Mobile_App_Developer,Mobile App Developer,M,22-25,2,BSc,1.0,0.3749,0.6375,0.6528,0.3571,0.5099,0.4,0.5322,0.4892,0.5019,0.4968,1,1,0.15,0.3,0.55,0.2,0.3,0.5,0.4,0.6
MA00398,Mobile_App_Developer,Mobile App Developer,M,31-35,2,BSc,2.1,0.4617,0.6109,0.5577,0.5611,0.5447,0.84,0.5817,0.6536,0.57,0.6034,1,2,0.15,0.3,0.55,0.2,0.3,0.5,0.4,0.6
MA00399,Mobile_App_Developer,Mobile App Developer,F,26-30,1,Diploma,6.7,0.6263,0.5088,0.541,0.7213,0.4905,1.0,0.4797,0.6374,0.6247,0.6298,0,1,0.15,0.3,0.55,0.2,0.3,0.5,0.4,0.6
MA00400,Mobile_App_Developer,Mobile App Developer,F,31-35,2,BSc,4.8,0.5154,0.692,0.7672,0.6112,0.5662,1.0,0.6505,0.7427,0.6742,0.7016,1,2,0.15,0.3,0.55,0.2,0.3,0.5,0.4,0.6
MA00401,Mobile_App_Developer,Mobile App Developer,F,26-30,3,MSc,2.9,0.4461,0.6268,0.5988,1.0,0.6584,1.0,0.6605,0.762,0.805,0.7878,1,2,0.15,0.3,0.55,0.2,0.3,0.5,0.4,0.6
MA00402,Mobile_App_Developer,Mobile App Developer,M,22-25,2,BSc,6.3,0.7279,0.6865,0.6521,0.8618,0.6512,1.0,0.5764,0.7147,0.7638,0.7442,1,2,0.15,0.3,0.55,0.2,0.3,0.5,0.4,0.6
MA00403,Mobile_App_Developer,Mobile App Developer,F,22-25,2,BSc,6.1,0.5974,0.795,0.573,0.6841,0.599,1.0,0.5256,0.6789,0.673,0.6754,1,1,0.15,0.3,0.55,0.2,0.3,0.5,0.4,0.6
MA00404,Mobile_App_Developer,Mobile App Developer,M,26-30,2,BSc,4.7,0.7883,0.8169,0.9247,1.0,0.6753,1.0,0.8183,0.8514,0.9408,0.905,1,3,0.15,0.3,0.55,0.2,0.3,0.5,0.4,0.6
MA00405,Mobile_App_Developer,Mobile App Developer,M,31-35,3,MSc,3.5,0.5651,0.6621,0.6459,0.6215,0.706,1.0,0.4577,0.6576,0.6369,0.6452,1,1,0.15,0.3,0.55,0.2,0.3,0.5,0.4,0.6
MA00406,Mobile_App_Developer,Mobile App Developer,M,26-30,2,BSc,2.2,0.5115,0.625,0.5637,0.4684,0.5646,0.88,0.3896,0.563,0.5283,0.5422,1,2,0.15,0.3,0.55,0.2,0.3,0.5,0.4,0.6
MA00407,Mobile_App_Developer,Mobile App Developer,F,36-40,2,BSc,1.9,0.393,0.629,0.7551,0.5958,0.5172,0.76,0.4425,0.5489,0.6502,0.6097,1,1,0.15,0.3,0.55,0.2,0.3,0.5,0.4,0.6
MA00408,Mobile_App_Developer,Mobile App Developer,F,36-40,2,BSc,4.7,0.5634,0.6591,0.5643,0.6284,0.5854,1.0,0.5757,0.7044,0.6153,0.6509,1,2,0.15,0.3,0.55,0.2,0.3,0.5,0.4,0.6
MA00409,Mobile_App_Developer,Mobile App Developer,F,22-25,3,MSc,1.9,0.5213,0.6694,0.5516,0.7286,0.6885,0.76,0.5629,0.6409,0.6637,0.6546,1,2,0.15,0.3,0.55,0.2,0.3,0.5,0.4,0.6
MA00410,Mobile_App_Developer,Mobile App Developer,M,22-25,1,Diploma,0.9,0.5375,0.7104,0.5958,0.6139,0.455,0.36,0.6956,0.5588,0.6278,0.6002,0,2,0.15,0.3,0.55,0.2,0.3,0.5,0.4,0.6
MA00411,Mobile_App_Developer,Mobile App Developer,F,26-30,3,MSc,2.3,0.5089,0.5081,0.5869,0.7586,0.6836,0.92,0.5501,0.6811,0.657,0.6666,1,2,0.15,0.3,0.55,0.2,0.3,0.5,0.4,0.6
MA00412,Mobile_App_Developer,Mobile App Developer,F,26-30,2,BSc,5.1,0.4611,0.6624,0.7231,0.6428,0.5444,1.0,0.7559,0.7974,0.6708,0.7214,1,3,0.15,0.3,0.55,0.2,0.3,0.5,0.4,0.6
MA00413,Mobile_App_Developer,Mobile App Developer,M,22-25,1,Diploma,1.8,0.2369,0.5297,0.5257,0.4764,0.3347,0.72,0.3411,0.4538,0.5018,0.4826,0,1,0.15,0.3,0.55,0.2,0.3,0.5,0.4,0.6
MA00414,Mobile_App_Developer,Mobile App Developer,F,31-35,2,BSc,1.7,0.3827,0.6306,0.6938,0.5963,0.5131,0.68,0.614,0.6187,0.6324,0.6269,1,2,0.15,0.3,0.55,0.2,0.3,0.5,0.4,0.6
MA00415,Mobile_App_Developer,Mobile App Developer,F,40+,1,Diploma,6.4,0.2989,0.6761,0.9335,0.7607,0.3596,1.0,0.6346,0.703,0.7956,0.7586,0,2,0.15,0.3,0.55,0.2,0.3,0.5,0.4,0.6
MA00416,Mobile_App_Developer,Mobile App Developer,F,22-25,3,MSc,1.0,0.8518,0.7761,0.7155,0.8792,0.8207,0.4,0.8023,0.6843,0.8095,0.7594,1,3,0.15,0.3,0.55,0.2,0.3,0.5,0.4,0.6
MA00417,Mobile_App_Developer,Mobile App Developer,M,36-40,2,BSc,4.0,0.6254,0.6593,0.8414,0.8833,0.6102,1.0,0.681,0.7661,0.826,0.802,1,2,0.15,0.3,0.55,0.2,0.3,0.5,0.4,0.6
MA00418,Mobile_App_Developer,Mobile App Developer,F,26-30,2,BSc,4.7,0.8697,0.4691,0.6234,0.7886,0.7079,1.0,0.6047,0.7388,0.6752,0.7006,1,2,0.15,0.3,0.55,0.2,0.3,0.5,0.4,0.6
MA00419,Mobile_App_Developer,Mobile App Developer,F,26-30,1,Diploma,2.7,0.4246,0.5621,0.8264,0.6646,0.4098,1.0,0.5987,0.6908,0.6926,0.6919,0,2,0.15,0.3,0.55,0.2,0.3,0.5,0.4,0.6
MA00420,Mobile_App_Developer,Mobile App Developer,M,26-30,2,BSc,1.1,0.734,0.7088,0.4235,0.6715,0.6536,0.44,0.699,0.6145,0.6046,0.6086,1,2,0.15,0.3,0.55,0.2,0.3,0.5,0.4,0.6
MA00421,Mobile_App_Developer,Mobile App Developer,F,26-30,2,BSc,0.7,0.4339,0.652,0.4788,0.7212,0.5336,0.28,0.4613,0.4178,0.6346,0.5479,0,0,0.15,0.3,0.55,0.2,0.3,0.5,0.4,0.6
MA00422,Mobile_App_Developer,Mobile App Developer,M,26-30,3,MSc,3.4,0.7639,0.5209,0.5838,0.8587,0.7855,1.0,0.7022,0.804,0.7087,0.7468,1,1,0.15,0.3,0.55,0.2,0.3,0.5,0.4,0.6
MA00423,Mobile_App_Developer,Mobile App Developer,M,26-30,3,MSc,0.3,0.6635,0.8371,0.4502,0.6896,0.7454,0.12,0.6074,0.4819,0.6473,0.5811,0,2,0.15,0.3,0.55,0.2,0.3,0.5,0.4,0.6
MA00424,Mobile_App_Developer,Mobile App Developer,F,31-35,1,Diploma,1.7,0.5035,0.5736,0.7434,0.5299,0.4414,0.68,0.668,0.6376,0.6027,0.6167,0,1,0.15,0.3,0.55,0.2,0.3,0.5,0.4,0.6
MA00425,Mobile_App_Developer,Mobile App Developer,F,31-35,3,MSc,0.0,0.7075,0.558,0.6654,0.6127,0.763,0.0,0.6055,0.4475,0.6176,0.5496,0,1,0.15,0.3,0.55,0.2,0.3,0.5,0.4,0.6
MA00426,Mobile_App_Developer,Mobile App Developer,F,36-40,3,MSc,2.6,0.6668,0.6235,0.4524,0.8608,0.7467,1.0,0.8735,0.8924,0.6908,0.7714,1,3,0.15,0.3,0.55,0.2,0.3,0.5,0.4,0.6
MA00427,Mobile_App_Developer,Mobile App Developer,M,26-30,2,BSc,3.7,0.8654,0.6722,0.4536,0.638,0.7061,1.0,0.6129,0.743,0.5895,0.6509,1,2,0.15,0.3,0.55,0.2,0.3,0.5,0.4,0.6
MA00428,Mobile_App_Developer,Mobile App Developer,M,26-30,2,BSc,5.3,0.4506,0.6137,0.8967,0.8518,0.5402,1.0,0.5019,0.6571,0.8177,0.7535,1,1,0.15,0.3,0.55,0.2,0.3,0.5,0.4,0.6
MA00429,Mobile_App_Developer,Mobile App Developer,M,22-25,2,BSc,1.4,0.4699,0.5277,0.4958,0.7118,0.548,0.56,0.4843,0.5165,0.6102,0.5727,1,1,0.15,0.3,0.55,0.2,0.3,0.5,0.4,0.6
MA00430,Mobile_App_Developer,Mobile App Developer,M,22-25,3,MSc,7.6,0.7134,0.8132,0.5856,0.8022,0.7654,1.0,0.6533,0.7741,0.7394,0.7533,1,3,0.15,0.3,0.55,0.2,0.3,0.5,0.4,0.6
MA00431,Mobile_App_Developer,Mobile App Developer,F,22-25,2,BSc,2.8,0.4472,0.6497,0.6435,0.6525,0.5389,1.0,0.6854,0.7578,0.6492,0.6926,1,2,0.15,0.3,0.55,0.2,0.3,0.5,0.4,0.6
MA00432,Mobile_App_Developer,Mobile App Developer,F,36-40,3,MSc,1.6,0.3964,0.67,0.5441,0.6458,0.6385,0.64,0.374,0.4935,0.6201,0.5695,0,1,0.15,0.3,0.55,0.2,0.3,0.5,0.4,0.6
MA00433,Mobile_App_Developer,Mobile App Developer,M,36-40,2,BSc,1.4,0.6702,0.6365,0.4996,0.6352,0.6281,0.56,0.3608,0.4607,0.5948,0.5412,0,1,0.15,0.3,0.55,0.2,0.3,0.5,0.4,0.6
MA00434,Mobile_App_Developer,Mobile App Developer,F,31-35,1,Diploma,7.0,0.8489,0.7322,0.7233,0.8837,0.5796,1.0,0.5556,0.6925,0.8053,0.7602,0,2,0.15,0.3,0.55,0.2,0.3,0.5,0.4,0.6
MA00435,Mobile_App_Developer,Mobile App Developer,M,31-35,3,MSc,1.0,0.8228,0.6732,0.5301,0.9449,0.8091,0.4,0.4808,0.5058,0.7661,0.662,1,1,0.15,0.3,0.55,0.2,0.3,0.5,0.4,0.6
MA00436,Mobile_App_Developer,Mobile App Developer,M,26-30,2,BSc,0.2,0.4969,0.7486,0.4595,0.8098,0.5588,0.08,0.6334,0.4562,0.6925,0.598,0,2,0.15,0.3,0.55,0.2,0.3,0.5,0.4,0.6
MA00437,Mobile_App_Developer,Mobile App Developer,M,22-25,3,MSc,4.7,0.9327,0.6721,0.6415,0.7151,0.8531,1.0,0.6524,0.7868,0.6844,0.7254,1,2,0.15,0.3,0.55,0.2,0.3,0.5,0.4,0.6
MA00438,Mobile_App_Developer,Mobile App Developer,M,40+,1,Diploma,7.8,0.4609,0.7667,0.7686,1.0,0.4244,1.0,0.7533,0.778,0.8839,0.8415,0,3,0.15,0.3,0.55,0.2,0.3,0.5,0.4,0.6
MA00439,Mobile_App_Developer,Mobile App Developer,M,31-35,3,MSc,7.3,0.7563,0.5874,0.9394,0.971,0.7825,1.0,0.871,0.8964,0.8848,0.8894,1,3,0.15,0.3,0.55,0.2,0.3,0.5,0.4,0.6
MA00440,Mobile_App_Developer,Mobile App Developer,M,22-25,2,BSc,2.0,0.5442,0.6427,0.5425,0.6956,0.5777,0.8,0.6003,0.6568,0.6391,0.6462,1,2,0.15,0.3,0.55,0.2,0.3,0.5,0.4,0.6
MA00441,Mobile_App_Developer,Mobile App Developer,F,22-25,3,MSc,3.2,0.765,0.5891,0.7486,0.7271,0.786,1.0,0.6271,0.7628,0.7059,0.7287,1,2,0.15,0.3,0.55,0.2,0.3,0.5,0.4,0.6
MA00442,Mobile_App_Developer,Mobile App Developer,M,31-35,2,BSc,3.6,0.638,0.7243,0.5275,0.7785,0.6152,1.0,0.5593,0.6999,0.6924,0.6954,1,2,0.15,0.3,0.55,0.2,0.3,0.5,0.4,0.6
MA00443,Mobile_App_Developer,Mobile App Developer,F,40+,2,BSc,1.3,0.6726,0.5772,0.6048,0.8627,0.6291,0.52,0.6051,0.5832,0.7282,0.6702,1,2,0.15,0.3,0.55,0.2,0.3,0.5,0.4,0.6
MA00444,Mobile_App_Developer,Mobile App Developer,F,31-35,2,BSc,1.8,0.6413,0.4956,0.4682,0.4143,0.6165,0.72,0.2122,0.4252,0.4467,0.4381,0,0,0.15,0.3,0.55,0.2,0.3,0.5,0.4,0.6
MA00445,Mobile_App_Developer,Mobile App Developer,M,31-35,3,MSc,2.4,0.7953,0.7588,0.7198,0.9376,0.7981,0.96,0.8948,0.8998,0.8365,0.8618,1,2,0.15,0.3,0.55,0.2,0.3,0.5,0.4,0.6
MA00446,Mobile_App_Developer,Mobile App Developer,F,26-30,2,BSc,1.6,0.4158,0.8477,0.5027,0.6557,0.5263,0.64,0.7086,0.6607,0.6482,0.6532,1,2,0.15,0.3,0.55,0.2,0.3,0.5,0.4,0.6
MA00447,Mobile_App_Developer,Mobile App Developer,M,22-25,2,BSc,0.9,0.3665,0.8794,0.585,1.0,0.5066,0.36,0.8025,0.6254,0.8514,0.761,0,3,0.15,0.3,0.55,0.2,0.3,0.5,0.4,0.6
MA00448,Mobile_App_Developer,Mobile App Developer,M,36-40,2,BSc,3.6,0.583,0.6038,0.8028,0.7244,0.5932,1.0,0.7088,0.7788,0.7238,0.7458,1,2,0.15,0.3,0.55,0.2,0.3,0.5,0.4,0.6
MA00449,Mobile_App_Developer,Mobile App Developer,M,26-30,2,BSc,3.8,0.6727,0.6314,0.5313,1.0,0.6291,1.0,0.669,0.7623,0.7857,0.7763,1,2,0.15,0.3,0.55,0.2,0.3,0.5,0.4,0.6
MA00450,Mobile_App_Developer,Mobile App Developer,F,31-35,3,MSc,2.2,0.7376,0.7007,0.305,0.8066,0.7751,0.88,0.6577,0.742,0.6349,0.6777,1,2,0.15,0.3,0.55,0.2,0.3,0.5,0.4,0.6
MA00451,Mobile_App_Developer,Mobile App Developer,F,26-30,2,BSc,4.0,0.9366,0.6563,0.575,0.8161,0.7346,1.0,0.5602,0.7183,0.7118,0.7144,1,2,0.15,0.3,0.55,0.2,0.3,0.5,0.4,0.6
MA00452,Mobile_App_Developer,Mobile App Developer,M,26-30,2,BSc,2.6,0.5652,0.633,0.6811,0.8085,0.5861,1.0,0.792,0.8235,0.7352,0.7705,1,3,0.15,0.3,0.55,0.2,0.3,0.5,0.4,0.6
MA00453,Mobile_App_Developer,Mobile App Developer,M,26-30,2,BSc,2.2,0.6435,0.6976,0.5869,0.7492,0.6174,0.88,0.5041,0.6339,0.6902,0.6677,1,1,0.15,0.3,0.55,0.2,0.3,0.5,0.4,0.6
MA00454,Mobile_App_Developer,Mobile App Developer,M,26-30,2,BSc,4.6,0.6932,0.8068,0.6077,0.7994,0.6373,1.0,0.6715,0.7649,0.7434,0.752,1,2,0.15,0.3,0.55,0.2,0.3,0.5,0.4,0.6
MA00455,Mobile_App_Developer,Mobile App Developer,M,31-35,2,BSc,6.5,0.6356,0.6519,0.73,0.801,0.6142,1.0,0.6351,0.7414,0.7499,0.7465,1,2,0.15,0.3,0.55,0.2,0.3,0.5,0.4,0.6
MA00456,Mobile_App_Developer,Mobile App Developer,F,36-40,3,MSc,8.8,0.6828,0.7852,0.851,0.9723,0.7531,1.0,0.88,0.897,0.8985,0.8979,1,3,0.15,0.3,0.55,0.2,0.3,0.5,0.4,0.6
MA00457,Mobile_App_Developer,Mobile App Developer,F,31-35,3,MSc,1.9,0.5359,0.7242,0.7364,0.6823,0.6943,0.76,0.6465,0.6877,0.7069,0.6992,1,2,0.15,0.3,0.55,0.2,0.3,0.5,0.4,0.6
MA00458,Mobile_App_Developer,Mobile App Developer,F,22-25,2,BSc,4.2,0.6692,0.6425,0.3419,0.5214,0.6277,1.0,0.7198,0.7901,0.4918,0.6111,1,1,0.15,0.3,0.55,0.2,0.3,0.5,0.4,0.6
MA00459,Mobile_App_Developer,Mobile App Developer,F,26-30,2,BSc,1.1,0.4077,0.6617,0.7256,0.5662,0.5231,0.44,0.7774,0.638,0.6331,0.6351,1,2,0.15,0.3,0.55,0.2,0.3,0.5,0.4,0.6
MA00460,Mobile_App_Developer,Mobile App Developer,M,22-25,4,PhD,5.8,0.5293,0.8295,0.8452,0.7215,0.8117,1.0,0.7026,0.8082,0.7802,0.7914,1,2,0.15,0.3,0.55,0.2,0.3,0.5,0.4,0.6
MA00461,Mobile_App_Developer,Mobile App Developer,F,26-30,2,BSc,2.2,0.6535,0.7021,0.5672,0.76,0.6214,0.88,0.6835,0.7331,0.6906,0.7076,1,2,0.15,0.3,0.55,0.2,0.3,0.5,0.4,0.6
MA00462,Mobile_App_Developer,Mobile App Developer,F,31-35,2,BSc,5.0,0.6638,0.7098,0.722,0.6847,0.6255,1.0,0.6981,0.7778,0.7009,0.7317,1,2,0.15,0.3,0.55,0.2,0.3,0.5,0.4,0.6
MA00463,Mobile_App_Developer,Mobile App Developer,F,22-25,2,BSc,1.7,0.7409,0.4573,0.4473,0.6951,0.6563,0.68,0.4028,0.524,0.5732,0.5535,1,1,0.15,0.3,0.55,0.2,0.3,0.5,0.4,0.6
MA00464,Mobile_App_Developer,Mobile App Developer,M,26-30,2,BSc,3.3,0.5978,0.7661,0.6897,0.7459,0.5991,1.0,0.7086,0.7796,0.7331,0.7517,1,2,0.15,0.3,0.55,0.2,0.3,0.5,0.4,0.6
MA00465,Mobile_App_Developer,Mobile App Developer,F,31-35,3,MSc,2.8,0.6703,0.7683,0.5444,0.6,0.7481,1.0,0.6108,0.7482,0.617,0.6695,1,2,0.15,0.3,0.55,0.2,0.3,0.5,0.4,0.6
MA00466,Mobile_App_Developer,Mobile App Developer,M,31-35,3,MSc,1.6,0.4722,0.5819,0.6916,0.6301,0.6689,0.64,0.5262,0.5817,0.6389,0.616,1,1,0.15,0.3,0.55,0.2,0.3,0.5,0.4,0.6
MA00467,Mobile_App_Developer,Mobile App Developer,M,36-40,2,BSc,5.1,0.6547,0.6716,0.6856,0.6561,0.6219,1.0,0.693,0.7744,0.6681,0.7106,1,1,0.15,0.3,0.55,0.2,0.3,0.5,0.4,0.6
MA00468,Mobile_App_Developer,Mobile App Developer,M,26-30,2,BSc,2.8,0.6969,0.6763,0.3031,0.6807,0.6387,1.0,0.6497,0.7531,0.5665,0.6411,1,3,0.15,0.3,0.55,0.2,0.3,0.5,0.4,0.6
MA00469,Mobile_App_Developer,Mobile App Developer,F,36-40,3,MSc,6.2,0.4929,0.6958,0.7176,0.8647,0.6771,1.0,0.7967,0.8398,0.7868,0.808,1,3,0.15,0.3,0.55,0.2,0.3,0.5,0.4,0.6
MA00470,Mobile_App_Developer,Mobile App Developer,M,22-25,2,BSc,4.6,0.3904,0.67,0.6619,0.3714,0.5161,1.0,0.7386,0.7837,0.5183,0.6245,1,1,0.15,0.3,0.55,0.2,0.3,0.5,0.4,0.6
MA00471,Mobile_App_Developer,Mobile App Developer,M,22-25,2,BSc,4.5,0.5018,0.6086,0.7321,0.7432,0.5607,1.0,0.5632,0.6939,0.713,0.7054,1,3,0.15,0.3,0.55,0.2,0.3,0.5,0.4,0.6
MA00472,Mobile_App_Developer,Mobile App Developer,M,22-25,3,MSc,4.9,0.6941,0.7206,0.779,1.0,0.7577,1.0,0.8095,0.8589,0.8778,0.8702,1,3,0.15,0.3,0.55,0.2,0.3,0.5,0.4,0.6
MA00473,Mobile_App_Developer,Mobile App Developer,M,31-35,2,BSc,4.9,0.7182,0.5947,0.6867,0.5393,0.6473,1.0,0.4978,0.6709,0.5946,0.6251,1,1,0.15,0.3,0.55,0.2,0.3,0.5,0.4,0.6
MA00474,Mobile_App_Developer,Mobile App Developer,M,36-40,1,Diploma,5.3,0.7,0.4829,0.6652,0.8005,0.52,1.0,0.53,0.6695,0.6964,0.6856,0,1,0.15,0.3,0.55,0.2,0.3,0.5,0.4,0.6
MA00475,Mobile_App_Developer,Mobile App Developer,M,26-30,2,BSc,3.3,0.502,0.4762,0.6625,0.7335,0.5608,1.0,0.5086,0.6639,0.6607,0.662,1,1,0.15,0.3,0.55,0.2,0.3,0.5,0.4,0.6
MA00476,Mobile_App_Developer,Mobile App Developer,F,31-35,2,BSc,0.0,0.5717,0.6168,0.5853,0.6357,0.5887,0.0,0.5558,0.394,0.6168,0.5277,0,0,0.15,0.3,0.55,0.2,0.3,0.5,0.4,0.6
MA00477,Mobile_App_Developer,Mobile App Developer,M,31-35,2,BSc,2.4,0.5259,0.6955,0.5947,0.9911,0.5704,0.96,0.7049,0.7613,0.8131,0.7924,1,2,0.15,0.3,0.55,0.2,0.3,0.5,0.4,0.6
MA00478,Mobile_App_Developer,Mobile App Developer,M,31-35,2,BSc,4.7,0.79,0.6989,0.7236,0.915,0.676,1.0,0.729,0.8023,0.8144,0.8096,1,3,0.15,0.3,0.55,0.2,0.3,0.5,0.4,0.6
MA00479,Mobile_App_Developer,Mobile App Developer,M,31-35,3,MSc,5.0,0.4367,0.5927,0.6514,0.8284,0.6547,1.0,0.6795,0.7719,0.7282,0.7457,1,2,0.15,0.3,0.55,0.2,0.3,0.5,0.4,0.6
MA00480,Mobile_App_Developer,Mobile App Developer,M,22-25,2,BSc,2.2,0.3767,0.7102,0.6426,0.6479,0.5107,0.88,0.6829,0.7162,0.6588,0.6818,1,2,0.15,0.3,0.55,0.2,0.3,0.5,0.4,0.6
MA00481,Mobile_App_Developer,Mobile App Developer,M,26-30,4,PhD,3.7,0.6208,0.738,0.8367,0.9468,0.8483,1.0,0.5465,0.7278,0.872,0.8143,1,2,0.15,0.3,0.55,0.2,0.3,0.5,0.4,0.6
MA00482,Mobile_App_Developer,Mobile App Developer,F,22-25,2,BSc,0.3,0.6494,0.7499,0.6189,0.7142,0.6198,0.12,0.7899,0.5634,0.6927,0.641,0,2,0.15,0.3,0.55,0.2,0.3,0.5,0.4,0.6
MA00483,Mobile_App_Developer,Mobile App Developer,F,31-35,2,BSc,5.0,0.4829,0.6265,0.6968,0.7272,0.5532,1.0,0.4686,0.6407,0.6979,0.675,1,1,0.15,0.3,0.55,0.2,0.3,0.5,0.4,0.6
MA00484,Mobile_App_Developer,Mobile App Developer,M,26-30,2,BSc,2.6,0.6954,0.655,0.618,0.7062,0.6382,1.0,0.6499,0.7532,0.6695,0.703,1,2,0.15,0.3,0.55,0.2,0.3,0.5,0.4,0.6
MA00485,Mobile_App_Developer,Mobile App Developer,M,31-35,3,MSc,6.7,0.8059,0.8218,0.6836,0.6759,0.8024,1.0,0.8328,0.8784,0.7074,0.7758,1,2,0.15,0.3,0.55,0.2,0.3,0.5,0.4,0.6
MA00486,Mobile_App_Developer,Mobile App Developer,F,22-25,3,MSc,1.8,0.5659,0.6008,0.4642,0.5746,0.7064,0.72,0.6554,0.6824,0.5467,0.601,1,2,0.15,0.3,0.55,0.2,0.3,0.5,0.4,0.6
MA00487,Mobile_App_Developer,Mobile App Developer,M,26-30,2,BSc,0.9,0.5477,0.7171,0.4937,0.5283,0.5791,0.36,0.5711,0.509,0.5557,0.537,0,1,0.15,0.3,0.55,0.2,0.3,0.5,0.4,0.6
MA00488,Mobile_App_Developer,Mobile App Developer,F,40+,2,BSc,0.1,0.4914,0.6754,0.5632,0.6132,0.5566,0.04,0.6854,0.4724,0.6106,0.5553,0,2,0.15,0.3,0.55,0.2,0.3,0.5,0.4,0.6
MA00489,Mobile_App_Developer,Mobile App Developer,F,31-35,2,BSc,7.2,0.713,0.784,0.4823,0.7958,0.6452,1.0,0.5817,0.7167,0.6994,0.7063,1,2,0.15,0.3,0.55,0.2,0.3,0.5,0.4,0.6
MA00490,Mobile_App_Developer,Mobile App Developer,F,22-25,2,BSc,3.7,0.5524,0.8473,0.7711,0.4341,0.5809,1.0,0.5744,0.7031,0.6178,0.6519,1,2,0.15,0.3,0.55,0.2,0.3,0.5,0.4,0.6
MA00491,Mobile_App_Developer,Mobile App Developer,F,26-30,2,BSc,4.3,0.7162,0.6982,0.8015,0.9897,0.6465,1.0,0.6297,0.7433,0.8749,0.8223,1,2,0.15,0.3,0.55,0.2,0.3,0.5,0.4,0.6
MA00492,Mobile_App_Developer,Mobile App Developer,M,22-25,2,BSc,1.0,0.8772,0.5988,0.5724,0.3303,0.7109,0.4,0.4844,0.493,0.4566,0.4712,1,0,0.15,0.3,0.55,0.2,0.3,0.5,0.4,0.6
MA00493,Mobile_App_Developer,Mobile App Developer,M,22-25,2,BSc,0.0,0.6371,0.6185,0.5183,0.7579,0.6148,0.0,0.6945,0.4742,0.6581,0.5845,0,1,0.15,0.3,0.55,0.2,0.3,0.5,0.4,0.6
MA00494,Mobile_App_Developer,Mobile App Developer,M,36-40,4,PhD,5.1,0.5482,0.6659,0.5865,0.9896,0.8193,1.0,0.5355,0.7174,0.8039,0.7693,1,1,0.15,0.3,0.55,0.2,0.3,0.5,0.4,0.6
MA00495,Mobile_App_Developer,Mobile App Developer,M,22-25,3,MSc,1.1,0.6755,0.7351,0.4973,0.5273,0.7502,0.44,0.7116,0.6359,0.5599,0.5903,1,1,0.15,0.3,0.55,0.2,0.3,0.5,0.4,0.6
MA00496,Mobile_App_Developer,Mobile App Developer,F,31-35,2,BSc,1.9,0.5721,0.7222,0.6102,0.7099,0.5888,0.76,0.8115,0.7627,0.6825,0.7146,1,2,0.15,0.3,0.55,0.2,0.3,0.5,0.4,0.6
MA00497,Mobile_App_Developer,Mobile App Developer,M,22-25,2,BSc,3.9,0.4803,0.649,0.5632,0.8862,0.5521,1.0,0.5766,0.7,0.7419,0.7251,1,2,0.15,0.3,0.55,0.2,0.3,0.5,0.4,0.6
MA00498,Mobile_App_Developer,Mobile App Developer,F,40+,2,BSc,1.8,0.7132,0.6628,0.5465,0.6639,0.6453,0.72,0.5386,0.609,0.6284,0.6206,1,1,0.15,0.3,0.55,0.2,0.3,0.5,0.4,0.6
MA00499,Mobile_App_Developer,Mobile App Developer,M,40+,2,BSc,4.0,0.3637,0.6284,0.6678,0.737,0.5055,1.0,0.6861,0.7532,0.6945,0.718,1,3,0.15,0.3,0.55,0.2,0.3,0.5,0.4,0.6
MA00500,Mobile_App_Developer,Mobile App Developer,F,26-30,2,BSc,5.7,0.694,0.4791,0.5592,0.6805,0.6376,1.0,0.6568,0.7569,0.6038,0.665,1,2,0.15,0.3,0.55,0.2,0.3,0.5,0.4,0.6
MA00501,Mobile_App_Developer,Mobile App Developer,F,22-25,3,MSc,3.6,0.6956,0.6334,0.5843,0.8617,0.7582,1.0,0.6895,0.793,0.7328,0.7569,1,2,0.15,0.3,0.55,0.2,0.3,0.5,0.4,0.6
MA00502,Mobile_App_Developer,Mobile App Developer,M,26-30,1,Diploma,7.6,0.6247,0.6323,0.7464,0.8001,0.4899,1.0,0.793,0.8096,0.7504,0.7741,0,3,0.15,0.3,0.55,0.2,0.3,0.5,0.4,0.6
MA00503,Mobile_App_Developer,Mobile App Developer,F,26-30,2,BSc,2.2,0.4438,0.6837,0.5117,0.688,0.5375,0.88,0.5986,0.6739,0.6342,0.6501,1,1,0.15,0.3,0.55,0.2,0.3,0.5,0.4,0.6
MA00504,Mobile_App_Developer,Mobile App Developer,M,26-30,2,BSc,0.7,0.5171,0.6657,0.564,0.6219,0.5668,0.28,0.5043,0.4464,0.6133,0.5465,0,1,0.15,0.3,0.55,0.2,0.3,0.5,0.4,0.6
MA00505,Mobile_App_Developer,Mobile App Developer,M,22-25,3,MSc,4.6,0.6115,0.8534,0.5158,0.798,0.7246,1.0,0.6328,0.7567,0.7244,0.7373,1,2,0.15,0.3,0.55,0.2,0.3,0.5,0.4,0.6
MA00506,Mobile_App_Developer,Mobile App Developer,M,26-30,2,BSc,6.1,0.6566,0.6469,0.8056,0.6361,0.6227,1.0,0.7357,0.798,0.6891,0.7327,1,2,0.15,0.3,0.55,0.2,0.3,0.5,0.4,0.6
MA00507,Mobile_App_Developer,Mobile App Developer,M,22-25,2,BSc,5.1,0.6743,0.6207,0.6366,1.0,0.6297,1.0,0.7151,0.7878,0.8151,0.8042,1,3,0.15,0.3,0.55,0.2,0.3,0.5,0.4,0.6
MA00508,Mobile_App_Developer,Mobile App Developer,M,31-35,1,Diploma,3.4,0.5955,0.7412,0.6467,0.8716,0.4782,1.0,0.7039,0.7589,0.778,0.7704,0,2,0.15,0.3,0.55,0.2,0.3,0.5,0.4,0.6
MA00509,Mobile_App_Developer,Mobile App Developer,F,31-35,3,MSc,1.6,0.4188,0.7784,0.3131,0.7723,0.6475,0.64,0.7106,0.6799,0.6358,0.6534,1,2,0.15,0.3,0.55,0.2,0.3,0.5,0.4,0.6
MA00510,Mobile_App_Developer,Mobile App Developer,F,26-30,3,MSc,0.0,0.5009,0.7702,0.5855,0.8148,0.6804,0.0,0.7403,0.5092,0.7371,0.6459,0,2,0.15,0.3,0.55,0.2,0.3,0.5,0.4,0.6
MA00511,Mobile_App_Developer,Mobile App Developer,M,31-35,2,BSc,1.0,0.7302,0.5205,0.6422,0.54,0.6521,0.4,0.2967,0.381,0.5668,0.4925,0,0,0.15,0.3,0.55,0.2,0.3,0.5,0.4,0.6
MA00512,Mobile_App_Developer,Mobile App Developer,F,26-30,2,BSc,3.3,0.3882,0.7214,0.6002,0.9786,0.5153,1.0,0.6864,0.7548,0.8136,0.7901,1,3,0.15,0.3,0.55,0.2,0.3,0.5,0.4,0.6
MA00513,Mobile_App_Developer,Mobile App Developer,M,31-35,2,BSc,6.5,0.3188,0.7758,0.4889,0.8335,0.4875,1.0,0.6481,0.7296,0.7186,0.723,1,2,0.15,0.3,0.55,0.2,0.3,0.5,0.4,0.6
MA00514,Mobile_App_Developer,Mobile App Developer,F,31-35,3,MSc,3.0,0.5124,0.626,0.7629,0.6415,0.6849,1.0,0.7119,0.7943,0.6748,0.7226,1,1,0.15,0.3,0.55,0.2,0.3,0.5,0.4,0.6
MA00515,Mobile_App_Developer,Mobile App Developer,M,26-30,2,BSc,7.2,0.7379,0.5916,0.6798,0.7272,0.6552,1.0,0.4998,0.6732,0.6859,0.6808,1,1,0.15,0.3,0.55,0.2,0.3,0.5,0.4,0.6
MA00516,Mobile_App_Developer,Mobile App Developer,F,31-35,3,MSc,2.8,0.7159,0.8238,0.6045,0.7867,0.7664,1.0,0.5608,0.7234,0.7394,0.733,1,2,0.15,0.3,0.55,0.2,0.3,0.5,0.4,0.6
MA00517,Mobile_App_Developer,Mobile App Developer,F,22-25,2,BSc,1.3,0.7013,0.434,0.4227,0.6377,0.6405,0.52,0.4955,0.5246,0.5325,0.5293,1,2,0.15,0.3,0.55,0.2,0.3,0.5,0.4,0.6
MA00518,Mobile_App_Developer,Mobile App Developer,M,40+,2,BSc,2.5,0.4056,0.4407,0.6842,0.8287,0.5222,1.0,0.512,0.6599,0.7077,0.6886,1,1,0.15,0.3,0.55,0.2,0.3,0.5,0.4,0.6
MA00519,Mobile_App_Developer,Mobile App Developer,M,31-35,3,MSc,1.1,0.6417,0.6253,0.6059,0.5789,0.7367,0.44,0.8338,0.7011,0.5963,0.6382,1,2,0.15,0.3,0.55,0.2,0.3,0.5,0.4,0.6
MA00520,Mobile_App_Developer,Mobile App Developer,M,22-25,2,BSc,3.8,0.5986,0.7122,0.6426,0.4218,0.5994,1.0,0.5558,0.6956,0.5461,0.6059,1,1,0.15,0.3,0.55,0.2,0.3,0.5,0.4,0.6
MA00521,Mobile_App_Developer,Mobile App Developer,M,36-40,2,BSc,4.2,0.3446,0.5872,0.6745,0.7881,0.4978,1.0,0.6882,0.7532,0.7138,0.7296,1,1,0.15,0.3,0.55,0.2,0.3,0.5,0.4,0.6
MA00522,Mobile_App_Developer,Mobile App Developer,F,26-30,2,BSc,5.4,0.4023,0.7595,0.6245,0.574,0.5209,1.0,0.3478,0.5694,0.6262,0.6035,0,1,0.15,0.3,0.55,0.2,0.3,0.5,0.4,0.6
MA00523,Mobile_App_Developer,Mobile App Developer,F,22-25,3,MSc,2.9,0.6141,0.7189,0.8184,0.75,0.7257,1.0,0.7872,0.8418,0.7643,0.7953,1,3,0.15,0.3,0.55,0.2,0.3,0.5,0.4,0.6
MA00524,Mobile_App_Developer,Mobile App Developer,M,22-25,1,Diploma,2.2,0.6622,0.5869,0.6026,0.5284,0.5049,0.88,0.4584,0.5919,0.5624,0.5742,0,1,0.15,0.3,0.55,0.2,0.3,0.5,0.4,0.6
MA00525,Mobile_App_Developer,Mobile App Developer,M,40+,1,Diploma,0.0,0.5157,0.6201,0.5613,0.5877,0.4463,0.0,0.4646,0.3225,0.5862,0.4807,0,1,0.15,0.3,0.55,0.2,0.3,0.5,0.4,0.6
MA00526,Mobile_App_Developer,Mobile App Developer,M,26-30,2,BSc,0.3,0.2779,0.6461,0.4977,0.5416,0.4712,0.12,0.5821,0.4269,0.5493,0.5003,0,1,0.15,0.3,0.55,0.2,0.3,0.5,0.4,0.6
MA00527,Mobile_App_Developer,Mobile App Developer,M,26-30,1,Diploma,3.1,0.6648,0.6905,0.5542,0.6168,0.5059,1.0,0.5588,0.6832,0.6128,0.641,0,2,0.15,0.3,0.55,0.2,0.3,0.5,0.4,0.6
MA00528,Mobile_App_Developer,Mobile App Developer,M,22-25,3,MSc,4.3,0.7452,0.8013,0.9819,0.5179,0.7781,1.0,0.7041,0.804,0.7138,0.7499,1,1,0.15,0.3,0.55,0.2,0.3,0.5,0.4,0.6
MA00529,Mobile_App_Developer,Mobile App Developer,M,26-30,2,BSc,1.6,0.7506,0.5774,0.6067,0.6183,0.6602,0.64,0.6234,0.6339,0.6067,0.6176,1,2,0.15,0.3,0.55,0.2,0.3,0.5,0.4,0.6
MA00530,Mobile_App_Developer,Mobile App Developer,F,22-25,2,BSc,4.9,0.7374,0.4419,0.6749,0.6621,0.6549,1.0,0.6508,0.7562,0.6219,0.6756,1,2,0.15,0.3,0.55,0.2,0.3,0.5,0.4,0.6
MA00531,Mobile_App_Developer,Mobile App Developer,M,26-30,2,BSc,4.7,0.6605,0.6893,0.7001,1.0,0.6242,1.0,0.9099,0.8941,0.8479,0.8664,1,3,0.15,0.3,0.55,0.2,0.3,0.5,0.4,0.6
MA00532,Mobile_App_Developer,Mobile App Developer,F,31-35,2,BSc,3.2,0.5781,0.4607,0.5456,0.3932,0.5913,1.0,0.4227,0.6212,0.4524,0.5199,1,1,0.15,0.3,0.55,0.2,0.3,0.5,0.4,0.6
MA00533,Mobile_App_Developer,Mobile App Developer,F,22-25,3,MSc,1.5,0.5976,0.5121,0.4853,0.4957,0.719,0.6,0.673,0.658,0.4959,0.5607,1,1,0.15,0.3,0.55,0.2,0.3,0.5,0.4,0.6
MA00534,Mobile_App_Developer,Mobile App Developer,M,31-35,2,BSc,2.2,0.5147,0.6132,0.564,0.5088,0.5659,0.88,0.6305,0.6956,0.5462,0.606,1,1,0.15,0.3,0.55,0.2,0.3,0.5,0.4,0.6
MA00535,Mobile_App_Developer,Mobile App Developer,F,26-30,3,MSc,1.5,0.7368,0.4856,0.7389,0.562,0.7747,0.6,0.4395,0.5379,0.5998,0.575,1,1,0.15,0.3,0.55,0.2,0.3,0.5,0.4,0.6
MA00536,Mobile_App_Developer,Mobile App Developer,F,36-40,2,BSc,4.0,0.472,0.649,0.5232,0.6984,0.5488,1.0,0.649,0.7393,0.636,0.6773,1,2,0.15,0.3,0.55,0.2,0.3,0.5,0.4,0.6
MA00537,Mobile_App_Developer,Mobile App Developer,F,31-35,2,BSc,1.5,0.7316,0.6662,0.4901,0.5445,0.6526,0.6,0.6244,0.6213,0.5525,0.58,1,2,0.15,0.3,0.55,0.2,0.3,0.5,0.4,0.6
MA00538,Mobile_App_Developer,Mobile App Developer,M,31-35,2,BSc,2.0,0.6696,0.6963,0.3882,0.821,0.6278,0.8,0.5644,0.6446,0.6662,0.6576,1,2,0.15,0.3,0.55,0.2,0.3,0.5,0.4,0.6
MA00539,Mobile_App_Developer,Mobile App Developer,M,26-30,2,BSc,3.9,0.6658,0.5623,0.8027,0.6003,0.6263,1.0,0.4363,0.6339,0.6534,0.6456,1,1,0.15,0.3,0.55,0.2,0.3,0.5,0.4,0.6
MA00540,Mobile_App_Developer,Mobile App Developer,M,22-25,2,BSc,5.2,0.6828,0.599,0.4828,0.7976,0.6331,1.0,0.4588,0.6473,0.6634,0.657,1,1,0.15,0.3,0.55,0.2,0.3,0.5,0.4,0.6
MA00541,Mobile_App_Developer,Mobile App Developer,M,31-35,3,MSc,2.2,0.5773,0.572,0.5812,0.7149,0.7109,0.88,0.7053,0.7586,0.6462,0.6912,1,2,0.15,0.3,0.55,0.2,0.3,0.5,0.4,0.6
MA00542,Mobile_App_Developer,Mobile App Developer,F,26-30,2,BSc,4.0,0.584,0.5213,0.5099,0.5026,0.5936,1.0,0.7074,0.7781,0.5085,0.6163,1,1,0.15,0.3,0.55,0.2,0.3,0.5,0.4,0.6
MA00543,Mobile_App_Developer,Mobile App Developer,M,31-35,2,BSc,0.0,0.412,0.5033,0.4156,0.3204,0.5248,0.0,0.297,0.242,0.3855,0.3281,0,0,0.15,0.3,0.55,0.2,0.3,0.5,0.4,0.6
MA00544,Mobile_App_Developer,Mobile App Developer,M,22-25,3,MSc,4.0,0.719,0.7916,0.699,0.6526,0.7676,1.0,0.822,0.8672,0.6943,0.7635,1,2,0.15,0.3,0.55,0.2,0.3,0.5,0.4,0.6
MA00545,Mobile_App_Developer,Mobile App Developer,M,31-35,2,BSc,4.1,0.6578,0.3295,0.6369,0.6567,0.6231,1.0,0.6137,0.731,0.5853,0.6436,1,2,0.15,0.3,0.55,0.2,0.3,0.5,0.4,0.6
MA00546,Mobile_App_Developer,Mobile App Developer,F,22-25,4,PhD,5.3,0.8505,0.8148,0.6397,1.0,0.9402,1.0,0.6798,0.8149,0.8549,0.8389,1,2,0.15,0.3,0.55,0.2,0.3,0.5,0.4,0.6
MA00547,Mobile_App_Developer,Mobile App Developer,F,31-35,4,PhD,2.3,0.5366,0.8479,0.4993,0.7548,0.8146,0.92,0.6323,0.746,0.6968,0.7165,1,3,0.15,0.3,0.55,0.2,0.3,0.5,0.4,0.6
MA00548,Mobile_App_Developer,Mobile App Developer,F,31-35,2,BSc,3.9,0.6241,0.6718,0.5945,0.9324,0.6096,1.0,0.6324,0.7392,0.7789,0.763,1,2,0.15,0.3,0.55,0.2,0.3,0.5,0.4,0.6
MA00549,Mobile_App_Developer,Mobile App Developer,M,36-40,2,BSc,6.0,0.5809,0.7356,0.7604,0.7894,0.5924,1.0,0.8229,0.8415,0.77,0.7986,1,3,0.15,0.3,0.55,0.2,0.3,0.5,0.4,0.6
MA00550,Mobile_App_Developer,Mobile App Developer,M,22-25,2,BSc,4.6,0.4546,0.6956,0.5597,0.6625,0.5418,1.0,0.517,0.6656,0.6383,0.6492,1,1,0.15,0.3,0.55,0.2,0.3,0.5,0.4,0.6
MA00551,Mobile_App_Developer,Mobile App Developer,M,26-30,2,BSc,3.5,0.6124,0.5997,0.6899,0.7514,0.6049,1.0,0.6004,0.7209,0.7026,0.7099,1,2,0.15,0.3,0.55,0.2,0.3,0.5,0.4,0.6
MA00552,Mobile_App_Developer,Mobile App Developer,M,36-40,1,Diploma,2.7,0.5565,0.6762,0.4577,0.727,0.4626,1.0,0.5615,0.6782,0.6361,0.6529,0,2,0.15,0.3,0.55,0.2,0.3,0.5,0.4,0.6
MA00553,Mobile_App_Developer,Mobile App Developer,M,31-35,4,PhD,3.0,0.5466,0.7858,0.7884,0.773,0.8186,1.0,0.7113,0.814,0.7802,0.7937,1,3,0.15,0.3,0.55,0.2,0.3,0.5,0.4,0.6
MA00554,Mobile_App_Developer,Mobile App Developer,F,31-35,3,MSc,3.0,0.4261,0.5284,0.6073,0.6401,0.6504,1.0,0.4927,0.6686,0.6079,0.6322,1,1,0.15,0.3,0.55,0.2,0.3,0.5,0.4,0.6
MA00555,Mobile_App_Developer,Mobile App Developer,M,26-30,2,BSc,3.2,0.6404,0.8978,0.7291,0.863,0.6161,1.0,0.9004,0.8876,0.8298,0.8529,1,3,0.15,0.3,0.55,0.2,0.3,0.5,0.4,0.6
MA00556,Mobile_App_Developer,Mobile App Developer,F,26-30,4,PhD,7.2,0.7209,0.6885,0.7171,1.0,0.8884,1.0,0.8077,0.8775,0.8528,0.8627,1,3,0.15,0.3,0.55,0.2,0.3,0.5,0.4,0.6
MA00557,Mobile_App_Developer,Mobile App Developer,M,26-30,3,MSc,0.9,0.6006,0.681,0.6517,0.6294,0.7202,0.36,0.6145,0.554,0.6464,0.6094,0,2,0.15,0.3,0.55,0.2,0.3,0.5,0.4,0.6
MA00558,Mobile_App_Developer,Mobile App Developer,F,22-25,2,BSc,3.2,0.571,0.8491,0.7334,0.8723,0.5884,1.0,0.7462,0.7987,0.826,0.8151,1,3,0.15,0.3,0.55,0.2,0.3,0.5,0.4,0.6
MA00559,Mobile_App_Developer,Mobile App Developer,F,22-25,2,BSc,3.8,0.7982,0.8321,0.4511,0.5078,0.6793,1.0,0.7744,0.8278,0.5557,0.6645,1,1,0.15,0.3,0.55,0.2,0.3,0.5,0.4,0.6
MA00560,Mobile_App_Developer,Mobile App Developer,F,22-25,2,BSc,2.7,0.4771,0.5385,0.4762,0.5577,0.5508,1.0,0.5182,0.6676,0.5294,0.5847,1,1,0.15,0.3,0.55,0.2,0.3,0.5,0.4,0.6
MA00561,Mobile_App_Developer,Mobile App Developer,M,26-30,2,BSc,2.8,0.4838,0.6873,0.6165,0.5916,0.5535,1.0,0.6068,0.7168,0.6182,0.6576,1,2,0.15,0.3,0.55,0.2,0.3,0.5,0.4,0.6
MA00562,Mobile_App_Developer,Mobile App Developer,M,31-35,2,BSc,8.0,0.3982,0.7074,0.6633,0.6577,0.5193,1.0,0.5494,0.6801,0.6693,0.6736,1,2,0.15,0.3,0.55,0.2,0.3,0.5,0.4,0.6
MA00563,Mobile_App_Developer,Mobile App Developer,M,26-30,2,BSc,0.9,0.5953,0.5995,0.3835,0.5566,0.5981,0.36,0.5745,0.5137,0.5132,0.5134,0,1,0.15,0.3,0.55,0.2,0.3,0.5,0.4,0.6
MA00564,Mobile_App_Developer,Mobile App Developer,M,26-30,1,Diploma,2.1,0.3605,0.7379,0.5006,0.5584,0.3842,0.84,0.4508,0.5576,0.5769,0.5692,0,1,0.15,0.3,0.55,0.2,0.3,0.5,0.4,0.6
MA00565,Mobile_App_Developer,Mobile App Developer,M,22-25,2,BSc,3.9,0.536,0.6749,0.567,0.8251,0.5744,1.0,0.65,0.7436,0.7176,0.728,1,1,0.15,0.3,0.55,0.2,0.3,0.5,0.4,0.6
MA00566,Mobile_App_Developer,Mobile App Developer,F,22-25,3,MSc,0.6,0.7687,0.6847,0.6861,0.526,0.7875,0.24,0.7152,0.5835,0.6058,0.5969,0,1,0.15,0.3,0.55,0.2,0.3,0.5,0.4,0.6
MA00567,Mobile_App_Developer,Mobile App Developer,M,26-30,2,BSc,2.8,0.3291,0.8667,0.6578,0.7565,0.4916,1.0,0.5455,0.6738,0.7489,0.7189,1,2,0.15,0.3,0.55,0.2,0.3,0.5,0.4,0.6
MA00568,Mobile_App_Developer,Mobile App Developer,M,22-25,2,BSc,4.6,0.5766,0.9628,0.6085,0.8496,0.5906,1.0,0.796,0.8264,0.7999,0.8105,1,3,0.15,0.3,0.55,0.2,0.3,0.5,0.4,0.6
MA00569,Mobile_App_Developer,Mobile App Developer,M,26-30,4,PhD,3.7,0.7477,0.5602,0.8168,0.6466,0.8991,1.0,0.842,0.898,0.6804,0.7674,1,2,0.15,0.3,0.55,0.2,0.3,0.5,0.4,0.6
MA00570,Mobile_App_Developer,Mobile App Developer,M,22-25,2,BSc,6.1,0.7028,0.7795,0.5891,0.9058,0.6411,1.0,0.7565,0.8122,0.7855,0.7962,1,3,0.15,0.3,0.55,0.2,0.3,0.5,0.4,0.6
MA00571,Mobile_App_Developer,Mobile App Developer,F,22-25,2,BSc,0.3,0.7745,0.7162,0.8564,0.9072,0.6698,0.12,0.5658,0.4477,0.8538,0.6914,0,2,0.15,0.3,0.55,0.2,0.3,0.5,0.4,0.6
MA00572,Mobile_App_Developer,Mobile App Developer,M,36-40,2,BSc,3.0,0.5333,0.6874,0.7163,0.5758,0.5733,1.0,0.6067,0.7197,0.6403,0.6721,1,2,0.15,0.3,0.55,0.2,0.3,0.5,0.4,0.6
MA00573,Mobile_App_Developer,Mobile App Developer,F,26-30,3,MSc,2.1,0.4575,0.5454,0.4642,0.4825,0.663,0.84,0.4471,0.5974,0.4896,0.5327,1,1,0.15,0.3,0.55,0.2,0.3,0.5,0.4,0.6
MA00574,Mobile_App_Developer,Mobile App Developer,M,31-35,2,BSc,0.0,0.5042,0.657,0.733,0.7261,0.5617,0.0,0.6517,0.4427,0.7144,0.6057,0,2,0.15,0.3,0.55,0.2,0.3,0.5,0.4,0.6
MA00575,Mobile_App_Developer,Mobile App Developer,M,22-25,1,Diploma,6.6,0.5174,0.7664,0.7787,0.9276,0.4469,1.0,0.7532,0.7813,0.8507,0.8229,0,3,0.15,0.3,0.55,0.2,0.3,0.5,0.4,0.6
MA00576,Mobile_App_Developer,Mobile App Developer,M,31-35,2,BSc,0.4,0.4787,0.5659,0.2781,0.7165,0.5515,0.16,0.3856,0.3428,0.5548,0.47,0,2,0.15,0.3,0.55,0.2,0.3,0.5,0.4,0.6
MA00577,Mobile_App_Developer,Mobile App Developer,M,36-40,2,BSc,5.7,0.4956,0.5877,0.7097,0.4285,0.5583,1.0,0.7522,0.7975,0.5447,0.6458,1,1,0.15,0.3,0.55,0.2,0.3,0.5,0.4,0.6
MA00578,Mobile_App_Developer,Mobile App Developer,F,40+,3,MSc,2.1,0.5303,0.6817,0.764,0.7582,0.6921,0.84,0.8378,0.8166,0.7446,0.7734,1,3,0.15,0.3,0.55,0.2,0.3,0.5,0.4,0.6
MA00579,Mobile_App_Developer,Mobile App Developer,M,22-25,2,BSc,2.5,0.8129,0.5325,0.6356,0.4722,0.6852,1.0,0.458,0.6547,0.5333,0.5819,1,1,0.15,0.3,0.55,0.2,0.3,0.5,0.4,0.6
MA00580,Mobile_App_Developer,Mobile App Developer,F,26-30,2,BSc,3.4,0.5926,0.675,0.5671,0.7095,0.5971,1.0,0.5686,0.7023,0.6599,0.6769,1,3,0.15,0.3,0.55,0.2,0.3,0.5,0.4,0.6
MA00581,Mobile_App_Developer,Mobile App Developer,M,26-30,3,MSc,2.7,0.6176,0.7219,0.5672,1.0,0.727,1.0,0.5817,0.729,0.8145,0.7803,1,2,0.15,0.3,0.55,0.2,0.3,0.5,0.4,0.6
MA00582,Mobile_App_Developer,Mobile App Developer,M,40+,3,MSc,2.5,0.3351,0.7616,0.8368,0.478,0.614,1.0,0.8495,0.8593,0.6423,0.7291,1,1,0.15,0.3,0.55,0.2,0.3,0.5,0.4,0.6
MA00583,Mobile_App_Developer,Mobile App Developer,M,31-35,2,BSc,2.4,0.6171,0.5919,0.4639,0.5601,0.6068,0.96,0.4756,0.6406,0.5376,0.5788,1,1,0.15,0.3,0.55,0.2,0.3,0.5,0.4,0.6
MA00584,Mobile_App_Developer,Mobile App Developer,M,26-30,2,BSc,3.0,0.6144,0.6617,0.5241,0.7648,0.6058,1.0,0.7117,0.7823,0.672,0.7161,1,3,0.15,0.3,0.55,0.2,0.3,0.5,0.4,0.6
MA00585,Mobile_App_Developer,Mobile App Developer,M,26-30,3,MSc,1.1,0.8136,0.4686,0.5159,0.7066,0.8054,0.44,0.8302,0.7094,0.6018,0.6448,1,2,0.15,0.3,0.55,0.2,0.3,0.5,0.4,0.6
MA00586,Mobile_App_Developer,Mobile App Developer,F,31-35,2,BSc,0.2,0.6279,0.7241,0.3995,1.0,0.6112,0.08,0.7715,0.54,0.7647,0.6748,0,2,0.15,0.3,0.55,0.2,0.3,0.5,0.4,0.6
MA00587,Mobile_App_Developer,Mobile App Developer,M,31-35,3,MSc,1.3,0.7244,0.7871,0.7947,0.7631,0.7698,0.52,0.7866,0.7041,0.7774,0.7481,1,3,0.15,0.3,0.55,0.2,0.3,0.5,0.4,0.6
MA00588,Mobile_App_Developer,Mobile App Developer,F,22-25,2,BSc,0.0,0.686,0.5003,0.6388,0.527,0.6344,0.0,0.5415,0.393,0.5552,0.4903,0,1,0.15,0.3,0.55,0.2,0.3,0.5,0.4,0.6
MA00589,Mobile_App_Developer,Mobile App Developer,M,22-25,3,MSc,5.3,0.4905,0.6218,0.7934,0.666,0.6762,1.0,0.6065,0.735,0.6954,0.7112,1,2,0.15,0.3,0.55,0.2,0.3,0.5,0.4,0.6
MA00590,Mobile_App_Developer,Mobile App Developer,M,31-35,1,Diploma,1.6,0.6245,0.7601,0.4737,0.7369,0.4898,0.64,0.5972,0.5939,0.6626,0.6351,0,3,0.15,0.3,0.55,0.2,0.3,0.5,0.4,0.6
MA00591,Mobile_App_Developer,Mobile App Developer,M,31-35,3,MSc,4.4,0.5204,0.6036,0.5461,0.6743,0.6881,1.0,0.6707,0.7721,0.6217,0.6819,1,2,0.15,0.3,0.55,0.2,0.3,0.5,0.4,0.6
MA00592,Mobile_App_Developer,Mobile App Developer,M,26-30,1,Diploma,3.9,0.5123,0.5935,0.6502,0.6899,0.4449,1.0,0.5172,0.6512,0.6587,0.6557,0,0,0.15,0.3,0.55,0.2,0.3,0.5,0.4,0.6
MA00593,Mobile_App_Developer,Mobile App Developer,M,31-35,3,MSc,6.6,0.4863,0.729,0.8646,0.8456,0.6745,1.0,0.7992,0.8408,0.828,0.8331,1,2,0.15,0.3,0.55,0.2,0.3,0.5,0.4,0.6
MA00594,Mobile_App_Developer,Mobile App Developer,M,31-35,2,BSc,3.5,0.6722,0.6705,0.4864,0.8374,0.6289,1.0,0.5494,0.6965,0.6987,0.6978,1,3,0.15,0.3,0.55,0.2,0.3,0.5,0.4,0.6
MA00595,Mobile_App_Developer,Mobile App Developer,M,22-25,2,BSc,6.8,0.4784,0.5896,0.7532,0.7465,0.5514,1.0,0.6459,0.738,0.7171,0.7255,1,2,0.15,0.3,0.55,0.2,0.3,0.5,0.4,0.6
MA00596,Mobile_App_Developer,Mobile App Developer,F,26-30,3,MSc,3.4,0.6266,0.6882,0.4744,0.7716,0.7306,1.0,0.5476,0.7108,0.6658,0.6838,1,2,0.15,0.3,0.55,0.2,0.3,0.5,0.4,0.6
MA00597,Mobile_App_Developer,Mobile App Developer,M,26-30,2,BSc,3.2,0.5621,0.6585,0.7803,0.6537,0.5848,1.0,0.6771,0.7601,0.6926,0.7196,1,2,0.15,0.3,0.55,0.2,0.3,0.5,0.4,0.6
MA00598,Mobile_App_Developer,Mobile App Developer,M,22-25,3,MSc,3.4,0.6667,0.8542,0.8531,0.4382,0.7467,1.0,0.6506,0.7698,0.6459,0.6955,1,1,0.15,0.3,0.55,0.2,0.3,0.5,0.4,0.6
MA00599,Mobile_App_Developer,Mobile App Developer,M,31-35,2,BSc,0.8,0.6047,0.6679,0.4792,0.5373,0.6019,0.32,0.4623,0.4406,0.546,0.5038,0,1,0.15,0.3,0.55,0.2,0.3,0.5,0.4,0.6
MA00600,Mobile_App_Developer,Mobile App Developer,M,26-30,1,Diploma,3.6,0.8105,0.6078,0.681,0.5658,0.5642,1.0,0.4904,0.6543,0.6087,0.6269,0,1,0.15,0.3,0.55,0.2,0.3,0.5,0.4,0.6
