candidate_id,job_role,job_role_display,gender,age_group,edu_level,edu_level_name,years_experience,edu_relevance,P_mcq,P_desc,P_code,S_edu,S_exp,S_skill,S_cv,S_int,CSS,passed_hard_filter,relevance_label,w_edu,w_exp,w_skill,w_mcq,w_desc,w_code,W_CV,W_INT
BUS00001,Business_Systems_Analyst,Business/Systems Analyst,F,22-25,2,BSc,2.3,0.555,0.8604,0.9198,0.5556,0.582,0.7667,0.6206,0.6621,0.8444,0.7715,1,2,0.25,0.35,0.4,0.35,0.5,0.15,0.4,0.6
BUS00002,Business_Systems_Analyst,Business/Systems Analyst,F,22-25,2,BSc,6.9,0.731,1.0,0.9054,0.8247,0.6524,1.0,1.0,0.9131,0.9264,0.9211,1,3,0.25,0.35,0.4,0.35,0.5,0.15,0.4,0.6
BUS00003,Business_Systems_Analyst,Business/Systems Analyst,M,31-35,2,BSc,5.2,0.609,0.6879,0.953,0.8821,0.6036,1.0,0.8794,0.8527,0.8496,0.8508,1,2,0.25,0.35,0.4,0.35,0.5,0.15,0.4,0.6
BUS00004,Business_Systems_Analyst,Business/Systems Analyst,M,31-35,2,BSc,8.4,0.939,0.8501,1.0,0.7567,0.7356,1.0,0.9052,0.896,0.911,0.905,1,3,0.25,0.35,0.4,0.35,0.5,0.15,0.4,0.6
BUS00005,Business_Systems_Analyst,Business/Systems Analyst,M,26-30,2,BSc,8.7,0.669,0.9443,1.0,0.6927,0.6276,1.0,0.8685,0.8543,0.9344,0.9024,1,3,0.25,0.35,0.4,0.35,0.5,0.15,0.4,0.6
BUS00006,Business_Systems_Analyst,Business/Systems Analyst,F,31-35,1,Diploma,4.6,0.445,0.8354,0.8523,0.6773,0.418,1.0,0.5123,0.6594,0.8201,0.7558,0,0,0.25,0.35,0.4,0.35,0.5,0.15,0.4,0.6
BUS00007,Business_Systems_Analyst,Business/Systems Analyst,M,31-35,2,BSc,0.0,0.932,0.5714,1.0,0.6591,0.7328,0.0,0.783,0.4964,0.7989,0.6779,0,0,0.25,0.35,0.4,0.35,0.5,0.15,0.4,0.6
BUS00008,Business_Systems_Analyst,Business/Systems Analyst,M,36-40,2,BSc,4.2,0.831,0.9872,0.9414,0.8965,0.6924,1.0,0.9155,0.8893,0.9507,0.9261,1,3,0.25,0.35,0.4,0.35,0.5,0.15,0.4,0.6
BUS00009,Business_Systems_Analyst,Business/Systems Analyst,F,26-30,2,BSc,2.2,0.709,0.6591,0.8115,0.8011,0.6436,0.7333,0.5895,0.6534,0.7566,0.7153,1,2,0.25,0.35,0.4,0.35,0.5,0.15,0.4,0.6
BUS00010,Business_Systems_Analyst,Business/Systems Analyst,M,22-25,2,BSc,1.7,0.752,0.9151,0.8519,0.8152,0.6608,0.5667,0.71,0.6475,0.8685,0.7801,1,3,0.25,0.35,0.4,0.35,0.5,0.15,0.4,0.6
BUS00011,Business_Systems_Analyst,Business/Systems Analyst,F,31-35,2,BSc,1.4,0.687,0.7989,0.9037,0.6463,0.6348,0.4667,0.8161,0.6485,0.8284,0.7564,0,3,0.25,0.35,0.4,0.35,0.5,0.15,0.4,0.6
BUS00012,Business_Systems_Analyst,Business/Systems Analyst,M,31-35,3,MSc,4.2,0.701,0.8928,0.9641,0.8258,0.7604,1.0,0.9128,0.9052,0.9184,0.9131,1,3,0.25,0.35,0.4,0.35,0.5,0.15,0.4,0.6
BUS00013,Business_Systems_Analyst,Business/Systems Analyst,F,46+,2,BSc,6.3,0.681,0.7618,0.8152,0.7198,0.6324,1.0,0.8121,0.8329,0.7822,0.8025,1,3,0.25,0.35,0.4,0.35,0.5,0.15,0.4,0.6
BUS00014,Business_Systems_Analyst,Business/Systems Analyst,M,26-30,3,MSc,6.9,0.711,0.8356,0.9338,0.8974,0.7644,1.0,0.9833,0.9344,0.894,0.9102,1,3,0.25,0.35,0.4,0.35,0.5,0.15,0.4,0.6
BUS00015,Business_Systems_Analyst,Business/Systems Analyst,M,31-35,2,BSc,2.1,0.635,0.9154,0.9416,0.7834,0.614,0.7,0.8381,0.7337,0.9087,0.8387,1,3,0.25,0.35,0.4,0.35,0.5,0.15,0.4,0.6
BUS00016,Business_Systems_Analyst,Business/Systems Analyst,M,36-40,3,MSc,1.4,0.769,0.9049,0.89,0.4496,0.7876,0.4667,0.6728,0.6294,0.8292,0.7493,0,2,0.25,0.35,0.4,0.35,0.5,0.15,0.4,0.6
BUS00017,Business_Systems_Analyst,Business/Systems Analyst,F,36-40,3,MSc,6.8,0.653,1.0,1.0,0.6955,0.7412,1.0,0.8197,0.8632,0.9543,0.9179,1,3,0.25,0.35,0.4,0.35,0.5,0.15,0.4,0.6
BUS00018,Business_Systems_Analyst,Business/Systems Analyst,F,26-30,2,BSc,2.1,0.745,0.809,0.7171,0.8313,0.658,0.7,0.5021,0.6103,0.7664,0.704,1,1,0.25,0.35,0.4,0.35,0.5,0.15,0.4,0.6
BUS00019,Business_Systems_Analyst,Business/Systems Analyst,F,26-30,3,MSc,8.4,0.96,0.9759,1.0,0.9201,0.864,1.0,0.967,0.9528,0.9796,0.9689,1,3,0.25,0.35,0.4,0.35,0.5,0.15,0.4,0.6
BUS00020,Business_Systems_Analyst,Business/Systems Analyst,M,22-25,2,BSc,3.3,0.622,1.0,0.7594,0.6436,0.6088,1.0,0.6892,0.7779,0.8262,0.8069,1,3,0.25,0.35,0.4,0.35,0.5,0.15,0.4,0.6
BUS00021,Business_Systems_Analyst,Business/Systems Analyst,F,46+,3,MSc,2.5,0.736,0.8308,0.951,0.6773,0.7744,0.8333,0.7506,0.7855,0.8679,0.8349,1,3,0.25,0.35,0.4,0.35,0.5,0.15,0.4,0.6
BUS00022,Business_Systems_Analyst,Business/Systems Analyst,M,26-30,3,MSc,5.5,0.907,0.7287,0.9743,0.8321,0.8428,1.0,0.718,0.8479,0.867,0.8594,1,3,0.25,0.35,0.4,0.35,0.5,0.15,0.4,0.6
BUS00023,Business_Systems_Analyst,Business/Systems Analyst,F,26-30,3,MSc,7.9,0.85,0.8303,1.0,0.8647,0.82,1.0,0.8821,0.9078,0.9203,0.9153,1,3,0.25,0.35,0.4,0.35,0.5,0.15,0.4,0.6
BUS00024,Business_Systems_Analyst,Business/Systems Analyst,M,22-25,4,PhD,7.0,0.927,0.7949,1.0,0.8434,0.9708,1.0,0.9557,0.975,0.9047,0.9328,1,3,0.25,0.35,0.4,0.35,0.5,0.15,0.4,0.6
BUS00025,Business_Systems_Analyst,Business/Systems Analyst,F,31-35,3,MSc,9.6,0.695,0.8643,1.0,1.0,0.758,1.0,1.0,0.9395,0.9525,0.9473,1,3,0.25,0.35,0.4,0.35,0.5,0.15,0.4,0.6
BUS00026,Business_Systems_Analyst,Business/Systems Analyst,F,26-30,2,BSc,8.9,0.71,0.9414,0.9536,0.7615,0.644,1.0,0.833,0.8442,0.9205,0.89,1,3,0.25,0.35,0.4,0.35,0.5,0.15,0.4,0.6
BUS00027,Business_Systems_Analyst,Business/Systems Analyst,F,26-30,3,MSc,7.0,0.84,0.9843,1.0,0.978,0.816,1.0,0.8338,0.8875,0.9912,0.9497,1,3,0.25,0.35,0.4,0.35,0.5,0.15,0.4,0.6
BUS00028,Business_Systems_Analyst,Business/Systems Analyst,M,31-35,4,PhD,3.0,0.872,0.9077,1.0,0.9411,0.9488,1.0,0.9548,0.9691,0.9589,0.963,1,3,0.25,0.35,0.4,0.35,0.5,0.15,0.4,0.6
BUS00029,Business_Systems_Analyst,Business/Systems Analyst,M,26-30,3,MSc,2.9,0.612,0.9372,0.8848,0.7621,0.7248,0.9667,0.9721,0.9084,0.8847,0.8942,1,3,0.25,0.35,0.4,0.35,0.5,0.15,0.4,0.6
BUS00030,Business_Systems_Analyst,Business/Systems Analyst,F,36-40,2,BSc,6.2,0.767,0.7413,0.8381,0.7894,0.6668,1.0,0.7081,0.7999,0.7969,0.7981,1,3,0.25,0.35,0.4,0.35,0.5,0.15,0.4,0.6
BUS00031,Business_Systems_Analyst,Business/Systems Analyst,M,26-30,2,BSc,9.0,0.639,0.7398,0.8218,1.0,0.6156,1.0,0.9643,0.8896,0.8198,0.8477,1,3,0.25,0.35,0.4,0.35,0.5,0.15,0.4,0.6
BUS00032,Business_Systems_Analyst,Business/Systems Analyst,M,22-25,3,MSc,5.1,0.784,0.7283,0.9859,0.6675,0.7936,1.0,0.5977,0.7875,0.848,0.8238,1,2,0.25,0.35,0.4,0.35,0.5,0.15,0.4,0.6
BUS00033,Business_Systems_Analyst,Business/Systems Analyst,M,36-40,2,BSc,1.9,0.627,0.7798,0.6907,0.7965,0.6108,0.6333,0.5397,0.5902,0.7378,0.6788,1,2,0.25,0.35,0.4,0.35,0.5,0.15,0.4,0.6
BUS00034,Business_Systems_Analyst,Business/Systems Analyst,M,41-45,2,BSc,0.9,0.602,0.811,0.8943,0.3588,0.6008,0.3,0.5791,0.4868,0.7848,0.6656,0,2,0.25,0.35,0.4,0.35,0.5,0.15,0.4,0.6
BUS00035,Business_Systems_Analyst,Business/Systems Analyst,F,41-45,3,MSc,4.3,0.706,0.8463,1.0,0.747,0.7624,1.0,0.846,0.879,0.9083,0.8966,1,3,0.25,0.35,0.4,0.35,0.5,0.15,0.4,0.6
BUS00036,Business_Systems_Analyst,Business/Systems Analyst,M,22-25,2,BSc,9.8,0.578,0.9225,0.9328,0.8123,0.5912,1.0,0.7524,0.7988,0.9111,0.8662,1,3,0.25,0.35,0.4,0.35,0.5,0.15,0.4,0.6
BUS00037,Business_Systems_Analyst,Business/Systems Analyst,M,46+,2,BSc,5.9,0.865,0.7997,0.7092,0.8315,0.706,1.0,0.7283,0.8178,0.7592,0.7826,1,2,0.25,0.35,0.4,0.35,0.5,0.15,0.4,0.6
BUS00038,Business_Systems_Analyst,Business/Systems Analyst,F,22-25,1,Diploma,4.8,0.536,0.7862,1.0,0.6803,0.4544,1.0,0.7788,0.7751,0.8772,0.8364,0,0,0.25,0.35,0.4,0.35,0.5,0.15,0.4,0.6
BUS00039,Business_Systems_Analyst,Business/Systems Analyst,M,36-40,2,BSc,0.9,0.676,1.0,0.8435,0.7888,0.6304,0.3,0.8277,0.5937,0.8901,0.7715,0,3,0.25,0.35,0.4,0.35,0.5,0.15,0.4,0.6
BUS00040,Business_Systems_Analyst,Business/Systems Analyst,M,22-25,2,BSc,3.8,0.509,0.9634,0.9398,0.7687,0.5636,1.0,0.8438,0.8284,0.9224,0.8848,1,3,0.25,0.35,0.4,0.35,0.5,0.15,0.4,0.6
BUS00041,Business_Systems_Analyst,Business/Systems Analyst,F,36-40,2,BSc,0.9,0.627,0.9173,0.6981,0.6294,0.6108,0.3,0.7531,0.5589,0.7645,0.6823,0,2,0.25,0.35,0.4,0.35,0.5,0.15,0.4,0.6
BUS00042,Business_Systems_Analyst,Business/Systems Analyst,M,26-30,3,MSc,1.7,0.748,0.7199,0.9726,0.8125,0.7792,0.5667,0.797,0.7119,0.8601,0.8008,1,3,0.25,0.35,0.4,0.35,0.5,0.15,0.4,0.6
BUS00043,Business_Systems_Analyst,Business/Systems Analyst,M,26-30,3,MSc,0.0,0.457,0.6852,0.8146,0.8869,0.6628,0.0,0.8168,0.4924,0.7802,0.6651,0,0,0.25,0.35,0.4,0.35,0.5,0.15,0.4,0.6
BUS00044,Business_Systems_Analyst,Business/Systems Analyst,M,22-25,3,MSc,5.5,0.658,0.8857,0.9961,0.8535,0.7432,1.0,0.7907,0.8521,0.9361,0.9025,1,3,0.25,0.35,0.4,0.35,0.5,0.15,0.4,0.6
BUS00045,Business_Systems_Analyst,Business/Systems Analyst,F,26-30,3,MSc,7.7,0.921,1.0,1.0,0.9009,0.8484,1.0,1.0,0.9621,0.9851,0.9759,1,3,0.25,0.35,0.4,0.35,0.5,0.15,0.4,0.6
BUS00046,Business_Systems_Analyst,Business/Systems Analyst,F,26-30,2,BSc,4.1,0.678,0.8029,1.0,0.6515,0.6312,1.0,0.7523,0.8087,0.8787,0.8507,1,3,0.25,0.35,0.4,0.35,0.5,0.15,0.4,0.6
BUS00047,Business_Systems_Analyst,Business/Systems Analyst,F,31-35,4,PhD,5.7,0.846,0.7837,0.9644,0.7976,0.9384,1.0,0.8445,0.9224,0.8761,0.8946,1,3,0.25,0.35,0.4,0.35,0.5,0.15,0.4,0.6
BUS00048,Business_Systems_Analyst,Business/Systems Analyst,M,31-35,2,BSc,4.7,0.583,0.8149,0.9607,0.5968,0.5932,1.0,0.7814,0.8109,0.8551,0.8374,1,3,0.25,0.35,0.4,0.35,0.5,0.15,0.4,0.6
BUS00049,Business_Systems_Analyst,Business/Systems Analyst,M,22-25,3,MSc,1.6,0.653,1.0,1.0,0.8572,0.7412,0.5333,0.839,0.7076,0.9786,0.8702,1,3,0.25,0.35,0.4,0.35,0.5,0.15,0.4,0.6
BUS00050,Business_Systems_Analyst,Business/Systems Analyst,F,26-30,3,MSc,5.2,0.892,1.0,0.8351,0.8281,0.8368,1.0,0.8418,0.8959,0.8918,0.8934,1,3,0.25,0.35,0.4,0.35,0.5,0.15,0.4,0.6
BUS00051,Business_Systems_Analyst,Business/Systems Analyst,M,31-35,3,MSc,2.0,0.873,0.9821,0.9873,0.6651,0.8292,0.6667,0.8845,0.7944,0.9371,0.88,1,3,0.25,0.35,0.4,0.35,0.5,0.15,0.4,0.6
BUS00052,Business_Systems_Analyst,Business/Systems Analyst,F,31-35,2,BSc,5.1,0.742,0.9287,1.0,1.0,0.6568,1.0,1.0,0.9142,0.975,0.9507,1,2,0.25,0.35,0.4,0.35,0.5,0.15,0.4,0.6
BUS00053,Business_Systems_Analyst,Business/Systems Analyst,F,41-45,3,MSc,9.9,0.764,0.7854,1.0,0.9556,0.7856,1.0,0.8726,0.8954,0.9182,0.9091,1,3,0.25,0.35,0.4,0.35,0.5,0.15,0.4,0.6
BUS00054,Business_Systems_Analyst,Business/Systems Analyst,M,31-35,1,Diploma,2.3,0.477,0.8139,0.9654,0.5528,0.4308,0.7667,0.5897,0.6119,0.8505,0.7551,0,0,0.25,0.35,0.4,0.35,0.5,0.15,0.4,0.6
BUS00055,Business_Systems_Analyst,Business/Systems Analyst,M,31-35,2,BSc,4.9,0.775,0.9318,1.0,0.6263,0.67,1.0,0.7318,0.8102,0.9201,0.8761,1,3,0.25,0.35,0.4,0.35,0.5,0.15,0.4,0.6
BUS00056,Business_Systems_Analyst,Business/Systems Analyst,M,22-25,2,BSc,2.5,0.777,0.7862,0.8319,0.9006,0.6708,0.8333,0.8278,0.7905,0.8262,0.8119,1,3,0.25,0.35,0.4,0.35,0.5,0.15,0.4,0.6
BUS00057,Business_Systems_Analyst,Business/Systems Analyst,F,41-45,2,BSc,4.9,0.572,0.9474,1.0,1.0,0.5888,1.0,0.9655,0.8834,0.9816,0.9423,1,3,0.25,0.35,0.4,0.35,0.5,0.15,0.4,0.6
BUS00058,Business_Systems_Analyst,Business/Systems Analyst,M,26-30,2,BSc,2.1,0.696,0.8434,1.0,0.6344,0.6384,0.7,0.7847,0.7185,0.8904,0.8216,1,3,0.25,0.35,0.4,0.35,0.5,0.15,0.4,0.6
BUS00059,Business_Systems_Analyst,Business/Systems Analyst,M,26-30,2,BSc,2.5,0.596,0.9294,1.0,0.7855,0.5984,0.8333,0.9278,0.8124,0.9431,0.8908,1,3,0.25,0.35,0.4,0.35,0.5,0.15,0.4,0.6
BUS00060,Business_Systems_Analyst,Business/Systems Analyst,M,36-40,4,PhD,2.9,0.93,1.0,1.0,0.7846,0.972,0.9667,0.8942,0.939,0.9677,0.9562,1,3,0.25,0.35,0.4,0.35,0.5,0.15,0.4,0.6
BUS00061,Business_Systems_Analyst,Business/Systems Analyst,M,22-25,2,BSc,2.8,0.59,0.7971,1.0,0.7338,0.596,0.9333,0.7227,0.7647,0.8891,0.8393,1,3,0.25,0.35,0.4,0.35,0.5,0.15,0.4,0.6
BUS00062,Business_Systems_Analyst,Business/Systems Analyst,M,26-30,2,BSc,5.0,0.79,1.0,0.8272,0.7522,0.676,1.0,0.8514,0.8596,0.8764,0.8697,1,3,0.25,0.35,0.4,0.35,0.5,0.15,0.4,0.6
BUS00063,Business_Systems_Analyst,Business/Systems Analyst,M,26-30,2,BSc,4.1,0.806,1.0,1.0,0.8239,0.6824,1.0,0.8935,0.878,0.9736,0.9354,1,3,0.25,0.35,0.4,0.35,0.5,0.15,0.4,0.6
BUS00064,Business_Systems_Analyst,Business/Systems Analyst,M,31-35,2,BSc,5.9,0.85,0.9928,1.0,0.5749,0.7,1.0,0.7398,0.8209,0.9337,0.8886,1,3,0.25,0.35,0.4,0.35,0.5,0.15,0.4,0.6
BUS00065,Business_Systems_Analyst,Business/Systems Analyst,F,41-45,2,BSc,1.9,0.606,0.7408,0.8859,0.7028,0.6024,0.6333,0.6611,0.6367,0.8076,0.7392,1,2,0.25,0.35,0.4,0.35,0.5,0.15,0.4,0.6
BUS00066,Business_Systems_Analyst,Business/Systems Analyst,M,31-35,3,MSc,6.8,0.777,0.8759,0.9229,0.9022,0.7908,1.0,0.7486,0.8471,0.9033,0.8808,1,3,0.25,0.35,0.4,0.35,0.5,0.15,0.4,0.6
BUS00067,Business_Systems_Analyst,Business/Systems Analyst,M,41-45,3,MSc,6.3,0.755,1.0,0.9636,0.7796,0.782,1.0,0.7462,0.844,0.9487,0.9068,1,3,0.25,0.35,0.4,0.35,0.5,0.15,0.4,0.6
BUS00068,Business_Systems_Analyst,Business/Systems Analyst,F,26-30,2,BSc,2.7,0.7,0.8028,0.8713,0.7378,0.64,0.9,0.623,0.7242,0.8273,0.7861,1,2,0.25,0.35,0.4,0.35,0.5,0.15,0.4,0.6
BUS00069,Business_Systems_Analyst,Business/Systems Analyst,M,36-40,3,MSc,7.5,0.674,0.9871,1.0,0.7265,0.7496,1.0,1.0,0.9374,0.9545,0.9477,1,3,0.25,0.35,0.4,0.35,0.5,0.15,0.4,0.6
BUS00070,Business_Systems_Analyst,Business/Systems Analyst,M,31-35,2,BSc,3.1,0.725,0.8766,0.7732,1.0,0.65,1.0,0.7933,0.8298,0.8434,0.838,1,3,0.25,0.35,0.4,0.35,0.5,0.15,0.4,0.6
BUS00071,Business_Systems_Analyst,Business/Systems Analyst,F,22-25,1,Diploma,3.7,0.515,0.8092,0.8667,0.8105,0.446,1.0,0.6891,0.7371,0.8381,0.7977,0,0,0.25,0.35,0.4,0.35,0.5,0.15,0.4,0.6
BUS00072,Business_Systems_Analyst,Business/Systems Analyst,M,41-45,3,MSc,5.5,0.654,0.7761,0.9712,0.8942,0.7416,1.0,0.8933,0.8927,0.8914,0.8919,1,3,0.25,0.35,0.4,0.35,0.5,0.15,0.4,0.6
BUS00073,Business_Systems_Analyst,Business/Systems Analyst,M,22-25,3,MSc,4.0,0.647,1.0,0.9382,0.8826,0.7388,1.0,0.7997,0.8546,0.9515,0.9127,1,3,0.25,0.35,0.4,0.35,0.5,0.15,0.4,0.6
BUS00074,Business_Systems_Analyst,Business/Systems Analyst,M,41-45,2,BSc,4.7,0.757,0.8146,0.8253,0.9809,0.6628,1.0,0.8734,0.8651,0.8449,0.853,1,3,0.25,0.35,0.4,0.35,0.5,0.15,0.4,0.6
BUS00075,Business_Systems_Analyst,Business/Systems Analyst,M,22-25,2,BSc,4.4,0.679,0.9358,0.9294,0.7742,0.6316,1.0,0.9025,0.8689,0.9084,0.8926,1,3,0.25,0.35,0.4,0.35,0.5,0.15,0.4,0.6
BUS00076,Business_Systems_Analyst,Business/Systems Analyst,M,41-45,4,PhD,10.0,0.798,1.0,1.0,0.8356,0.9192,1.0,0.8789,0.9314,0.9753,0.9577,1,3,0.25,0.35,0.4,0.35,0.5,0.15,0.4,0.6
BUS00077,Business_Systems_Analyst,Business/Systems Analyst,F,41-45,1,Diploma,3.1,0.58,0.5475,0.8719,0.5661,0.472,1.0,0.7257,0.7583,0.7125,0.7308,0,0,0.25,0.35,0.4,0.35,0.5,0.15,0.4,0.6
BUS00078,Business_Systems_Analyst,Business/Systems Analyst,M,36-40,3,MSc,1.9,0.696,0.9096,0.6995,0.4281,0.7584,0.6333,0.6267,0.6619,0.7323,0.7041,1,2,0.25,0.35,0.4,0.35,0.5,0.15,0.4,0.6
BUS00079,Business_Systems_Analyst,Business/Systems Analyst,F,26-30,2,BSc,9.1,0.78,1.0,1.0,0.8378,0.672,1.0,0.9331,0.8912,0.9757,0.9419,1,3,0.25,0.35,0.4,0.35,0.5,0.15,0.4,0.6
BUS00080,Business_Systems_Analyst,Business/Systems Analyst,M,41-45,3,MSc,1.7,0.902,0.7562,0.8917,0.7375,0.8408,0.5667,0.8664,0.7551,0.8211,0.7947,1,3,0.25,0.35,0.4,0.35,0.5,0.15,0.4,0.6
BUS00081,Business_Systems_Analyst,Business/Systems Analyst,M,46+,2,BSc,5.9,0.697,0.773,1.0,0.9436,0.6388,1.0,0.86,0.8537,0.9121,0.8887,1,3,0.25,0.35,0.4,0.35,0.5,0.15,0.4,0.6
BUS00082,Business_Systems_Analyst,Business/Systems Analyst,M,31-35,2,BSc,5.2,0.521,1.0,1.0,0.8468,0.5684,1.0,0.6929,0.7693,0.977,0.8939,1,3,0.25,0.35,0.4,0.35,0.5,0.15,0.4,0.6
BUS00083,Business_Systems_Analyst,Business/Systems Analyst,M,26-30,2,BSc,4.9,0.575,0.6683,0.7963,0.848,0.59,1.0,0.6038,0.739,0.7593,0.7512,1,3,0.25,0.35,0.4,0.35,0.5,0.15,0.4,0.6
BUS00084,Business_Systems_Analyst,Business/Systems Analyst,F,26-30,4,PhD,5.4,0.843,0.843,1.0,0.9748,0.9372,1.0,1.0,0.9843,0.9413,0.9585,1,3,0.25,0.35,0.4,0.35,0.5,0.15,0.4,0.6
BUS00085,Business_Systems_Analyst,Business/Systems Analyst,F,41-45,3,MSc,1.7,0.729,0.7814,0.8138,0.6923,0.7716,0.5667,0.819,0.7188,0.7842,0.758,1,3,0.25,0.35,0.4,0.35,0.5,0.15,0.4,0.6
BUS00086,Business_Systems_Analyst,Business/Systems Analyst,F,26-30,3,MSc,5.6,0.594,0.8872,0.9047,0.9166,0.7176,1.0,0.7494,0.8292,0.9004,0.8719,1,3,0.25,0.35,0.4,0.35,0.5,0.15,0.4,0.6
BUS00087,Business_Systems_Analyst,Business/Systems Analyst,F,22-25,2,BSc,3.7,0.751,0.8906,0.7706,0.7144,0.6604,1.0,0.6686,0.7825,0.8042,0.7955,1,1,0.25,0.35,0.4,0.35,0.5,0.15,0.4,0.6
BUS00088,Business_Systems_Analyst,Business/Systems Analyst,F,31-35,4,PhD,2.3,0.757,1.0,1.0,0.8657,0.9028,0.7667,0.91,0.858,0.9799,0.9311,1,3,0.25,0.35,0.4,0.35,0.5,0.15,0.4,0.6
BUS00089,Business_Systems_Analyst,Business/Systems Analyst,M,26-30,2,BSc,4.5,0.812,1.0,0.8975,0.8832,0.6848,1.0,0.7878,0.8363,0.9312,0.8932,1,3,0.25,0.35,0.4,0.35,0.5,0.15,0.4,0.6
BUS00090,Business_Systems_Analyst,Business/Systems Analyst,M,26-30,3,MSc,4.4,0.656,1.0,0.8408,0.9333,0.7424,1.0,0.9215,0.9042,0.9104,0.9079,1,3,0.25,0.35,0.4,0.35,0.5,0.15,0.4,0.6
BUS00091,Business_Systems_Analyst,Business/Systems Analyst,M,22-25,3,MSc,7.0,0.698,0.9104,1.0,0.7668,0.7592,1.0,1.0,0.9398,0.9337,0.9361,1,3,0.25,0.35,0.4,0.35,0.5,0.15,0.4,0.6
BUS00092,Business_Systems_Analyst,Business/Systems Analyst,F,26-30,2,BSc,2.8,0.627,0.8262,0.9469,0.8967,0.6108,0.9333,0.7088,0.7629,0.8971,0.8434,1,3,0.25,0.35,0.4,0.35,0.5,0.15,0.4,0.6
BUS00093,Business_Systems_Analyst,Business/Systems Analyst,M,36-40,3,MSc,2.0,0.589,0.9502,0.7653,0.5064,0.7156,0.6667,0.8848,0.7662,0.7912,0.7812,1,3,0.25,0.35,0.4,0.35,0.5,0.15,0.4,0.6
BUS00094,Business_Systems_Analyst,Business/Systems Analyst,F,36-40,2,BSc,2.4,0.757,0.8969,0.9181,0.79,0.6628,0.8,0.7338,0.7392,0.8915,0.8306,1,3,0.25,0.35,0.4,0.35,0.5,0.15,0.4,0.6
BUS00095,Business_Systems_Analyst,Business/Systems Analyst,F,26-30,3,MSc,1.3,0.758,0.6754,0.8957,0.7367,0.7832,0.4333,0.8297,0.6793,0.7947,0.7485,0,3,0.25,0.35,0.4,0.35,0.5,0.15,0.4,0.6
BUS00096,Business_Systems_Analyst,Business/Systems Analyst,F,26-30,3,MSc,2.5,0.671,0.9573,0.9944,0.8043,0.7484,0.8333,0.8176,0.8058,0.9529,0.8941,1,2,0.25,0.35,0.4,0.35,0.5,0.15,0.4,0.6
BUS00097,Business_Systems_Analyst,Business/Systems Analyst,M,31-35,3,MSc,1.9,0.727,0.7516,0.701,0.6604,0.7708,0.6333,0.6526,0.6754,0.7126,0.6977,1,2,0.25,0.35,0.4,0.35,0.5,0.15,0.4,0.6
BUS00098,Business_Systems_Analyst,Business/Systems Analyst,M,26-30,2,BSc,4.3,0.868,0.934,0.9565,0.96,0.7072,1.0,0.9096,0.8906,0.9492,0.9258,1,3,0.25,0.35,0.4,0.35,0.5,0.15,0.4,0.6
BUS00099,Business_Systems_Analyst,Business/Systems Analyst,M,22-25,2,BSc,4.0,0.506,0.7588,0.8677,0.849,0.5624,1.0,0.7263,0.7811,0.8268,0.8085,1,3,0.25,0.35,0.4,0.35,0.5,0.15,0.4,0.6
BUS00100,Business_Systems_Analyst,Business/Systems Analyst,F,22-25,3,MSc,3.0,0.825,0.9777,0.9354,0.7511,0.81,1.0,0.8337,0.886,0.9226,0.908,1,3,0.25,0.35,0.4,0.35,0.5,0.15,0.4,0.6
BUS00101,Business_Systems_Analyst,Business/Systems Analyst,M,26-30,2,BSc,7.3,0.633,0.7088,1.0,1.0,0.6132,1.0,0.8323,0.8362,0.8981,0.8733,1,3,0.25,0.35,0.4,0.35,0.5,0.15,0.4,0.6
BUS00102,Business_Systems_Analyst,Business/Systems Analyst,F,31-35,2,BSc,3.0,0.717,1.0,1.0,0.7975,0.6468,1.0,0.9714,0.9003,0.9696,0.9419,1,3,0.25,0.35,0.4,0.35,0.5,0.15,0.4,0.6
BUS00103,Business_Systems_Analyst,Business/Systems Analyst,M,31-35,3,MSc,2.1,0.605,0.6772,0.8069,0.7428,0.722,0.7,0.7087,0.709,0.7519,0.7347,1,3,0.25,0.35,0.4,0.35,0.5,0.15,0.4,0.6
BUS00104,Business_Systems_Analyst,Business/Systems Analyst,M,26-30,2,BSc,3.5,0.86,0.8452,0.9035,0.8453,0.704,1.0,0.7472,0.8249,0.8744,0.8546,1,3,0.25,0.35,0.4,0.35,0.5,0.15,0.4,0.6
BUS00105,Business_Systems_Analyst,Business/Systems Analyst,F,26-30,3,MSc,1.0,0.669,0.8807,0.6536,0.6987,0.7476,0.3333,0.6688,0.5711,0.7399,0.6724,0,2,0.25,0.35,0.4,0.35,0.5,0.15,0.4,0.6
BUS00106,Business_Systems_Analyst,Business/Systems Analyst,F,26-30,3,MSc,2.4,0.947,0.9721,0.87,0.8508,0.8588,0.8,0.9451,0.8727,0.9029,0.8908,1,3,0.25,0.35,0.4,0.35,0.5,0.15,0.4,0.6
BUS00107,Business_Systems_Analyst,Business/Systems Analyst,F,26-30,2,BSc,5.1,0.632,0.88,1.0,0.8022,0.6128,1.0,0.5792,0.7349,0.9283,0.8509,1,2,0.25,0.35,0.4,0.35,0.5,0.15,0.4,0.6
BUS00108,Business_Systems_Analyst,Business/Systems Analyst,M,31-35,2,BSc,4.4,0.614,0.7111,1.0,0.5174,0.6056,1.0,0.6901,0.7774,0.8265,0.8069,1,3,0.25,0.35,0.4,0.35,0.5,0.15,0.4,0.6
BUS00109,Business_Systems_Analyst,Business/Systems Analyst,F,26-30,2,BSc,4.1,0.668,0.6942,0.9694,0.8356,0.6272,1.0,0.8178,0.8339,0.853,0.8454,1,3,0.25,0.35,0.4,0.35,0.5,0.15,0.4,0.6
BUS00110,Business_Systems_Analyst,Business/Systems Analyst,F,31-35,1,Diploma,0.0,0.477,0.7665,0.8611,0.588,0.4308,0.0,0.6239,0.3573,0.787,0.6151,0,0,0.25,0.35,0.4,0.35,0.5,0.15,0.4,0.6
BUS00111,Business_Systems_Analyst,Business/Systems Analyst,M,26-30,2,BSc,5.8,0.599,0.918,0.8867,0.7928,0.5996,1.0,0.6639,0.7655,0.8836,0.8364,1,2,0.25,0.35,0.4,0.35,0.5,0.15,0.4,0.6
BUS00112,Business_Systems_Analyst,Business/Systems Analyst,F,26-30,2,BSc,2.4,0.732,0.9489,0.8402,0.7077,0.6528,0.8,0.7145,0.729,0.8584,0.8066,1,3,0.25,0.35,0.4,0.35,0.5,0.15,0.4,0.6
BUS00113,Business_Systems_Analyst,Business/Systems Analyst,M,36-40,2,BSc,6.3,0.739,0.8783,0.9069,0.8014,0.6556,1.0,0.9427,0.891,0.8811,0.8851,1,3,0.25,0.35,0.4,0.35,0.5,0.15,0.4,0.6
BUS00114,Business_Systems_Analyst,Business/Systems Analyst,M,31-35,2,BSc,5.6,0.695,0.93,0.9198,0.8089,0.638,1.0,0.7968,0.8282,0.9067,0.8753,1,3,0.25,0.35,0.4,0.35,0.5,0.15,0.4,0.6
BUS00115,Business_Systems_Analyst,Business/Systems Analyst,M,31-35,2,BSc,6.6,0.566,1.0,0.9735,0.7587,0.5864,1.0,1.0,0.8966,0.9506,0.929,1,3,0.25,0.35,0.4,0.35,0.5,0.15,0.4,0.6
BUS00116,Business_Systems_Analyst,Business/Systems Analyst,F,31-35,3,MSc,4.8,0.929,0.7551,0.7093,0.5598,0.8516,1.0,0.6759,0.8333,0.7029,0.7551,1,2,0.25,0.35,0.4,0.35,0.5,0.15,0.4,0.6
BUS00117,Business_Systems_Analyst,Business/Systems Analyst,M,31-35,2,BSc,6.5,0.771,0.8025,1.0,0.7481,0.6684,1.0,0.9237,0.8866,0.8931,0.8905,1,3,0.25,0.35,0.4,0.35,0.5,0.15,0.4,0.6
BUS00118,Business_Systems_Analyst,Business/Systems Analyst,M,36-40,4,PhD,6.2,1.0,0.8145,0.8131,0.735,1.0,1.0,0.878,0.9512,0.8019,0.8616,1,3,0.25,0.35,0.4,0.35,0.5,0.15,0.4,0.6
BUS00119,Business_Systems_Analyst,Business/Systems Analyst,M,22-25,2,BSc,6.7,0.728,0.697,1.0,0.8925,0.6512,1.0,0.8559,0.8552,0.8778,0.8688,1,3,0.25,0.35,0.4,0.35,0.5,0.15,0.4,0.6
BUS00120,Business_Systems_Analyst,Business/Systems Analyst,M,22-25,2,BSc,6.5,0.719,0.8832,0.8014,0.8268,0.6476,1.0,0.6685,0.7793,0.8338,0.812,1,2,0.25,0.35,0.4,0.35,0.5,0.15,0.4,0.6
BUS00121,Business_Systems_Analyst,Business/Systems Analyst,M,36-40,2,BSc,5.0,0.761,0.9383,0.9086,0.8709,0.6644,1.0,0.7369,0.8109,0.9133,0.8723,1,3,0.25,0.35,0.4,0.35,0.5,0.15,0.4,0.6
BUS00122,Business_Systems_Analyst,Business/Systems Analyst,M,26-30,2,BSc,1.7,0.592,0.8554,0.8522,0.7014,0.5968,0.5667,0.6539,0.6091,0.8307,0.7421,1,2,0.25,0.35,0.4,0.35,0.5,0.15,0.4,0.6
BUS00123,Business_Systems_Analyst,Business/Systems Analyst,M,31-35,2,BSc,7.2,0.717,0.8276,1.0,0.8418,0.6468,1.0,0.9082,0.875,0.9159,0.8995,1,2,0.25,0.35,0.4,0.35,0.5,0.15,0.4,0.6
BUS00124,Business_Systems_Analyst,Business/Systems Analyst,F,46+,2,BSc,4.5,0.607,0.9279,1.0,0.7274,0.6028,1.0,0.7911,0.8171,0.9339,0.8872,1,3,0.25,0.35,0.4,0.35,0.5,0.15,0.4,0.6
BUS00125,Business_Systems_Analyst,Business/Systems Analyst,F,36-40,2,BSc,1.1,0.552,0.8309,0.9428,0.7213,0.5808,0.3667,0.7574,0.5765,0.8704,0.7528,0,3,0.25,0.35,0.4,0.35,0.5,0.15,0.4,0.6
BUS00126,Business_Systems_Analyst,Business/Systems Analyst,M,36-40,2,BSc,5.5,0.806,0.8443,1.0,0.7325,0.6824,1.0,0.8898,0.8765,0.9054,0.8938,1,3,0.25,0.35,0.4,0.35,0.5,0.15,0.4,0.6
BUS00127,Business_Systems_Analyst,Business/Systems Analyst,M,26-30,4,PhD,1.6,0.621,0.9642,0.9401,0.7449,0.8484,0.5333,1.0,0.7988,0.9193,0.8711,1,3,0.25,0.35,0.4,0.35,0.5,0.15,0.4,0.6
BUS00128,Business_Systems_Analyst,Business/Systems Analyst,F,31-35,2,BSc,3.6,0.857,0.8067,0.9253,0.9497,0.7028,1.0,0.7515,0.8263,0.8874,0.863,1,3,0.25,0.35,0.4,0.35,0.5,0.15,0.4,0.6
BUS00129,Business_Systems_Analyst,Business/Systems Analyst,F,26-30,4,PhD,4.0,0.742,1.0,0.9234,0.835,0.8968,1.0,0.692,0.851,0.9369,0.9025,1,3,0.25,0.35,0.4,0.35,0.5,0.15,0.4,0.6
BUS00130,Business_Systems_Analyst,Business/Systems Analyst,M,36-40,2,BSc,4.8,0.688,0.7131,0.994,0.8509,0.6352,1.0,0.749,0.8084,0.8742,0.8479,1,3,0.25,0.35,0.4,0.35,0.5,0.15,0.4,0.6
BUS00131,Business_Systems_Analyst,Business/Systems Analyst,F,26-30,2,BSc,1.6,0.663,0.8336,0.8841,0.5787,0.6252,0.5333,0.7638,0.6485,0.8206,0.7518,1,3,0.25,0.35,0.4,0.35,0.5,0.15,0.4,0.6
BUS00132,Business_Systems_Analyst,Business/Systems Analyst,F,22-25,2,BSc,4.0,0.618,0.8343,0.8793,0.8556,0.6072,1.0,0.8992,0.8615,0.86,0.8606,1,3,0.25,0.35,0.4,0.35,0.5,0.15,0.4,0.6
BUS00133,Business_Systems_Analyst,Business/Systems Analyst,F,26-30,3,MSc,0.2,0.779,0.7852,0.9866,0.8014,0.7916,0.0667,0.8015,0.5418,0.8883,0.7497,0,0,0.25,0.35,0.4,0.35,0.5,0.15,0.4,0.6
BUS00134,Business_Systems_Analyst,Business/Systems Analyst,F,22-25,3,MSc,4.9,0.679,0.8058,1.0,0.6473,0.7516,1.0,0.8742,0.8876,0.8791,0.8825,1,3,0.25,0.35,0.4,0.35,0.5,0.15,0.4,0.6
BUS00135,Business_Systems_Analyst,Business/Systems Analyst,F,22-25,2,BSc,5.2,0.717,1.0,0.8411,0.8195,0.6468,1.0,0.846,0.8501,0.8935,0.8761,1,3,0.25,0.35,0.4,0.35,0.5,0.15,0.4,0.6
BUS00136,Business_Systems_Analyst,Business/Systems Analyst,F,26-30,2,BSc,7.5,0.591,0.8948,0.977,0.8783,0.5964,1.0,0.8398,0.835,0.9334,0.894,1,3,0.25,0.35,0.4,0.35,0.5,0.15,0.4,0.6
BUS00137,Business_Systems_Analyst,Business/Systems Analyst,F,26-30,1,Diploma,4.3,0.687,0.787,1.0,0.8322,0.5148,1.0,0.9396,0.8545,0.9003,0.882,0,0,0.25,0.35,0.4,0.35,0.5,0.15,0.4,0.6
BUS00138,Business_Systems_Analyst,Business/Systems Analyst,M,26-30,3,MSc,3.9,0.803,0.971,0.7436,0.7966,0.8012,1.0,0.904,0.9119,0.8311,0.8634,1,2,0.25,0.35,0.4,0.35,0.5,0.15,0.4,0.6
BUS00139,Business_Systems_Analyst,Business/Systems Analyst,M,31-35,1,Diploma,1.7,0.627,0.7806,1.0,0.7391,0.4908,0.5667,0.7934,0.6384,0.8841,0.7858,0,0,0.25,0.35,0.4,0.35,0.5,0.15,0.4,0.6
BUS00140,Business_Systems_Analyst,Business/Systems Analyst,F,36-40,3,MSc,3.5,0.864,1.0,0.7777,0.5044,0.8256,1.0,0.7298,0.8483,0.8145,0.828,1,3,0.25,0.35,0.4,0.35,0.5,0.15,0.4,0.6
BUS00141,Business_Systems_Analyst,Business/Systems Analyst,F,22-25,3,MSc,6.3,0.78,0.7637,0.851,0.7883,0.792,1.0,0.8231,0.8772,0.811,0.8375,1,3,0.25,0.35,0.4,0.35,0.5,0.15,0.4,0.6
BUS00142,Business_Systems_Analyst,Business/Systems Analyst,F,31-35,3,MSc,5.2,0.741,0.8596,0.9576,0.8165,0.7764,1.0,0.7166,0.8307,0.9021,0.8735,1,3,0.25,0.35,0.4,0.35,0.5,0.15,0.4,0.6
BUS00143,Business_Systems_Analyst,Business/Systems Analyst,F,22-25,1,Diploma,4.4,0.747,0.8084,0.7158,0.6056,0.5388,1.0,0.6281,0.7359,0.7317,0.7334,0,0,0.25,0.35,0.4,0.35,0.5,0.15,0.4,0.6
BUS00144,Business_Systems_Analyst,Business/Systems Analyst,M,31-35,2,BSc,0.0,0.702,0.8675,0.9079,0.5983,0.6408,0.0,0.7038,0.4417,0.8473,0.6851,0,0,0.25,0.35,0.4,0.35,0.5,0.15,0.4,0.6
BUS00145,Business_Systems_Analyst,Business/Systems Analyst,F,41-45,3,MSc,3.8,0.522,0.6487,1.0,0.9297,0.6888,1.0,0.9107,0.8865,0.8665,0.8745,1,3,0.25,0.35,0.4,0.35,0.5,0.15,0.4,0.6
BUS00146,Business_Systems_Analyst,Business/Systems Analyst,F,26-30,3,MSc,7.0,0.81,0.9348,0.9903,0.7476,0.804,1.0,0.8727,0.9001,0.9345,0.9207,1,3,0.25,0.35,0.4,0.35,0.5,0.15,0.4,0.6
BUS00147,Business_Systems_Analyst,Business/Systems Analyst,F,26-30,3,MSc,4.7,0.603,1.0,0.8052,0.6805,0.7212,1.0,0.8538,0.8718,0.8547,0.8615,1,3,0.25,0.35,0.4,0.35,0.5,0.15,0.4,0.6
BUS00148,Business_Systems_Analyst,Business/Systems Analyst,F,22-25,2,BSc,3.9,0.472,0.9723,0.8429,0.7099,0.5488,1.0,0.8666,0.8338,0.8682,0.8544,1,3,0.25,0.35,0.4,0.35,0.5,0.15,0.4,0.6
BUS00149,Business_Systems_Analyst,Business/Systems Analyst,M,26-30,1,Diploma,0.7,0.595,0.8271,0.8581,0.6734,0.478,0.2333,0.6952,0.4792,0.8195,0.6834,0,0,0.25,0.35,0.4,0.35,0.5,0.15,0.4,0.6
BUS00150,Business_Systems_Analyst,Business/Systems Analyst,M,31-35,2,BSc,1.7,0.791,0.6241,1.0,0.7188,0.6764,0.5667,0.758,0.6706,0.8263,0.764,1,3,0.25,0.35,0.4,0.35,0.5,0.15,0.4,0.6
BUS00151,Business_Systems_Analyst,Business/Systems Analyst,M,31-35,3,MSc,2.1,0.697,0.9346,0.9186,0.9069,0.7588,0.7,0.723,0.7239,0.9224,0.843,1,3,0.25,0.35,0.4,0.35,0.5,0.15,0.4,0.6
BUS00152,Business_Systems_Analyst,Business/Systems Analyst,M,22-25,2,BSc,6.3,0.793,0.8689,0.9275,0.8818,0.6772,1.0,0.676,0.7897,0.9001,0.8559,1,2,0.25,0.35,0.4,0.35,0.5,0.15,0.4,0.6
BUS00153,Business_Systems_Analyst,Business/Systems Analyst,F,36-40,4,PhD,2.7,0.953,1.0,0.8785,0.7176,0.9812,0.9,0.8472,0.8992,0.8969,0.8978,1,3,0.25,0.35,0.4,0.35,0.5,0.15,0.4,0.6
BUS00154,Business_Systems_Analyst,Business/Systems Analyst,F,31-35,1,Diploma,5.8,0.558,0.7598,0.8946,0.8972,0.4632,1.0,0.7419,0.7626,0.8478,0.8137,0,0,0.25,0.35,0.4,0.35,0.5,0.15,0.4,0.6
BUS00155,Business_Systems_Analyst,Business/Systems Analyst,F,22-25,2,BSc,3.8,0.636,0.7748,1.0,0.9083,0.6144,1.0,0.7553,0.8057,0.9074,0.8667,1,3,0.25,0.35,0.4,0.35,0.5,0.15,0.4,0.6
BUS00156,Business_Systems_Analyst,Business/Systems Analyst,F,26-30,2,BSc,4.7,0.283,1.0,0.6181,0.7486,0.4732,1.0,0.6251,0.7183,0.7713,0.7501,1,2,0.25,0.35,0.4,0.35,0.5,0.15,0.4,0.6
BUS00157,Business_Systems_Analyst,Business/Systems Analyst,F,26-30,4,PhD,1.8,0.848,0.8648,0.9419,0.8308,0.9392,0.6,0.9419,0.8216,0.8982,0.8676,1,3,0.25,0.35,0.4,0.35,0.5,0.15,0.4,0.6
BUS00158,Business_Systems_Analyst,Business/Systems Analyst,M,31-35,2,BSc,4.3,0.677,0.8956,0.7577,0.8743,0.6308,1.0,0.6824,0.7807,0.8235,0.8064,1,3,0.25,0.35,0.4,0.35,0.5,0.15,0.4,0.6
BUS00159,Business_Systems_Analyst,Business/Systems Analyst,M,31-35,3,MSc,8.2,0.791,0.9844,1.0,0.608,0.7964,1.0,1.0,0.9491,0.9357,0.9411,1,3,0.25,0.35,0.4,0.35,0.5,0.15,0.4,0.6
BUS00160,Business_Systems_Analyst,Business/Systems Analyst,F,26-30,4,PhD,5.3,0.862,0.6922,1.0,0.9208,0.9448,1.0,0.8125,0.9112,0.8804,0.8927,1,3,0.25,0.35,0.4,0.35,0.5,0.15,0.4,0.6
BUS00161,Business_Systems_Analyst,Business/Systems Analyst,M,26-30,3,MSc,2.4,0.629,0.9548,0.8795,0.9534,0.7316,0.8,0.825,0.7929,0.9169,0.8673,1,3,0.25,0.35,0.4,0.35,0.5,0.15,0.4,0.6
BUS00162,Business_Systems_Analyst,Business/Systems Analyst,M,46+,2,BSc,3.6,0.614,0.9366,0.8648,0.6754,0.6056,1.0,0.6633,0.7667,0.8615,0.8236,1,2,0.25,0.35,0.4,0.35,0.5,0.15,0.4,0.6
BUS00163,Business_Systems_Analyst,Business/Systems Analyst,F,22-25,3,MSc,4.1,0.61,1.0,1.0,0.8802,0.724,1.0,0.9465,0.9096,0.982,0.953,1,3,0.25,0.35,0.4,0.35,0.5,0.15,0.4,0.6
BUS00164,Business_Systems_Analyst,Business/Systems Analyst,M,36-40,2,BSc,4.9,0.742,0.7553,0.9746,0.9034,0.6568,1.0,0.8402,0.8503,0.8872,0.8724,1,3,0.25,0.35,0.4,0.35,0.5,0.15,0.4,0.6
BUS00165,Business_Systems_Analyst,Business/Systems Analyst,M,31-35,2,BSc,4.1,0.567,0.8569,0.9945,0.5721,0.5868,1.0,0.6494,0.7565,0.883,0.8324,1,2,0.25,0.35,0.4,0.35,0.5,0.15,0.4,0.6
BUS00166,Business_Systems_Analyst,Business/Systems Analyst,F,36-40,3,MSc,5.6,0.949,0.8347,1.0,0.6202,0.8596,1.0,0.7342,0.8586,0.8852,0.8746,1,2,0.25,0.35,0.4,0.35,0.5,0.15,0.4,0.6
BUS00167,Business_Systems_Analyst,Business/Systems Analyst,M,36-40,2,BSc,5.9,0.832,1.0,0.8626,0.8966,0.6928,1.0,0.7163,0.8097,0.9158,0.8734,1,3,0.25,0.35,0.4,0.35,0.5,0.15,0.4,0.6
BUS00168,Business_Systems_Analyst,Business/Systems Analyst,M,36-40,3,MSc,2.5,0.697,0.9219,1.0,0.9767,0.7588,0.8333,0.8296,0.8132,0.9692,0.9068,1,3,0.25,0.35,0.4,0.35,0.5,0.15,0.4,0.6
BUS00169,Business_Systems_Analyst,Business/Systems Analyst,M,41-45,2,BSc,7.1,0.701,0.8159,0.9589,0.9181,0.6404,1.0,0.7952,0.8282,0.9027,0.8729,1,3,0.25,0.35,0.4,0.35,0.5,0.15,0.4,0.6
BUS00170,Business_Systems_Analyst,Business/Systems Analyst,F,22-25,2,BSc,3.4,0.676,1.0,1.0,0.7143,0.6304,1.0,0.787,0.8224,0.9571,0.9032,1,3,0.25,0.35,0.4,0.35,0.5,0.15,0.4,0.6
BUS00171,Business_Systems_Analyst,Business/Systems Analyst,F,31-35,2,BSc,2.8,0.725,0.89,0.8926,0.5838,0.65,0.9333,0.7509,0.7895,0.8454,0.823,1,3,0.25,0.35,0.4,0.35,0.5,0.15,0.4,0.6
BUS00172,Business_Systems_Analyst,Business/Systems Analyst,F,22-25,2,BSc,2.9,0.618,0.7652,0.8301,0.6209,0.6072,0.9667,0.7346,0.784,0.776,0.7792,1,3,0.25,0.35,0.4,0.35,0.5,0.15,0.4,0.6
BUS00173,Business_Systems_Analyst,Business/Systems Analyst,M,26-30,3,MSc,6.1,0.865,0.8156,0.894,0.6512,0.826,1.0,0.726,0.8469,0.8301,0.8368,1,3,0.25,0.35,0.4,0.35,0.5,0.15,0.4,0.6
BUS00174,Business_Systems_Analyst,Business/Systems Analyst,M,26-30,3,MSc,5.0,0.792,0.9028,0.9369,0.7578,0.7968,1.0,0.7331,0.8424,0.8981,0.8758,1,3,0.25,0.35,0.4,0.35,0.5,0.15,0.4,0.6
BUS00175,Business_Systems_Analyst,Business/Systems Analyst,M,26-30,2,BSc,4.0,0.636,0.97,0.7438,0.6376,0.6144,1.0,0.6278,0.7547,0.807,0.7861,1,2,0.25,0.35,0.4,0.35,0.5,0.15,0.4,0.6
BUS00176,Business_Systems_Analyst,Business/Systems Analyst,F,31-35,1,Diploma,1.6,0.573,0.7783,0.802,0.6016,0.4692,0.5333,0.7853,0.6181,0.7636,0.7054,0,0,0.25,0.35,0.4,0.35,0.5,0.15,0.4,0.6
BUS00177,Business_Systems_Analyst,Business/Systems Analyst,M,36-40,2,BSc,5.9,0.537,0.7595,0.6843,0.9537,0.5748,1.0,0.9131,0.8589,0.751,0.7942,1,2,0.25,0.35,0.4,0.35,0.5,0.15,0.4,0.6
BUS00178,Business_Systems_Analyst,Business/Systems Analyst,F,36-40,2,BSc,5.1,0.588,0.768,0.9097,0.7681,0.5952,1.0,0.9805,0.891,0.8389,0.8597,1,3,0.25,0.35,0.4,0.35,0.5,0.15,0.4,0.6
BUS00179,Business_Systems_Analyst,Business/Systems Analyst,F,36-40,2,BSc,1.7,0.701,0.9475,0.9317,0.7151,0.6404,0.5667,0.763,0.6636,0.9047,0.8083,1,2,0.25,0.35,0.4,0.35,0.5,0.15,0.4,0.6
BUS00180,Business_Systems_Analyst,Business/Systems Analyst,F,22-25,2,BSc,1.2,0.636,0.7803,0.9851,0.729,0.6144,0.4,0.6107,0.5379,0.875,0.7402,0,2,0.25,0.35,0.4,0.35,0.5,0.15,0.4,0.6
BUS00181,Business_Systems_Analyst,Business/Systems Analyst,M,26-30,2,BSc,4.7,0.531,0.6438,0.9564,0.5883,0.5724,1.0,0.797,0.8119,0.7918,0.7998,1,3,0.25,0.35,0.4,0.35,0.5,0.15,0.4,0.6
BUS00182,Business_Systems_Analyst,Business/Systems Analyst,M,31-35,4,PhD,8.2,0.795,0.7426,1.0,1.0,0.918,1.0,0.9077,0.9426,0.9099,0.923,1,3,0.25,0.35,0.4,0.35,0.5,0.15,0.4,0.6
BUS00183,Business_Systems_Analyst,Business/Systems Analyst,M,22-25,2,BSc,1.8,0.636,1.0,0.9246,0.6732,0.6144,0.6,0.9125,0.7286,0.9133,0.8394,1,3,0.25,0.35,0.4,0.35,0.5,0.15,0.4,0.6
BUS00184,Business_Systems_Analyst,Business/Systems Analyst,M,31-35,2,BSc,0.0,0.57,0.8099,0.8725,0.5963,0.588,0.0,0.6128,0.3921,0.8092,0.6424,0,0,0.25,0.35,0.4,0.35,0.5,0.15,0.4,0.6
BUS00185,Business_Systems_Analyst,Business/Systems Analyst,M,22-25,2,BSc,1.2,0.86,1.0,0.9433,0.8299,0.704,0.4,0.7482,0.6153,0.9461,0.8138,0,3,0.25,0.35,0.4,0.35,0.5,0.15,0.4,0.6
BUS00186,Business_Systems_Analyst,Business/Systems Analyst,M,26-30,2,BSc,3.9,0.653,1.0,0.9918,0.7451,0.6212,1.0,0.8137,0.8308,0.9577,0.9069,1,3,0.25,0.35,0.4,0.35,0.5,0.15,0.4,0.6
BUS00187,Business_Systems_Analyst,Business/Systems Analyst,M,31-35,2,BSc,9.5,0.641,0.931,0.9125,1.0,0.6164,1.0,0.9925,0.9011,0.9321,0.9197,1,3,0.25,0.35,0.4,0.35,0.5,0.15,0.4,0.6
BUS00188,Business_Systems_Analyst,Business/Systems Analyst,F,26-30,2,BSc,0.0,0.518,0.7405,0.754,0.6185,0.5672,0.0,0.6848,0.4157,0.7289,0.6036,0,0,0.25,0.35,0.4,0.35,0.5,0.15,0.4,0.6
BUS00189,Business_Systems_Analyst,Business/Systems Analyst,M,31-35,3,MSc,2.6,0.85,0.9902,0.7777,0.7265,0.82,0.8667,0.8795,0.8601,0.8444,0.8507,1,3,0.25,0.35,0.4,0.35,0.5,0.15,0.4,0.6
BUS00190,Business_Systems_Analyst,Business/Systems Analyst,M,22-25,2,BSc,5.0,0.661,0.8436,1.0,0.5762,0.6244,1.0,0.8482,0.8454,0.8817,0.8672,1,3,0.25,0.35,0.4,0.35,0.5,0.15,0.4,0.6
BUS00191,Business_Systems_Analyst,Business/Systems Analyst,F,26-30,3,MSc,3.6,0.91,0.9047,1.0,0.7224,0.844,1.0,0.7751,0.871,0.925,0.9034,1,2,0.25,0.35,0.4,0.35,0.5,0.15,0.4,0.6
BUS00192,Business_Systems_Analyst,Business/Systems Analyst,M,22-25,2,BSc,2.8,0.538,0.7333,0.9823,0.6257,0.5752,0.9333,0.8959,0.8288,0.8417,0.8365,1,3,0.25,0.35,0.4,0.35,0.5,0.15,0.4,0.6
BUS00193,Business_Systems_Analyst,Business/Systems Analyst,M,26-30,2,BSc,2.8,0.58,0.722,0.7551,0.9832,0.592,0.9333,0.7596,0.7785,0.7777,0.778,1,3,0.25,0.35,0.4,0.35,0.5,0.15,0.4,0.6
BUS00194,Business_Systems_Analyst,Business/Systems Analyst,M,31-35,4,PhD,5.5,0.785,0.8265,0.7783,0.7522,0.914,1.0,0.729,0.8701,0.7913,0.8228,1,3,0.25,0.35,0.4,0.35,0.5,0.15,0.4,0.6
BUS00195,Business_Systems_Analyst,Business/Systems Analyst,M,36-40,2,BSc,5.6,0.415,1.0,0.9703,0.5384,0.526,1.0,0.8226,0.8105,0.9159,0.8737,1,3,0.25,0.35,0.4,0.35,0.5,0.15,0.4,0.6
BUS00196,Business_Systems_Analyst,Business/Systems Analyst,M,31-35,2,BSc,5.8,0.757,0.9503,0.9106,0.8961,0.6628,1.0,0.9062,0.8782,0.9223,0.9047,1,3,0.25,0.35,0.4,0.35,0.5,0.15,0.4,0.6
BUS00197,Business_Systems_Analyst,Business/Systems Analyst,F,31-35,3,MSc,4.5,0.583,0.8368,0.8027,0.683,0.7132,1.0,0.7041,0.8099,0.7967,0.802,1,2,0.25,0.35,0.4,0.35,0.5,0.15,0.4,0.6
BUS00198,Business_Systems_Analyst,Business/Systems Analyst,F,36-40,2,BSc,3.0,0.568,0.8303,0.8596,0.723,0.5872,1.0,0.6625,0.7618,0.8289,0.8021,1,2,0.25,0.35,0.4,0.35,0.5,0.15,0.4,0.6
BUS00199,Business_Systems_Analyst,Business/Systems Analyst,F,26-30,3,MSc,3.4,0.922,0.8574,0.7408,0.7014,0.8488,1.0,0.8954,0.9204,0.7757,0.8336,1,2,0.25,0.35,0.4,0.35,0.5,0.15,0.4,0.6
BUS00200,Business_Systems_Analyst,Business/Systems Analyst,F,26-30,2,BSc,5.6,0.679,0.7453,0.9735,0.8394,0.6316,1.0,0.9343,0.8816,0.8735,0.8767,1,3,0.25,0.35,0.4,0.35,0.5,0.15,0.4,0.6
BUS00201,Business_Systems_Analyst,Business/Systems Analyst,F,26-30,2,BSc,6.6,0.548,0.8715,1.0,0.8143,0.5792,1.0,0.8531,0.836,0.9272,0.8907,1,3,0.25,0.35,0.4,0.35,0.5,0.15,0.4,0.6
BUS00202,Business_Systems_Analyst,Business/Systems Analyst,M,41-45,2,BSc,7.2,0.598,0.8114,1.0,0.9695,0.5992,1.0,0.9669,0.8866,0.9294,0.9123,1,3,0.25,0.35,0.4,0.35,0.5,0.15,0.4,0.6
BUS00203,Business_Systems_Analyst,Business/Systems Analyst,F,36-40,2,BSc,4.7,0.629,0.8847,1.0,0.6703,0.6116,1.0,0.9161,0.8693,0.9102,0.8938,1,3,0.25,0.35,0.4,0.35,0.5,0.15,0.4,0.6
BUS00204,Business_Systems_Analyst,Business/Systems Analyst,M,22-25,3,MSc,1.8,0.661,1.0,0.8786,0.8586,0.7444,0.6,0.7961,0.7145,0.9181,0.8367,1,3,0.25,0.35,0.4,0.35,0.5,0.15,0.4,0.6
BUS00205,Business_Systems_Analyst,Business/Systems Analyst,F,31-35,2,BSc,5.1,0.625,0.8767,1.0,0.8121,0.61,1.0,0.7431,0.7997,0.9287,0.8771,1,3,0.25,0.35,0.4,0.35,0.5,0.15,0.4,0.6
BUS00206,Business_Systems_Analyst,Business/Systems Analyst,M,46+,2,BSc,5.7,0.646,0.9449,1.0,0.8214,0.6184,1.0,0.9339,0.8782,0.9539,0.9236,1,3,0.25,0.35,0.4,0.35,0.5,0.15,0.4,0.6
BUS00207,Business_Systems_Analyst,Business/Systems Analyst,F,41-45,3,MSc,4.0,0.678,0.9245,0.9712,0.7338,0.7512,1.0,0.809,0.8614,0.9192,0.8961,1,3,0.25,0.35,0.4,0.35,0.5,0.15,0.4,0.6
BUS00208,Business_Systems_Analyst,Business/Systems Analyst,M,31-35,2,BSc,0.0,0.714,0.9816,1.0,0.718,0.6456,0.0,1.0,0.5614,0.9513,0.7953,0,0,0.25,0.35,0.4,0.35,0.5,0.15,0.4,0.6
BUS00209,Business_Systems_Analyst,Business/Systems Analyst,F,31-35,2,BSc,1.9,0.66,0.9564,0.8169,0.7222,0.624,0.6333,0.5837,0.6111,0.8515,0.7553,1,1,0.25,0.35,0.4,0.35,0.5,0.15,0.4,0.6
BUS00210,Business_Systems_Analyst,Business/Systems Analyst,M,31-35,2,BSc,5.1,0.594,0.7018,0.9405,0.7128,0.5976,1.0,0.6318,0.7521,0.8228,0.7945,1,2,0.25,0.35,0.4,0.35,0.5,0.15,0.4,0.6
BUS00211,Business_Systems_Analyst,Business/Systems Analyst,F,22-25,2,BSc,2.0,0.738,0.9695,0.7926,0.6635,0.6552,0.6667,0.8801,0.7492,0.8351,0.8007,1,3,0.25,0.35,0.4,0.35,0.5,0.15,0.4,0.6
BUS00212,Business_Systems_Analyst,Business/Systems Analyst,M,22-25,1,Diploma,3.3,0.506,0.68,0.9842,0.7468,0.4424,1.0,0.8966,0.8192,0.8421,0.8329,0,0,0.25,0.35,0.4,0.35,0.5,0.15,0.4,0.6
BUS00213,Business_Systems_Analyst,Business/Systems Analyst,M,22-25,2,BSc,2.7,0.623,1.0,0.8871,0.701,0.6092,0.9,0.9018,0.828,0.8987,0.8704,1,3,0.25,0.35,0.4,0.35,0.5,0.15,0.4,0.6
BUS00214,Business_Systems_Analyst,Business/Systems Analyst,M,26-30,2,BSc,6.8,0.682,0.7515,1.0,0.8805,0.6328,1.0,0.8421,0.845,0.8951,0.8751,1,3,0.25,0.35,0.4,0.35,0.5,0.15,0.4,0.6
BUS00215,Business_Systems_Analyst,Business/Systems Analyst,F,36-40,3,MSc,2.0,0.66,0.9245,1.0,0.6461,0.744,0.6667,0.7605,0.7235,0.9205,0.8417,1,3,0.25,0.35,0.4,0.35,0.5,0.15,0.4,0.6
BUS00216,Business_Systems_Analyst,Business/Systems Analyst,M,26-30,4,PhD,4.0,0.712,0.9242,0.9614,0.8706,0.8848,1.0,0.9961,0.9696,0.9348,0.9487,1,3,0.25,0.35,0.4,0.35,0.5,0.15,0.4,0.6
BUS00217,Business_Systems_Analyst,Business/Systems Analyst,F,36-40,4,PhD,3.4,0.885,0.8639,0.8981,0.7235,0.954,1.0,0.9555,0.9707,0.8599,0.9042,1,3,0.25,0.35,0.4,0.35,0.5,0.15,0.4,0.6
BUS00218,Business_Systems_Analyst,Business/Systems Analyst,M,36-40,3,MSc,0.6,0.645,0.8144,0.7637,0.758,0.738,0.2,0.713,0.5397,0.7806,0.6842,0,3,0.25,0.35,0.4,0.35,0.5,0.15,0.4,0.6
BUS00219,Business_Systems_Analyst,Business/Systems Analyst,F,26-30,2,BSc,3.7,0.607,0.9156,0.8683,0.6766,0.6028,1.0,0.6472,0.7596,0.8561,0.8175,1,2,0.25,0.35,0.4,0.35,0.5,0.15,0.4,0.6
BUS00220,Business_Systems_Analyst,Business/Systems Analyst,M,31-35,3,MSc,6.5,0.821,0.9203,0.89,0.9285,0.8084,1.0,0.7986,0.8715,0.9064,0.8924,1,3,0.25,0.35,0.4,0.35,0.5,0.15,0.4,0.6
BUS00221,Business_Systems_Analyst,Business/Systems Analyst,F,22-25,3,MSc,3.1,0.619,0.9366,0.8497,0.8912,0.7276,1.0,0.8048,0.8538,0.8863,0.8733,1,3,0.25,0.35,0.4,0.35,0.5,0.15,0.4,0.6
BUS00222,Business_Systems_Analyst,Business/Systems Analyst,M,22-25,2,BSc,5.2,0.491,0.8529,0.9333,0.9132,0.5564,1.0,0.7826,0.8021,0.9021,0.8621,1,3,0.25,0.35,0.4,0.35,0.5,0.15,0.4,0.6
BUS00223,Business_Systems_Analyst,Business/Systems Analyst,M,31-35,2,BSc,3.7,0.871,0.8705,0.845,0.6225,0.7084,1.0,0.8189,0.8547,0.8205,0.8342,1,3,0.25,0.35,0.4,0.35,0.5,0.15,0.4,0.6
BUS00224,Business_Systems_Analyst,Business/Systems Analyst,M,26-30,3,MSc,6.5,0.637,0.9973,0.9959,0.7874,0.7348,1.0,0.9264,0.9043,0.9651,0.9408,1,3,0.25,0.35,0.4,0.35,0.5,0.15,0.4,0.6
BUS00225,Business_Systems_Analyst,Business/Systems Analyst,F,31-35,2,BSc,3.1,0.692,0.8887,0.8758,0.6636,0.6368,1.0,0.8409,0.8456,0.8485,0.8473,1,3,0.25,0.35,0.4,0.35,0.5,0.15,0.4,0.6
BUS00226,Business_Systems_Analyst,Business/Systems Analyst,F,36-40,3,MSc,3.6,0.676,0.8463,0.8953,0.9563,0.7504,1.0,0.9024,0.8986,0.8873,0.8918,1,3,0.25,0.35,0.4,0.35,0.5,0.15,0.4,0.6
BUS00227,Business_Systems_Analyst,Business/Systems Analyst,F,22-25,4,PhD,5.7,0.817,0.8813,1.0,0.9075,0.9268,1.0,0.9366,0.9563,0.9446,0.9493,1,3,0.25,0.35,0.4,0.35,0.5,0.15,0.4,0.6
BUS00228,Business_Systems_Analyst,Business/Systems Analyst,M,31-35,1,Diploma,0.0,0.569,0.7626,0.7869,0.7051,0.4676,0.0,0.7559,0.4193,0.7661,0.6274,0,0,0.25,0.35,0.4,0.35,0.5,0.15,0.4,0.6
BUS00229,Business_Systems_Analyst,Business/Systems Analyst,M,22-25,3,MSc,0.0,0.693,0.8033,0.8447,0.5342,0.7572,0.0,0.7161,0.4757,0.7836,0.6604,0,0,0.25,0.35,0.4,0.35,0.5,0.15,0.4,0.6
BUS00230,Business_Systems_Analyst,Business/Systems Analyst,M,31-35,3,MSc,2.2,0.716,0.9307,0.9075,0.7815,0.7664,0.7333,0.8728,0.7974,0.8967,0.857,1,3,0.25,0.35,0.4,0.35,0.5,0.15,0.4,0.6
BUS00231,Business_Systems_Analyst,Business/Systems Analyst,M,31-35,1,Diploma,4.0,0.439,0.6756,0.9092,0.6973,0.4156,1.0,0.8275,0.7849,0.7957,0.7914,0,0,0.25,0.35,0.4,0.35,0.5,0.15,0.4,0.6
BUS00232,Business_Systems_Analyst,Business/Systems Analyst,F,22-25,3,MSc,4.7,0.831,0.8919,0.9806,0.752,0.8124,1.0,0.9151,0.9191,0.9153,0.9168,1,3,0.25,0.35,0.4,0.35,0.5,0.15,0.4,0.6
BUS00233,Business_Systems_Analyst,Business/Systems Analyst,F,36-40,2,BSc,7.6,0.781,0.8437,1.0,1.0,0.6724,1.0,0.8956,0.8763,0.9453,0.9177,1,3,0.25,0.35,0.4,0.35,0.5,0.15,0.4,0.6
BUS00234,Business_Systems_Analyst,Business/Systems Analyst,F,41-45,2,BSc,0.6,0.767,1.0,0.8791,0.7628,0.6668,0.2,0.5417,0.4534,0.904,0.7238,0,2,0.25,0.35,0.4,0.35,0.5,0.15,0.4,0.6
BUS00235,Business_Systems_Analyst,Business/Systems Analyst,M,41-45,3,MSc,5.7,0.661,0.8587,0.9432,0.6875,0.7444,1.0,0.7252,0.8262,0.8753,0.8557,1,3,0.25,0.35,0.4,0.35,0.5,0.15,0.4,0.6
BUS00236,Business_Systems_Analyst,Business/Systems Analyst,F,26-30,2,BSc,2.1,0.764,0.8473,0.9577,0.9262,0.6656,0.7,0.7952,0.7295,0.9143,0.8404,1,3,0.25,0.35,0.4,0.35,0.5,0.15,0.4,0.6
BUS00237,Business_Systems_Analyst,Business/Systems Analyst,M,26-30,3,MSc,4.7,0.793,0.8409,1.0,0.8504,0.7972,1.0,0.927,0.9201,0.9219,0.9212,1,3,0.25,0.35,0.4,0.35,0.5,0.15,0.4,0.6
BUS00238,Business_Systems_Analyst,Business/Systems Analyst,M,31-35,3,MSc,1.5,0.594,0.7481,0.8807,0.5012,0.7176,0.5,0.6652,0.6205,0.7774,0.7146,1,2,0.25,0.35,0.4,0.35,0.5,0.15,0.4,0.6
BUS00239,Business_Systems_Analyst,Business/Systems Analyst,F,36-40,3,MSc,4.2,0.777,0.8201,0.91,0.9611,0.7908,1.0,0.8867,0.9024,0.8862,0.8927,1,3,0.25,0.35,0.4,0.35,0.5,0.15,0.4,0.6
BUS00240,Business_Systems_Analyst,Business/Systems Analyst,F,31-35,2,BSc,0.6,0.72,0.9293,0.9412,0.8007,0.648,0.2,0.8628,0.5771,0.916,0.7804,0,3,0.25,0.35,0.4,0.35,0.5,0.15,0.4,0.6
BUS00241,Business_Systems_Analyst,Business/Systems Analyst,F,46+,3,MSc,0.1,0.742,0.8671,0.8785,0.8185,0.7768,0.0333,0.7514,0.5064,0.8655,0.7219,0,0,0.25,0.35,0.4,0.35,0.5,0.15,0.4,0.6
BUS00242,Business_Systems_Analyst,Business/Systems Analyst,M,26-30,2,BSc,3.8,0.638,1.0,0.9958,0.7973,0.6152,1.0,0.7622,0.8087,0.9675,0.904,1,3,0.25,0.35,0.4,0.35,0.5,0.15,0.4,0.6
BUS00243,Business_Systems_Analyst,Business/Systems Analyst,F,22-25,3,MSc,0.7,0.809,0.8611,0.9945,0.6637,0.8036,0.2333,0.9149,0.6485,0.8982,0.7983,0,3,0.25,0.35,0.4,0.35,0.5,0.15,0.4,0.6
BUS00244,Business_Systems_Analyst,Business/Systems Analyst,F,22-25,2,BSc,3.8,0.667,0.9605,1.0,0.6171,0.6268,1.0,0.8613,0.8512,0.9287,0.8977,1,2,0.25,0.35,0.4,0.35,0.5,0.15,0.4,0.6
BUS00245,Business_Systems_Analyst,Business/Systems Analyst,M,26-30,3,MSc,4.8,0.979,0.836,0.8617,0.7925,0.8716,1.0,0.9621,0.9527,0.8423,0.8865,1,3,0.25,0.35,0.4,0.35,0.5,0.15,0.4,0.6
BUS00246,Business_Systems_Analyst,Business/Systems Analyst,M,31-35,2,BSc,5.2,0.549,0.8348,1.0,0.9213,0.5796,1.0,0.8292,0.8266,0.9304,0.8889,1,3,0.25,0.35,0.4,0.35,0.5,0.15,0.4,0.6
BUS00247,Business_Systems_Analyst,Business/Systems Analyst,M,26-30,2,BSc,7.8,0.748,0.8436,1.0,0.6863,0.6592,1.0,0.7743,0.8245,0.8982,0.8687,1,3,0.25,0.35,0.4,0.35,0.5,0.15,0.4,0.6
BUS00248,Business_Systems_Analyst,Business/Systems Analyst,F,22-25,3,MSc,6.8,0.891,0.7589,0.8632,0.8918,0.8364,1.0,0.8358,0.8934,0.831,0.856,1,3,0.25,0.35,0.4,0.35,0.5,0.15,0.4,0.6
BUS00249,Business_Systems_Analyst,Business/Systems Analyst,M,26-30,3,MSc,4.6,0.766,0.9218,1.0,0.8919,0.7864,1.0,0.8946,0.9044,0.9564,0.9356,1,3,0.25,0.35,0.4,0.35,0.5,0.15,0.4,0.6
BUS00250,Business_Systems_Analyst,Business/Systems Analyst,M,22-25,4,PhD,6.6,0.984,0.9604,0.9979,0.9631,0.9936,1.0,0.9713,0.9869,0.9796,0.9825,1,3,0.25,0.35,0.4,0.35,0.5,0.15,0.4,0.6
BUS00251,Business_Systems_Analyst,Business/Systems Analyst,F,31-35,1,Diploma,3.0,0.488,0.9953,0.8938,0.9325,0.4352,1.0,0.7124,0.7438,0.9351,0.8586,0,0,0.25,0.35,0.4,0.35,0.5,0.15,0.4,0.6
BUS00252,Business_Systems_Analyst,Business/Systems Analyst,F,31-35,2,BSc,5.8,0.757,0.7721,1.0,0.6347,0.6628,1.0,0.6953,0.7938,0.8654,0.8368,1,3,0.25,0.35,0.4,0.35,0.5,0.15,0.4,0.6
BUS00253,Business_Systems_Analyst,Business/Systems Analyst,M,31-35,3,MSc,2.4,0.698,0.6861,1.0,0.7802,0.7592,0.8,0.5603,0.6939,0.8572,0.7919,1,2,0.25,0.35,0.4,0.35,0.5,0.15,0.4,0.6
BUS00254,Business_Systems_Analyst,Business/Systems Analyst,M,26-30,3,MSc,6.0,0.689,0.8531,1.0,0.9006,0.7556,1.0,0.8212,0.8674,0.9337,0.9072,1,3,0.25,0.35,0.4,0.35,0.5,0.15,0.4,0.6
BUS00255,Business_Systems_Analyst,Business/Systems Analyst,F,31-35,3,MSc,3.7,0.73,0.9435,1.0,0.6487,0.772,1.0,0.927,0.9138,0.9275,0.922,1,2,0.25,0.35,0.4,0.35,0.5,0.15,0.4,0.6
BUS00256,Business_Systems_Analyst,Business/Systems Analyst,F,22-25,2,BSc,6.5,0.639,0.9289,1.0,0.8822,0.6156,1.0,0.8803,0.856,0.9574,0.9168,1,3,0.25,0.35,0.4,0.35,0.5,0.15,0.4,0.6
BUS00257,Business_Systems_Analyst,Business/Systems Analyst,F,31-35,2,BSc,4.3,0.789,0.9394,0.9198,1.0,0.6756,1.0,0.9642,0.9046,0.9387,0.9251,1,3,0.25,0.35,0.4,0.35,0.5,0.15,0.4,0.6
BUS00258,Business_Systems_Analyst,Business/Systems Analyst,M,26-30,2,BSc,4.1,0.776,0.9629,0.7343,0.8276,0.6704,1.0,0.7656,0.8238,0.8283,0.8265,1,2,0.25,0.35,0.4,0.35,0.5,0.15,0.4,0.6
BUS00259,Business_Systems_Analyst,Business/Systems Analyst,M,26-30,3,MSc,0.0,0.898,0.8648,0.8819,0.8297,0.8392,0.0,0.8892,0.5655,0.8681,0.7471,0,0,0.25,0.35,0.4,0.35,0.5,0.15,0.4,0.6
BUS00260,Business_Systems_Analyst,Business/Systems Analyst,M,36-40,3,MSc,4.4,0.749,1.0,0.9609,0.7997,0.7796,1.0,0.8553,0.887,0.9504,0.925,1,3,0.25,0.35,0.4,0.35,0.5,0.15,0.4,0.6
BUS00261,Business_Systems_Analyst,Business/Systems Analyst,F,31-35,3,MSc,6.1,0.638,0.901,0.944,0.9149,0.7352,1.0,0.9617,0.9185,0.9246,0.9222,1,3,0.25,0.35,0.4,0.35,0.5,0.15,0.4,0.6
BUS00262,Business_Systems_Analyst,Business/Systems Analyst,M,22-25,4,PhD,6.7,0.725,0.9035,0.9271,0.7526,0.89,1.0,0.7668,0.8792,0.8927,0.8873,1,3,0.25,0.35,0.4,0.35,0.5,0.15,0.4,0.6
BUS00263,Business_Systems_Analyst,Business/Systems Analyst,F,31-35,2,BSc,0.6,0.552,0.9776,0.8191,0.5774,0.5808,0.2,0.6891,0.4908,0.8383,0.6993,0,3,0.25,0.35,0.4,0.35,0.5,0.15,0.4,0.6
BUS00264,Business_Systems_Analyst,Business/Systems Analyst,M,22-25,2,BSc,1.0,0.547,0.9713,0.974,0.7876,0.5788,0.3333,0.7688,0.5689,0.9451,0.7946,0,3,0.25,0.35,0.4,0.35,0.5,0.15,0.4,0.6
BUS00265,Business_Systems_Analyst,Business/Systems Analyst,F,31-35,4,PhD,3.6,0.827,0.9494,0.8319,0.9449,0.9308,1.0,0.7924,0.8997,0.89,0.8939,1,3,0.25,0.35,0.4,0.35,0.5,0.15,0.4,0.6
BUS00266,Business_Systems_Analyst,Business/Systems Analyst,M,36-40,2,BSc,0.0,0.703,0.9793,0.8851,0.6671,0.6412,0.0,0.9272,0.5312,0.8854,0.7437,0,0,0.25,0.35,0.4,0.35,0.5,0.15,0.4,0.6
BUS00267,Business_Systems_Analyst,Business/Systems Analyst,M,36-40,2,BSc,5.0,0.768,0.7647,0.7788,0.7418,0.6672,1.0,0.5825,0.7498,0.7683,0.7609,1,2,0.25,0.35,0.4,0.35,0.5,0.15,0.4,0.6
BUS00268,Business_Systems_Analyst,Business/Systems Analyst,M,31-35,4,PhD,5.1,0.777,0.7397,1.0,0.9651,0.9108,1.0,0.7755,0.8879,0.9037,0.8974,1,3,0.25,0.35,0.4,0.35,0.5,0.15,0.4,0.6
BUS00269,Business_Systems_Analyst,Business/Systems Analyst,M,41-45,3,MSc,4.6,0.906,0.9089,0.9825,0.8976,0.8424,1.0,0.8398,0.8965,0.944,0.925,1,3,0.25,0.35,0.4,0.35,0.5,0.15,0.4,0.6
BUS00270,Business_Systems_Analyst,Business/Systems Analyst,M,26-30,2,BSc,1.7,0.925,0.8684,0.7523,0.5236,0.73,0.5667,0.4023,0.5418,0.7586,0.6719,1,1,0.25,0.35,0.4,0.35,0.5,0.15,0.4,0.6
BUS00271,Business_Systems_Analyst,Business/Systems Analyst,F,22-25,2,BSc,6.0,0.558,0.8607,0.9049,0.7967,0.5832,1.0,0.8029,0.817,0.8732,0.8507,1,3,0.25,0.35,0.4,0.35,0.5,0.15,0.4,0.6
BUS00272,Business_Systems_Analyst,Business/Systems Analyst,M,31-35,3,MSc,2.9,0.847,0.8443,0.9433,0.759,0.8188,0.9667,0.8504,0.8832,0.881,0.8819,1,3,0.25,0.35,0.4,0.35,0.5,0.15,0.4,0.6
BUS00273,Business_Systems_Analyst,Business/Systems Analyst,F,22-25,3,MSc,3.7,0.794,0.9656,1.0,0.7597,0.7976,1.0,1.0,0.9494,0.9519,0.9509,1,3,0.25,0.35,0.4,0.35,0.5,0.15,0.4,0.6
BUS00274,Business_Systems_Analyst,Business/Systems Analyst,F,26-30,2,BSc,6.1,0.709,0.8159,1.0,1.0,0.6436,1.0,0.9786,0.9023,0.9356,0.9223,1,3,0.25,0.35,0.4,0.35,0.5,0.15,0.4,0.6
BUS00275,Business_Systems_Analyst,Business/Systems Analyst,F,26-30,3,MSc,6.1,0.573,0.8032,0.987,0.6459,0.7092,1.0,1.0,0.9273,0.8715,0.8938,1,3,0.25,0.35,0.4,0.35,0.5,0.15,0.4,0.6
BUS00276,Business_Systems_Analyst,Business/Systems Analyst,F,22-25,3,MSc,5.3,0.777,1.0,0.9268,0.9004,0.7908,1.0,0.6764,0.8183,0.9485,0.8964,1,2,0.25,0.35,0.4,0.35,0.5,0.15,0.4,0.6
BUS00277,Business_Systems_Analyst,Business/Systems Analyst,M,36-40,3,MSc,3.5,0.727,0.9997,0.8806,0.894,0.7708,1.0,0.8886,0.8981,0.9243,0.9138,1,3,0.25,0.35,0.4,0.35,0.5,0.15,0.4,0.6
BUS00278,Business_Systems_Analyst,Business/Systems Analyst,F,26-30,3,MSc,5.3,0.833,0.9839,1.0,0.8167,0.8132,1.0,0.7328,0.8464,0.9669,0.9187,1,3,0.25,0.35,0.4,0.35,0.5,0.15,0.4,0.6
BUS00279,Business_Systems_Analyst,Business/Systems Analyst,M,26-30,3,MSc,9.2,0.927,0.7989,1.0,0.8352,0.8508,1.0,0.8104,0.8869,0.9049,0.8977,1,3,0.25,0.35,0.4,0.35,0.5,0.15,0.4,0.6
BUS00280,Business_Systems_Analyst,Business/Systems Analyst,F,26-30,1,Diploma,5.5,0.571,0.9575,0.7693,0.8818,0.4684,1.0,0.9208,0.8354,0.852,0.8454,0,0,0.25,0.35,0.4,0.35,0.5,0.15,0.4,0.6
BUS00281,Business_Systems_Analyst,Business/Systems Analyst,M,26-30,3,MSc,4.4,0.765,0.9681,0.8486,1.0,0.786,1.0,0.7548,0.8484,0.9131,0.8872,1,3,0.25,0.35,0.4,0.35,0.5,0.15,0.4,0.6
BUS00282,Business_Systems_Analyst,Business/Systems Analyst,F,46+,3,MSc,1.7,0.739,0.8218,1.0,0.793,0.7756,0.5667,0.8473,0.7312,0.9066,0.8364,1,3,0.25,0.35,0.4,0.35,0.5,0.15,0.4,0.6
BUS00283,Business_Systems_Analyst,Business/Systems Analyst,F,26-30,2,BSc,2.6,0.768,0.8046,0.848,0.6124,0.6672,0.8667,0.5733,0.6995,0.7975,0.7583,1,2,0.25,0.35,0.4,0.35,0.5,0.15,0.4,0.6
BUS00284,Business_Systems_Analyst,Business/Systems Analyst,M,26-30,2,BSc,7.5,0.816,0.8872,0.9431,0.8854,0.6864,1.0,0.6619,0.7864,0.9149,0.8635,1,2,0.25,0.35,0.4,0.35,0.5,0.15,0.4,0.6
BUS00285,Business_Systems_Analyst,Business/Systems Analyst,M,22-25,2,BSc,6.0,0.625,0.9231,0.7311,0.7596,0.61,1.0,0.5324,0.7155,0.8026,0.7678,1,2,0.25,0.35,0.4,0.35,0.5,0.15,0.4,0.6
BUS00286,Business_Systems_Analyst,Business/Systems Analyst,M,22-25,2,BSc,3.3,0.688,0.9861,0.8711,0.7826,0.6352,1.0,0.8266,0.8394,0.8981,0.8746,1,3,0.25,0.35,0.4,0.35,0.5,0.15,0.4,0.6
BUS00287,Business_Systems_Analyst,Business/Systems Analyst,M,26-30,2,BSc,4.9,0.672,1.0,0.9586,0.8078,0.6288,1.0,0.7957,0.8255,0.9505,0.9005,1,3,0.25,0.35,0.4,0.35,0.5,0.15,0.4,0.6
BUS00288,Business_Systems_Analyst,Business/Systems Analyst,M,22-25,2,BSc,4.0,0.763,0.907,0.7377,0.7627,0.6652,1.0,0.6099,0.7603,0.8007,0.7845,1,2,0.25,0.35,0.4,0.35,0.5,0.15,0.4,0.6
BUS00289,Business_Systems_Analyst,Business/Systems Analyst,F,22-25,2,BSc,0.0,0.898,0.9007,0.7996,0.6156,0.7192,0.0,0.9636,0.5652,0.8074,0.7105,0,0,0.25,0.35,0.4,0.35,0.5,0.15,0.4,0.6
BUS00290,Business_Systems_Analyst,Business/Systems Analyst,M,22-25,2,BSc,4.7,0.872,0.6846,1.0,0.7949,0.7088,1.0,0.9444,0.905,0.8588,0.8773,1,3,0.25,0.35,0.4,0.35,0.5,0.15,0.4,0.6
BUS00291,Business_Systems_Analyst,Business/Systems Analyst,M,26-30,3,MSc,6.4,0.812,1.0,0.9506,0.918,0.8048,1.0,0.8892,0.9069,0.963,0.9406,1,3,0.25,0.35,0.4,0.35,0.5,0.15,0.4,0.6
BUS00292,Business_Systems_Analyst,Business/Systems Analyst,F,31-35,3,MSc,4.2,0.834,0.852,0.8744,0.7866,0.8136,1.0,0.9189,0.921,0.8534,0.8804,1,3,0.25,0.35,0.4,0.35,0.5,0.15,0.4,0.6
BUS00293,Business_Systems_Analyst,Business/Systems Analyst,M,31-35,1,Diploma,7.0,0.503,0.88,0.9993,0.8165,0.4412,1.0,0.8487,0.7998,0.9301,0.878,0,0,0.25,0.35,0.4,0.35,0.5,0.15,0.4,0.6
BUS00294,Business_Systems_Analyst,Business/Systems Analyst,F,31-35,3,MSc,0.0,0.73,1.0,0.9951,0.8788,0.772,0.0,0.9126,0.558,0.9794,0.8108,0,0,0.25,0.35,0.4,0.35,0.5,0.15,0.4,0.6
BUS00295,Business_Systems_Analyst,Business/Systems Analyst,F,31-35,3,MSc,1.2,0.744,0.8872,0.829,0.7318,0.7776,0.4,0.7778,0.6455,0.8348,0.7591,0,3,0.25,0.35,0.4,0.35,0.5,0.15,0.4,0.6
BUS00296,Business_Systems_Analyst,Business/Systems Analyst,M,31-35,2,BSc,2.3,0.462,0.819,0.6937,0.9137,0.5448,0.7667,0.7532,0.7058,0.7706,0.7447,1,2,0.25,0.35,0.4,0.35,0.5,0.15,0.4,0.6
BUS00297,Business_Systems_Analyst,Business/Systems Analyst,F,36-40,2,BSc,6.2,0.599,0.6967,1.0,0.7947,0.5996,1.0,0.775,0.8099,0.863,0.8418,1,3,0.25,0.35,0.4,0.35,0.5,0.15,0.4,0.6
BUS00298,Business_Systems_Analyst,Business/Systems Analyst,M,31-35,4,PhD,2.9,0.957,1.0,0.9289,0.7133,0.9828,0.9667,0.7422,0.8809,0.9214,0.9052,1,3,0.25,0.35,0.4,0.35,0.5,0.15,0.4,0.6
BUS00299,Business_Systems_Analyst,Business/Systems Analyst,F,31-35,2,BSc,1.0,0.579,0.8424,0.8024,0.7332,0.5916,0.3333,0.6715,0.5332,0.806,0.6969,0,2,0.25,0.35,0.4,0.35,0.5,0.15,0.4,0.6
BUS00300,Business_Systems_Analyst,Business/Systems Analyst,M,31-35,2,BSc,0.8,0.553,0.7418,0.8803,0.7457,0.5812,0.2667,0.6679,0.5058,0.8116,0.6893,0,2,0.25,0.35,0.4,0.35,0.5,0.15,0.4,0.6
BUS00301,Business_Systems_Analyst,Business/Systems Analyst,F,31-35,2,BSc,7.4,0.731,1.0,1.0,0.6122,0.6524,1.0,0.8823,0.866,0.9418,0.9115,1,3,0.25,0.35,0.4,0.35,0.5,0.15,0.4,0.6
BUS00302,Business_Systems_Analyst,Business/Systems Analyst,F,26-30,3,MSc,0.0,0.68,0.9054,0.7334,0.5998,0.752,0.0,0.7241,0.4776,0.7736,0.6552,0,0,0.25,0.35,0.4,0.35,0.5,0.15,0.4,0.6
BUS00303,Business_Systems_Analyst,Business/Systems Analyst,M,31-35,3,MSc,6.6,0.772,0.9352,1.0,0.9954,0.7888,1.0,1.0,0.9472,0.9766,0.9648,1,3,0.25,0.35,0.4,0.35,0.5,0.15,0.4,0.6
BUS00304,Business_Systems_Analyst,Business/Systems Analyst,F,26-30,2,BSc,5.5,0.643,0.7815,0.9339,0.8834,0.6172,1.0,0.8716,0.8529,0.873,0.865,1,2,0.25,0.35,0.4,0.35,0.5,0.15,0.4,0.6
BUS00305,Business_Systems_Analyst,Business/Systems Analyst,M,36-40,3,MSc,3.2,0.808,0.5792,0.8713,0.7816,0.8032,1.0,0.7406,0.847,0.7556,0.7922,1,3,0.25,0.35,0.4,0.35,0.5,0.15,0.4,0.6
BUS00306,Business_Systems_Analyst,Business/Systems Analyst,F,26-30,3,MSc,4.9,0.542,0.6412,0.9315,0.9094,0.6968,1.0,0.6796,0.796,0.8266,0.8144,1,3,0.25,0.35,0.4,0.35,0.5,0.15,0.4,0.6
BUS00307,Business_Systems_Analyst,Business/Systems Analyst,M,22-25,2,BSc,2.6,0.705,0.9108,0.9664,0.8643,0.642,0.8667,0.7849,0.7778,0.9316,0.8701,1,3,0.25,0.35,0.4,0.35,0.5,0.15,0.4,0.6
BUS00308,Business_Systems_Analyst,Business/Systems Analyst,M,31-35,2,BSc,4.1,0.782,0.7732,0.9536,0.7763,0.6728,1.0,0.8747,0.8681,0.8639,0.8656,1,3,0.25,0.35,0.4,0.35,0.5,0.15,0.4,0.6
BUS00309,Business_Systems_Analyst,Business/Systems Analyst,F,36-40,3,MSc,5.1,0.586,0.9923,0.8599,1.0,0.7144,1.0,0.9059,0.891,0.9273,0.9128,1,3,0.25,0.35,0.4,0.35,0.5,0.15,0.4,0.6
BUS00310,Business_Systems_Analyst,Business/Systems Analyst,M,26-30,2,BSc,1.1,0.637,0.8404,0.8967,0.6859,0.6148,0.3667,0.5573,0.505,0.8454,0.7092,0,2,0.25,0.35,0.4,0.35,0.5,0.15,0.4,0.6
BUS00311,Business_Systems_Analyst,Business/Systems Analyst,M,31-35,2,BSc,3.2,0.769,0.7687,0.718,0.6615,0.6676,1.0,0.6078,0.76,0.7273,0.7404,1,1,0.25,0.35,0.4,0.35,0.5,0.15,0.4,0.6
BUS00312,Business_Systems_Analyst,Business/Systems Analyst,M,22-25,2,BSc,2.3,0.783,0.8859,0.8595,0.6758,0.6732,0.7667,0.5633,0.662,0.8412,0.7695,1,2,0.25,0.35,0.4,0.35,0.5,0.15,0.4,0.6
BUS00313,Business_Systems_Analyst,Business/Systems Analyst,F,31-35,2,BSc,0.0,0.713,0.9511,0.8961,0.7709,0.6452,0.0,0.6394,0.4171,0.8966,0.7048,0,0,0.25,0.35,0.4,0.35,0.5,0.15,0.4,0.6
BUS00314,Business_Systems_Analyst,Business/Systems Analyst,M,22-25,4,PhD,1.8,0.82,0.9871,1.0,0.7035,0.928,0.6,0.8233,0.7713,0.951,0.8791,1,2,0.25,0.35,0.4,0.35,0.5,0.15,0.4,0.6
BUS00315,Business_Systems_Analyst,Business/Systems Analyst,M,31-35,3,MSc,9.1,0.819,0.7584,1.0,1.0,0.8076,1.0,1.0,0.9519,0.9154,0.93,1,3,0.25,0.35,0.4,0.35,0.5,0.15,0.4,0.6
BUS00316,Business_Systems_Analyst,Business/Systems Analyst,M,41-45,3,MSc,5.3,0.705,0.8259,1.0,0.9598,0.762,1.0,0.8791,0.8921,0.933,0.9166,1,3,0.25,0.35,0.4,0.35,0.5,0.15,0.4,0.6
BUS00317,Business_Systems_Analyst,Business/Systems Analyst,F,31-35,2,BSc,7.9,0.692,0.9295,1.0,0.9929,0.6368,1.0,0.9269,0.88,0.9743,0.9366,1,3,0.25,0.35,0.4,0.35,0.5,0.15,0.4,0.6
BUS00318,Business_Systems_Analyst,Business/Systems Analyst,M,26-30,2,BSc,6.8,0.711,0.7147,0.9872,0.6145,0.6444,1.0,0.8591,0.8547,0.8359,0.8434,1,3,0.25,0.35,0.4,0.35,0.5,0.15,0.4,0.6
BUS00319,Business_Systems_Analyst,Business/Systems Analyst,M,22-25,1,Diploma,0.0,0.49,0.8322,0.8459,0.5598,0.436,0.0,0.528,0.3202,0.7982,0.607,0,0,0.25,0.35,0.4,0.35,0.5,0.15,0.4,0.6
BUS00320,Business_Systems_Analyst,Business/Systems Analyst,M,46+,2,BSc,3.7,0.573,0.7692,0.8429,0.7916,0.5892,1.0,0.931,0.8697,0.8094,0.8335,1,3,0.25,0.35,0.4,0.35,0.5,0.15,0.4,0.6
BUS00321,Business_Systems_Analyst,Business/Systems Analyst,F,36-40,2,BSc,3.5,0.779,0.9217,0.889,0.8466,0.6716,1.0,0.6672,0.7848,0.8941,0.8504,1,1,0.25,0.35,0.4,0.35,0.5,0.15,0.4,0.6
BUS00322,Business_Systems_Analyst,Business/Systems Analyst,M,22-25,2,BSc,2.0,0.845,0.8607,0.7652,0.6655,0.698,0.6667,0.7372,0.7027,0.7837,0.7513,1,3,0.25,0.35,0.4,0.35,0.5,0.15,0.4,0.6
BUS00323,Business_Systems_Analyst,Business/Systems Analyst,M,22-25,2,BSc,2.2,0.485,0.7819,0.9082,0.6728,0.554,0.7333,0.6253,0.6453,0.8287,0.7553,1,2,0.25,0.35,0.4,0.35,0.5,0.15,0.4,0.6
BUS00324,Business_Systems_Analyst,Business/Systems Analyst,M,26-30,3,MSc,5.1,0.742,0.7092,0.8929,0.8123,0.7768,1.0,0.8091,0.8678,0.8165,0.837,1,3,0.25,0.35,0.4,0.35,0.5,0.15,0.4,0.6
BUS00325,Business_Systems_Analyst,Business/Systems Analyst,F,22-25,2,BSc,3.4,0.748,1.0,0.9469,0.749,0.6592,1.0,0.9344,0.8886,0.9358,0.9169,1,3,0.25,0.35,0.4,0.35,0.5,0.15,0.4,0.6
BUS00326,Business_Systems_Analyst,Business/Systems Analyst,F,31-35,2,BSc,3.7,0.638,0.895,1.0,0.5717,0.6152,1.0,0.702,0.7846,0.899,0.8532,1,3,0.25,0.35,0.4,0.35,0.5,0.15,0.4,0.6
BUS00327,Business_Systems_Analyst,Business/Systems Analyst,F,22-25,3,MSc,4.0,0.583,0.6565,0.812,0.7198,0.7132,1.0,0.712,0.8131,0.7437,0.7715,1,3,0.25,0.35,0.4,0.35,0.5,0.15,0.4,0.6
BUS00328,Business_Systems_Analyst,Business/Systems Analyst,F,22-25,3,MSc,1.8,0.731,0.801,1.0,0.7074,0.7724,0.6,0.9473,0.782,0.8865,0.8447,1,3,0.25,0.35,0.4,0.35,0.5,0.15,0.4,0.6
BUS00329,Business_Systems_Analyst,Business/Systems Analyst,M,22-25,2,BSc,3.4,0.677,0.9155,0.8785,0.4877,0.6308,1.0,0.9472,0.8866,0.8328,0.8543,1,3,0.25,0.35,0.4,0.35,0.5,0.15,0.4,0.6
BUS00330,Business_Systems_Analyst,Business/Systems Analyst,M,26-30,3,MSc,3.9,0.751,0.8365,0.9659,0.8626,0.7804,1.0,0.9721,0.9339,0.9051,0.9166,1,3,0.25,0.35,0.4,0.35,0.5,0.15,0.4,0.6
BUS00331,Business_Systems_Analyst,Business/Systems Analyst,M,46+,3,MSc,2.6,0.652,0.8697,0.8511,0.8301,0.7408,0.8667,0.7541,0.7902,0.8545,0.8288,1,3,0.25,0.35,0.4,0.35,0.5,0.15,0.4,0.6
BUS00332,Business_Systems_Analyst,Business/Systems Analyst,M,31-35,3,MSc,2.6,0.767,0.7149,1.0,0.6643,0.7868,0.8667,0.796,0.8184,0.8499,0.8373,1,3,0.25,0.35,0.4,0.35,0.5,0.15,0.4,0.6
BUS00333,Business_Systems_Analyst,Business/Systems Analyst,M,31-35,3,MSc,5.5,0.585,0.8977,0.9549,1.0,0.714,1.0,0.8334,0.8619,0.9416,0.9097,1,3,0.25,0.35,0.4,0.35,0.5,0.15,0.4,0.6
BUS00334,Business_Systems_Analyst,Business/Systems Analyst,F,36-40,3,MSc,1.1,0.606,0.8797,0.8319,0.6442,0.7224,0.3667,0.7851,0.623,0.8205,0.7415,0,3,0.25,0.35,0.4,0.35,0.5,0.15,0.4,0.6
BUS00335,Business_Systems_Analyst,Business/Systems Analyst,F,31-35,3,MSc,4.2,0.839,0.7851,1.0,0.8153,0.8156,1.0,0.9304,0.9261,0.8971,0.9087,1,3,0.25,0.35,0.4,0.35,0.5,0.15,0.4,0.6
BUS00336,Business_Systems_Analyst,Business/Systems Analyst,F,26-30,2,BSc,2.2,0.413,0.6418,0.8576,0.8616,0.5252,0.7333,0.7138,0.6735,0.7827,0.739,1,3,0.25,0.35,0.4,0.35,0.5,0.15,0.4,0.6
BUS00337,Business_Systems_Analyst,Business/Systems Analyst,M,22-25,2,BSc,3.2,0.608,0.8504,0.8376,0.8154,0.6032,1.0,0.6937,0.7783,0.8387,0.8145,1,3,0.25,0.35,0.4,0.35,0.5,0.15,0.4,0.6
BUS00338,Business_Systems_Analyst,Business/Systems Analyst,M,26-30,3,MSc,2.1,0.757,0.7882,0.7975,0.9281,0.7828,0.7,0.596,0.6791,0.8138,0.7599,1,2,0.25,0.35,0.4,0.35,0.5,0.15,0.4,0.6
BUS00339,Business_Systems_Analyst,Business/Systems Analyst,F,31-35,3,MSc,3.0,0.616,0.8546,1.0,0.7039,0.7264,1.0,0.8052,0.8537,0.9047,0.8843,1,3,0.25,0.35,0.4,0.35,0.5,0.15,0.4,0.6
BUS00340,Business_Systems_Analyst,Business/Systems Analyst,M,22-25,2,BSc,1.5,0.691,0.9789,0.9029,0.7164,0.6364,0.5,0.8915,0.6907,0.9015,0.8172,1,3,0.25,0.35,0.4,0.35,0.5,0.15,0.4,0.6
BUS00341,Business_Systems_Analyst,Business/Systems Analyst,M,31-35,3,MSc,7.6,0.736,0.8675,0.9447,0.7114,0.7744,1.0,1.0,0.9436,0.8827,0.9071,1,3,0.25,0.35,0.4,0.35,0.5,0.15,0.4,0.6
BUS00342,Business_Systems_Analyst,Business/Systems Analyst,F,36-40,1,Diploma,6.6,0.573,0.8762,0.7958,0.6582,0.4692,1.0,0.7245,0.7571,0.8033,0.7848,0,0,0.25,0.35,0.4,0.35,0.5,0.15,0.4,0.6
BUS00343,Business_Systems_Analyst,Business/Systems Analyst,M,22-25,2,BSc,0.4,0.723,0.8481,0.8046,0.6041,0.6492,0.1333,0.7125,0.494,0.7897,0.6714,0,0,0.25,0.35,0.4,0.35,0.5,0.15,0.4,0.6
BUS00344,Business_Systems_Analyst,Business/Systems Analyst,M,41-45,2,BSc,5.3,0.801,1.0,0.9366,0.8654,0.6804,1.0,0.7786,0.8315,0.9481,0.9015,1,3,0.25,0.35,0.4,0.35,0.5,0.15,0.4,0.6
BUS00345,Business_Systems_Analyst,Business/Systems Analyst,M,31-35,2,BSc,6.9,0.616,0.9646,1.0,0.9711,0.6064,1.0,0.9119,0.8664,0.9833,0.9365,1,3,0.25,0.35,0.4,0.35,0.5,0.15,0.4,0.6
BUS00346,Business_Systems_Analyst,Business/Systems Analyst,F,26-30,2,BSc,0.0,0.596,0.6999,0.8063,0.8316,0.5984,0.0,0.5629,0.3748,0.7729,0.6137,0,0,0.25,0.35,0.4,0.35,0.5,0.15,0.4,0.6
BUS00347,Business_Systems_Analyst,Business/Systems Analyst,M,26-30,2,BSc,5.6,0.753,0.9517,1.0,0.7353,0.6612,1.0,0.8442,0.853,0.9434,0.9072,1,3,0.25,0.35,0.4,0.35,0.5,0.15,0.4,0.6
BUS00348,Business_Systems_Analyst,Business/Systems Analyst,M,26-30,2,BSc,1.1,0.827,1.0,0.8505,0.5166,0.6908,0.3667,0.6805,0.5732,0.8527,0.7409,0,2,0.25,0.35,0.4,0.35,0.5,0.15,0.4,0.6
BUS00349,Business_Systems_Analyst,Business/Systems Analyst,F,36-40,3,MSc,3.6,0.849,0.8718,0.9904,0.6414,0.8196,1.0,0.9582,0.9382,0.8965,0.9132,1,3,0.25,0.35,0.4,0.35,0.5,0.15,0.4,0.6
BUS00350,Business_Systems_Analyst,Business/Systems Analyst,F,26-30,2,BSc,0.6,0.761,0.6391,0.8102,0.5219,0.6644,0.2,0.4698,0.424,0.7071,0.5939,0,0,0.25,0.35,0.4,0.35,0.5,0.15,0.4,0.6
BUS00351,Business_Systems_Analyst,Business/Systems Analyst,F,26-30,3,MSc,2.0,0.681,0.9197,0.8718,0.8689,0.7524,0.6667,0.8402,0.7575,0.8881,0.8359,1,3,0.25,0.35,0.4,0.35,0.5,0.15,0.4,0.6
BUS00352,Business_Systems_Analyst,Business/Systems Analyst,M,36-40,2,BSc,3.7,0.617,0.818,0.9985,0.7372,0.6068,1.0,0.6054,0.7439,0.8961,0.8352,1,2,0.25,0.35,0.4,0.35,0.5,0.15,0.4,0.6
BUS00353,Business_Systems_Analyst,Business/Systems Analyst,M,41-45,3,MSc,0.0,0.704,0.6637,0.8031,0.8741,0.7616,0.0,0.6417,0.4471,0.765,0.6378,0,0,0.25,0.35,0.4,0.35,0.5,0.15,0.4,0.6
BUS00354,Business_Systems_Analyst,Business/Systems Analyst,M,26-30,2,BSc,4.2,0.6,1.0,0.9379,0.8524,0.6,1.0,0.7351,0.794,0.9468,0.8857,1,3,0.25,0.35,0.4,0.35,0.5,0.15,0.4,0.6
BUS00355,Business_Systems_Analyst,Business/Systems Analyst,M,26-30,2,BSc,3.5,0.624,0.8289,0.8371,0.7223,0.6096,1.0,0.6022,0.7433,0.817,0.7875,1,2,0.25,0.35,0.4,0.35,0.5,0.15,0.4,0.6
BUS00356,Business_Systems_Analyst,Business/Systems Analyst,M,31-35,3,MSc,6.6,0.731,0.8845,1.0,0.8857,0.7724,1.0,0.9045,0.9049,0.9424,0.9274,1,3,0.25,0.35,0.4,0.35,0.5,0.15,0.4,0.6
BUS00357,Business_Systems_Analyst,Business/Systems Analyst,F,22-25,3,MSc,4.3,0.841,1.0,0.8226,0.9375,0.8164,1.0,0.8315,0.8867,0.9019,0.8958,1,3,0.25,0.35,0.4,0.35,0.5,0.15,0.4,0.6
BUS00358,Business_Systems_Analyst,Business/Systems Analyst,F,26-30,2,BSc,5.9,0.809,0.8969,1.0,0.7284,0.6836,1.0,0.7035,0.8023,0.9232,0.8748,1,3,0.25,0.35,0.4,0.35,0.5,0.15,0.4,0.6
BUS00359,Business_Systems_Analyst,Business/Systems Analyst,F,26-30,2,BSc,0.9,0.581,0.77,0.9036,0.5949,0.5924,0.3,0.5422,0.47,0.8105,0.6743,0,3,0.25,0.35,0.4,0.35,0.5,0.15,0.4,0.6
BUS00360,Business_Systems_Analyst,Business/Systems Analyst,M,26-30,3,MSc,0.3,0.865,1.0,0.8439,0.857,0.826,0.1,0.7858,0.5558,0.9005,0.7626,0,0,0.25,0.35,0.4,0.35,0.5,0.15,0.4,0.6
BUS00361,Business_Systems_Analyst,Business/Systems Analyst,M,31-35,2,BSc,5.0,0.633,0.8419,1.0,0.9532,0.6132,1.0,0.825,0.8333,0.9376,0.8959,1,3,0.25,0.35,0.4,0.35,0.5,0.15,0.4,0.6
BUS00362,Business_Systems_Analyst,Business/Systems Analyst,F,22-25,3,MSc,4.0,0.742,1.0,1.0,0.8807,0.7768,1.0,0.7716,0.8528,0.9821,0.9304,1,3,0.25,0.35,0.4,0.35,0.5,0.15,0.4,0.6
BUS00363,Business_Systems_Analyst,Business/Systems Analyst,F,22-25,3,MSc,4.8,0.694,0.9853,1.0,0.9864,0.7576,1.0,0.8442,0.8771,0.9928,0.9465,1,3,0.25,0.35,0.4,0.35,0.5,0.15,0.4,0.6
BUS00364,Business_Systems_Analyst,Business/Systems Analyst,M,31-35,2,BSc,3.9,0.77,0.7948,0.9458,0.5715,0.668,1.0,0.7097,0.8009,0.8368,0.8224,1,3,0.25,0.35,0.4,0.35,0.5,0.15,0.4,0.6
BUS00365,Business_Systems_Analyst,Business/Systems Analyst,M,22-25,2,BSc,2.3,0.749,0.6883,0.8826,0.703,0.6596,0.7667,0.5342,0.6469,0.7877,0.7314,1,2,0.25,0.35,0.4,0.35,0.5,0.15,0.4,0.6
BUS00366,Business_Systems_Analyst,Business/Systems Analyst,M,31-35,2,BSc,6.1,0.699,0.8431,0.922,0.6895,0.6396,1.0,0.984,0.9035,0.8595,0.8771,1,3,0.25,0.35,0.4,0.35,0.5,0.15,0.4,0.6
BUS00367,Business_Systems_Analyst,Business/Systems Analyst,F,31-35,3,MSc,5.1,0.685,0.7687,1.0,0.6656,0.754,1.0,0.6225,0.7875,0.8689,0.8363,1,2,0.25,0.35,0.4,0.35,0.5,0.15,0.4,0.6
BUS00368,Business_Systems_Analyst,Business/Systems Analyst,M,26-30,4,PhD,4.5,0.666,0.886,1.0,0.8404,0.8664,1.0,0.941,0.943,0.9362,0.9389,1,3,0.25,0.35,0.4,0.35,0.5,0.15,0.4,0.6
BUS00369,Business_Systems_Analyst,Business/Systems Analyst,F,31-35,3,MSc,8.8,0.823,0.8151,1.0,1.0,0.8092,1.0,0.757,0.8551,0.9353,0.9032,1,3,0.25,0.35,0.4,0.35,0.5,0.15,0.4,0.6
BUS00370,Business_Systems_Analyst,Business/Systems Analyst,M,26-30,2,BSc,8.3,0.792,0.8613,1.0,0.9694,0.6768,1.0,0.9551,0.9012,0.9469,0.9286,1,3,0.25,0.35,0.4,0.35,0.5,0.15,0.4,0.6
BUS00371,Business_Systems_Analyst,Business/Systems Analyst,F,22-25,1,Diploma,0.0,0.626,0.8281,0.6196,0.4925,0.4904,0.0,0.7232,0.4119,0.6735,0.5689,0,0,0.25,0.35,0.4,0.35,0.5,0.15,0.4,0.6
BUS00372,Business_Systems_Analyst,Business/Systems Analyst,F,41-45,2,BSc,5.4,0.605,0.8667,0.689,0.9122,0.602,1.0,0.8828,0.8536,0.7847,0.8123,1,2,0.25,0.35,0.4,0.35,0.5,0.15,0.4,0.6
BUS00373,Business_Systems_Analyst,Business/Systems Analyst,F,41-45,3,MSc,5.4,0.575,0.7546,1.0,0.7992,0.71,1.0,0.8477,0.8666,0.884,0.877,1,3,0.25,0.35,0.4,0.35,0.5,0.15,0.4,0.6
BUS00374,Business_Systems_Analyst,Business/Systems Analyst,M,22-25,2,BSc,5.9,0.665,0.9869,1.0,0.7701,0.626,1.0,0.946,0.8849,0.9609,0.9305,1,3,0.25,0.35,0.4,0.35,0.5,0.15,0.4,0.6
BUS00375,Business_Systems_Analyst,Business/Systems Analyst,M,31-35,2,BSc,0.6,0.81,0.91,0.7723,0.6747,0.684,0.2,0.5395,0.4568,0.8059,0.6663,0,2,0.25,0.35,0.4,0.35,0.5,0.15,0.4,0.6
BUS00376,Business_Systems_Analyst,Business/Systems Analyst,F,26-30,2,BSc,6.8,0.693,0.842,0.9034,0.8691,0.6372,1.0,0.965,0.8953,0.8768,0.8842,1,3,0.25,0.35,0.4,0.35,0.5,0.15,0.4,0.6
BUS00377,Business_Systems_Analyst,Business/Systems Analyst,M,22-25,2,BSc,7.5,0.67,0.898,0.8607,0.9106,0.628,1.0,0.951,0.8874,0.8812,0.8837,1,3,0.25,0.35,0.4,0.35,0.5,0.15,0.4,0.6
BUS00378,Business_Systems_Analyst,Business/Systems Analyst,M,36-40,3,MSc,3.7,0.681,0.9076,0.6565,0.7743,0.7524,1.0,0.7637,0.8436,0.7621,0.7947,1,2,0.25,0.35,0.4,0.35,0.5,0.15,0.4,0.6
BUS00379,Business_Systems_Analyst,Business/Systems Analyst,M,41-45,3,MSc,3.3,0.946,0.7381,0.8071,0.7405,0.8584,1.0,0.8556,0.9068,0.773,0.8265,1,3,0.25,0.35,0.4,0.35,0.5,0.15,0.4,0.6
BUS00380,Business_Systems_Analyst,Business/Systems Analyst,M,26-30,4,PhD,5.0,0.872,0.9664,0.9361,0.8353,0.9488,1.0,0.8737,0.9367,0.9316,0.9336,1,3,0.25,0.35,0.4,0.35,0.5,0.15,0.4,0.6
BUS00381,Business_Systems_Analyst,Business/Systems Analyst,F,26-30,2,BSc,4.2,0.738,0.8558,0.9224,0.6282,0.6552,1.0,0.6956,0.792,0.855,0.8298,1,3,0.25,0.35,0.4,0.35,0.5,0.15,0.4,0.6
BUS00382,Business_Systems_Analyst,Business/Systems Analyst,M,22-25,2,BSc,4.8,0.937,0.8559,0.9318,0.5865,0.7348,1.0,0.8974,0.8927,0.8534,0.8691,1,3,0.25,0.35,0.4,0.35,0.5,0.15,0.4,0.6
BUS00383,Business_Systems_Analyst,Business/Systems Analyst,F,26-30,2,BSc,3.2,0.556,0.815,0.9775,0.8329,0.5824,1.0,0.6694,0.7634,0.8989,0.8447,1,2,0.25,0.35,0.4,0.35,0.5,0.15,0.4,0.6
BUS00384,Business_Systems_Analyst,Business/Systems Analyst,M,22-25,3,MSc,3.1,0.714,1.0,1.0,0.6868,0.7656,1.0,0.6251,0.7914,0.953,0.8884,1,2,0.25,0.35,0.4,0.35,0.5,0.15,0.4,0.6
BUS00385,Business_Systems_Analyst,Business/Systems Analyst,M,26-30,3,MSc,8.4,0.725,0.8713,0.8263,0.9931,0.77,1.0,0.8342,0.8762,0.8671,0.8707,1,3,0.25,0.35,0.4,0.35,0.5,0.15,0.4,0.6
BUS00386,Business_Systems_Analyst,Business/Systems Analyst,M,41-45,1,Diploma,3.8,0.602,0.7823,0.9181,0.7046,0.4808,1.0,0.6832,0.7435,0.8385,0.8005,0,0,0.25,0.35,0.4,0.35,0.5,0.15,0.4,0.6
BUS00387,Business_Systems_Analyst,Business/Systems Analyst,M,22-25,2,BSc,5.5,0.732,1.0,0.8271,0.806,0.6528,1.0,0.6282,0.7645,0.8844,0.8364,1,2,0.25,0.35,0.4,0.35,0.5,0.15,0.4,0.6
BUS00388,Business_Systems_Analyst,Business/Systems Analyst,F,22-25,2,BSc,7.8,0.801,0.7461,0.8091,0.7181,0.6804,1.0,0.8243,0.8498,0.7734,0.804,1,3,0.25,0.35,0.4,0.35,0.5,0.15,0.4,0.6
BUS00389,Business_Systems_Analyst,Business/Systems Analyst,M,26-30,1,Diploma,4.8,0.535,0.9291,1.0,0.6919,0.454,1.0,0.6633,0.7288,0.929,0.8489,0,0,0.25,0.35,0.4,0.35,0.5,0.15,0.4,0.6
BUS00390,Business_Systems_Analyst,Business/Systems Analyst,M,22-25,3,MSc,6.0,0.82,0.8208,0.9339,0.8894,0.808,1.0,1.0,0.952,0.8876,0.9134,1,3,0.25,0.35,0.4,0.35,0.5,0.15,0.4,0.6
BUS00391,Business_Systems_Analyst,Business/Systems Analyst,M,26-30,2,BSc,4.0,0.688,0.7098,1.0,0.6121,0.6352,1.0,0.812,0.8336,0.8402,0.8376,1,3,0.25,0.35,0.4,0.35,0.5,0.15,0.4,0.6
BUS00392,Business_Systems_Analyst,Business/Systems Analyst,F,26-30,3,MSc,8.6,0.575,1.0,0.9377,0.8043,0.71,1.0,1.0,0.9275,0.9395,0.9347,1,3,0.25,0.35,0.4,0.35,0.5,0.15,0.4,0.6
BUS00393,Business_Systems_Analyst,Business/Systems Analyst,F,31-35,3,MSc,4.5,0.89,0.9347,1.0,0.8264,0.836,1.0,0.8824,0.912,0.9511,0.9355,1,3,0.25,0.35,0.4,0.35,0.5,0.15,0.4,0.6
BUS00394,Business_Systems_Analyst,Business/Systems Analyst,F,31-35,2,BSc,5.2,0.702,0.6279,0.968,0.8427,0.6408,1.0,0.7591,0.8138,0.8302,0.8236,1,3,0.25,0.35,0.4,0.35,0.5,0.15,0.4,0.6
BUS00395,Business_Systems_Analyst,Business/Systems Analyst,M,36-40,2,BSc,5.9,0.602,0.9244,0.972,0.9032,0.6008,1.0,0.8973,0.8591,0.945,0.9106,1,3,0.25,0.35,0.4,0.35,0.5,0.15,0.4,0.6
BUS00396,Business_Systems_Analyst,Business/Systems Analyst,M,36-40,3,MSc,6.3,0.646,0.9403,1.0,1.0,0.7384,1.0,0.7728,0.8437,0.9791,0.9249,1,3,0.25,0.35,0.4,0.35,0.5,0.15,0.4,0.6
BUS00397,Business_Systems_Analyst,Business/Systems Analyst,M,46+,3,MSc,4.3,0.712,1.0,1.0,0.8146,0.7648,1.0,0.8791,0.8928,0.9722,0.9404,1,3,0.25,0.35,0.4,0.35,0.5,0.15,0.4,0.6
BUS00398,Business_Systems_Analyst,Business/Systems Analyst,M,22-25,2,BSc,6.2,0.552,0.9358,0.9688,0.6325,0.5808,1.0,0.7011,0.7756,0.9068,0.8543,1,3,0.25,0.35,0.4,0.35,0.5,0.15,0.4,0.6
BUS00399,Business_Systems_Analyst,Business/Systems Analyst,F,26-30,2,BSc,4.3,0.602,0.8723,0.8764,0.7578,0.6008,1.0,0.8166,0.8268,0.8572,0.845,1,3,0.25,0.35,0.4,0.35,0.5,0.15,0.4,0.6
BUS00400,Business_Systems_Analyst,Business/Systems Analyst,M,26-30,3,MSc,4.4,0.54,0.8163,1.0,0.8768,0.696,1.0,0.7912,0.8405,0.9172,0.8865,1,3,0.25,0.35,0.4,0.35,0.5,0.15,0.4,0.6
BUS00401,Business_Systems_Analyst,Business/Systems Analyst,M,36-40,2,BSc,1.2,0.696,0.7815,0.7745,0.7332,0.6384,0.4,0.6213,0.5481,0.7708,0.6817,0,3,0.25,0.35,0.4,0.35,0.5,0.15,0.4,0.6
BUS00402,Business_Systems_Analyst,Business/Systems Analyst,M,22-25,3,MSc,5.5,0.776,0.812,0.9232,0.7901,0.7904,1.0,0.7195,0.8354,0.8643,0.8527,1,3,0.25,0.35,0.4,0.35,0.5,0.15,0.4,0.6
BUS00403,Business_Systems_Analyst,Business/Systems Analyst,F,26-30,2,BSc,3.9,0.65,0.9882,0.7953,0.619,0.62,1.0,0.7299,0.797,0.8364,0.8206,1,3,0.25,0.35,0.4,0.35,0.5,0.15,0.4,0.6
BUS00404,Business_Systems_Analyst,Business/Systems Analyst,F,22-25,4,PhD,4.3,0.981,1.0,0.8535,1.0,0.9924,1.0,1.0,0.9981,0.9268,0.9553,1,2,0.25,0.35,0.4,0.35,0.5,0.15,0.4,0.6
BUS00405,Business_Systems_Analyst,Business/Systems Analyst,F,26-30,2,BSc,2.9,0.645,1.0,0.7447,1.0,0.618,0.9667,0.8061,0.8153,0.8724,0.8496,1,2,0.25,0.35,0.4,0.35,0.5,0.15,0.4,0.6
BUS00406,Business_Systems_Analyst,Business/Systems Analyst,M,36-40,3,MSc,2.8,0.615,0.8487,0.8833,0.6583,0.726,0.9333,0.6905,0.7844,0.8374,0.8162,1,3,0.25,0.35,0.4,0.35,0.5,0.15,0.4,0.6
BUS00407,Business_Systems_Analyst,Business/Systems Analyst,M,41-45,3,MSc,4.6,0.746,0.864,1.0,0.9453,0.7784,1.0,0.9485,0.924,0.9442,0.9361,1,3,0.25,0.35,0.4,0.35,0.5,0.15,0.4,0.6
BUS00408,Business_Systems_Analyst,Business/Systems Analyst,M,31-35,2,BSc,6.8,0.763,0.781,0.9938,0.6035,0.6652,1.0,0.8053,0.8384,0.8608,0.8518,1,3,0.25,0.35,0.4,0.35,0.5,0.15,0.4,0.6
BUS00409,Business_Systems_Analyst,Business/Systems Analyst,F,26-30,3,MSc,0.0,0.779,0.8666,0.9113,0.7283,0.7916,0.0,0.9287,0.5694,0.8682,0.7487,0,0,0.25,0.35,0.4,0.35,0.5,0.15,0.4,0.6
BUS00410,Business_Systems_Analyst,Business/Systems Analyst,F,41-45,1,Diploma,4.2,0.704,0.8509,0.9529,0.7204,0.5216,1.0,0.8717,0.8291,0.8823,0.861,0,0,0.25,0.35,0.4,0.35,0.5,0.15,0.4,0.6
BUS00411,Business_Systems_Analyst,Business/Systems Analyst,M,31-35,2,BSc,5.0,0.723,0.8138,0.9398,0.6435,0.6492,1.0,0.7895,0.8281,0.8513,0.842,1,3,0.25,0.35,0.4,0.35,0.5,0.15,0.4,0.6
BUS00412,Business_Systems_Analyst,Business/Systems Analyst,F,36-40,2,BSc,4.0,0.577,1.0,1.0,0.8859,0.5908,1.0,0.9998,0.8976,0.9829,0.9488,1,3,0.25,0.35,0.4,0.35,0.5,0.15,0.4,0.6
BUS00413,Business_Systems_Analyst,Business/Systems Analyst,F,26-30,2,BSc,0.0,0.776,1.0,0.8479,0.73,0.6704,0.0,0.7025,0.4486,0.8834,0.7095,0,0,0.25,0.35,0.4,0.35,0.5,0.15,0.4,0.6
BUS00414,Business_Systems_Analyst,Business/Systems Analyst,F,31-35,2,BSc,5.4,0.652,0.8592,0.8973,0.8951,0.6208,1.0,0.8723,0.8541,0.8836,0.8718,1,3,0.25,0.35,0.4,0.35,0.5,0.15,0.4,0.6
BUS00415,Business_Systems_Analyst,Business/Systems Analyst,F,31-35,2,BSc,4.8,0.723,1.0,1.0,0.6738,0.6492,1.0,0.8298,0.8442,0.9511,0.9083,1,3,0.25,0.35,0.4,0.35,0.5,0.15,0.4,0.6
BUS00416,Business_Systems_Analyst,Business/Systems Analyst,F,26-30,2,BSc,5.9,0.605,0.6012,0.9143,0.8484,0.602,1.0,0.8968,0.8592,0.7948,0.8206,1,3,0.25,0.35,0.4,0.35,0.5,0.15,0.4,0.6
BUS00417,Business_Systems_Analyst,Business/Systems Analyst,M,22-25,2,BSc,7.3,0.714,0.8652,1.0,0.6484,0.6456,1.0,0.7831,0.8246,0.9001,0.8699,1,3,0.25,0.35,0.4,0.35,0.5,0.15,0.4,0.6
BUS00418,Business_Systems_Analyst,Business/Systems Analyst,M,26-30,2,BSc,7.1,0.819,0.874,0.9552,0.5529,0.6876,1.0,0.7689,0.8295,0.8664,0.8516,1,3,0.25,0.35,0.4,0.35,0.5,0.15,0.4,0.6
BUS00419,Business_Systems_Analyst,Business/Systems Analyst,M,36-40,2,BSc,7.8,0.494,0.6089,0.8708,0.7198,0.5576,1.0,0.768,0.7966,0.7565,0.7725,1,3,0.25,0.35,0.4,0.35,0.5,0.15,0.4,0.6
BUS00420,Business_Systems_Analyst,Business/Systems Analyst,F,26-30,2,BSc,3.6,0.579,0.92,0.8736,0.9077,0.5916,1.0,0.9299,0.8699,0.895,0.885,1,3,0.25,0.35,0.4,0.35,0.5,0.15,0.4,0.6
BUS00421,Business_Systems_Analyst,Business/Systems Analyst,M,31-35,3,MSc,4.3,0.711,0.8558,0.9636,0.7798,0.7644,1.0,0.6862,0.8156,0.8983,0.8652,1,3,0.25,0.35,0.4,0.35,0.5,0.15,0.4,0.6
BUS00422,Business_Systems_Analyst,Business/Systems Analyst,M,26-30,2,BSc,2.8,0.736,0.8678,1.0,0.4678,0.6544,0.9333,0.8492,0.8299,0.8739,0.8563,1,3,0.25,0.35,0.4,0.35,0.5,0.15,0.4,0.6
BUS00423,Business_Systems_Analyst,Business/Systems Analyst,F,46+,2,BSc,5.5,0.452,0.7102,1.0,0.8615,0.5408,1.0,0.8125,0.8102,0.8778,0.8508,1,3,0.25,0.35,0.4,0.35,0.5,0.15,0.4,0.6
BUS00424,Business_Systems_Analyst,Business/Systems Analyst,F,31-35,3,MSc,5.1,0.702,1.0,0.8969,0.9395,0.7608,1.0,0.8851,0.8942,0.9394,0.9213,1,3,0.25,0.35,0.4,0.35,0.5,0.15,0.4,0.6
BUS00425,Business_Systems_Analyst,Business/Systems Analyst,M,36-40,3,MSc,3.1,0.695,1.0,0.8799,0.736,0.758,1.0,0.8442,0.8772,0.9003,0.8911,1,3,0.25,0.35,0.4,0.35,0.5,0.15,0.4,0.6
BUS00426,Business_Systems_Analyst,Business/Systems Analyst,F,26-30,3,MSc,8.7,0.758,0.8409,1.0,0.7477,0.7832,1.0,0.827,0.8766,0.9065,0.8945,1,3,0.25,0.35,0.4,0.35,0.5,0.15,0.4,0.6
BUS00427,Business_Systems_Analyst,Business/Systems Analyst,F,26-30,2,BSc,0.3,0.642,0.8559,0.7321,0.7323,0.6168,0.1,0.6905,0.4654,0.7755,0.6515,0,0,0.25,0.35,0.4,0.35,0.5,0.15,0.4,0.6
BUS00428,Business_Systems_Analyst,Business/Systems Analyst,M,31-35,3,MSc,2.8,0.663,0.8991,1.0,0.6346,0.7452,0.9333,0.9165,0.8796,0.9099,0.8978,1,3,0.25,0.35,0.4,0.35,0.5,0.15,0.4,0.6
BUS00429,Business_Systems_Analyst,Business/Systems Analyst,M,41-45,2,BSc,5.3,0.722,1.0,1.0,0.8463,0.6488,1.0,0.8828,0.8653,0.9769,0.9323,1,3,0.25,0.35,0.4,0.35,0.5,0.15,0.4,0.6
BUS00430,Business_Systems_Analyst,Business/Systems Analyst,M,31-35,3,MSc,0.0,0.782,0.9993,1.0,0.5536,0.7928,0.0,1.0,0.5982,0.9328,0.799,0,0,0.25,0.35,0.4,0.35,0.5,0.15,0.4,0.6
BUS00431,Business_Systems_Analyst,Business/Systems Analyst,M,26-30,2,BSc,5.0,0.771,0.943,1.0,0.8652,0.6684,1.0,0.7521,0.8179,0.9598,0.903,1,3,0.25,0.35,0.4,0.35,0.5,0.15,0.4,0.6
BUS00432,Business_Systems_Analyst,Business/Systems Analyst,F,26-30,3,MSc,5.7,0.98,0.9973,0.8238,0.8498,0.872,1.0,0.7238,0.8575,0.8884,0.876,1,3,0.25,0.35,0.4,0.35,0.5,0.15,0.4,0.6
BUS00433,Business_Systems_Analyst,Business/Systems Analyst,M,31-35,2,BSc,9.8,0.631,0.65,1.0,1.0,0.6124,1.0,0.8797,0.855,0.8775,0.8685,1,3,0.25,0.35,0.4,0.35,0.5,0.15,0.4,0.6
BUS00434,Business_Systems_Analyst,Business/Systems Analyst,F,22-25,2,BSc,7.7,0.479,0.7415,0.9397,0.7526,0.5516,1.0,0.7442,0.7856,0.8423,0.8196,1,3,0.25,0.35,0.4,0.35,0.5,0.15,0.4,0.6
BUS00435,Business_Systems_Analyst,Business/Systems Analyst,M,31-35,2,BSc,2.9,0.567,0.977,0.9776,0.6021,0.5868,0.9667,0.8484,0.8244,0.9211,0.8824,1,3,0.25,0.35,0.4,0.35,0.5,0.15,0.4,0.6
BUS00436,Business_Systems_Analyst,Business/Systems Analyst,M,22-25,3,MSc,4.6,0.581,0.9602,1.0,0.8726,0.7124,1.0,0.9848,0.922,0.967,0.949,1,3,0.25,0.35,0.4,0.35,0.5,0.15,0.4,0.6
BUS00437,Business_Systems_Analyst,Business/Systems Analyst,M,31-35,1,Diploma,4.3,0.551,0.6504,0.7588,0.8324,0.4604,1.0,0.7173,0.752,0.7319,0.7399,0,0,0.25,0.35,0.4,0.35,0.5,0.15,0.4,0.6
BUS00438,Business_Systems_Analyst,Business/Systems Analyst,M,26-30,2,BSc,5.1,0.617,0.9867,0.979,0.7626,0.6068,1.0,0.7137,0.7872,0.9492,0.8844,1,3,0.25,0.35,0.4,0.35,0.5,0.15,0.4,0.6
BUS00439,Business_Systems_Analyst,Business/Systems Analyst,M,31-35,3,MSc,9.5,0.758,1.0,1.0,1.0,0.7832,1.0,0.9443,0.9235,1.0,0.9694,1,3,0.25,0.35,0.4,0.35,0.5,0.15,0.4,0.6
BUS00440,Business_Systems_Analyst,Business/Systems Analyst,F,26-30,2,BSc,7.1,0.573,1.0,0.9311,0.6092,0.5892,1.0,0.6319,0.7501,0.9069,0.8442,1,2,0.25,0.35,0.4,0.35,0.5,0.15,0.4,0.6
BUS00441,Business_Systems_Analyst,Business/Systems Analyst,M,36-40,2,BSc,2.7,0.581,1.0,0.8197,0.4542,0.5924,0.9,0.6294,0.7149,0.828,0.7828,1,2,0.25,0.35,0.4,0.35,0.5,0.15,0.4,0.6
BUS00442,Business_Systems_Analyst,Business/Systems Analyst,M,26-30,3,MSc,2.5,0.666,1.0,0.922,0.7808,0.7464,0.8333,0.8424,0.8152,0.9281,0.8829,1,3,0.25,0.35,0.4,0.35,0.5,0.15,0.4,0.6
BUS00443,Business_Systems_Analyst,Business/Systems Analyst,M,26-30,2,BSc,6.1,0.752,0.8679,0.7505,0.799,0.6608,1.0,0.705,0.7972,0.7989,0.7982,1,3,0.25,0.35,0.4,0.35,0.5,0.15,0.4,0.6
BUS00444,Business_Systems_Analyst,Business/Systems Analyst,M,31-35,2,BSc,1.2,0.799,0.9782,0.8766,0.8274,0.6796,0.4,0.7605,0.6141,0.9048,0.7885,0,3,0.25,0.35,0.4,0.35,0.5,0.15,0.4,0.6
BUS00445,Business_Systems_Analyst,Business/Systems Analyst,F,26-30,2,BSc,7.0,0.482,0.9764,0.9553,0.9203,0.5528,1.0,0.8502,0.8283,0.9574,0.9058,1,3,0.25,0.35,0.4,0.35,0.5,0.15,0.4,0.6
BUS00446,Business_Systems_Analyst,Business/Systems Analyst,M,36-40,3,MSc,3.0,0.634,0.8934,0.9325,0.801,0.7336,1.0,0.8289,0.865,0.8991,0.8855,1,3,0.25,0.35,0.4,0.35,0.5,0.15,0.4,0.6
BUS00447,Business_Systems_Analyst,Business/Systems Analyst,M,31-35,1,Diploma,1.9,0.407,0.7481,0.7859,0.6872,0.4028,0.6333,0.7631,0.6276,0.7579,0.7058,0,0,0.25,0.35,0.4,0.35,0.5,0.15,0.4,0.6
BUS00448,Business_Systems_Analyst,Business/Systems Analyst,F,22-25,3,MSc,5.7,0.746,0.8986,0.9218,0.971,0.7784,1.0,0.7676,0.8516,0.9211,0.8933,1,2,0.25,0.35,0.4,0.35,0.5,0.15,0.4,0.6
BUS00449,Business_Systems_Analyst,Business/Systems Analyst,F,26-30,3,MSc,1.9,0.726,0.8297,0.6611,0.5748,0.7704,0.6333,0.4809,0.6066,0.7072,0.667,1,1,0.25,0.35,0.4,0.35,0.5,0.15,0.4,0.6
BUS00450,Business_Systems_Analyst,Business/Systems Analyst,M,36-40,2,BSc,9.3,0.578,0.9974,0.9377,0.9096,0.5912,1.0,0.8908,0.8541,0.9544,0.9143,1,3,0.25,0.35,0.4,0.35,0.5,0.15,0.4,0.6
BUS00451,Business_Systems_Analyst,Business/Systems Analyst,F,41-45,3,MSc,8.1,0.87,0.8518,0.7738,0.7779,0.828,1.0,0.7809,0.8694,0.8017,0.8288,1,3,0.25,0.35,0.4,0.35,0.5,0.15,0.4,0.6
BUS00452,Business_Systems_Analyst,Business/Systems Analyst,F,41-45,2,BSc,8.4,0.554,1.0,1.0,0.8518,0.5816,1.0,0.8764,0.846,0.9778,0.9251,1,3,0.25,0.35,0.4,0.35,0.5,0.15,0.4,0.6
BUS00453,Business_Systems_Analyst,Business/Systems Analyst,F,26-30,2,BSc,5.2,0.702,0.8966,0.9341,1.0,0.6408,1.0,0.7192,0.7979,0.9309,0.8777,1,3,0.25,0.35,0.4,0.35,0.5,0.15,0.4,0.6
BUS00454,Business_Systems_Analyst,Business/Systems Analyst,F,31-35,2,BSc,1.4,0.691,0.823,0.7613,0.7249,0.6364,0.4667,0.6417,0.5791,0.7774,0.6981,0,3,0.25,0.35,0.4,0.35,0.5,0.15,0.4,0.6
BUS00455,Business_Systems_Analyst,Business/Systems Analyst,F,22-25,2,BSc,5.1,0.73,1.0,1.0,0.7119,0.652,1.0,0.7918,0.8297,0.9568,0.906,1,3,0.25,0.35,0.4,0.35,0.5,0.15,0.4,0.6
BUS00456,Business_Systems_Analyst,Business/Systems Analyst,M,26-30,2,BSc,0.0,0.703,0.7142,0.9452,0.5894,0.6412,0.0,0.6365,0.4149,0.811,0.6526,0,0,0.25,0.35,0.4,0.35,0.5,0.15,0.4,0.6
BUS00457,Business_Systems_Analyst,Business/Systems Analyst,M,26-30,3,MSc,0.0,0.684,0.8409,0.8949,0.7182,0.7536,0.0,0.7792,0.5001,0.8495,0.7097,0,0,0.25,0.35,0.4,0.35,0.5,0.15,0.4,0.6
BUS00458,Business_Systems_Analyst,Business/Systems Analyst,M,22-25,2,BSc,4.3,0.786,1.0,0.9578,0.6874,0.6744,1.0,0.789,0.8342,0.932,0.8929,1,3,0.25,0.35,0.4,0.35,0.5,0.15,0.4,0.6
BUS00459,Business_Systems_Analyst,Business/Systems Analyst,F,26-30,2,BSc,4.5,0.739,0.7833,0.9874,0.8956,0.6556,1.0,0.8864,0.8685,0.9022,0.8887,1,3,0.25,0.35,0.4,0.35,0.5,0.15,0.4,0.6
BUS00460,Business_Systems_Analyst,Business/Systems Analyst,M,22-25,2,BSc,5.5,0.615,0.8217,1.0,0.6863,0.606,1.0,0.755,0.8035,0.8905,0.8557,1,3,0.25,0.35,0.4,0.35,0.5,0.15,0.4,0.6
BUS00461,Business_Systems_Analyst,Business/Systems Analyst,F,31-35,2,BSc,5.7,0.838,0.9904,0.9322,0.8734,0.6952,1.0,0.7079,0.807,0.9437,0.889,1,3,0.25,0.35,0.4,0.35,0.5,0.15,0.4,0.6
BUS00462,Business_Systems_Analyst,Business/Systems Analyst,F,31-35,2,BSc,5.6,0.612,1.0,1.0,0.7875,0.6048,1.0,0.788,0.8164,0.9681,0.9074,1,3,0.25,0.35,0.4,0.35,0.5,0.15,0.4,0.6
BUS00463,Business_Systems_Analyst,Business/Systems Analyst,M,36-40,3,MSc,0.0,0.763,0.9441,0.7083,0.7882,0.7852,0.0,0.747,0.4951,0.8028,0.6797,0,0,0.25,0.35,0.4,0.35,0.5,0.15,0.4,0.6
BUS00464,Business_Systems_Analyst,Business/Systems Analyst,M,26-30,1,Diploma,0.0,0.653,0.733,0.9339,0.7406,0.5012,0.0,0.4987,0.3248,0.8346,0.6307,0,0,0.25,0.35,0.4,0.35,0.5,0.15,0.4,0.6
BUS00465,Business_Systems_Analyst,Business/Systems Analyst,F,22-25,2,BSc,5.1,0.68,0.7851,1.0,0.8173,0.632,1.0,0.6391,0.7636,0.8974,0.8439,1,2,0.25,0.35,0.4,0.35,0.5,0.15,0.4,0.6
BUS00466,Business_Systems_Analyst,Business/Systems Analyst,F,26-30,3,MSc,6.3,0.751,0.9453,1.0,0.9058,0.7804,1.0,0.8518,0.8858,0.9667,0.9343,1,3,0.25,0.35,0.4,0.35,0.5,0.15,0.4,0.6
BUS00467,Business_Systems_Analyst,Business/Systems Analyst,F,26-30,2,BSc,3.8,0.73,0.7681,0.9975,0.7691,0.652,1.0,0.6506,0.7732,0.8829,0.839,1,2,0.25,0.35,0.4,0.35,0.5,0.15,0.4,0.6
BUS00468,Business_Systems_Analyst,Business/Systems Analyst,F,46+,3,MSc,4.5,0.541,0.7919,0.897,0.776,0.6964,1.0,0.7862,0.8386,0.8421,0.8407,1,3,0.25,0.35,0.4,0.35,0.5,0.15,0.4,0.6
BUS00469,Business_Systems_Analyst,Business/Systems Analyst,M,31-35,4,PhD,2.7,0.863,0.8402,0.8183,0.493,0.9452,0.9,0.6076,0.7943,0.7772,0.784,1,1,0.25,0.35,0.4,0.35,0.5,0.15,0.4,0.6
BUS00470,Business_Systems_Analyst,Business/Systems Analyst,M,26-30,2,BSc,5.6,0.778,0.7939,0.9183,0.696,0.6712,1.0,0.9564,0.9004,0.8414,0.865,1,3,0.25,0.35,0.4,0.35,0.5,0.15,0.4,0.6
BUS00471,Business_Systems_Analyst,Business/Systems Analyst,M,31-35,3,MSc,4.8,0.609,0.7291,1.0,0.6831,0.7236,1.0,0.7556,0.8331,0.8577,0.8479,1,2,0.25,0.35,0.4,0.35,0.5,0.15,0.4,0.6
BUS00472,Business_Systems_Analyst,Business/Systems Analyst,M,22-25,3,MSc,2.2,0.784,1.0,0.9623,0.5915,0.7936,0.7333,0.6901,0.7311,0.9199,0.8444,1,3,0.25,0.35,0.4,0.35,0.5,0.15,0.4,0.6
BUS00473,Business_Systems_Analyst,Business/Systems Analyst,F,31-35,2,BSc,2.0,0.833,0.884,0.8399,0.6107,0.6932,0.6667,0.8334,0.74,0.821,0.7886,1,3,0.25,0.35,0.4,0.35,0.5,0.15,0.4,0.6
BUS00474,Business_Systems_Analyst,Business/Systems Analyst,M,31-35,2,BSc,2.2,0.74,0.8098,0.6453,0.5355,0.656,0.7333,0.7823,0.7336,0.6864,0.7053,1,2,0.25,0.35,0.4,0.35,0.5,0.15,0.4,0.6
BUS00475,Business_Systems_Analyst,Business/Systems Analyst,M,26-30,2,BSc,2.0,0.727,0.7887,0.8841,0.9175,0.6508,0.6667,0.7141,0.6817,0.8557,0.7861,1,3,0.25,0.35,0.4,0.35,0.5,0.15,0.4,0.6
BUS00476,Business_Systems_Analyst,Business/Systems Analyst,F,26-30,4,PhD,4.4,0.819,0.7581,1.0,0.8686,0.9276,1.0,1.0,0.9819,0.8956,0.9301,1,2,0.25,0.35,0.4,0.35,0.5,0.15,0.4,0.6
BUS00477,Business_Systems_Analyst,Business/Systems Analyst,F,26-30,2,BSc,4.3,0.604,0.8374,1.0,0.7248,0.6016,1.0,0.8186,0.8278,0.9018,0.8722,1,3,0.25,0.35,0.4,0.35,0.5,0.15,0.4,0.6
BUS00478,Business_Systems_Analyst,Business/Systems Analyst,F,36-40,3,MSc,3.8,0.805,0.8638,0.9798,0.7285,0.802,1.0,0.8236,0.8799,0.9015,0.8929,1,3,0.25,0.35,0.4,0.35,0.5,0.15,0.4,0.6
BUS00479,Business_Systems_Analyst,Business/Systems Analyst,F,26-30,3,MSc,6.5,0.644,0.8567,0.9662,1.0,0.7376,1.0,0.5238,0.7439,0.9329,0.8573,1,2,0.25,0.35,0.4,0.35,0.5,0.15,0.4,0.6
BUS00480,Business_Systems_Analyst,Business/Systems Analyst,M,26-30,2,BSc,0.0,0.646,0.9136,0.8885,0.8763,0.6184,0.0,0.7268,0.4453,0.8955,0.7154,0,0,0.25,0.35,0.4,0.35,0.5,0.15,0.4,0.6
BUS00481,Business_Systems_Analyst,Business/Systems Analyst,M,26-30,2,BSc,0.3,0.557,0.7182,0.6463,0.5922,0.5828,0.1,0.5792,0.4124,0.6633,0.5629,0,0,0.25,0.35,0.4,0.35,0.5,0.15,0.4,0.6
BUS00482,Business_Systems_Analyst,Business/Systems Analyst,M,22-25,2,BSc,7.7,0.858,0.9501,1.0,0.9457,0.7032,1.0,0.9622,0.9107,0.9744,0.9489,1,3,0.25,0.35,0.4,0.35,0.5,0.15,0.4,0.6
BUS00483,Business_Systems_Analyst,Business/Systems Analyst,F,31-35,4,PhD,4.2,0.818,0.9031,0.9636,0.7768,0.9272,1.0,0.6629,0.847,0.9144,0.8874,1,2,0.25,0.35,0.4,0.35,0.5,0.15,0.4,0.6
BUS00484,Business_Systems_Analyst,Business/Systems Analyst,M,36-40,3,MSc,2.7,0.637,0.8793,0.8892,0.8798,0.7348,0.9,0.9267,0.8694,0.8843,0.8783,1,3,0.25,0.35,0.4,0.35,0.5,0.15,0.4,0.6
BUS00485,Business_Systems_Analyst,Business/Systems Analyst,M,36-40,2,BSc,7.6,0.59,1.0,0.7952,0.9024,0.596,1.0,0.879,0.8506,0.883,0.87,1,3,0.25,0.35,0.4,0.35,0.5,0.15,0.4,0.6
BUS00486,Business_Systems_Analyst,Business/Systems Analyst,M,46+,2,BSc,0.0,0.873,0.6925,0.6913,0.381,0.7092,0.0,0.6712,0.4458,0.6452,0.5654,0,0,0.25,0.35,0.4,0.35,0.5,0.15,0.4,0.6
BUS00487,Business_Systems_Analyst,Business/Systems Analyst,F,36-40,2,BSc,2.1,0.551,0.9114,0.977,0.7706,0.5804,0.7,0.8369,0.7249,0.9231,0.8438,1,3,0.25,0.35,0.4,0.35,0.5,0.15,0.4,0.6
BUS00488,Business_Systems_Analyst,Business/Systems Analyst,M,31-35,3,MSc,3.4,0.594,1.0,0.7696,0.5502,0.7176,1.0,0.635,0.7834,0.8173,0.8037,1,2,0.25,0.35,0.4,0.35,0.5,0.15,0.4,0.6
BUS00489,Business_Systems_Analyst,Business/Systems Analyst,F,31-35,2,BSc,1.4,0.544,0.8421,0.7177,0.8705,0.5776,0.4667,0.7816,0.6204,0.7842,0.7187,0,2,0.25,0.35,0.4,0.35,0.5,0.15,0.4,0.6
BUS00490,Business_Systems_Analyst,Business/Systems Analyst,F,26-30,3,MSc,0.1,0.73,0.8864,0.8409,0.6843,0.772,0.0333,0.5648,0.4306,0.8333,0.6722,0,0,0.25,0.35,0.4,0.35,0.5,0.15,0.4,0.6
BUS00491,Business_Systems_Analyst,Business/Systems Analyst,F,41-45,2,BSc,6.5,0.783,1.0,0.8461,1.0,0.6732,1.0,1.0,0.9183,0.9231,0.9212,1,3,0.25,0.35,0.4,0.35,0.5,0.15,0.4,0.6
BUS00492,Business_Systems_Analyst,Business/Systems Analyst,M,26-30,2,BSc,3.2,0.589,0.9491,0.944,0.7486,0.5956,1.0,0.7363,0.7934,0.9165,0.8673,1,3,0.25,0.35,0.4,0.35,0.5,0.15,0.4,0.6
BUS00493,Business_Systems_Analyst,Business/Systems Analyst,M,22-25,2,BSc,0.0,0.658,0.6189,0.8362,0.6004,0.6232,0.0,0.6138,0.4013,0.7248,0.5954,0,0,0.25,0.35,0.4,0.35,0.5,0.15,0.4,0.6
BUS00494,Business_Systems_Analyst,Business/Systems Analyst,M,26-30,1,Diploma,2.6,0.586,0.7917,0.8987,0.6714,0.4744,0.8667,0.7344,0.7157,0.8272,0.7826,0,0,0.25,0.35,0.4,0.35,0.5,0.15,0.4,0.6
BUS00495,Business_Systems_Analyst,Business/Systems Analyst,F,26-30,2,BSc,10.7,0.743,0.9631,1.0,0.9885,0.6572,1.0,1.0,0.9143,0.9854,0.957,1,3,0.25,0.35,0.4,0.35,0.5,0.15,0.4,0.6
BUS00496,Business_Systems_Analyst,Business/Systems Analyst,F,41-45,2,BSc,4.6,0.701,0.8848,0.8891,0.6563,0.6404,1.0,0.8073,0.833,0.8527,0.8448,1,3,0.25,0.35,0.4,0.35,0.5,0.15,0.4,0.6
BUS00497,Business_Systems_Analyst,Business/Systems Analyst,M,36-40,2,BSc,1.3,0.729,0.637,0.861,0.6404,0.6516,0.4333,0.6704,0.5827,0.7495,0.6828,0,2,0.25,0.35,0.4,0.35,0.5,0.15,0.4,0.6
BUS00498,Business_Systems_Analyst,Business/Systems Analyst,F,31-35,2,BSc,1.0,0.866,1.0,0.7136,0.7437,0.7064,0.3333,0.6568,0.556,0.8184,0.7134,0,2,0.25,0.35,0.4,0.35,0.5,0.15,0.4,0.6
BUS00499,Business_Systems_Analyst,Business/Systems Analyst,M,22-25,2,BSc,2.7,0.675,0.8444,0.8384,0.7021,0.63,0.9,0.7709,0.7809,0.8201,0.8044,1,3,0.25,0.35,0.4,0.35,0.5,0.15,0.4,0.6
BUS00500,Business_Systems_Analyst,Business/Systems Analyst,M,26-30,2,BSc,3.8,0.712,0.8775,1.0,0.8788,0.6448,1.0,0.8317,0.8439,0.9389,0.9009,1,3,0.25,0.35,0.4,0.35,0.5,0.15,0.4,0.6
BUS00501,Business_Systems_Analyst,Business/Systems Analyst,M,31-35,2,BSc,4.4,0.789,1.0,1.0,0.6753,0.6756,1.0,0.7048,0.8008,0.9513,0.8911,1,3,0.25,0.35,0.4,0.35,0.5,0.15,0.4,0.6
BUS00502,Business_Systems_Analyst,Business/Systems Analyst,F,26-30,2,BSc,5.0,0.772,0.7485,0.9922,0.8154,0.6688,1.0,0.7613,0.8217,0.8804,0.8569,1,3,0.25,0.35,0.4,0.35,0.5,0.15,0.4,0.6
BUS00503,Business_Systems_Analyst,Business/Systems Analyst,F,26-30,3,MSc,2.7,0.634,0.9025,0.8258,0.8079,0.7336,0.9,0.8505,0.8386,0.85,0.8454,1,3,0.25,0.35,0.4,0.35,0.5,0.15,0.4,0.6
BUS00504,Business_Systems_Analyst,Business/Systems Analyst,M,31-35,3,MSc,4.9,0.75,0.6487,0.9764,0.692,0.78,1.0,0.804,0.8666,0.819,0.838,1,3,0.25,0.35,0.4,0.35,0.5,0.15,0.4,0.6
BUS00505,Business_Systems_Analyst,Business/Systems Analyst,M,31-35,3,MSc,1.4,0.606,0.8993,0.931,0.7442,0.7224,0.4667,0.8938,0.7015,0.8919,0.8157,0,3,0.25,0.35,0.4,0.35,0.5,0.15,0.4,0.6
BUS00506,Business_Systems_Analyst,Business/Systems Analyst,M,31-35,2,BSc,5.1,0.682,0.7911,0.9362,0.7841,0.6328,1.0,0.5522,0.7291,0.8626,0.8092,1,2,0.25,0.35,0.4,0.35,0.5,0.15,0.4,0.6
BUS00507,Business_Systems_Analyst,Business/Systems Analyst,M,26-30,3,MSc,4.8,0.599,0.9438,0.8965,0.6864,0.7196,1.0,0.6872,0.8048,0.8815,0.8508,1,3,0.25,0.35,0.4,0.35,0.5,0.15,0.4,0.6
BUS00508,Business_Systems_Analyst,Business/Systems Analyst,F,26-30,3,MSc,5.6,0.672,0.9932,1.0,0.8803,0.7488,1.0,0.9098,0.9011,0.9797,0.9483,1,3,0.25,0.35,0.4,0.35,0.5,0.15,0.4,0.6
BUS00509,Business_Systems_Analyst,Business/Systems Analyst,F,31-35,2,BSc,2.4,0.758,0.9523,0.8956,0.6316,0.6632,0.8,0.6911,0.7222,0.8758,0.8144,1,3,0.25,0.35,0.4,0.35,0.5,0.15,0.4,0.6
BUS00510,Business_Systems_Analyst,Business/Systems Analyst,F,31-35,2,BSc,5.0,0.716,0.8549,0.9648,0.6021,0.6464,1.0,0.7743,0.8213,0.8719,0.8517,1,3,0.25,0.35,0.4,0.35,0.5,0.15,0.4,0.6
BUS00511,Business_Systems_Analyst,Business/Systems Analyst,F,22-25,3,MSc,4.7,0.864,0.8142,1.0,0.9014,0.8256,1.0,0.7959,0.8748,0.9202,0.902,1,3,0.25,0.35,0.4,0.35,0.5,0.15,0.4,0.6
BUS00512,Business_Systems_Analyst,Business/Systems Analyst,M,22-25,2,BSc,0.6,0.864,1.0,0.9026,0.7933,0.7056,0.2,1.0,0.6464,0.9203,0.8107,0,3,0.25,0.35,0.4,0.35,0.5,0.15,0.4,0.6
BUS00513,Business_Systems_Analyst,Business/Systems Analyst,M,26-30,3,MSc,1.8,0.832,0.7449,0.988,0.883,0.8128,0.6,0.8145,0.739,0.8872,0.8279,1,3,0.25,0.35,0.4,0.35,0.5,0.15,0.4,0.6
BUS00514,Business_Systems_Analyst,Business/Systems Analyst,M,26-30,2,BSc,4.5,0.668,0.8231,1.0,0.731,0.6272,1.0,0.7409,0.8032,0.8977,0.8599,1,3,0.25,0.35,0.4,0.35,0.5,0.15,0.4,0.6
BUS00515,Business_Systems_Analyst,Business/Systems Analyst,F,22-25,2,BSc,1.7,0.787,0.7369,0.9415,0.9078,0.6748,0.5667,0.6671,0.6339,0.8648,0.7724,1,2,0.25,0.35,0.4,0.35,0.5,0.15,0.4,0.6
BUS00516,Business_Systems_Analyst,Business/Systems Analyst,M,26-30,2,BSc,2.5,0.469,1.0,1.0,0.9518,0.5476,0.8333,0.7066,0.7112,0.9928,0.8802,1,3,0.25,0.35,0.4,0.35,0.5,0.15,0.4,0.6
BUS00517,Business_Systems_Analyst,Business/Systems Analyst,M,22-25,3,MSc,4.2,0.804,0.7302,0.9385,0.7018,0.8016,1.0,0.8138,0.8759,0.8301,0.8484,1,3,0.25,0.35,0.4,0.35,0.5,0.15,0.4,0.6
BUS00518,Business_Systems_Analyst,Business/Systems Analyst,F,41-45,3,MSc,5.4,0.642,0.9505,0.9477,0.8547,0.7368,1.0,0.8189,0.8618,0.9347,0.9055,1,3,0.25,0.35,0.4,0.35,0.5,0.15,0.4,0.6
BUS00519,Business_Systems_Analyst,Business/Systems Analyst,F,36-40,4,PhD,5.1,0.758,1.0,0.8672,0.7417,0.9032,1.0,0.7969,0.8946,0.8949,0.8948,1,3,0.25,0.35,0.4,0.35,0.5,0.15,0.4,0.6
BUS00520,Business_Systems_Analyst,Business/Systems Analyst,M,22-25,2,BSc,4.4,0.644,0.8498,0.7553,0.8177,0.6176,1.0,0.8106,0.8286,0.7977,0.8101,1,3,0.25,0.35,0.4,0.35,0.5,0.15,0.4,0.6
BUS00521,Business_Systems_Analyst,Business/Systems Analyst,M,31-35,2,BSc,0.0,0.647,0.9735,0.7861,0.7883,0.6188,0.0,0.8875,0.5097,0.852,0.7151,0,0,0.25,0.35,0.4,0.35,0.5,0.15,0.4,0.6
BUS00522,Business_Systems_Analyst,Business/Systems Analyst,M,26-30,2,BSc,4.7,0.643,0.8481,0.8925,0.9132,0.6172,1.0,0.9092,0.868,0.8801,0.8753,1,3,0.25,0.35,0.4,0.35,0.5,0.15,0.4,0.6
BUS00523,Business_Systems_Analyst,Business/Systems Analyst,F,26-30,2,BSc,5.6,0.679,0.9747,1.0,0.6555,0.6316,1.0,0.924,0.8775,0.9395,0.9147,1,3,0.25,0.35,0.4,0.35,0.5,0.15,0.4,0.6
BUS00524,Business_Systems_Analyst,Business/Systems Analyst,M,41-45,4,PhD,4.3,0.664,0.7953,0.8688,0.8946,0.8656,1.0,0.7319,0.8592,0.8469,0.8518,1,3,0.25,0.35,0.4,0.35,0.5,0.15,0.4,0.6
BUS00525,Business_Systems_Analyst,Business/Systems Analyst,F,22-25,3,MSc,3.2,0.725,1.0,1.0,0.601,0.77,1.0,0.9281,0.9137,0.9401,0.9295,1,3,0.25,0.35,0.4,0.35,0.5,0.15,0.4,0.6
BUS00526,Business_Systems_Analyst,Business/Systems Analyst,F,41-45,2,BSc,6.4,0.912,0.7934,0.9603,0.9235,0.7248,1.0,0.7749,0.8412,0.8964,0.8743,1,3,0.25,0.35,0.4,0.35,0.5,0.15,0.4,0.6
BUS00527,Business_Systems_Analyst,Business/Systems Analyst,F,31-35,3,MSc,0.0,0.704,0.9337,1.0,0.5193,0.7616,0.0,0.8572,0.5333,0.9047,0.7561,0,0,0.25,0.35,0.4,0.35,0.5,0.15,0.4,0.6
BUS00528,Business_Systems_Analyst,Business/Systems Analyst,M,26-30,2,BSc,5.7,0.631,0.8279,0.9141,1.0,0.6124,1.0,0.744,0.8007,0.8968,0.8584,1,3,0.25,0.35,0.4,0.35,0.5,0.15,0.4,0.6
BUS00529,Business_Systems_Analyst,Business/Systems Analyst,F,31-35,3,MSc,5.9,0.703,0.9141,0.853,0.8626,0.7612,1.0,0.7695,0.8481,0.8758,0.8647,1,3,0.25,0.35,0.4,0.35,0.5,0.15,0.4,0.6
BUS00530,Business_Systems_Analyst,Business/Systems Analyst,M,26-30,2,BSc,7.1,0.481,0.8914,0.9524,0.6006,0.5524,1.0,0.7926,0.8051,0.8783,0.849,1,3,0.25,0.35,0.4,0.35,0.5,0.15,0.4,0.6
BUS00531,Business_Systems_Analyst,Business/Systems Analyst,M,31-35,2,BSc,6.2,0.534,0.8822,0.9056,0.7644,0.5736,1.0,0.9135,0.8588,0.8762,0.8692,1,3,0.25,0.35,0.4,0.35,0.5,0.15,0.4,0.6
BUS00532,Business_Systems_Analyst,Business/Systems Analyst,M,31-35,2,BSc,3.0,0.55,0.9052,1.0,0.5959,0.58,1.0,0.802,0.8158,0.9062,0.87,1,3,0.25,0.35,0.4,0.35,0.5,0.15,0.4,0.6
BUS00533,Business_Systems_Analyst,Business/Systems Analyst,M,22-25,3,MSc,4.3,0.753,0.7399,0.9199,0.6611,0.7812,1.0,0.7198,0.8332,0.8181,0.8241,1,3,0.25,0.35,0.4,0.35,0.5,0.15,0.4,0.6
BUS00534,Business_Systems_Analyst,Business/Systems Analyst,F,22-25,2,BSc,5.5,0.678,0.9424,0.8635,0.8053,0.6312,1.0,0.9184,0.8752,0.8824,0.8795,1,2,0.25,0.35,0.4,0.35,0.5,0.15,0.4,0.6
BUS00535,Business_Systems_Analyst,Business/Systems Analyst,F,22-25,3,MSc,3.7,0.723,0.9241,0.8958,0.7687,0.7692,1.0,0.7602,0.8464,0.8866,0.8705,1,3,0.25,0.35,0.4,0.35,0.5,0.15,0.4,0.6
BUS00536,Business_Systems_Analyst,Business/Systems Analyst,M,26-30,4,PhD,5.8,0.763,0.7615,1.0,0.8276,0.9052,1.0,1.0,0.9763,0.8907,0.9249,1,2,0.25,0.35,0.4,0.35,0.5,0.15,0.4,0.6
BUS00537,Business_Systems_Analyst,Business/Systems Analyst,F,22-25,4,PhD,3.7,0.78,1.0,1.0,0.9206,0.912,1.0,0.8311,0.9104,0.9881,0.957,1,3,0.25,0.35,0.4,0.35,0.5,0.15,0.4,0.6
BUS00538,Business_Systems_Analyst,Business/Systems Analyst,M,26-30,1,Diploma,3.7,0.57,0.7634,1.0,0.6721,0.468,1.0,0.9141,0.8326,0.868,0.8538,0,0,0.25,0.35,0.4,0.35,0.5,0.15,0.4,0.6
BUS00539,Business_Systems_Analyst,Business/Systems Analyst,M,31-35,3,MSc,1.8,0.684,0.8136,1.0,0.8336,0.7536,0.6,0.7175,0.6854,0.9098,0.82,1,3,0.25,0.35,0.4,0.35,0.5,0.15,0.4,0.6
BUS00540,Business_Systems_Analyst,Business/Systems Analyst,M,26-30,2,BSc,6.0,0.602,0.8345,0.843,0.7838,0.6008,1.0,0.8575,0.8432,0.8311,0.8359,1,3,0.25,0.35,0.4,0.35,0.5,0.15,0.4,0.6
BUS00541,Business_Systems_Analyst,Business/Systems Analyst,M,26-30,2,BSc,3.0,0.626,0.9056,0.8707,0.8238,0.6104,1.0,0.8642,0.8483,0.8759,0.8649,1,3,0.25,0.35,0.4,0.35,0.5,0.15,0.4,0.6
BUS00542,Business_Systems_Analyst,Business/Systems Analyst,M,26-30,3,MSc,0.7,0.642,1.0,0.9823,0.899,0.7368,0.2333,0.794,0.5835,0.976,0.819,0,3,0.25,0.35,0.4,0.35,0.5,0.15,0.4,0.6
BUS00543,Business_Systems_Analyst,Business/Systems Analyst,M,31-35,2,BSc,1.2,0.736,0.9646,0.959,0.333,0.6544,0.4,0.7097,0.5875,0.8671,0.7553,0,3,0.25,0.35,0.4,0.35,0.5,0.15,0.4,0.6
BUS00544,Business_Systems_Analyst,Business/Systems Analyst,F,31-35,3,MSc,5.5,0.636,0.9822,0.9873,0.9247,0.7344,1.0,0.6584,0.797,0.9761,0.9045,1,2,0.25,0.35,0.4,0.35,0.5,0.15,0.4,0.6
BUS00545,Business_Systems_Analyst,Business/Systems Analyst,M,41-45,2,BSc,4.8,0.605,0.8049,0.8387,0.588,0.602,1.0,0.7614,0.8051,0.7893,0.7956,1,3,0.25,0.35,0.4,0.35,0.5,0.15,0.4,0.6
BUS00546,Business_Systems_Analyst,Business/Systems Analyst,F,26-30,3,MSc,7.9,0.743,0.98,0.9356,0.914,0.7772,1.0,1.0,0.9443,0.9479,0.9465,1,3,0.25,0.35,0.4,0.35,0.5,0.15,0.4,0.6
BUS00547,Business_Systems_Analyst,Business/Systems Analyst,F,31-35,2,BSc,9.1,0.74,0.6594,0.9092,0.9389,0.656,1.0,0.7836,0.8274,0.8262,0.8267,1,3,0.25,0.35,0.4,0.35,0.5,0.15,0.4,0.6
BUS00548,Business_Systems_Analyst,Business/Systems Analyst,F,31-35,3,MSc,3.5,0.583,0.8737,0.7964,0.7916,0.7132,1.0,0.7683,0.8356,0.8227,0.8279,1,3,0.25,0.35,0.4,0.35,0.5,0.15,0.4,0.6
BUS00549,Business_Systems_Analyst,Business/Systems Analyst,M,22-25,3,MSc,5.5,0.706,0.8484,1.0,0.7276,0.7624,1.0,0.7234,0.83,0.9061,0.8757,1,3,0.25,0.35,0.4,0.35,0.5,0.15,0.4,0.6
BUS00550,Business_Systems_Analyst,Business/Systems Analyst,F,22-25,2,BSc,0.8,0.817,0.7761,0.8761,0.6187,0.6868,0.2667,0.7015,0.5456,0.8025,0.6997,0,3,0.25,0.35,0.4,0.35,0.5,0.15,0.4,0.6
BUS00551,Business_Systems_Analyst,Business/Systems Analyst,M,36-40,3,MSc,4.3,0.745,0.9103,1.0,1.0,0.778,1.0,1.0,0.9445,0.9686,0.959,1,3,0.25,0.35,0.4,0.35,0.5,0.15,0.4,0.6
BUS00552,Business_Systems_Analyst,Business/Systems Analyst,M,26-30,3,MSc,2.8,0.585,0.768,0.8117,0.684,0.714,0.9333,0.5811,0.7376,0.7772,0.7614,1,1,0.25,0.35,0.4,0.35,0.5,0.15,0.4,0.6
BUS00553,Business_Systems_Analyst,Business/Systems Analyst,M,41-45,2,BSc,5.6,0.377,0.9019,1.0,0.7975,0.5108,1.0,0.8755,0.8279,0.9353,0.8923,1,3,0.25,0.35,0.4,0.35,0.5,0.15,0.4,0.6
BUS00554,Business_Systems_Analyst,Business/Systems Analyst,F,26-30,2,BSc,0.0,0.493,0.8207,0.6377,0.663,0.5572,0.0,0.5843,0.373,0.7055,0.5725,0,0,0.25,0.35,0.4,0.35,0.5,0.15,0.4,0.6
BUS00555,Business_Systems_Analyst,Business/Systems Analyst,M,41-45,3,MSc,1.8,0.535,0.876,1.0,1.0,0.694,0.6,0.9385,0.7589,0.9566,0.8775,1,3,0.25,0.35,0.4,0.35,0.5,0.15,0.4,0.6
BUS00556,Business_Systems_Analyst,Business/Systems Analyst,F,26-30,2,BSc,4.4,0.368,0.9256,1.0,0.9573,0.5072,1.0,0.8902,0.8329,0.9676,0.9137,1,3,0.25,0.35,0.4,0.35,0.5,0.15,0.4,0.6
BUS00557,Business_Systems_Analyst,Business/Systems Analyst,F,26-30,3,MSc,3.8,0.683,0.801,0.9615,0.8565,0.7532,1.0,0.9681,0.9255,0.8896,0.904,1,3,0.25,0.35,0.4,0.35,0.5,0.15,0.4,0.6
BUS00558,Business_Systems_Analyst,Business/Systems Analyst,F,41-45,2,BSc,5.9,0.74,0.6628,0.8908,0.922,0.656,1.0,0.8437,0.8515,0.8157,0.83,1,3,0.25,0.35,0.4,0.35,0.5,0.15,0.4,0.6
BUS00559,Business_Systems_Analyst,Business/Systems Analyst,M,26-30,3,MSc,5.7,0.744,0.9281,0.991,0.9134,0.7776,1.0,0.9342,0.9181,0.9573,0.9416,1,3,0.25,0.35,0.4,0.35,0.5,0.15,0.4,0.6
BUS00560,Business_Systems_Analyst,Business/Systems Analyst,M,31-35,3,MSc,5.8,0.781,0.7905,0.9277,0.6244,0.7924,1.0,0.6602,0.8122,0.8342,0.8254,1,2,0.25,0.35,0.4,0.35,0.5,0.15,0.4,0.6
BUS00561,Business_Systems_Analyst,Business/Systems Analyst,F,31-35,2,BSc,0.3,0.66,0.782,1.0,0.8257,0.624,0.1,0.6193,0.4387,0.8976,0.714,0,0,0.25,0.35,0.4,0.35,0.5,0.15,0.4,0.6
BUS00562,Business_Systems_Analyst,Business/Systems Analyst,F,41-45,3,MSc,6.2,0.829,0.8193,0.9767,0.9301,0.8116,1.0,0.6566,0.8155,0.9146,0.875,1,2,0.25,0.35,0.4,0.35,0.5,0.15,0.4,0.6
BUS00563,Business_Systems_Analyst,Business/Systems Analyst,M,31-35,2,BSc,3.4,0.645,0.7388,0.8792,0.7843,0.618,1.0,0.6637,0.77,0.8158,0.7975,1,1,0.25,0.35,0.4,0.35,0.5,0.15,0.4,0.6
BUS00564,Business_Systems_Analyst,Business/Systems Analyst,M,36-40,4,PhD,5.3,0.797,0.9559,0.9707,0.8332,0.9188,1.0,0.9333,0.953,0.9449,0.9481,1,3,0.25,0.35,0.4,0.35,0.5,0.15,0.4,0.6
BUS00565,Business_Systems_Analyst,Business/Systems Analyst,F,22-25,1,Diploma,5.0,0.671,0.93,0.8212,0.8043,0.5084,1.0,0.8852,0.8312,0.8567,0.8465,0,0,0.25,0.35,0.4,0.35,0.5,0.15,0.4,0.6
BUS00566,Business_Systems_Analyst,Business/Systems Analyst,F,31-35,2,BSc,5.3,0.702,0.7797,0.8067,0.7849,0.6408,1.0,0.8905,0.8664,0.794,0.823,1,3,0.25,0.35,0.4,0.35,0.5,0.15,0.4,0.6
BUS00567,Business_Systems_Analyst,Business/Systems Analyst,F,22-25,2,BSc,3.8,0.766,0.7828,0.8616,0.7316,0.6664,1.0,0.8613,0.8611,0.8145,0.8331,1,3,0.25,0.35,0.4,0.35,0.5,0.15,0.4,0.6
BUS00568,Business_Systems_Analyst,Business/Systems Analyst,F,26-30,2,BSc,8.8,0.665,0.8207,0.8471,0.9025,0.626,1.0,0.8383,0.8418,0.8462,0.8444,1,3,0.25,0.35,0.4,0.35,0.5,0.15,0.4,0.6
BUS00569,Business_Systems_Analyst,Business/Systems Analyst,M,36-40,2,BSc,3.3,0.685,0.8686,0.8961,0.6675,0.634,1.0,0.6314,0.7611,0.8522,0.8158,1,2,0.25,0.35,0.4,0.35,0.5,0.15,0.4,0.6
BUS00570,Business_Systems_Analyst,Business/Systems Analyst,F,26-30,2,BSc,3.1,0.808,0.9048,0.8784,0.6851,0.6832,1.0,0.8256,0.851,0.8586,0.8556,1,3,0.25,0.35,0.4,0.35,0.5,0.15,0.4,0.6
BUS00571,Business_Systems_Analyst,Business/Systems Analyst,F,22-25,2,BSc,4.7,0.642,1.0,1.0,0.8157,0.6168,1.0,0.8694,0.852,0.9724,0.9242,1,3,0.25,0.35,0.4,0.35,0.5,0.15,0.4,0.6
BUS00572,Business_Systems_Analyst,Business/Systems Analyst,M,26-30,2,BSc,7.2,0.645,0.7025,1.0,0.8799,0.618,1.0,0.8861,0.8589,0.8779,0.8703,1,3,0.25,0.35,0.4,0.35,0.5,0.15,0.4,0.6
BUS00573,Business_Systems_Analyst,Business/Systems Analyst,M,36-40,2,BSc,4.0,0.504,0.9474,1.0,0.7725,0.5616,1.0,0.7046,0.7722,0.9475,0.8774,1,3,0.25,0.35,0.4,0.35,0.5,0.15,0.4,0.6
BUS00574,Business_Systems_Analyst,Business/Systems Analyst,M,22-25,2,BSc,3.8,0.609,0.8076,0.9272,0.6678,0.6036,1.0,0.8195,0.8287,0.8464,0.8393,1,3,0.25,0.35,0.4,0.35,0.5,0.15,0.4,0.6
BUS00575,Business_Systems_Analyst,Business/Systems Analyst,F,31-35,1,Diploma,0.1,0.583,0.735,0.6504,0.7933,0.4732,0.0333,0.6976,0.409,0.7014,0.5844,0,0,0.25,0.35,0.4,0.35,0.5,0.15,0.4,0.6
BUS00576,Business_Systems_Analyst,Business/Systems Analyst,F,22-25,3,MSc,5.8,0.895,0.937,1.0,0.7084,0.838,1.0,0.7603,0.8636,0.9342,0.906,1,3,0.25,0.35,0.4,0.35,0.5,0.15,0.4,0.6
BUS00577,Business_Systems_Analyst,Business/Systems Analyst,M,26-30,2,BSc,1.6,0.838,0.9565,1.0,0.9106,0.6952,0.5333,0.9617,0.7451,0.9714,0.8809,1,3,0.25,0.35,0.4,0.35,0.5,0.15,0.4,0.6
BUS00578,Business_Systems_Analyst,Business/Systems Analyst,F,31-35,2,BSc,2.8,0.762,0.9558,1.0,0.7308,0.6648,0.9333,0.6672,0.7597,0.9442,0.8704,1,2,0.25,0.35,0.4,0.35,0.5,0.15,0.4,0.6
BUS00579,Business_Systems_Analyst,Business/Systems Analyst,F,26-30,3,MSc,6.0,0.726,0.8682,1.0,0.6971,0.7704,1.0,1.0,0.9426,0.9084,0.9221,1,3,0.25,0.35,0.4,0.35,0.5,0.15,0.4,0.6
BUS00580,Business_Systems_Analyst,Business/Systems Analyst,M,22-25,3,MSc,10.0,0.842,0.94,0.9074,0.5511,0.8168,1.0,0.8102,0.8783,0.8654,0.8706,1,3,0.25,0.35,0.4,0.35,0.5,0.15,0.4,0.6
BUS00581,Business_Systems_Analyst,Business/Systems Analyst,F,31-35,2,BSc,2.2,0.763,1.0,1.0,0.6617,0.6652,0.7333,0.7132,0.7082,0.9493,0.8529,1,3,0.25,0.35,0.4,0.35,0.5,0.15,0.4,0.6
BUS00582,Business_Systems_Analyst,Business/Systems Analyst,F,26-30,2,BSc,3.7,0.772,0.9402,0.9545,0.787,0.6688,1.0,0.8487,0.8567,0.9244,0.8973,1,3,0.25,0.35,0.4,0.35,0.5,0.15,0.4,0.6
BUS00583,Business_Systems_Analyst,Business/Systems Analyst,F,22-25,2,BSc,9.2,0.797,0.8383,0.8839,0.8927,0.6788,1.0,0.9848,0.9136,0.8693,0.887,1,3,0.25,0.35,0.4,0.35,0.5,0.15,0.4,0.6
BUS00584,Business_Systems_Analyst,Business/Systems Analyst,F,31-35,4,PhD,5.0,0.915,0.991,0.9629,0.9069,0.966,1.0,0.9071,0.9543,0.9643,0.9603,1,3,0.25,0.35,0.4,0.35,0.5,0.15,0.4,0.6
BUS00585,Business_Systems_Analyst,Business/Systems Analyst,M,22-25,2,BSc,3.4,0.825,0.5767,0.8727,0.6429,0.69,1.0,0.4571,0.7053,0.7346,0.7229,1,1,0.25,0.35,0.4,0.35,0.5,0.15,0.4,0.6
BUS00586,Business_Systems_Analyst,Business/Systems Analyst,F,22-25,4,PhD,5.9,0.787,0.9786,0.8795,0.9516,0.9148,1.0,0.7713,0.8872,0.925,0.9099,1,3,0.25,0.35,0.4,0.35,0.5,0.15,0.4,0.6
BUS00587,Business_Systems_Analyst,Business/Systems Analyst,F,31-35,3,MSc,1.5,0.679,0.8868,0.9949,0.8955,0.7516,0.5,0.8638,0.7084,0.9422,0.8487,1,3,0.25,0.35,0.4,0.35,0.5,0.15,0.4,0.6
BUS00588,Business_Systems_Analyst,Business/Systems Analyst,M,36-40,3,MSc,2.5,0.658,1.0,0.9194,0.667,0.7432,0.8333,0.7505,0.7777,0.9097,0.8569,1,3,0.25,0.35,0.4,0.35,0.5,0.15,0.4,0.6
BUS00589,Business_Systems_Analyst,Business/Systems Analyst,F,31-35,2,BSc,4.0,0.663,0.7207,0.8217,0.7974,0.6252,1.0,0.6153,0.7524,0.7827,0.7706,1,2,0.25,0.35,0.4,0.35,0.5,0.15,0.4,0.6
BUS00590,Business_Systems_Analyst,Business/Systems Analyst,M,36-40,2,BSc,2.6,0.845,0.8866,0.6778,0.7079,0.698,0.8667,0.8799,0.8298,0.7554,0.7852,1,2,0.25,0.35,0.4,0.35,0.5,0.15,0.4,0.6
BUS00591,Business_Systems_Analyst,Business/Systems Analyst,M,22-25,2,BSc,4.0,0.795,0.814,0.8669,0.6337,0.678,1.0,0.8363,0.854,0.8134,0.8296,1,3,0.25,0.35,0.4,0.35,0.5,0.15,0.4,0.6
BUS00592,Business_Systems_Analyst,Business/Systems Analyst,M,31-35,2,BSc,5.8,0.73,0.9259,0.8302,0.882,0.652,1.0,0.7681,0.8202,0.8715,0.851,1,3,0.25,0.35,0.4,0.35,0.5,0.15,0.4,0.6
BUS00593,Business_Systems_Analyst,Business/Systems Analyst,M,26-30,3,MSc,5.3,0.816,0.7361,1.0,0.9482,0.8064,1.0,0.9506,0.9318,0.8999,0.9127,1,3,0.25,0.35,0.4,0.35,0.5,0.15,0.4,0.6
BUS00594,Business_Systems_Analyst,Business/Systems Analyst,F,26-30,4,PhD,4.4,0.89,0.7442,1.0,0.8376,0.956,1.0,0.8634,0.9344,0.8861,0.9054,1,3,0.25,0.35,0.4,0.35,0.5,0.15,0.4,0.6
BUS00595,Business_Systems_Analyst,Business/Systems Analyst,M,31-35,3,MSc,7.7,0.665,0.8154,0.994,0.8282,0.746,1.0,0.7782,0.8478,0.9066,0.8831,1,3,0.25,0.35,0.4,0.35,0.5,0.15,0.4,0.6
BUS00596,Business_Systems_Analyst,Business/Systems Analyst,F,31-35,2,BSc,7.6,0.846,1.0,0.9687,0.7228,0.6984,1.0,0.8145,0.8504,0.9428,0.9058,1,3,0.25,0.35,0.4,0.35,0.5,0.15,0.4,0.6
BUS00597,Business_Systems_Analyst,Business/Systems Analyst,M,41-45,3,MSc,2.8,0.841,0.8071,0.7553,0.8069,0.8164,0.9333,1.0,0.9308,0.7812,0.841,1,3,0.25,0.35,0.4,0.35,0.5,0.15,0.4,0.6
BUS00598,Business_Systems_Analyst,Business/Systems Analyst,M,26-30,2,BSc,4.2,0.664,0.8145,0.9576,0.7496,0.6256,1.0,0.9353,0.8805,0.8763,0.878,1,3,0.25,0.35,0.4,0.35,0.5,0.15,0.4,0.6
BUS00599,Business_Systems_Analyst,Business/Systems Analyst,F,36-40,3,MSc,3.4,0.598,0.9376,1.0,0.9585,0.7192,1.0,0.7431,0.827,0.9719,0.9139,1,3,0.25,0.35,0.4,0.35,0.5,0.15,0.4,0.6
BUS00600,Business_Systems_Analyst,Business/Systems Analyst,M,31-35,3,MSc,5.1,0.687,0.9765,0.9718,0.846,0.7548,1.0,0.8537,0.8802,0.9546,0.9248,1,3,0.25,0.35,0.4,0.35,0.5,0.15,0.4,0.6
