candidate_id,job_role,job_role_display,gender,age_group,edu_level,edu_level_name,years_experience,edu_relevance,P_mcq,P_desc,P_code,S_edu,S_exp,S_skill,S_cv,S_int,CSS,passed_hard_filter,relevance_label,w_edu,w_exp,w_skill,w_mcq,w_desc,w_code,W_CV,W_INT
CYB00001,Cybersecurity_Analyst,Cybersecurity Analyst,M,22-25,3,MSc,2.9,0.696,0.8357,0.814,0.768,0.7584,0.9667,0.5499,0.7375,0.8124,0.7824,1,2,0.2,0.35,0.45,0.35,0.45,0.2,0.4,0.6
CYB00002,Cybersecurity_Analyst,Cybersecurity Analyst,M,26-30,2,BSc,3.2,0.615,0.863,0.7828,0.8312,0.606,1.0,0.8208,0.8406,0.8206,0.8286,1,2,0.2,0.35,0.45,0.35,0.45,0.2,0.4,0.6
CYB00003,Cybersecurity_Analyst,Cybersecurity Analyst,F,22-25,2,BSc,5.1,0.547,1.0,0.7238,0.7605,0.5788,1.0,0.7751,0.8146,0.8278,0.8225,1,2,0.2,0.35,0.45,0.35,0.45,0.2,0.4,0.6
CYB00004,Cybersecurity_Analyst,Cybersecurity Analyst,F,22-25,4,PhD,6.6,0.74,0.8,0.7331,0.6804,0.896,1.0,0.8369,0.9058,0.746,0.8099,1,2,0.2,0.35,0.45,0.35,0.45,0.2,0.4,0.6
CYB00005,Cybersecurity_Analyst,Cybersecurity Analyst,M,22-25,2,BSc,4.5,0.748,0.9462,0.9035,0.7167,0.6592,1.0,0.8016,0.8426,0.8811,0.8657,1,3,0.2,0.35,0.45,0.35,0.45,0.2,0.4,0.6
CYB00006,Cybersecurity_Analyst,Cybersecurity Analyst,F,31-35,3,MSc,2.9,0.565,1.0,0.5641,0.8673,0.706,0.9667,0.9024,0.8856,0.7773,0.8206,1,1,0.2,0.35,0.45,0.35,0.45,0.2,0.4,0.6
CYB00007,Cybersecurity_Analyst,Cybersecurity Analyst,F,31-35,2,BSc,4.6,0.66,1.0,0.874,0.7608,0.624,1.0,0.793,0.8317,0.8955,0.87,1,3,0.2,0.35,0.45,0.35,0.45,0.2,0.4,0.6
CYB00008,Cybersecurity_Analyst,Cybersecurity Analyst,F,26-30,2,BSc,2.2,0.663,0.9161,0.9518,0.9073,0.6252,0.7333,0.947,0.8078,0.9304,0.8814,1,3,0.2,0.35,0.45,0.35,0.45,0.2,0.4,0.6
CYB00009,Cybersecurity_Analyst,Cybersecurity Analyst,M,41-45,2,BSc,0.3,0.849,0.8903,0.9566,0.7673,0.6996,0.1,0.6534,0.469,0.8955,0.7249,0,0,0.2,0.35,0.45,0.35,0.45,0.2,0.4,0.6
CYB00010,Cybersecurity_Analyst,Cybersecurity Analyst,F,36-40,3,MSc,8.7,0.764,0.6497,0.9632,0.6452,0.7856,1.0,0.7987,0.8665,0.7899,0.8205,1,3,0.2,0.35,0.45,0.35,0.45,0.2,0.4,0.6
CYB00011,Cybersecurity_Analyst,Cybersecurity Analyst,F,31-35,2,BSc,3.8,0.699,0.8869,0.9994,0.9301,0.6396,1.0,0.8591,0.8645,0.9462,0.9135,1,3,0.2,0.35,0.45,0.35,0.45,0.2,0.4,0.6
CYB00012,Cybersecurity_Analyst,Cybersecurity Analyst,F,22-25,2,BSc,3.3,0.592,0.7316,0.7637,0.8403,0.5968,1.0,0.7864,0.8232,0.7678,0.79,1,3,0.2,0.35,0.45,0.35,0.45,0.2,0.4,0.6
CYB00013,Cybersecurity_Analyst,Cybersecurity Analyst,F,31-35,3,MSc,4.1,0.787,0.8713,0.9127,1.0,0.7948,1.0,0.9003,0.9141,0.9157,0.9151,1,3,0.2,0.35,0.45,0.35,0.45,0.2,0.4,0.6
CYB00014,Cybersecurity_Analyst,Cybersecurity Analyst,F,36-40,3,MSc,4.2,0.774,0.7885,0.8514,0.871,0.7896,1.0,0.7986,0.8673,0.8333,0.8469,1,3,0.2,0.35,0.45,0.35,0.45,0.2,0.4,0.6
CYB00015,Cybersecurity_Analyst,Cybersecurity Analyst,M,26-30,1,Diploma,3.8,0.726,0.9478,0.7185,0.739,0.5304,1.0,0.6386,0.7434,0.8029,0.7791,0,0,0.2,0.35,0.45,0.35,0.45,0.2,0.4,0.6
CYB00016,Cybersecurity_Analyst,Cybersecurity Analyst,M,22-25,3,MSc,0.0,0.837,0.9224,0.673,0.7992,0.8148,0.0,0.5727,0.4207,0.7855,0.6396,0,0,0.2,0.35,0.45,0.35,0.45,0.2,0.4,0.6
CYB00017,Cybersecurity_Analyst,Cybersecurity Analyst,M,31-35,3,MSc,1.9,0.808,0.9077,0.7064,0.9025,0.8032,0.6333,0.678,0.6874,0.8161,0.7646,1,2,0.2,0.35,0.45,0.35,0.45,0.2,0.4,0.6
CYB00018,Cybersecurity_Analyst,Cybersecurity Analyst,M,26-30,1,Diploma,2.3,0.532,0.7644,0.6748,0.5783,0.4528,0.7667,0.4196,0.5477,0.6869,0.6312,0,0,0.2,0.35,0.45,0.35,0.45,0.2,0.4,0.6
CYB00019,Cybersecurity_Analyst,Cybersecurity Analyst,M,22-25,3,MSc,6.9,0.664,0.8884,0.9508,0.6566,0.7456,1.0,0.7223,0.8242,0.8701,0.8517,1,3,0.2,0.35,0.45,0.35,0.45,0.2,0.4,0.6
CYB00020,Cybersecurity_Analyst,Cybersecurity Analyst,M,31-35,1,Diploma,5.0,0.563,0.7926,1.0,0.8628,0.4652,1.0,0.749,0.7801,0.9,0.852,0,0,0.2,0.35,0.45,0.35,0.45,0.2,0.4,0.6
CYB00021,Cybersecurity_Analyst,Cybersecurity Analyst,M,26-30,3,MSc,4.6,0.805,1.0,0.7081,0.724,0.802,1.0,0.4513,0.7135,0.8134,0.7734,1,1,0.2,0.35,0.45,0.35,0.45,0.2,0.4,0.6
CYB00022,Cybersecurity_Analyst,Cybersecurity Analyst,F,22-25,1,Diploma,3.7,0.419,0.8605,0.5873,0.8755,0.4076,1.0,0.665,0.7308,0.7406,0.7367,0,0,0.2,0.35,0.45,0.35,0.45,0.2,0.4,0.6
CYB00023,Cybersecurity_Analyst,Cybersecurity Analyst,M,31-35,4,PhD,1.8,0.93,0.9716,0.7877,0.6414,0.972,0.6,0.8258,0.776,0.8228,0.8041,1,3,0.2,0.35,0.45,0.35,0.45,0.2,0.4,0.6
CYB00024,Cybersecurity_Analyst,Cybersecurity Analyst,F,31-35,2,BSc,3.8,0.767,0.7584,0.8607,0.8283,0.6668,1.0,0.8068,0.8464,0.8184,0.8296,1,3,0.2,0.35,0.45,0.35,0.45,0.2,0.4,0.6
CYB00025,Cybersecurity_Analyst,Cybersecurity Analyst,F,31-35,2,BSc,3.1,0.685,0.7813,0.8805,0.9564,0.634,1.0,0.8575,0.8627,0.861,0.8617,1,3,0.2,0.35,0.45,0.35,0.45,0.2,0.4,0.6
CYB00026,Cybersecurity_Analyst,Cybersecurity Analyst,M,22-25,3,MSc,4.3,0.678,1.0,0.9469,0.6374,0.7512,1.0,0.8038,0.8619,0.9036,0.8869,1,3,0.2,0.35,0.45,0.35,0.45,0.2,0.4,0.6
CYB00027,Cybersecurity_Analyst,Cybersecurity Analyst,M,26-30,2,BSc,4.8,0.759,0.8227,0.9033,0.9325,0.6636,1.0,0.6946,0.7953,0.8809,0.8467,1,3,0.2,0.35,0.45,0.35,0.45,0.2,0.4,0.6
CYB00028,Cybersecurity_Analyst,Cybersecurity Analyst,F,22-25,2,BSc,1.7,0.706,0.9151,0.8537,0.9248,0.6424,0.5667,0.782,0.6787,0.8894,0.8051,1,3,0.2,0.35,0.45,0.35,0.45,0.2,0.4,0.6
CYB00029,Cybersecurity_Analyst,Cybersecurity Analyst,M,26-30,2,BSc,2.9,0.823,0.913,0.6468,0.8665,0.6892,0.9667,0.8119,0.8415,0.7839,0.8069,1,2,0.2,0.35,0.45,0.35,0.45,0.2,0.4,0.6
CYB00030,Cybersecurity_Analyst,Cybersecurity Analyst,M,36-40,2,BSc,1.3,0.603,0.8132,0.717,0.8107,0.6012,0.4333,0.8051,0.6342,0.7694,0.7153,0,2,0.2,0.35,0.45,0.35,0.45,0.2,0.4,0.6
CYB00031,Cybersecurity_Analyst,Cybersecurity Analyst,M,26-30,3,MSc,4.1,0.635,0.9259,0.7154,1.0,0.734,1.0,0.7484,0.8336,0.846,0.841,1,2,0.2,0.35,0.45,0.35,0.45,0.2,0.4,0.6
CYB00032,Cybersecurity_Analyst,Cybersecurity Analyst,M,22-25,3,MSc,7.8,0.681,0.6778,0.7945,0.8074,0.7524,1.0,0.6432,0.7899,0.7562,0.7697,1,2,0.2,0.35,0.45,0.35,0.45,0.2,0.4,0.6
CYB00033,Cybersecurity_Analyst,Cybersecurity Analyst,M,26-30,3,MSc,2.9,0.849,0.7932,0.971,0.7529,0.8196,0.9667,0.7068,0.8203,0.8651,0.8472,1,3,0.2,0.35,0.45,0.35,0.45,0.2,0.4,0.6
CYB00034,Cybersecurity_Analyst,Cybersecurity Analyst,M,22-25,2,BSc,1.7,0.659,0.9178,0.7372,0.6966,0.6236,0.5667,0.8536,0.7072,0.7923,0.7583,1,2,0.2,0.35,0.45,0.35,0.45,0.2,0.4,0.6
CYB00035,Cybersecurity_Analyst,Cybersecurity Analyst,F,36-40,3,MSc,2.7,0.859,1.0,0.7433,0.8146,0.8236,0.9,0.6388,0.7672,0.8474,0.8153,1,2,0.2,0.35,0.45,0.35,0.45,0.2,0.4,0.6
CYB00036,Cybersecurity_Analyst,Cybersecurity Analyst,M,31-35,3,MSc,2.6,0.832,0.9259,0.8216,0.8987,0.8128,0.8667,0.8546,0.8505,0.8735,0.8643,1,3,0.2,0.35,0.45,0.35,0.45,0.2,0.4,0.6
CYB00037,Cybersecurity_Analyst,Cybersecurity Analyst,F,26-30,2,BSc,2.5,0.647,0.7973,0.8432,0.8237,0.6188,0.8333,0.59,0.6809,0.8232,0.7663,1,2,0.2,0.35,0.45,0.35,0.45,0.2,0.4,0.6
CYB00038,Cybersecurity_Analyst,Cybersecurity Analyst,F,36-40,2,BSc,4.8,0.705,0.9757,0.6912,0.7925,0.642,1.0,0.7713,0.8255,0.811,0.8168,1,2,0.2,0.35,0.45,0.35,0.45,0.2,0.4,0.6
CYB00039,Cybersecurity_Analyst,Cybersecurity Analyst,M,22-25,4,PhD,0.6,0.78,0.843,0.8348,0.8653,0.912,0.2,0.647,0.5435,0.8438,0.7237,0,2,0.2,0.35,0.45,0.35,0.45,0.2,0.4,0.6
CYB00040,Cybersecurity_Analyst,Cybersecurity Analyst,F,26-30,2,BSc,5.3,0.531,0.912,0.9864,0.7284,0.5724,1.0,0.7767,0.814,0.9088,0.8709,1,3,0.2,0.35,0.45,0.35,0.45,0.2,0.4,0.6
CYB00041,Cybersecurity_Analyst,Cybersecurity Analyst,F,22-25,3,MSc,5.4,0.638,0.9543,0.7557,0.828,0.7352,1.0,0.7101,0.8166,0.8397,0.8305,1,3,0.2,0.35,0.45,0.35,0.45,0.2,0.4,0.6
CYB00042,Cybersecurity_Analyst,Cybersecurity Analyst,M,31-35,2,BSc,1.1,0.75,0.7567,0.8783,0.5457,0.66,0.3667,0.43,0.4538,0.7692,0.643,0,1,0.2,0.35,0.45,0.35,0.45,0.2,0.4,0.6
CYB00043,Cybersecurity_Analyst,Cybersecurity Analyst,F,46+,3,MSc,3.4,0.584,0.9334,0.8629,0.6255,0.7136,1.0,0.6354,0.7787,0.8401,0.8155,1,2,0.2,0.35,0.45,0.35,0.45,0.2,0.4,0.6
CYB00044,Cybersecurity_Analyst,Cybersecurity Analyst,F,31-35,3,MSc,1.9,0.742,1.0,0.7335,0.8019,0.7768,0.6333,0.7551,0.7168,0.8405,0.791,1,3,0.2,0.35,0.45,0.35,0.45,0.2,0.4,0.6
CYB00045,Cybersecurity_Analyst,Cybersecurity Analyst,M,26-30,4,PhD,2.7,0.717,0.7164,0.8658,0.7899,0.8868,0.9,0.8424,0.8714,0.7983,0.8275,1,3,0.2,0.35,0.45,0.35,0.45,0.2,0.4,0.6
CYB00046,Cybersecurity_Analyst,Cybersecurity Analyst,F,26-30,1,Diploma,5.9,0.458,0.6232,0.8322,0.8562,0.4232,1.0,0.6028,0.7059,0.7639,0.7407,0,0,0.2,0.35,0.45,0.35,0.45,0.2,0.4,0.6
CYB00047,Cybersecurity_Analyst,Cybersecurity Analyst,M,31-35,2,BSc,3.6,0.819,0.8796,0.5973,0.8434,0.6876,1.0,0.6359,0.7737,0.7453,0.7567,1,2,0.2,0.35,0.45,0.35,0.45,0.2,0.4,0.6
CYB00048,Cybersecurity_Analyst,Cybersecurity Analyst,F,31-35,3,MSc,2.3,0.873,0.936,0.7225,0.8324,0.8292,0.7667,0.7998,0.7941,0.8192,0.8092,1,2,0.2,0.35,0.45,0.35,0.45,0.2,0.4,0.6
CYB00049,Cybersecurity_Analyst,Cybersecurity Analyst,M,22-25,2,BSc,3.9,0.788,0.8273,0.9205,0.7851,0.6752,1.0,0.6968,0.7986,0.8608,0.8359,1,3,0.2,0.35,0.45,0.35,0.45,0.2,0.4,0.6
CYB00050,Cybersecurity_Analyst,Cybersecurity Analyst,F,22-25,2,BSc,3.4,0.747,0.8941,0.7501,0.6685,0.6588,1.0,0.9532,0.9107,0.7842,0.8348,1,3,0.2,0.35,0.45,0.35,0.45,0.2,0.4,0.6
CYB00051,Cybersecurity_Analyst,Cybersecurity Analyst,F,31-35,3,MSc,2.6,0.627,0.9482,0.8241,0.8879,0.7308,0.8667,0.6996,0.7643,0.8803,0.8339,1,3,0.2,0.35,0.45,0.35,0.45,0.2,0.4,0.6
CYB00052,Cybersecurity_Analyst,Cybersecurity Analyst,F,31-35,2,BSc,2.6,0.728,0.9251,0.8674,0.7201,0.6512,0.8667,0.723,0.7589,0.8581,0.8184,1,3,0.2,0.35,0.45,0.35,0.45,0.2,0.4,0.6
CYB00053,Cybersecurity_Analyst,Cybersecurity Analyst,M,26-30,2,BSc,5.2,0.794,0.9793,0.9244,0.868,0.6776,1.0,0.8421,0.8645,0.9323,0.9052,1,3,0.2,0.35,0.45,0.35,0.45,0.2,0.4,0.6
CYB00054,Cybersecurity_Analyst,Cybersecurity Analyst,M,26-30,3,MSc,0.0,0.885,1.0,0.5654,0.5187,0.834,0.0,0.6323,0.4513,0.7082,0.6054,0,0,0.2,0.35,0.45,0.35,0.45,0.2,0.4,0.6
CYB00055,Cybersecurity_Analyst,Cybersecurity Analyst,M,41-45,3,MSc,2.1,0.755,1.0,0.7581,0.7904,0.782,0.7,0.8523,0.7849,0.8492,0.8235,1,3,0.2,0.35,0.45,0.35,0.45,0.2,0.4,0.6
CYB00056,Cybersecurity_Analyst,Cybersecurity Analyst,M,26-30,2,BSc,3.7,0.661,0.926,0.9131,0.5802,0.6244,1.0,0.8217,0.8446,0.851,0.8484,1,3,0.2,0.35,0.45,0.35,0.45,0.2,0.4,0.6
CYB00057,Cybersecurity_Analyst,Cybersecurity Analyst,M,22-25,2,BSc,2.6,0.698,0.7151,0.8512,1.0,0.6392,0.8667,0.7681,0.7768,0.8333,0.8107,1,3,0.2,0.35,0.45,0.35,0.45,0.2,0.4,0.6
CYB00058,Cybersecurity_Analyst,Cybersecurity Analyst,M,26-30,2,BSc,3.4,0.821,0.7908,0.9166,0.738,0.6884,1.0,0.8017,0.8484,0.8368,0.8414,1,3,0.2,0.35,0.45,0.35,0.45,0.2,0.4,0.6
CYB00059,Cybersecurity_Analyst,Cybersecurity Analyst,F,31-35,2,BSc,4.8,0.757,0.9817,1.0,0.9425,0.6628,1.0,0.9653,0.9169,0.9821,0.956,1,3,0.2,0.35,0.45,0.35,0.45,0.2,0.4,0.6
CYB00060,Cybersecurity_Analyst,Cybersecurity Analyst,M,26-30,3,MSc,4.9,0.857,0.9221,0.9279,0.5542,0.8228,1.0,0.7314,0.8437,0.8511,0.8481,1,3,0.2,0.35,0.45,0.35,0.45,0.2,0.4,0.6
CYB00061,Cybersecurity_Analyst,Cybersecurity Analyst,F,36-40,2,BSc,4.1,0.752,0.9543,0.7793,0.7219,0.6608,1.0,0.821,0.8516,0.8291,0.8381,1,3,0.2,0.35,0.45,0.35,0.45,0.2,0.4,0.6
CYB00062,Cybersecurity_Analyst,Cybersecurity Analyst,M,41-45,2,BSc,3.1,0.754,0.7539,0.9339,0.7137,0.6616,1.0,0.7414,0.8159,0.8269,0.8225,1,3,0.2,0.35,0.45,0.35,0.45,0.2,0.4,0.6
CYB00063,Cybersecurity_Analyst,Cybersecurity Analyst,F,31-35,3,MSc,3.5,0.849,1.0,0.8715,0.9062,0.8196,1.0,0.846,0.8946,0.9234,0.9119,1,3,0.2,0.35,0.45,0.35,0.45,0.2,0.4,0.6
CYB00064,Cybersecurity_Analyst,Cybersecurity Analyst,M,31-35,3,MSc,5.5,0.69,0.9971,1.0,0.9584,0.756,1.0,0.8136,0.8673,0.9907,0.9413,1,2,0.2,0.35,0.45,0.35,0.45,0.2,0.4,0.6
CYB00065,Cybersecurity_Analyst,Cybersecurity Analyst,M,31-35,2,BSc,3.5,0.781,0.9379,0.9181,0.8946,0.6724,1.0,0.8511,0.8675,0.9203,0.8992,1,3,0.2,0.35,0.45,0.35,0.45,0.2,0.4,0.6
CYB00066,Cybersecurity_Analyst,Cybersecurity Analyst,M,36-40,2,BSc,5.4,0.712,0.8163,0.7371,0.609,0.6448,1.0,0.5846,0.742,0.7392,0.7403,1,2,0.2,0.35,0.45,0.35,0.45,0.2,0.4,0.6
CYB00067,Cybersecurity_Analyst,Cybersecurity Analyst,M,26-30,3,MSc,2.1,0.815,1.0,0.8908,0.9967,0.806,0.7,0.8889,0.8062,0.9502,0.8926,1,3,0.2,0.35,0.45,0.35,0.45,0.2,0.4,0.6
CYB00068,Cybersecurity_Analyst,Cybersecurity Analyst,M,26-30,2,BSc,1.2,0.801,0.799,0.6113,0.7765,0.6804,0.4,0.9279,0.6936,0.71,0.7034,0,3,0.2,0.35,0.45,0.35,0.45,0.2,0.4,0.6
CYB00069,Cybersecurity_Analyst,Cybersecurity Analyst,F,41-45,2,BSc,1.5,0.7,0.8779,0.7614,0.5352,0.64,0.5,0.7896,0.6583,0.7569,0.7175,1,3,0.2,0.35,0.45,0.35,0.45,0.2,0.4,0.6
CYB00070,Cybersecurity_Analyst,Cybersecurity Analyst,M,26-30,2,BSc,1.5,0.704,0.885,0.7034,0.7034,0.6416,0.5,0.704,0.6201,0.767,0.7082,1,2,0.2,0.35,0.45,0.35,0.45,0.2,0.4,0.6
CYB00071,Cybersecurity_Analyst,Cybersecurity Analyst,F,41-45,2,BSc,3.8,0.556,0.7317,0.7834,0.7807,0.5824,1.0,0.5773,0.7263,0.7648,0.7494,1,2,0.2,0.35,0.45,0.35,0.45,0.2,0.4,0.6
CYB00072,Cybersecurity_Analyst,Cybersecurity Analyst,M,46+,3,MSc,4.3,0.77,0.752,0.881,0.9554,0.788,1.0,0.6208,0.787,0.8507,0.8252,1,2,0.2,0.35,0.45,0.35,0.45,0.2,0.4,0.6
CYB00073,Cybersecurity_Analyst,Cybersecurity Analyst,F,31-35,2,BSc,3.7,0.859,0.8282,0.5383,0.5756,0.7036,1.0,0.5426,0.7349,0.6472,0.6823,1,1,0.2,0.35,0.45,0.35,0.45,0.2,0.4,0.6
CYB00074,Cybersecurity_Analyst,Cybersecurity Analyst,M,26-30,3,MSc,3.2,0.791,0.7815,0.9561,0.9044,0.7964,1.0,0.745,0.8445,0.8847,0.8686,1,3,0.2,0.35,0.45,0.35,0.45,0.2,0.4,0.6
CYB00075,Cybersecurity_Analyst,Cybersecurity Analyst,F,36-40,2,BSc,6.9,0.599,0.9994,1.0,0.7585,0.5996,1.0,0.9349,0.8906,0.9515,0.9271,1,3,0.2,0.35,0.45,0.35,0.45,0.2,0.4,0.6
CYB00076,Cybersecurity_Analyst,Cybersecurity Analyst,M,31-35,2,BSc,2.7,0.588,1.0,0.9465,0.7829,0.5952,0.9,0.9263,0.8509,0.9325,0.8999,1,3,0.2,0.35,0.45,0.35,0.45,0.2,0.4,0.6
CYB00077,Cybersecurity_Analyst,Cybersecurity Analyst,F,26-30,3,MSc,5.3,0.856,0.9421,0.7415,0.8843,0.8224,1.0,0.8503,0.8971,0.8403,0.863,1,2,0.2,0.35,0.45,0.35,0.45,0.2,0.4,0.6
CYB00078,Cybersecurity_Analyst,Cybersecurity Analyst,F,22-25,3,MSc,3.3,0.793,0.8887,0.9732,0.7387,0.7972,1.0,0.9458,0.935,0.8967,0.912,1,3,0.2,0.35,0.45,0.35,0.45,0.2,0.4,0.6
CYB00079,Cybersecurity_Analyst,Cybersecurity Analyst,M,31-35,1,Diploma,2.3,0.458,0.897,0.7668,0.7987,0.4232,0.7667,0.6293,0.6362,0.8188,0.7458,0,0,0.2,0.35,0.45,0.35,0.45,0.2,0.4,0.6
CYB00080,Cybersecurity_Analyst,Cybersecurity Analyst,F,26-30,2,BSc,4.8,0.529,1.0,0.9917,0.9354,0.5716,1.0,0.9421,0.8883,0.9833,0.9453,1,3,0.2,0.35,0.45,0.35,0.45,0.2,0.4,0.6
CYB00081,Cybersecurity_Analyst,Cybersecurity Analyst,M,22-25,3,MSc,5.4,0.569,1.0,0.8196,1.0,0.7076,1.0,0.8605,0.8787,0.9188,0.9028,1,3,0.2,0.35,0.45,0.35,0.45,0.2,0.4,0.6
CYB00082,Cybersecurity_Analyst,Cybersecurity Analyst,F,31-35,2,BSc,7.7,0.749,1.0,0.848,0.7641,0.6596,1.0,0.9414,0.9056,0.8844,0.8929,1,3,0.2,0.35,0.45,0.35,0.45,0.2,0.4,0.6
CYB00083,Cybersecurity_Analyst,Cybersecurity Analyst,M,26-30,3,MSc,3.2,0.778,1.0,0.9671,0.8704,0.7912,1.0,0.9688,0.9442,0.9593,0.9533,1,3,0.2,0.35,0.45,0.35,0.45,0.2,0.4,0.6
CYB00084,Cybersecurity_Analyst,Cybersecurity Analyst,M,22-25,2,BSc,7.2,0.737,0.9812,0.7858,0.8461,0.6548,1.0,0.7448,0.8161,0.8663,0.8462,1,3,0.2,0.35,0.45,0.35,0.45,0.2,0.4,0.6
CYB00085,Cybersecurity_Analyst,Cybersecurity Analyst,M,31-35,2,BSc,5.7,0.512,0.813,0.8512,0.8652,0.5648,1.0,0.7885,0.8178,0.8406,0.8315,1,3,0.2,0.35,0.45,0.35,0.45,0.2,0.4,0.6
CYB00086,Cybersecurity_Analyst,Cybersecurity Analyst,M,26-30,2,BSc,1.6,0.696,0.79,0.8102,0.687,0.6384,0.5333,0.658,0.6104,0.7785,0.7113,1,1,0.2,0.35,0.45,0.35,0.45,0.2,0.4,0.6
CYB00087,Cybersecurity_Analyst,Cybersecurity Analyst,F,41-45,3,MSc,6.1,0.674,0.858,0.8232,0.6735,0.7496,1.0,0.7435,0.8345,0.8054,0.817,1,3,0.2,0.35,0.45,0.35,0.45,0.2,0.4,0.6
CYB00088,Cybersecurity_Analyst,Cybersecurity Analyst,F,26-30,2,BSc,5.2,0.794,0.8965,0.7395,0.8295,0.6776,1.0,0.686,0.7942,0.8125,0.8052,1,2,0.2,0.35,0.45,0.35,0.45,0.2,0.4,0.6
CYB00089,Cybersecurity_Analyst,Cybersecurity Analyst,F,31-35,3,MSc,5.3,0.855,0.8645,0.8192,0.9015,0.822,1.0,0.7172,0.8371,0.8515,0.8457,1,3,0.2,0.35,0.45,0.35,0.45,0.2,0.4,0.6
CYB00090,Cybersecurity_Analyst,Cybersecurity Analyst,F,46+,4,PhD,2.9,0.778,0.952,0.8096,0.8673,0.9112,0.9667,0.9293,0.9388,0.871,0.8981,1,3,0.2,0.35,0.45,0.35,0.45,0.2,0.4,0.6
CYB00091,Cybersecurity_Analyst,Cybersecurity Analyst,F,41-45,3,MSc,0.0,0.668,0.9276,0.7617,0.7677,0.7472,0.0,0.8573,0.5352,0.821,0.7067,0,0,0.2,0.35,0.45,0.35,0.45,0.2,0.4,0.6
CYB00092,Cybersecurity_Analyst,Cybersecurity Analyst,M,31-35,2,BSc,5.4,0.813,0.9755,0.8409,0.7939,0.6852,1.0,0.7376,0.819,0.8786,0.8548,1,3,0.2,0.35,0.45,0.35,0.45,0.2,0.4,0.6
CYB00093,Cybersecurity_Analyst,Cybersecurity Analyst,F,26-30,2,BSc,3.4,0.856,0.969,0.8031,0.6131,0.7024,1.0,0.653,0.7843,0.8232,0.8076,1,2,0.2,0.35,0.45,0.35,0.45,0.2,0.4,0.6
CYB00094,Cybersecurity_Analyst,Cybersecurity Analyst,M,26-30,4,PhD,2.8,0.738,0.8473,0.7831,0.9546,0.8952,0.9333,0.9132,0.9166,0.8399,0.8706,1,3,0.2,0.35,0.45,0.35,0.45,0.2,0.4,0.6
CYB00095,Cybersecurity_Analyst,Cybersecurity Analyst,M,41-45,2,BSc,6.2,0.749,0.6886,0.613,0.8071,0.6596,1.0,0.5507,0.7297,0.6783,0.6989,1,2,0.2,0.35,0.45,0.35,0.45,0.2,0.4,0.6
CYB00096,Cybersecurity_Analyst,Cybersecurity Analyst,F,36-40,3,MSc,2.7,0.623,0.9246,1.0,0.9857,0.7292,0.9,1.0,0.9108,0.9707,0.9467,1,3,0.2,0.35,0.45,0.35,0.45,0.2,0.4,0.6
CYB00097,Cybersecurity_Analyst,Cybersecurity Analyst,M,41-45,2,BSc,4.8,0.741,0.8898,0.8698,0.705,0.6564,1.0,0.6762,0.7856,0.8438,0.8205,1,2,0.2,0.35,0.45,0.35,0.45,0.2,0.4,0.6
CYB00098,Cybersecurity_Analyst,Cybersecurity Analyst,M,22-25,2,BSc,1.6,0.716,0.9746,0.612,0.725,0.6464,0.5333,0.5844,0.5789,0.7615,0.6885,1,2,0.2,0.35,0.45,0.35,0.45,0.2,0.4,0.6
CYB00099,Cybersecurity_Analyst,Cybersecurity Analyst,M,41-45,2,BSc,1.3,0.556,1.0,0.9093,0.8909,0.5824,0.4333,0.7614,0.6108,0.9374,0.8068,0,3,0.2,0.35,0.45,0.35,0.45,0.2,0.4,0.6
CYB00100,Cybersecurity_Analyst,Cybersecurity Analyst,F,36-40,2,BSc,7.6,0.776,0.9399,0.6586,0.9198,0.6704,1.0,0.7715,0.8313,0.8093,0.8181,1,2,0.2,0.35,0.45,0.35,0.45,0.2,0.4,0.6
CYB00101,Cybersecurity_Analyst,Cybersecurity Analyst,F,26-30,2,BSc,2.2,0.732,0.9854,0.6079,0.7326,0.6528,0.7333,0.6192,0.6659,0.765,0.7254,1,2,0.2,0.35,0.45,0.35,0.45,0.2,0.4,0.6
CYB00102,Cybersecurity_Analyst,Cybersecurity Analyst,M,31-35,3,MSc,4.4,0.754,0.9888,0.8002,0.8503,0.7816,1.0,0.7318,0.8356,0.8762,0.86,1,3,0.2,0.35,0.45,0.35,0.45,0.2,0.4,0.6
CYB00103,Cybersecurity_Analyst,Cybersecurity Analyst,F,22-25,2,BSc,3.6,0.691,0.9345,0.8658,0.9323,0.6364,1.0,0.8129,0.8431,0.9031,0.8791,1,3,0.2,0.35,0.45,0.35,0.45,0.2,0.4,0.6
CYB00104,Cybersecurity_Analyst,Cybersecurity Analyst,F,22-25,2,BSc,1.5,0.75,0.7356,0.6857,0.6155,0.66,0.5,0.8839,0.7048,0.6891,0.6954,1,2,0.2,0.35,0.45,0.35,0.45,0.2,0.4,0.6
CYB00105,Cybersecurity_Analyst,Cybersecurity Analyst,F,22-25,4,PhD,5.5,0.886,1.0,0.8256,1.0,0.9544,1.0,0.7416,0.8746,0.9215,0.9027,1,3,0.2,0.35,0.45,0.35,0.45,0.2,0.4,0.6
CYB00106,Cybersecurity_Analyst,Cybersecurity Analyst,F,26-30,4,PhD,5.6,0.704,0.8892,0.7373,0.7887,0.8816,1.0,0.8048,0.8885,0.8007,0.8358,1,2,0.2,0.35,0.45,0.35,0.45,0.2,0.4,0.6
CYB00107,Cybersecurity_Analyst,Cybersecurity Analyst,F,26-30,2,BSc,8.1,0.75,1.0,0.871,0.8317,0.66,1.0,0.7745,0.8305,0.9083,0.8772,1,3,0.2,0.35,0.45,0.35,0.45,0.2,0.4,0.6
CYB00108,Cybersecurity_Analyst,Cybersecurity Analyst,F,22-25,2,BSc,4.8,0.802,1.0,0.8888,0.7184,0.6808,1.0,0.7398,0.8191,0.8936,0.8638,1,3,0.2,0.35,0.45,0.35,0.45,0.2,0.4,0.6
CYB00109,Cybersecurity_Analyst,Cybersecurity Analyst,F,31-35,2,BSc,4.0,0.518,0.8465,0.9407,0.9587,0.5672,1.0,0.7379,0.7955,0.9113,0.865,1,3,0.2,0.35,0.45,0.35,0.45,0.2,0.4,0.6
CYB00110,Cybersecurity_Analyst,Cybersecurity Analyst,F,26-30,2,BSc,5.3,0.533,1.0,0.8511,0.9616,0.5732,1.0,0.5786,0.725,0.9253,0.8452,1,2,0.2,0.35,0.45,0.35,0.45,0.2,0.4,0.6
CYB00111,Cybersecurity_Analyst,Cybersecurity Analyst,F,31-35,2,BSc,6.1,0.607,0.7703,0.9224,0.8967,0.6028,1.0,0.9114,0.8807,0.864,0.8707,1,3,0.2,0.35,0.45,0.35,0.45,0.2,0.4,0.6
CYB00112,Cybersecurity_Analyst,Cybersecurity Analyst,M,36-40,2,BSc,4.7,0.601,0.7639,1.0,0.797,0.6004,1.0,0.9281,0.8877,0.8768,0.8812,1,3,0.2,0.35,0.45,0.35,0.45,0.2,0.4,0.6
CYB00113,Cybersecurity_Analyst,Cybersecurity Analyst,F,41-45,2,BSc,1.9,0.688,0.8777,0.9433,0.5388,0.6352,0.6333,0.8515,0.7319,0.8394,0.7964,1,3,0.2,0.35,0.45,0.35,0.45,0.2,0.4,0.6
CYB00114,Cybersecurity_Analyst,Cybersecurity Analyst,M,26-30,3,MSc,7.0,0.667,0.8499,0.8163,0.8109,0.7468,1.0,0.6935,0.8114,0.827,0.8208,1,3,0.2,0.35,0.45,0.35,0.45,0.2,0.4,0.6
CYB00115,Cybersecurity_Analyst,Cybersecurity Analyst,F,31-35,2,BSc,3.6,0.703,0.7094,0.8467,0.8425,0.6412,1.0,0.7335,0.8083,0.7978,0.802,1,3,0.2,0.35,0.45,0.35,0.45,0.2,0.4,0.6
CYB00116,Cybersecurity_Analyst,Cybersecurity Analyst,M,36-40,1,Diploma,3.3,0.401,0.8723,0.7263,0.7095,0.4004,1.0,0.8539,0.8143,0.774,0.7901,0,0,0.2,0.35,0.45,0.35,0.45,0.2,0.4,0.6
CYB00117,Cybersecurity_Analyst,Cybersecurity Analyst,M,31-35,2,BSc,5.7,0.752,0.9947,0.712,0.9341,0.6608,1.0,0.7924,0.8387,0.8554,0.8487,1,2,0.2,0.35,0.45,0.35,0.45,0.2,0.4,0.6
CYB00118,Cybersecurity_Analyst,Cybersecurity Analyst,M,46+,2,BSc,6.3,0.66,0.8597,0.6473,1.0,0.624,1.0,0.8058,0.8374,0.7922,0.8103,1,2,0.2,0.35,0.45,0.35,0.45,0.2,0.4,0.6
CYB00119,Cybersecurity_Analyst,Cybersecurity Analyst,F,36-40,2,BSc,7.5,0.764,0.8237,0.7883,0.9236,0.6656,1.0,0.7329,0.8129,0.8277,0.8218,1,3,0.2,0.35,0.45,0.35,0.45,0.2,0.4,0.6
CYB00120,Cybersecurity_Analyst,Cybersecurity Analyst,M,31-35,3,MSc,5.4,0.873,0.827,0.7589,0.8447,0.8292,1.0,0.6859,0.8245,0.7999,0.8097,1,3,0.2,0.35,0.45,0.35,0.45,0.2,0.4,0.6
CYB00121,Cybersecurity_Analyst,Cybersecurity Analyst,M,31-35,2,BSc,6.1,0.791,0.7209,0.7364,0.8267,0.6764,1.0,0.6782,0.7905,0.749,0.7656,1,2,0.2,0.35,0.45,0.35,0.45,0.2,0.4,0.6
CYB00122,Cybersecurity_Analyst,Cybersecurity Analyst,F,22-25,2,BSc,4.9,0.745,0.9739,1.0,0.7653,0.658,1.0,0.8434,0.8611,0.9439,0.9108,1,3,0.2,0.35,0.45,0.35,0.45,0.2,0.4,0.6
CYB00123,Cybersecurity_Analyst,Cybersecurity Analyst,F,31-35,2,BSc,2.4,0.551,0.7419,0.7358,0.9046,0.5804,0.8,0.8065,0.759,0.7717,0.7666,1,2,0.2,0.35,0.45,0.35,0.45,0.2,0.4,0.6
CYB00124,Cybersecurity_Analyst,Cybersecurity Analyst,M,26-30,2,BSc,0.8,0.793,0.8873,0.9065,0.8295,0.6772,0.2667,0.8219,0.5986,0.8844,0.7701,0,3,0.2,0.35,0.45,0.35,0.45,0.2,0.4,0.6
CYB00125,Cybersecurity_Analyst,Cybersecurity Analyst,M,26-30,3,MSc,6.9,0.701,0.9839,0.8868,1.0,0.7604,1.0,0.83,0.8756,0.9434,0.9163,1,3,0.2,0.35,0.45,0.35,0.45,0.2,0.4,0.6
CYB00126,Cybersecurity_Analyst,Cybersecurity Analyst,F,26-30,3,MSc,1.6,0.954,0.934,0.7682,0.8017,0.8616,0.5333,0.8125,0.7246,0.8329,0.7896,1,3,0.2,0.35,0.45,0.35,0.45,0.2,0.4,0.6
CYB00127,Cybersecurity_Analyst,Cybersecurity Analyst,M,31-35,4,PhD,4.7,0.823,1.0,0.7985,0.8156,0.9292,1.0,0.9522,0.9643,0.8724,0.9092,1,3,0.2,0.35,0.45,0.35,0.45,0.2,0.4,0.6
CYB00128,Cybersecurity_Analyst,Cybersecurity Analyst,M,26-30,3,MSc,6.7,0.743,1.0,0.9119,0.9533,0.7772,1.0,0.8699,0.8969,0.951,0.9294,1,2,0.2,0.35,0.45,0.35,0.45,0.2,0.4,0.6
CYB00129,Cybersecurity_Analyst,Cybersecurity Analyst,F,26-30,3,MSc,0.2,0.744,0.9895,0.6338,0.7138,0.7776,0.0667,0.5966,0.4473,0.7743,0.6435,0,0,0.2,0.35,0.45,0.35,0.45,0.2,0.4,0.6
CYB00130,Cybersecurity_Analyst,Cybersecurity Analyst,M,41-45,4,PhD,5.3,0.866,1.0,0.9805,0.9819,0.9464,1.0,0.9633,0.9728,0.9876,0.9817,1,3,0.2,0.35,0.45,0.35,0.45,0.2,0.4,0.6
CYB00131,Cybersecurity_Analyst,Cybersecurity Analyst,M,46+,2,BSc,3.5,0.741,0.9298,1.0,0.7867,0.6564,1.0,0.6372,0.768,0.9328,0.8669,1,2,0.2,0.35,0.45,0.35,0.45,0.2,0.4,0.6
CYB00132,Cybersecurity_Analyst,Cybersecurity Analyst,F,31-35,4,PhD,3.6,0.826,0.9732,0.8132,0.8836,0.9304,1.0,0.8125,0.9017,0.8833,0.8907,1,3,0.2,0.35,0.45,0.35,0.45,0.2,0.4,0.6
CYB00133,Cybersecurity_Analyst,Cybersecurity Analyst,F,22-25,4,PhD,4.1,0.834,1.0,0.9388,0.91,0.9336,1.0,0.7658,0.8813,0.9545,0.9252,1,3,0.2,0.35,0.45,0.35,0.45,0.2,0.4,0.6
CYB00134,Cybersecurity_Analyst,Cybersecurity Analyst,M,31-35,2,BSc,4.5,0.624,0.6406,0.9374,0.6968,0.6096,1.0,0.7597,0.8138,0.7854,0.7968,1,3,0.2,0.35,0.45,0.35,0.45,0.2,0.4,0.6
CYB00135,Cybersecurity_Analyst,Cybersecurity Analyst,M,31-35,3,MSc,0.0,0.878,0.8111,0.6772,0.7431,0.8312,0.0,0.833,0.5411,0.7372,0.6588,0,0,0.2,0.35,0.45,0.35,0.45,0.2,0.4,0.6
CYB00136,Cybersecurity_Analyst,Cybersecurity Analyst,F,36-40,2,BSc,2.8,0.771,0.7337,0.6508,0.7966,0.6684,0.9333,0.7268,0.7874,0.709,0.7404,1,2,0.2,0.35,0.45,0.35,0.45,0.2,0.4,0.6
CYB00137,Cybersecurity_Analyst,Cybersecurity Analyst,F,31-35,4,PhD,6.6,0.784,0.9182,0.9104,1.0,0.9136,1.0,0.9019,0.9386,0.931,0.934,1,3,0.2,0.35,0.45,0.35,0.45,0.2,0.4,0.6
CYB00138,Cybersecurity_Analyst,Cybersecurity Analyst,F,26-30,3,MSc,4.5,0.85,1.0,0.855,0.9528,0.82,1.0,0.801,0.8745,0.9253,0.905,1,3,0.2,0.35,0.45,0.35,0.45,0.2,0.4,0.6
CYB00139,Cybersecurity_Analyst,Cybersecurity Analyst,M,36-40,4,PhD,4.0,0.556,0.9015,0.7807,0.7554,0.8224,1.0,0.9533,0.9435,0.8179,0.8681,1,3,0.2,0.35,0.45,0.35,0.45,0.2,0.4,0.6
CYB00140,Cybersecurity_Analyst,Cybersecurity Analyst,F,26-30,2,BSc,0.0,0.727,0.7843,0.7078,0.6765,0.6508,0.0,0.7297,0.4585,0.7283,0.6204,0,0,0.2,0.35,0.45,0.35,0.45,0.2,0.4,0.6
CYB00141,Cybersecurity_Analyst,Cybersecurity Analyst,F,26-30,2,BSc,2.9,0.527,1.0,0.9103,0.7817,0.5708,0.9667,0.8268,0.8246,0.916,0.8794,1,3,0.2,0.35,0.45,0.35,0.45,0.2,0.4,0.6
CYB00142,Cybersecurity_Analyst,Cybersecurity Analyst,M,31-35,3,MSc,4.5,0.862,0.988,0.6907,0.9767,0.8248,1.0,0.8776,0.9099,0.852,0.8752,1,2,0.2,0.35,0.45,0.35,0.45,0.2,0.4,0.6
CYB00143,Cybersecurity_Analyst,Cybersecurity Analyst,F,31-35,2,BSc,5.2,0.739,0.9051,0.927,1.0,0.6556,1.0,0.7714,0.8282,0.9339,0.8916,1,3,0.2,0.35,0.45,0.35,0.45,0.2,0.4,0.6
CYB00144,Cybersecurity_Analyst,Cybersecurity Analyst,M,36-40,2,BSc,8.2,0.541,0.9818,1.0,1.0,0.5764,1.0,0.9179,0.8783,0.9936,0.9475,1,3,0.2,0.35,0.45,0.35,0.45,0.2,0.4,0.6
CYB00145,Cybersecurity_Analyst,Cybersecurity Analyst,F,36-40,3,MSc,3.8,0.792,0.8333,0.6763,0.978,0.7968,1.0,0.7589,0.8509,0.7916,0.8153,1,2,0.2,0.35,0.45,0.35,0.45,0.2,0.4,0.6
CYB00146,Cybersecurity_Analyst,Cybersecurity Analyst,F,22-25,4,PhD,4.8,0.917,0.8833,0.8575,0.7926,0.9668,1.0,0.8349,0.9191,0.8536,0.8798,1,3,0.2,0.35,0.45,0.35,0.45,0.2,0.4,0.6
CYB00147,Cybersecurity_Analyst,Cybersecurity Analyst,F,36-40,2,BSc,2.8,0.508,0.9648,1.0,0.885,0.5632,0.9333,0.7734,0.7873,0.9647,0.8937,1,3,0.2,0.35,0.45,0.35,0.45,0.2,0.4,0.6
CYB00148,Cybersecurity_Analyst,Cybersecurity Analyst,M,41-45,3,MSc,5.6,0.78,0.9712,0.8531,0.8617,0.792,1.0,0.6269,0.7905,0.8962,0.8539,1,2,0.2,0.35,0.45,0.35,0.45,0.2,0.4,0.6
CYB00149,Cybersecurity_Analyst,Cybersecurity Analyst,F,31-35,1,Diploma,5.0,0.537,0.9425,0.9537,0.9954,0.4548,1.0,0.9654,0.8754,0.9581,0.925,0,0,0.2,0.35,0.45,0.35,0.45,0.2,0.4,0.6
CYB00150,Cybersecurity_Analyst,Cybersecurity Analyst,M,31-35,4,PhD,0.0,0.708,0.8346,0.5909,0.8012,0.8832,0.0,0.6905,0.4874,0.7183,0.6259,0,0,0.2,0.35,0.45,0.35,0.45,0.2,0.4,0.6
CYB00151,Cybersecurity_Analyst,Cybersecurity Analyst,F,26-30,2,BSc,4.8,0.615,0.8513,0.8074,0.7444,0.606,1.0,0.7133,0.7922,0.8102,0.803,1,3,0.2,0.35,0.45,0.35,0.45,0.2,0.4,0.6
CYB00152,Cybersecurity_Analyst,Cybersecurity Analyst,M,31-35,3,MSc,7.7,0.627,1.0,0.8562,0.914,0.7308,1.0,0.9636,0.9298,0.9181,0.9228,1,2,0.2,0.35,0.45,0.35,0.45,0.2,0.4,0.6
CYB00153,Cybersecurity_Analyst,Cybersecurity Analyst,F,31-35,4,PhD,3.2,0.742,0.9565,0.6411,0.4532,0.8968,1.0,0.7881,0.884,0.7139,0.7819,1,2,0.2,0.35,0.45,0.35,0.45,0.2,0.4,0.6
CYB00154,Cybersecurity_Analyst,Cybersecurity Analyst,M,26-30,3,MSc,1.7,0.769,0.8301,0.8434,0.6726,0.7876,0.5667,0.5093,0.585,0.8046,0.7168,1,1,0.2,0.35,0.45,0.35,0.45,0.2,0.4,0.6
CYB00155,Cybersecurity_Analyst,Cybersecurity Analyst,F,31-35,1,Diploma,6.6,0.526,0.6731,0.8706,1.0,0.4504,1.0,0.7868,0.7941,0.8274,0.8141,0,0,0.2,0.35,0.45,0.35,0.45,0.2,0.4,0.6
CYB00156,Cybersecurity_Analyst,Cybersecurity Analyst,M,46+,4,PhD,6.8,0.902,1.0,0.8567,0.849,0.9608,1.0,0.6286,0.825,0.9053,0.8732,1,2,0.2,0.35,0.45,0.35,0.45,0.2,0.4,0.6
CYB00157,Cybersecurity_Analyst,Cybersecurity Analyst,F,31-35,2,BSc,4.2,0.633,0.8992,0.8367,0.7774,0.6132,1.0,0.9083,0.8814,0.8467,0.8606,1,3,0.2,0.35,0.45,0.35,0.45,0.2,0.4,0.6
CYB00158,Cybersecurity_Analyst,Cybersecurity Analyst,F,41-45,2,BSc,3.8,0.762,0.9472,0.9079,0.8733,0.6648,1.0,0.6531,0.7769,0.9147,0.8596,1,1,0.2,0.35,0.45,0.35,0.45,0.2,0.4,0.6
CYB00159,Cybersecurity_Analyst,Cybersecurity Analyst,M,46+,1,Diploma,8.0,0.494,0.9254,0.9053,0.7976,0.4376,1.0,0.7835,0.7901,0.8908,0.8505,0,0,0.2,0.35,0.45,0.35,0.45,0.2,0.4,0.6
CYB00160,Cybersecurity_Analyst,Cybersecurity Analyst,F,41-45,2,BSc,5.1,0.844,0.9791,0.7653,0.8688,0.6976,1.0,0.8357,0.8656,0.8608,0.8627,1,3,0.2,0.35,0.45,0.35,0.45,0.2,0.4,0.6
CYB00161,Cybersecurity_Analyst,Cybersecurity Analyst,M,22-25,2,BSc,2.9,0.8,0.7708,0.8821,0.9285,0.68,0.9667,0.7847,0.8275,0.8524,0.8424,1,3,0.2,0.35,0.45,0.35,0.45,0.2,0.4,0.6
CYB00162,Cybersecurity_Analyst,Cybersecurity Analyst,M,31-35,2,BSc,4.2,0.534,0.7541,0.9516,0.405,0.5736,1.0,0.7979,0.8238,0.7732,0.7934,1,3,0.2,0.35,0.45,0.35,0.45,0.2,0.4,0.6
CYB00163,Cybersecurity_Analyst,Cybersecurity Analyst,M,26-30,2,BSc,4.5,0.765,0.8582,0.8175,0.9195,0.666,1.0,0.6604,0.7804,0.8521,0.8234,1,2,0.2,0.35,0.45,0.35,0.45,0.2,0.4,0.6
CYB00164,Cybersecurity_Analyst,Cybersecurity Analyst,M,22-25,3,MSc,5.8,0.789,0.8062,0.8626,0.753,0.7956,1.0,0.801,0.8696,0.8209,0.8404,1,3,0.2,0.35,0.45,0.35,0.45,0.2,0.4,0.6
CYB00165,Cybersecurity_Analyst,Cybersecurity Analyst,M,26-30,3,MSc,6.4,0.759,1.0,0.8352,0.7117,0.7836,1.0,0.7607,0.849,0.8682,0.8605,1,3,0.2,0.35,0.45,0.35,0.45,0.2,0.4,0.6
CYB00166,Cybersecurity_Analyst,Cybersecurity Analyst,F,22-25,2,BSc,4.0,0.662,0.9532,0.8083,0.8309,0.6248,1.0,0.9489,0.902,0.8635,0.8789,1,3,0.2,0.35,0.45,0.35,0.45,0.2,0.4,0.6
CYB00167,Cybersecurity_Analyst,Cybersecurity Analyst,M,41-45,3,MSc,2.0,0.895,0.9743,0.8283,0.6063,0.838,0.6667,0.7084,0.7197,0.835,0.7889,1,3,0.2,0.35,0.45,0.35,0.45,0.2,0.4,0.6
CYB00168,Cybersecurity_Analyst,Cybersecurity Analyst,F,26-30,2,BSc,1.5,0.743,0.8455,0.8599,0.7662,0.6572,0.5,0.6119,0.5818,0.8361,0.7344,1,1,0.2,0.35,0.45,0.35,0.45,0.2,0.4,0.6
CYB00169,Cybersecurity_Analyst,Cybersecurity Analyst,M,31-35,2,BSc,7.3,0.603,0.8406,0.8255,0.9479,0.6012,1.0,0.9056,0.8778,0.8553,0.8643,1,3,0.2,0.35,0.45,0.35,0.45,0.2,0.4,0.6
CYB00170,Cybersecurity_Analyst,Cybersecurity Analyst,F,22-25,2,BSc,3.1,0.641,0.7755,0.6936,0.5497,0.6164,1.0,0.5656,0.7278,0.6935,0.7072,1,2,0.2,0.35,0.45,0.35,0.45,0.2,0.4,0.6
CYB00171,Cybersecurity_Analyst,Cybersecurity Analyst,F,22-25,4,PhD,3.7,0.869,0.9172,0.7982,0.9511,0.9476,1.0,0.8409,0.9179,0.8704,0.8894,1,3,0.2,0.35,0.45,0.35,0.45,0.2,0.4,0.6
CYB00172,Cybersecurity_Analyst,Cybersecurity Analyst,F,31-35,2,BSc,3.0,0.553,0.6913,0.5038,0.6538,0.5812,1.0,0.5269,0.7033,0.5994,0.641,1,1,0.2,0.35,0.45,0.35,0.45,0.2,0.4,0.6
CYB00173,Cybersecurity_Analyst,Cybersecurity Analyst,F,36-40,4,PhD,3.8,0.918,0.9329,0.7528,0.9193,0.9672,1.0,0.7383,0.8757,0.8491,0.8597,1,3,0.2,0.35,0.45,0.35,0.45,0.2,0.4,0.6
CYB00174,Cybersecurity_Analyst,Cybersecurity Analyst,M,31-35,3,MSc,2.9,0.782,0.7635,0.9408,0.6591,0.7928,0.9667,0.8159,0.8641,0.8224,0.8391,1,3,0.2,0.35,0.45,0.35,0.45,0.2,0.4,0.6
CYB00175,Cybersecurity_Analyst,Cybersecurity Analyst,F,26-30,2,BSc,5.1,0.702,0.6543,0.8233,0.7269,0.6408,1.0,0.8176,0.8461,0.7449,0.7854,1,3,0.2,0.35,0.45,0.35,0.45,0.2,0.4,0.6
CYB00176,Cybersecurity_Analyst,Cybersecurity Analyst,M,26-30,2,BSc,3.8,0.916,0.7424,0.7006,0.5752,0.7264,1.0,0.842,0.8742,0.6902,0.7638,1,2,0.2,0.35,0.45,0.35,0.45,0.2,0.4,0.6
CYB00177,Cybersecurity_Analyst,Cybersecurity Analyst,F,26-30,2,BSc,4.3,0.551,0.8806,0.9271,0.8513,0.5804,1.0,0.7429,0.8004,0.8957,0.8576,1,3,0.2,0.35,0.45,0.35,0.45,0.2,0.4,0.6
CYB00178,Cybersecurity_Analyst,Cybersecurity Analyst,M,31-35,4,PhD,1.6,0.72,0.9841,0.6207,0.9418,0.888,0.5333,0.6333,0.6492,0.8121,0.7469,1,2,0.2,0.35,0.45,0.35,0.45,0.2,0.4,0.6
CYB00179,Cybersecurity_Analyst,Cybersecurity Analyst,M,36-40,2,BSc,5.9,0.795,0.7524,0.7928,0.8582,0.678,1.0,0.6816,0.7923,0.7917,0.7919,1,3,0.2,0.35,0.45,0.35,0.45,0.2,0.4,0.6
CYB00180,Cybersecurity_Analyst,Cybersecurity Analyst,F,22-25,2,BSc,3.9,0.761,0.7381,0.7323,0.8419,0.6644,1.0,0.6947,0.7955,0.7562,0.7719,1,2,0.2,0.35,0.45,0.35,0.45,0.2,0.4,0.6
CYB00181,Cybersecurity_Analyst,Cybersecurity Analyst,M,36-40,2,BSc,5.3,0.555,0.8886,0.9546,0.7069,0.582,1.0,1.0,0.9164,0.882,0.8958,1,3,0.2,0.35,0.45,0.35,0.45,0.2,0.4,0.6
CYB00182,Cybersecurity_Analyst,Cybersecurity Analyst,F,26-30,1,Diploma,2.4,0.532,0.8875,0.8063,0.8844,0.4528,0.8,0.7771,0.7203,0.8503,0.7983,0,0,0.2,0.35,0.45,0.35,0.45,0.2,0.4,0.6
CYB00183,Cybersecurity_Analyst,Cybersecurity Analyst,F,26-30,2,BSc,4.7,0.452,0.8908,1.0,0.8249,0.5408,1.0,0.7835,0.8107,0.9268,0.8804,1,3,0.2,0.35,0.45,0.35,0.45,0.2,0.4,0.6
CYB00184,Cybersecurity_Analyst,Cybersecurity Analyst,F,46+,4,PhD,5.2,0.856,1.0,0.983,0.8913,0.9424,1.0,0.6999,0.8534,0.9706,0.9237,1,3,0.2,0.35,0.45,0.35,0.45,0.2,0.4,0.6
CYB00185,Cybersecurity_Analyst,Cybersecurity Analyst,F,22-25,2,BSc,5.8,0.566,0.8439,0.9935,0.6495,0.5864,1.0,0.8466,0.8482,0.8723,0.8627,1,3,0.2,0.35,0.45,0.35,0.45,0.2,0.4,0.6
CYB00186,Cybersecurity_Analyst,Cybersecurity Analyst,F,22-25,2,BSc,3.7,0.706,0.7019,0.8707,0.9978,0.6424,1.0,0.8396,0.8563,0.837,0.8447,1,3,0.2,0.35,0.45,0.35,0.45,0.2,0.4,0.6
CYB00187,Cybersecurity_Analyst,Cybersecurity Analyst,F,26-30,3,MSc,6.7,0.603,0.7557,0.9003,0.8414,0.7212,1.0,0.7942,0.8516,0.8379,0.8434,1,3,0.2,0.35,0.45,0.35,0.45,0.2,0.4,0.6
CYB00188,Cybersecurity_Analyst,Cybersecurity Analyst,F,26-30,2,BSc,2.0,0.815,0.8981,0.9803,0.6322,0.686,0.6667,0.6654,0.67,0.8819,0.7971,1,2,0.2,0.35,0.45,0.35,0.45,0.2,0.4,0.6
CYB00189,Cybersecurity_Analyst,Cybersecurity Analyst,F,26-30,2,BSc,4.3,0.729,0.9208,0.9941,0.7897,0.6516,1.0,0.7705,0.827,0.9276,0.8874,1,3,0.2,0.35,0.45,0.35,0.45,0.2,0.4,0.6
CYB00190,Cybersecurity_Analyst,Cybersecurity Analyst,F,46+,2,BSc,1.2,0.668,0.7718,0.7942,0.7393,0.6272,0.4,0.816,0.6326,0.7754,0.7183,0,3,0.2,0.35,0.45,0.35,0.45,0.2,0.4,0.6
CYB00191,Cybersecurity_Analyst,Cybersecurity Analyst,F,26-30,2,BSc,5.5,0.803,0.7191,0.819,1.0,0.6812,1.0,0.7854,0.8397,0.8202,0.828,1,3,0.2,0.35,0.45,0.35,0.45,0.2,0.4,0.6
CYB00192,Cybersecurity_Analyst,Cybersecurity Analyst,M,31-35,4,PhD,2.5,0.808,0.9243,0.8029,0.5664,0.9232,0.8333,0.6207,0.7556,0.7981,0.7811,1,2,0.2,0.35,0.45,0.35,0.45,0.2,0.4,0.6
CYB00193,Cybersecurity_Analyst,Cybersecurity Analyst,M,46+,3,MSc,5.2,0.877,1.0,0.9952,0.8509,0.8308,1.0,0.8675,0.9065,0.968,0.9434,1,3,0.2,0.35,0.45,0.35,0.45,0.2,0.4,0.6
CYB00194,Cybersecurity_Analyst,Cybersecurity Analyst,F,31-35,3,MSc,3.8,0.63,0.9183,0.8577,0.8827,0.732,1.0,0.592,0.7628,0.8839,0.8355,1,2,0.2,0.35,0.45,0.35,0.45,0.2,0.4,0.6
CYB00195,Cybersecurity_Analyst,Cybersecurity Analyst,F,31-35,4,PhD,5.7,0.71,0.9209,0.9788,0.9098,0.884,1.0,0.6462,0.8176,0.9447,0.8939,1,2,0.2,0.35,0.45,0.35,0.45,0.2,0.4,0.6
CYB00196,Cybersecurity_Analyst,Cybersecurity Analyst,M,22-25,2,BSc,1.3,0.526,0.905,0.7868,0.7753,0.5704,0.4333,0.7126,0.5864,0.8259,0.7301,0,3,0.2,0.35,0.45,0.35,0.45,0.2,0.4,0.6
CYB00197,Cybersecurity_Analyst,Cybersecurity Analyst,M,41-45,2,BSc,2.1,0.689,0.9649,0.8296,0.7301,0.6356,0.7,0.6744,0.6756,0.8571,0.7845,1,2,0.2,0.35,0.45,0.35,0.45,0.2,0.4,0.6
CYB00198,Cybersecurity_Analyst,Cybersecurity Analyst,M,31-35,3,MSc,3.8,0.799,0.9124,1.0,1.0,0.7996,1.0,0.9021,0.9159,0.9693,0.9479,1,3,0.2,0.35,0.45,0.35,0.45,0.2,0.4,0.6
CYB00199,Cybersecurity_Analyst,Cybersecurity Analyst,F,46+,3,MSc,2.5,0.806,0.9515,0.9904,0.838,0.8024,0.8333,0.6408,0.7405,0.9463,0.864,1,2,0.2,0.35,0.45,0.35,0.45,0.2,0.4,0.6
CYB00200,Cybersecurity_Analyst,Cybersecurity Analyst,F,22-25,1,Diploma,6.4,0.512,0.9374,0.8695,0.9642,0.4448,1.0,0.8281,0.8116,0.9122,0.872,0,0,0.2,0.35,0.45,0.35,0.45,0.2,0.4,0.6
CYB00201,Cybersecurity_Analyst,Cybersecurity Analyst,F,22-25,2,BSc,4.8,0.749,0.8329,0.8873,0.9641,0.6596,1.0,0.6631,0.7803,0.8836,0.8423,1,2,0.2,0.35,0.45,0.35,0.45,0.2,0.4,0.6
CYB00202,Cybersecurity_Analyst,Cybersecurity Analyst,M,31-35,3,MSc,3.6,0.746,0.9859,0.9333,0.9508,0.7784,1.0,0.6936,0.8178,0.9552,0.9002,1,3,0.2,0.35,0.45,0.35,0.45,0.2,0.4,0.6
CYB00203,Cybersecurity_Analyst,Cybersecurity Analyst,M,36-40,3,MSc,0.2,0.813,0.9083,0.9192,0.9551,0.8052,0.0667,0.7887,0.5393,0.9226,0.7693,0,0,0.2,0.35,0.45,0.35,0.45,0.2,0.4,0.6
CYB00204,Cybersecurity_Analyst,Cybersecurity Analyst,F,31-35,2,BSc,0.0,0.704,0.9071,0.7565,0.7397,0.6416,0.0,0.794,0.4856,0.8058,0.6777,0,0,0.2,0.35,0.45,0.35,0.45,0.2,0.4,0.6
CYB00205,Cybersecurity_Analyst,Cybersecurity Analyst,M,26-30,4,PhD,6.8,0.845,0.8267,1.0,1.0,0.938,1.0,0.7979,0.8967,0.9393,0.9223,1,3,0.2,0.35,0.45,0.35,0.45,0.2,0.4,0.6
CYB00206,Cybersecurity_Analyst,Cybersecurity Analyst,F,26-30,2,BSc,5.9,0.753,0.6526,0.8758,0.7956,0.6612,1.0,0.7194,0.806,0.7816,0.7914,1,3,0.2,0.35,0.45,0.35,0.45,0.2,0.4,0.6
CYB00207,Cybersecurity_Analyst,Cybersecurity Analyst,F,41-45,2,BSc,3.8,0.613,0.8152,0.6797,0.5741,0.6052,1.0,0.8221,0.841,0.706,0.76,1,2,0.2,0.35,0.45,0.35,0.45,0.2,0.4,0.6
CYB00208,Cybersecurity_Analyst,Cybersecurity Analyst,F,26-30,2,BSc,4.9,0.702,0.7787,0.895,0.8951,0.6408,1.0,0.8937,0.8803,0.8543,0.8647,1,3,0.2,0.35,0.45,0.35,0.45,0.2,0.4,0.6
CYB00209,Cybersecurity_Analyst,Cybersecurity Analyst,F,26-30,1,Diploma,0.0,0.461,0.7696,0.7499,0.7388,0.4244,0.0,0.711,0.4048,0.7546,0.6147,0,0,0.2,0.35,0.45,0.35,0.45,0.2,0.4,0.6
CYB00210,Cybersecurity_Analyst,Cybersecurity Analyst,M,26-30,2,BSc,3.1,0.829,0.8961,0.7045,0.9255,0.6916,1.0,0.7499,0.8258,0.8158,0.8198,1,2,0.2,0.35,0.45,0.35,0.45,0.2,0.4,0.6
CYB00211,Cybersecurity_Analyst,Cybersecurity Analyst,M,31-35,2,BSc,5.4,0.668,0.6808,0.7609,0.8262,0.6272,1.0,0.6348,0.7611,0.7459,0.752,1,2,0.2,0.35,0.45,0.35,0.45,0.2,0.4,0.6
CYB00212,Cybersecurity_Analyst,Cybersecurity Analyst,F,36-40,2,BSc,6.5,0.479,0.8,0.8648,0.868,0.5516,1.0,0.7863,0.8142,0.8428,0.8314,1,3,0.2,0.35,0.45,0.35,0.45,0.2,0.4,0.6
CYB00213,Cybersecurity_Analyst,Cybersecurity Analyst,F,26-30,3,MSc,6.1,0.783,0.741,0.7423,0.8777,0.7932,1.0,0.8968,0.9122,0.7689,0.8262,1,2,0.2,0.35,0.45,0.35,0.45,0.2,0.4,0.6
CYB00214,Cybersecurity_Analyst,Cybersecurity Analyst,F,46+,2,BSc,1.0,0.567,0.7516,0.8184,0.8396,0.5868,0.3333,0.6664,0.5339,0.7993,0.6931,0,2,0.2,0.35,0.45,0.35,0.45,0.2,0.4,0.6
CYB00215,Cybersecurity_Analyst,Cybersecurity Analyst,F,41-45,2,BSc,3.9,0.547,0.8152,0.872,0.5947,0.5788,1.0,0.6652,0.7651,0.7967,0.7841,1,2,0.2,0.35,0.45,0.35,0.45,0.2,0.4,0.6
CYB00216,Cybersecurity_Analyst,Cybersecurity Analyst,F,22-25,2,BSc,1.6,0.727,0.7678,0.6863,0.7113,0.6508,0.5333,0.9371,0.7385,0.7198,0.7273,1,2,0.2,0.35,0.45,0.35,0.45,0.2,0.4,0.6
CYB00217,Cybersecurity_Analyst,Cybersecurity Analyst,M,22-25,3,MSc,4.7,0.925,0.9894,1.0,1.0,0.85,1.0,0.9922,0.9665,0.9963,0.9844,1,3,0.2,0.35,0.45,0.35,0.45,0.2,0.4,0.6
CYB00218,Cybersecurity_Analyst,Cybersecurity Analyst,F,31-35,2,BSc,5.4,0.71,0.7684,1.0,1.0,0.644,1.0,0.6992,0.7934,0.9189,0.8687,1,3,0.2,0.35,0.45,0.35,0.45,0.2,0.4,0.6
CYB00219,Cybersecurity_Analyst,Cybersecurity Analyst,F,36-40,3,MSc,4.7,0.729,0.8051,0.8419,0.9412,0.7716,1.0,0.9619,0.9372,0.8489,0.8842,1,3,0.2,0.35,0.45,0.35,0.45,0.2,0.4,0.6
CYB00220,Cybersecurity_Analyst,Cybersecurity Analyst,M,22-25,2,BSc,0.0,0.877,0.8499,0.6482,0.811,0.7108,0.0,0.5979,0.4112,0.7514,0.6153,0,0,0.2,0.35,0.45,0.35,0.45,0.2,0.4,0.6
CYB00221,Cybersecurity_Analyst,Cybersecurity Analyst,M,22-25,4,PhD,4.8,0.676,1.0,0.9682,0.8947,0.8704,1.0,0.9417,0.9478,0.9646,0.9579,1,3,0.2,0.35,0.45,0.35,0.45,0.2,0.4,0.6
CYB00222,Cybersecurity_Analyst,Cybersecurity Analyst,F,26-30,3,MSc,5.4,0.741,0.922,0.9412,0.9306,0.7764,1.0,1.0,0.9553,0.9324,0.9416,1,3,0.2,0.35,0.45,0.35,0.45,0.2,0.4,0.6
CYB00223,Cybersecurity_Analyst,Cybersecurity Analyst,F,31-35,2,BSc,2.6,0.579,0.8796,0.7706,0.879,0.5916,0.8667,0.7063,0.7395,0.8304,0.794,1,3,0.2,0.35,0.45,0.35,0.45,0.2,0.4,0.6
CYB00224,Cybersecurity_Analyst,Cybersecurity Analyst,F,26-30,2,BSc,7.1,0.655,0.8205,0.8948,0.7515,0.622,1.0,0.8477,0.8559,0.8401,0.8464,1,3,0.2,0.35,0.45,0.35,0.45,0.2,0.4,0.6
CYB00225,Cybersecurity_Analyst,Cybersecurity Analyst,F,41-45,3,MSc,7.4,0.743,0.9439,0.9814,0.9071,0.7772,1.0,0.7576,0.8464,0.9534,0.9106,1,3,0.2,0.35,0.45,0.35,0.45,0.2,0.4,0.6
CYB00226,Cybersecurity_Analyst,Cybersecurity Analyst,F,26-30,2,BSc,5.6,0.762,0.813,0.8513,0.8222,0.6648,1.0,0.7605,0.8252,0.8321,0.8293,1,3,0.2,0.35,0.45,0.35,0.45,0.2,0.4,0.6
CYB00227,Cybersecurity_Analyst,Cybersecurity Analyst,M,31-35,4,PhD,7.4,0.75,0.8349,0.9125,0.9979,0.9,1.0,0.7747,0.8786,0.9024,0.8929,1,3,0.2,0.35,0.45,0.35,0.45,0.2,0.4,0.6
CYB00228,Cybersecurity_Analyst,Cybersecurity Analyst,M,22-25,4,PhD,5.5,0.772,0.974,0.8686,0.836,0.9088,1.0,1.0,0.9818,0.899,0.9321,1,3,0.2,0.35,0.45,0.35,0.45,0.2,0.4,0.6
CYB00229,Cybersecurity_Analyst,Cybersecurity Analyst,F,36-40,1,Diploma,6.8,0.479,0.7895,1.0,0.7475,0.4316,1.0,0.8238,0.807,0.8758,0.8483,0,0,0.2,0.35,0.45,0.35,0.45,0.2,0.4,0.6
CYB00230,Cybersecurity_Analyst,Cybersecurity Analyst,M,31-35,3,MSc,0.0,0.771,0.8022,0.67,0.7871,0.7884,0.0,0.6644,0.4567,0.7397,0.6265,0,0,0.2,0.35,0.45,0.35,0.45,0.2,0.4,0.6
CYB00231,Cybersecurity_Analyst,Cybersecurity Analyst,F,22-25,3,MSc,1.6,0.93,0.8631,0.5989,0.7252,0.852,0.5333,0.4648,0.5662,0.7166,0.6564,1,1,0.2,0.35,0.45,0.35,0.45,0.2,0.4,0.6
CYB00232,Cybersecurity_Analyst,Cybersecurity Analyst,F,41-45,2,BSc,2.2,0.601,0.8436,1.0,0.8984,0.6004,0.7333,0.738,0.7088,0.9249,0.8385,1,2,0.2,0.35,0.45,0.35,0.45,0.2,0.4,0.6
CYB00233,Cybersecurity_Analyst,Cybersecurity Analyst,M,26-30,2,BSc,4.5,0.799,0.839,1.0,0.7285,0.6796,1.0,0.7216,0.8106,0.8893,0.8578,1,3,0.2,0.35,0.45,0.35,0.45,0.2,0.4,0.6
CYB00234,Cybersecurity_Analyst,Cybersecurity Analyst,M,31-35,2,BSc,2.6,0.869,0.6923,0.9892,0.8009,0.7076,0.8667,0.7877,0.7993,0.8476,0.8283,1,3,0.2,0.35,0.45,0.35,0.45,0.2,0.4,0.6
CYB00235,Cybersecurity_Analyst,Cybersecurity Analyst,M,26-30,2,BSc,3.7,0.674,0.9421,0.7339,1.0,0.6296,1.0,0.8863,0.8748,0.86,0.8659,1,1,0.2,0.35,0.45,0.35,0.45,0.2,0.4,0.6
CYB00236,Cybersecurity_Analyst,Cybersecurity Analyst,F,26-30,3,MSc,3.0,0.753,0.9308,0.5152,0.6718,0.7812,1.0,0.8504,0.8889,0.692,0.7708,1,1,0.2,0.35,0.45,0.35,0.45,0.2,0.4,0.6
CYB00237,Cybersecurity_Analyst,Cybersecurity Analyst,M,31-35,3,MSc,2.5,0.733,0.8001,0.9354,0.7805,0.7732,0.8333,0.9407,0.8696,0.8571,0.8621,1,3,0.2,0.35,0.45,0.35,0.45,0.2,0.4,0.6
CYB00238,Cybersecurity_Analyst,Cybersecurity Analyst,F,26-30,2,BSc,7.4,0.769,0.838,0.8866,0.7928,0.6676,1.0,0.5973,0.7523,0.8508,0.8114,1,2,0.2,0.35,0.45,0.35,0.45,0.2,0.4,0.6
CYB00239,Cybersecurity_Analyst,Cybersecurity Analyst,M,22-25,2,BSc,2.0,0.673,0.6982,0.7481,0.782,0.6292,0.6667,0.5133,0.5902,0.7374,0.6785,1,1,0.2,0.35,0.45,0.35,0.45,0.2,0.4,0.6
CYB00240,Cybersecurity_Analyst,Cybersecurity Analyst,M,31-35,2,BSc,4.2,0.536,0.8172,0.6709,0.6119,0.5744,1.0,0.7599,0.8068,0.7103,0.7489,1,2,0.2,0.35,0.45,0.35,0.45,0.2,0.4,0.6
CYB00241,Cybersecurity_Analyst,Cybersecurity Analyst,F,26-30,2,BSc,3.8,0.89,0.7289,0.6155,0.4148,0.716,1.0,0.7292,0.8213,0.615,0.6975,1,3,0.2,0.35,0.45,0.35,0.45,0.2,0.4,0.6
CYB00242,Cybersecurity_Analyst,Cybersecurity Analyst,F,26-30,2,BSc,6.2,0.781,0.6014,0.9292,0.6235,0.6724,1.0,0.6622,0.7825,0.7533,0.765,1,2,0.2,0.35,0.45,0.35,0.45,0.2,0.4,0.6
CYB00243,Cybersecurity_Analyst,Cybersecurity Analyst,F,26-30,3,MSc,5.2,0.78,0.9127,0.9222,0.9004,0.792,1.0,0.8529,0.8922,0.9145,0.9056,1,3,0.2,0.35,0.45,0.35,0.45,0.2,0.4,0.6
CYB00244,Cybersecurity_Analyst,Cybersecurity Analyst,M,26-30,2,BSc,8.6,0.711,0.7811,0.8616,0.8492,0.6444,1.0,0.9705,0.9156,0.8309,0.8648,1,3,0.2,0.35,0.45,0.35,0.45,0.2,0.4,0.6
CYB00245,Cybersecurity_Analyst,Cybersecurity Analyst,M,31-35,2,BSc,4.3,0.644,0.9388,0.6161,0.8239,0.6176,1.0,0.8637,0.8622,0.7706,0.8072,1,2,0.2,0.35,0.45,0.35,0.45,0.2,0.4,0.6
CYB00246,Cybersecurity_Analyst,Cybersecurity Analyst,F,31-35,2,BSc,2.1,0.703,0.7873,0.7779,0.8221,0.6412,0.7,0.569,0.6293,0.79,0.7257,1,2,0.2,0.35,0.45,0.35,0.45,0.2,0.4,0.6
CYB00247,Cybersecurity_Analyst,Cybersecurity Analyst,F,36-40,2,BSc,1.8,0.706,0.7683,0.7979,1.0,0.6424,0.6,0.618,0.6166,0.828,0.7434,1,2,0.2,0.35,0.45,0.35,0.45,0.2,0.4,0.6
CYB00248,Cybersecurity_Analyst,Cybersecurity Analyst,F,31-35,3,MSc,4.7,0.718,0.8213,0.881,0.8593,0.7672,1.0,0.8531,0.8873,0.8558,0.8684,1,3,0.2,0.35,0.45,0.35,0.45,0.2,0.4,0.6
CYB00249,Cybersecurity_Analyst,Cybersecurity Analyst,F,46+,2,BSc,5.1,0.81,0.8688,0.7182,0.8282,0.684,1.0,0.7871,0.841,0.7929,0.8121,1,2,0.2,0.35,0.45,0.35,0.45,0.2,0.4,0.6
CYB00250,Cybersecurity_Analyst,Cybersecurity Analyst,M,36-40,3,MSc,4.6,0.568,0.9882,0.8775,0.8107,0.7072,1.0,0.9204,0.9056,0.9029,0.904,1,3,0.2,0.35,0.45,0.35,0.45,0.2,0.4,0.6
CYB00251,Cybersecurity_Analyst,Cybersecurity Analyst,F,26-30,2,BSc,5.2,0.665,0.8906,0.6583,0.8717,0.626,1.0,0.4404,0.6734,0.7823,0.7387,1,1,0.2,0.35,0.45,0.35,0.45,0.2,0.4,0.6
CYB00252,Cybersecurity_Analyst,Cybersecurity Analyst,M,26-30,4,PhD,5.9,0.852,0.7996,0.916,0.7197,0.9408,1.0,0.8923,0.9397,0.836,0.8775,1,3,0.2,0.35,0.45,0.35,0.45,0.2,0.4,0.6
CYB00253,Cybersecurity_Analyst,Cybersecurity Analyst,M,26-30,2,BSc,7.0,0.717,0.7165,0.8246,1.0,0.6468,1.0,0.8634,0.8679,0.8218,0.8402,1,3,0.2,0.35,0.45,0.35,0.45,0.2,0.4,0.6
CYB00254,Cybersecurity_Analyst,Cybersecurity Analyst,M,31-35,2,BSc,0.0,0.703,1.0,0.7082,0.8651,0.6412,0.0,0.7985,0.4876,0.8417,0.7001,0,0,0.2,0.35,0.45,0.35,0.45,0.2,0.4,0.6
CYB00255,Cybersecurity_Analyst,Cybersecurity Analyst,F,22-25,3,MSc,7.1,0.837,0.852,0.7347,0.837,0.8148,1.0,0.8225,0.8831,0.7962,0.831,1,2,0.2,0.35,0.45,0.35,0.45,0.2,0.4,0.6
CYB00256,Cybersecurity_Analyst,Cybersecurity Analyst,F,31-35,2,BSc,3.6,0.451,0.7563,0.9049,0.9476,0.5404,1.0,0.8405,0.8363,0.8614,0.8514,1,3,0.2,0.35,0.45,0.35,0.45,0.2,0.4,0.6
CYB00257,Cybersecurity_Analyst,Cybersecurity Analyst,F,31-35,4,PhD,4.8,0.955,1.0,0.7811,0.9028,0.982,1.0,0.8168,0.914,0.8821,0.8949,1,3,0.2,0.35,0.45,0.35,0.45,0.2,0.4,0.6
CYB00258,Cybersecurity_Analyst,Cybersecurity Analyst,F,36-40,4,PhD,1.5,0.732,0.9102,0.8444,0.6593,0.8928,0.5,0.5756,0.6126,0.8304,0.7433,1,2,0.2,0.35,0.45,0.35,0.45,0.2,0.4,0.6
CYB00259,Cybersecurity_Analyst,Cybersecurity Analyst,M,26-30,2,BSc,4.5,0.622,0.9575,0.7915,0.7864,0.6088,1.0,0.694,0.7841,0.8486,0.8228,1,3,0.2,0.35,0.45,0.35,0.45,0.2,0.4,0.6
CYB00260,Cybersecurity_Analyst,Cybersecurity Analyst,F,31-35,3,MSc,3.2,0.82,0.9256,0.8514,0.6374,0.808,1.0,0.8888,0.9116,0.8346,0.8654,1,3,0.2,0.35,0.45,0.35,0.45,0.2,0.4,0.6
CYB00261,Cybersecurity_Analyst,Cybersecurity Analyst,F,26-30,4,PhD,4.7,0.776,0.9758,0.9467,0.9519,0.9104,1.0,0.746,0.8678,0.9579,0.9219,1,3,0.2,0.35,0.45,0.35,0.45,0.2,0.4,0.6
CYB00262,Cybersecurity_Analyst,Cybersecurity Analyst,M,31-35,3,MSc,2.7,0.862,1.0,0.8147,0.8311,0.8248,0.9,0.8078,0.8435,0.8828,0.8671,1,3,0.2,0.35,0.45,0.35,0.45,0.2,0.4,0.6
CYB00263,Cybersecurity_Analyst,Cybersecurity Analyst,F,31-35,2,BSc,3.7,0.555,0.9637,0.9024,0.5474,0.582,1.0,0.9344,0.8869,0.8529,0.8665,1,3,0.2,0.35,0.45,0.35,0.45,0.2,0.4,0.6
CYB00264,Cybersecurity_Analyst,Cybersecurity Analyst,M,41-45,2,BSc,3.3,0.779,0.8127,0.9659,0.9226,0.6716,1.0,1.0,0.9343,0.9036,0.9159,1,3,0.2,0.35,0.45,0.35,0.45,0.2,0.4,0.6
CYB00265,Cybersecurity_Analyst,Cybersecurity Analyst,F,36-40,2,BSc,4.3,0.643,1.0,0.7597,0.6868,0.6172,1.0,0.8531,0.8573,0.8292,0.8404,1,3,0.2,0.35,0.45,0.35,0.45,0.2,0.4,0.6
CYB00266,Cybersecurity_Analyst,Cybersecurity Analyst,F,26-30,2,BSc,4.6,0.731,0.8468,0.9598,0.8064,0.6524,1.0,0.7388,0.8129,0.8896,0.8589,1,3,0.2,0.35,0.45,0.35,0.45,0.2,0.4,0.6
CYB00267,Cybersecurity_Analyst,Cybersecurity Analyst,F,41-45,3,MSc,1.2,0.623,0.9595,0.7255,0.8787,0.7292,0.4,0.7227,0.6111,0.838,0.7472,0,2,0.2,0.35,0.45,0.35,0.45,0.2,0.4,0.6
CYB00268,Cybersecurity_Analyst,Cybersecurity Analyst,M,22-25,2,BSc,3.2,0.698,0.6872,0.803,0.8332,0.6392,1.0,0.8509,0.8607,0.7685,0.8054,1,3,0.2,0.35,0.45,0.35,0.45,0.2,0.4,0.6
CYB00269,Cybersecurity_Analyst,Cybersecurity Analyst,F,26-30,3,MSc,2.7,0.643,0.8127,0.865,1.0,0.7372,0.9,0.7433,0.7969,0.8737,0.843,1,3,0.2,0.35,0.45,0.35,0.45,0.2,0.4,0.6
CYB00270,Cybersecurity_Analyst,Cybersecurity Analyst,F,26-30,2,BSc,1.3,0.551,0.9042,0.8138,0.8185,0.5804,0.4333,0.7431,0.6021,0.8464,0.7487,0,3,0.2,0.35,0.45,0.35,0.45,0.2,0.4,0.6
CYB00271,Cybersecurity_Analyst,Cybersecurity Analyst,F,22-25,2,BSc,1.3,0.56,0.828,0.6925,1.0,0.584,0.4333,0.7529,0.6073,0.8014,0.7238,0,2,0.2,0.35,0.45,0.35,0.45,0.2,0.4,0.6
CYB00272,Cybersecurity_Analyst,Cybersecurity Analyst,M,36-40,2,BSc,4.2,0.652,0.8564,0.7887,0.7716,0.6208,1.0,0.8022,0.8352,0.809,0.8195,1,3,0.2,0.35,0.45,0.35,0.45,0.2,0.4,0.6
CYB00273,Cybersecurity_Analyst,Cybersecurity Analyst,M,36-40,2,BSc,4.6,0.655,0.8741,0.8517,0.9873,0.622,1.0,0.8642,0.8633,0.8867,0.8773,1,3,0.2,0.35,0.45,0.35,0.45,0.2,0.4,0.6
CYB00274,Cybersecurity_Analyst,Cybersecurity Analyst,M,41-45,2,BSc,4.0,0.539,0.8248,1.0,1.0,0.5756,1.0,0.8067,0.8281,0.9387,0.8945,1,3,0.2,0.35,0.45,0.35,0.45,0.2,0.4,0.6
CYB00275,Cybersecurity_Analyst,Cybersecurity Analyst,M,31-35,2,BSc,2.3,0.87,0.8321,0.6721,0.8892,0.708,0.7667,0.9037,0.8166,0.7715,0.7895,1,2,0.2,0.35,0.45,0.35,0.45,0.2,0.4,0.6
CYB00276,Cybersecurity_Analyst,Cybersecurity Analyst,M,26-30,2,BSc,0.4,0.86,0.9201,0.8859,0.586,0.704,0.1333,0.6856,0.496,0.8379,0.7011,0,0,0.2,0.35,0.45,0.35,0.45,0.2,0.4,0.6
CYB00277,Cybersecurity_Analyst,Cybersecurity Analyst,M,36-40,2,BSc,6.8,0.639,0.9244,0.7729,0.8618,0.6156,1.0,0.9972,0.9219,0.8437,0.875,1,3,0.2,0.35,0.45,0.35,0.45,0.2,0.4,0.6
CYB00278,Cybersecurity_Analyst,Cybersecurity Analyst,F,31-35,2,BSc,0.6,0.692,0.8539,0.991,0.6473,0.6368,0.2,0.7014,0.513,0.8743,0.7298,0,2,0.2,0.35,0.45,0.35,0.45,0.2,0.4,0.6
CYB00279,Cybersecurity_Analyst,Cybersecurity Analyst,F,22-25,3,MSc,7.7,0.629,0.8803,0.9457,1.0,0.7316,1.0,0.6653,0.7957,0.9337,0.8785,1,2,0.2,0.35,0.45,0.35,0.45,0.2,0.4,0.6
CYB00280,Cybersecurity_Analyst,Cybersecurity Analyst,F,26-30,4,PhD,3.5,0.769,1.0,0.9319,0.7091,0.9076,1.0,0.9077,0.94,0.9112,0.9227,1,3,0.2,0.35,0.45,0.35,0.45,0.2,0.4,0.6
CYB00281,Cybersecurity_Analyst,Cybersecurity Analyst,M,26-30,4,PhD,3.8,0.929,1.0,0.6859,1.0,0.9716,1.0,0.8824,0.9414,0.8587,0.8918,1,2,0.2,0.35,0.45,0.35,0.45,0.2,0.4,0.6
CYB00282,Cybersecurity_Analyst,Cybersecurity Analyst,M,22-25,2,BSc,6.8,0.58,0.8175,1.0,1.0,0.592,1.0,1.0,0.9184,0.9361,0.929,1,3,0.2,0.35,0.45,0.35,0.45,0.2,0.4,0.6
CYB00283,Cybersecurity_Analyst,Cybersecurity Analyst,M,22-25,2,BSc,1.1,0.789,0.8228,0.7691,0.7165,0.6756,0.3667,0.6653,0.5629,0.7774,0.6916,0,3,0.2,0.35,0.45,0.35,0.45,0.2,0.4,0.6
CYB00284,Cybersecurity_Analyst,Cybersecurity Analyst,M,31-35,3,MSc,6.0,0.69,1.0,1.0,0.7387,0.756,1.0,0.8249,0.8724,0.9477,0.9176,1,3,0.2,0.35,0.45,0.35,0.45,0.2,0.4,0.6
CYB00285,Cybersecurity_Analyst,Cybersecurity Analyst,F,31-35,4,PhD,3.7,0.644,0.7374,0.8025,0.9043,0.8576,1.0,0.6676,0.8219,0.8001,0.8088,1,2,0.2,0.35,0.45,0.35,0.45,0.2,0.4,0.6
CYB00286,Cybersecurity_Analyst,Cybersecurity Analyst,M,26-30,2,BSc,5.7,0.527,1.0,0.8236,0.9193,0.5708,1.0,0.8093,0.8283,0.9045,0.874,1,3,0.2,0.35,0.45,0.35,0.45,0.2,0.4,0.6
CYB00287,Cybersecurity_Analyst,Cybersecurity Analyst,M,46+,2,BSc,3.4,0.817,0.8853,0.8984,0.6723,0.6868,1.0,0.7132,0.8083,0.8486,0.8325,1,3,0.2,0.35,0.45,0.35,0.45,0.2,0.4,0.6
CYB00288,Cybersecurity_Analyst,Cybersecurity Analyst,F,31-35,2,BSc,2.3,0.62,1.0,1.0,0.6895,0.608,0.7667,0.8114,0.7551,0.9379,0.8648,1,3,0.2,0.35,0.45,0.35,0.45,0.2,0.4,0.6
CYB00289,Cybersecurity_Analyst,Cybersecurity Analyst,M,22-25,2,BSc,4.1,0.818,0.6018,0.8252,0.8103,0.6872,1.0,0.7785,0.8378,0.744,0.7815,1,3,0.2,0.35,0.45,0.35,0.45,0.2,0.4,0.6
CYB00290,Cybersecurity_Analyst,Cybersecurity Analyst,M,22-25,3,MSc,5.8,0.679,0.8546,0.856,1.0,0.7516,1.0,0.93,0.9188,0.8843,0.8981,1,3,0.2,0.35,0.45,0.35,0.45,0.2,0.4,0.6
CYB00291,Cybersecurity_Analyst,Cybersecurity Analyst,M,46+,2,BSc,6.0,0.633,0.8738,1.0,0.8359,0.6132,1.0,0.9429,0.8969,0.923,0.9126,1,3,0.2,0.35,0.45,0.35,0.45,0.2,0.4,0.6
CYB00292,Cybersecurity_Analyst,Cybersecurity Analyst,F,22-25,2,BSc,4.5,0.778,0.8372,0.7142,0.9827,0.6712,1.0,0.8273,0.8565,0.811,0.8292,1,2,0.2,0.35,0.45,0.35,0.45,0.2,0.4,0.6
CYB00293,Cybersecurity_Analyst,Cybersecurity Analyst,M,36-40,2,BSc,5.9,0.629,0.747,0.7516,0.9605,0.6116,1.0,0.7122,0.7928,0.7918,0.7922,1,3,0.2,0.35,0.45,0.35,0.45,0.2,0.4,0.6
CYB00294,Cybersecurity_Analyst,Cybersecurity Analyst,M,26-30,4,PhD,4.9,0.934,0.8631,0.9628,0.7009,0.9736,1.0,0.856,0.9299,0.8755,0.8973,1,3,0.2,0.35,0.45,0.35,0.45,0.2,0.4,0.6
CYB00295,Cybersecurity_Analyst,Cybersecurity Analyst,M,41-45,3,MSc,6.3,0.708,0.9062,0.8113,0.6512,0.7632,1.0,0.7576,0.8436,0.8125,0.8249,1,3,0.2,0.35,0.45,0.35,0.45,0.2,0.4,0.6
CYB00296,Cybersecurity_Analyst,Cybersecurity Analyst,F,26-30,2,BSc,6.5,0.683,0.7776,0.9265,1.0,0.6332,1.0,0.8145,0.8432,0.8891,0.8707,1,3,0.2,0.35,0.45,0.35,0.45,0.2,0.4,0.6
CYB00297,Cybersecurity_Analyst,Cybersecurity Analyst,M,26-30,2,BSc,1.7,0.511,0.7676,0.7118,0.9231,0.5644,0.5667,0.7592,0.6529,0.7736,0.7253,1,2,0.2,0.35,0.45,0.35,0.45,0.2,0.4,0.6
CYB00298,Cybersecurity_Analyst,Cybersecurity Analyst,M,36-40,3,MSc,4.4,0.824,0.7078,0.7906,0.7498,0.8096,1.0,0.7213,0.8365,0.7535,0.7867,1,3,0.2,0.35,0.45,0.35,0.45,0.2,0.4,0.6
CYB00299,Cybersecurity_Analyst,Cybersecurity Analyst,M,31-35,3,MSc,4.0,0.886,0.8,0.9043,0.9111,0.8344,1.0,0.7633,0.8604,0.8692,0.8657,1,3,0.2,0.35,0.45,0.35,0.45,0.2,0.4,0.6
CYB00300,Cybersecurity_Analyst,Cybersecurity Analyst,F,26-30,3,MSc,5.9,0.62,1.0,0.8044,0.8422,0.728,1.0,0.8383,0.8728,0.8804,0.8774,1,3,0.2,0.35,0.45,0.35,0.45,0.2,0.4,0.6
CYB00301,Cybersecurity_Analyst,Cybersecurity Analyst,M,22-25,2,BSc,2.7,0.774,0.8935,0.7855,0.6488,0.6696,0.9,0.6448,0.7391,0.796,0.7732,1,3,0.2,0.35,0.45,0.35,0.45,0.2,0.4,0.6
CYB00302,Cybersecurity_Analyst,Cybersecurity Analyst,M,36-40,3,MSc,2.2,0.789,0.8897,0.5593,0.8198,0.7956,0.7333,0.7634,0.7593,0.727,0.7399,1,1,0.2,0.35,0.45,0.35,0.45,0.2,0.4,0.6
CYB00303,Cybersecurity_Analyst,Cybersecurity Analyst,F,31-35,2,BSc,2.4,0.643,0.9306,0.6882,0.975,0.6172,0.8,0.7918,0.7597,0.8304,0.8021,1,1,0.2,0.35,0.45,0.35,0.45,0.2,0.4,0.6
CYB00304,Cybersecurity_Analyst,Cybersecurity Analyst,M,41-45,3,MSc,6.3,0.696,0.878,0.9429,0.8579,0.7584,1.0,0.9694,0.9379,0.9032,0.9171,1,3,0.2,0.35,0.45,0.35,0.45,0.2,0.4,0.6
CYB00305,Cybersecurity_Analyst,Cybersecurity Analyst,M,26-30,4,PhD,2.8,0.628,0.8959,0.59,0.9123,0.8512,0.9333,0.5835,0.7595,0.7615,0.7607,1,2,0.2,0.35,0.45,0.35,0.45,0.2,0.4,0.6
CYB00306,Cybersecurity_Analyst,Cybersecurity Analyst,F,26-30,2,BSc,5.3,0.696,1.0,0.8405,0.9908,0.6384,1.0,0.7714,0.8248,0.9264,0.8858,1,3,0.2,0.35,0.45,0.35,0.45,0.2,0.4,0.6
CYB00307,Cybersecurity_Analyst,Cybersecurity Analyst,M,26-30,4,PhD,1.4,0.681,0.8768,0.7166,0.7964,0.8724,0.4667,0.76,0.6798,0.7886,0.7451,0,3,0.2,0.35,0.45,0.35,0.45,0.2,0.4,0.6
CYB00308,Cybersecurity_Analyst,Cybersecurity Analyst,M,36-40,3,MSc,0.0,0.576,1.0,0.7894,0.9869,0.7104,0.0,0.9495,0.5694,0.9026,0.7693,0,0,0.2,0.35,0.45,0.35,0.45,0.2,0.4,0.6
CYB00309,Cybersecurity_Analyst,Cybersecurity Analyst,M,31-35,2,BSc,1.4,0.576,0.8843,0.8438,0.6229,0.5904,0.4667,0.8603,0.6686,0.8138,0.7557,0,3,0.2,0.35,0.45,0.35,0.45,0.2,0.4,0.6
CYB00310,Cybersecurity_Analyst,Cybersecurity Analyst,F,31-35,4,PhD,3.5,0.762,0.8633,0.9566,0.8011,0.9048,1.0,0.7036,0.8476,0.8928,0.8747,1,3,0.2,0.35,0.45,0.35,0.45,0.2,0.4,0.6
CYB00311,Cybersecurity_Analyst,Cybersecurity Analyst,F,31-35,3,MSc,4.8,0.734,0.8669,0.9436,1.0,0.7736,1.0,0.7373,0.8365,0.928,0.8914,1,3,0.2,0.35,0.45,0.35,0.45,0.2,0.4,0.6
CYB00312,Cybersecurity_Analyst,Cybersecurity Analyst,M,26-30,3,MSc,0.7,0.707,0.9016,1.0,0.9667,0.7628,0.2333,0.8126,0.5999,0.9589,0.8153,0,3,0.2,0.35,0.45,0.35,0.45,0.2,0.4,0.6
CYB00313,Cybersecurity_Analyst,Cybersecurity Analyst,F,31-35,3,MSc,1.8,0.581,0.9046,0.9112,0.9543,0.7124,0.6,0.7953,0.7104,0.9175,0.8347,1,3,0.2,0.35,0.45,0.35,0.45,0.2,0.4,0.6
CYB00314,Cybersecurity_Analyst,Cybersecurity Analyst,F,36-40,2,BSc,2.0,0.438,0.9596,0.6507,0.915,0.5352,0.6667,0.7637,0.6841,0.8117,0.7607,1,2,0.2,0.35,0.45,0.35,0.45,0.2,0.4,0.6
CYB00315,Cybersecurity_Analyst,Cybersecurity Analyst,F,22-25,2,BSc,1.8,0.582,0.8619,0.7085,0.8124,0.5928,0.6,0.6009,0.599,0.783,0.7094,1,2,0.2,0.35,0.45,0.35,0.45,0.2,0.4,0.6
CYB00316,Cybersecurity_Analyst,Cybersecurity Analyst,F,31-35,2,BSc,4.0,0.704,0.9324,0.7676,1.0,0.6416,1.0,0.8789,0.8738,0.8718,0.8726,1,3,0.2,0.35,0.45,0.35,0.45,0.2,0.4,0.6
CYB00317,Cybersecurity_Analyst,Cybersecurity Analyst,F,36-40,2,BSc,6.2,0.413,0.8088,0.8465,0.7616,0.5252,1.0,0.7643,0.799,0.8163,0.8094,1,3,0.2,0.35,0.45,0.35,0.45,0.2,0.4,0.6
CYB00318,Cybersecurity_Analyst,Cybersecurity Analyst,M,36-40,2,BSc,3.1,0.581,0.7902,0.818,0.7648,0.5924,1.0,0.7241,0.7943,0.7976,0.7963,1,3,0.2,0.35,0.45,0.35,0.45,0.2,0.4,0.6
CYB00319,Cybersecurity_Analyst,Cybersecurity Analyst,F,26-30,2,BSc,1.0,0.725,0.8723,0.9561,0.728,0.65,0.3333,0.8136,0.6128,0.8811,0.7738,0,3,0.2,0.35,0.45,0.35,0.45,0.2,0.4,0.6
CYB00320,Cybersecurity_Analyst,Cybersecurity Analyst,F,22-25,2,BSc,5.5,0.749,0.9645,0.9118,0.9948,0.6596,1.0,0.9611,0.9144,0.9468,0.9338,1,3,0.2,0.35,0.45,0.35,0.45,0.2,0.4,0.6
CYB00321,Cybersecurity_Analyst,Cybersecurity Analyst,M,31-35,3,MSc,2.6,0.578,0.8141,0.5126,0.7832,0.7112,0.8667,0.6852,0.7539,0.6722,0.7049,1,1,0.2,0.35,0.45,0.35,0.45,0.2,0.4,0.6
CYB00322,Cybersecurity_Analyst,Cybersecurity Analyst,F,26-30,3,MSc,2.6,0.694,1.0,0.9366,0.7193,0.7576,0.8667,0.6876,0.7643,0.9153,0.8549,1,2,0.2,0.35,0.45,0.35,0.45,0.2,0.4,0.6
CYB00323,Cybersecurity_Analyst,Cybersecurity Analyst,F,22-25,2,BSc,0.0,0.677,0.9007,0.832,0.75,0.6308,0.0,0.6363,0.4125,0.8396,0.6688,0,0,0.2,0.35,0.45,0.35,0.45,0.2,0.4,0.6
CYB00324,Cybersecurity_Analyst,Cybersecurity Analyst,F,31-35,4,PhD,0.2,0.797,0.7145,0.7058,0.9226,0.9188,0.0667,0.5671,0.4623,0.7522,0.6362,0,0,0.2,0.35,0.45,0.35,0.45,0.2,0.4,0.6
CYB00325,Cybersecurity_Analyst,Cybersecurity Analyst,M,22-25,2,BSc,5.4,0.81,0.947,0.9549,0.8222,0.684,1.0,0.7941,0.8441,0.9256,0.893,1,3,0.2,0.35,0.45,0.35,0.45,0.2,0.4,0.6
CYB00326,Cybersecurity_Analyst,Cybersecurity Analyst,F,36-40,4,PhD,4.1,0.881,1.0,0.627,0.8461,0.9524,1.0,0.7567,0.881,0.8014,0.8332,1,2,0.2,0.35,0.45,0.35,0.45,0.2,0.4,0.6
CYB00327,Cybersecurity_Analyst,Cybersecurity Analyst,M,31-35,2,BSc,2.4,0.71,1.0,0.8736,0.7135,0.644,0.8,0.7392,0.7414,0.8858,0.828,1,3,0.2,0.35,0.45,0.35,0.45,0.2,0.4,0.6
CYB00328,Cybersecurity_Analyst,Cybersecurity Analyst,M,31-35,3,MSc,1.1,0.609,0.9251,0.9005,0.6899,0.7236,0.3667,0.8651,0.6624,0.867,0.7852,0,3,0.2,0.35,0.45,0.35,0.45,0.2,0.4,0.6
CYB00329,Cybersecurity_Analyst,Cybersecurity Analyst,F,26-30,3,MSc,3.7,0.956,0.7869,0.7997,0.9317,0.8624,1.0,0.8772,0.9172,0.8216,0.8598,1,3,0.2,0.35,0.45,0.35,0.45,0.2,0.4,0.6
CYB00330,Cybersecurity_Analyst,Cybersecurity Analyst,F,36-40,2,BSc,3.1,0.76,1.0,1.0,0.7931,0.664,1.0,0.8538,0.867,0.9586,0.922,1,3,0.2,0.35,0.45,0.35,0.45,0.2,0.4,0.6
CYB00331,Cybersecurity_Analyst,Cybersecurity Analyst,M,46+,2,BSc,2.5,0.705,0.8523,0.8699,0.6292,0.642,0.8333,0.6953,0.7329,0.8156,0.7825,1,3,0.2,0.35,0.45,0.35,0.45,0.2,0.4,0.6
CYB00332,Cybersecurity_Analyst,Cybersecurity Analyst,F,31-35,3,MSc,4.0,0.747,0.8431,0.8607,1.0,0.7788,1.0,0.6932,0.8177,0.8824,0.8565,1,3,0.2,0.35,0.45,0.35,0.45,0.2,0.4,0.6
CYB00333,Cybersecurity_Analyst,Cybersecurity Analyst,F,46+,2,BSc,5.8,0.68,0.7698,0.8101,1.0,0.632,1.0,0.6531,0.7703,0.834,0.8085,1,2,0.2,0.35,0.45,0.35,0.45,0.2,0.4,0.6
CYB00334,Cybersecurity_Analyst,Cybersecurity Analyst,M,22-25,2,BSc,3.4,0.341,1.0,0.7477,0.9283,0.4964,1.0,0.7787,0.7997,0.8721,0.8431,1,1,0.2,0.35,0.45,0.35,0.45,0.2,0.4,0.6
CYB00335,Cybersecurity_Analyst,Cybersecurity Analyst,M,26-30,4,PhD,5.7,0.847,0.894,0.9098,0.9098,0.9388,1.0,0.7411,0.8713,0.9043,0.8911,1,3,0.2,0.35,0.45,0.35,0.45,0.2,0.4,0.6
CYB00336,Cybersecurity_Analyst,Cybersecurity Analyst,M,36-40,3,MSc,3.2,0.683,0.8547,0.8095,0.7924,0.7532,1.0,0.728,0.8282,0.8219,0.8244,1,3,0.2,0.35,0.45,0.35,0.45,0.2,0.4,0.6
CYB00337,Cybersecurity_Analyst,Cybersecurity Analyst,F,36-40,2,BSc,5.8,0.83,0.7455,0.9245,1.0,0.692,1.0,0.6534,0.7824,0.8769,0.8391,1,2,0.2,0.35,0.45,0.35,0.45,0.2,0.4,0.6
CYB00338,Cybersecurity_Analyst,Cybersecurity Analyst,M,26-30,2,BSc,0.2,0.671,0.8872,0.6281,0.6561,0.6284,0.0667,0.7514,0.4872,0.7244,0.6295,0,0,0.2,0.35,0.45,0.35,0.45,0.2,0.4,0.6
CYB00339,Cybersecurity_Analyst,Cybersecurity Analyst,F,26-30,4,PhD,8.7,0.729,0.7411,1.0,0.9252,0.8916,1.0,0.831,0.9023,0.8944,0.8976,1,3,0.2,0.35,0.45,0.35,0.45,0.2,0.4,0.6
CYB00340,Cybersecurity_Analyst,Cybersecurity Analyst,F,31-35,3,MSc,3.0,0.649,0.613,0.772,0.6942,0.7396,1.0,0.7466,0.8339,0.7008,0.754,1,3,0.2,0.35,0.45,0.35,0.45,0.2,0.4,0.6
CYB00341,Cybersecurity_Analyst,Cybersecurity Analyst,M,41-45,2,BSc,6.6,1.0,0.9597,0.7084,0.8594,0.76,1.0,0.9105,0.9117,0.8266,0.8606,1,1,0.2,0.35,0.45,0.35,0.45,0.2,0.4,0.6
CYB00342,Cybersecurity_Analyst,Cybersecurity Analyst,F,41-45,3,MSc,0.6,0.669,0.7145,0.7139,0.8238,0.7476,0.2,0.8283,0.5923,0.7361,0.6786,0,1,0.2,0.35,0.45,0.35,0.45,0.2,0.4,0.6
CYB00343,Cybersecurity_Analyst,Cybersecurity Analyst,M,31-35,3,MSc,7.1,0.501,0.7337,0.8755,1.0,0.6804,1.0,0.8608,0.8734,0.8508,0.8598,1,3,0.2,0.35,0.45,0.35,0.45,0.2,0.4,0.6
CYB00344,Cybersecurity_Analyst,Cybersecurity Analyst,M,26-30,2,BSc,2.7,0.71,0.8807,0.9945,0.7859,0.644,0.9,0.8793,0.8395,0.913,0.8836,1,3,0.2,0.35,0.45,0.35,0.45,0.2,0.4,0.6
CYB00345,Cybersecurity_Analyst,Cybersecurity Analyst,F,26-30,4,PhD,4.6,0.854,1.0,0.5285,0.9034,0.9416,1.0,0.9034,0.9448,0.7685,0.839,1,1,0.2,0.35,0.45,0.35,0.45,0.2,0.4,0.6
CYB00346,Cybersecurity_Analyst,Cybersecurity Analyst,M,41-45,2,BSc,0.0,0.85,0.9204,0.9401,0.6977,0.7,0.0,0.7359,0.4712,0.8847,0.7193,0,0,0.2,0.35,0.45,0.35,0.45,0.2,0.4,0.6
CYB00347,Cybersecurity_Analyst,Cybersecurity Analyst,F,31-35,3,MSc,3.0,0.626,0.9693,0.6714,0.8434,0.7304,1.0,0.8797,0.8919,0.8101,0.8428,1,2,0.2,0.35,0.45,0.35,0.45,0.2,0.4,0.6
CYB00348,Cybersecurity_Analyst,Cybersecurity Analyst,M,36-40,2,BSc,4.4,0.562,0.7307,0.8021,0.9274,0.5848,1.0,0.5723,0.7245,0.8022,0.7711,1,2,0.2,0.35,0.45,0.35,0.45,0.2,0.4,0.6
CYB00349,Cybersecurity_Analyst,Cybersecurity Analyst,M,41-45,2,BSc,4.8,0.79,0.8337,1.0,0.7526,0.676,1.0,0.8034,0.8467,0.8923,0.8741,1,3,0.2,0.35,0.45,0.35,0.45,0.2,0.4,0.6
CYB00350,Cybersecurity_Analyst,Cybersecurity Analyst,M,36-40,3,MSc,5.6,0.858,0.9752,0.8148,0.7529,0.8232,1.0,0.8215,0.8843,0.8586,0.8689,1,3,0.2,0.35,0.45,0.35,0.45,0.2,0.4,0.6
CYB00351,Cybersecurity_Analyst,Cybersecurity Analyst,F,31-35,2,BSc,5.0,0.81,0.7863,1.0,0.7732,0.684,1.0,0.9053,0.8942,0.8798,0.8856,1,2,0.2,0.35,0.45,0.35,0.45,0.2,0.4,0.6
CYB00352,Cybersecurity_Analyst,Cybersecurity Analyst,M,31-35,2,BSc,4.5,0.502,1.0,0.8285,1.0,0.5608,1.0,0.7352,0.793,0.9228,0.8709,1,3,0.2,0.35,0.45,0.35,0.45,0.2,0.4,0.6
CYB00353,Cybersecurity_Analyst,Cybersecurity Analyst,M,26-30,1,Diploma,1.7,0.514,0.6193,0.7586,0.9722,0.4456,0.5667,0.6669,0.5876,0.7526,0.6866,0,0,0.2,0.35,0.45,0.35,0.45,0.2,0.4,0.6
CYB00354,Cybersecurity_Analyst,Cybersecurity Analyst,F,31-35,4,PhD,9.0,0.823,0.9586,1.0,0.8024,0.9292,1.0,0.984,0.9786,0.946,0.959,1,3,0.2,0.35,0.45,0.35,0.45,0.2,0.4,0.6
CYB00355,Cybersecurity_Analyst,Cybersecurity Analyst,F,36-40,2,BSc,0.0,0.583,0.891,0.7516,0.6759,0.5932,0.0,0.8233,0.4891,0.7852,0.6668,0,0,0.2,0.35,0.45,0.35,0.45,0.2,0.4,0.6
CYB00356,Cybersecurity_Analyst,Cybersecurity Analyst,F,41-45,2,BSc,4.2,0.529,0.863,0.7832,0.7043,0.5716,1.0,0.6848,0.7725,0.7954,0.7862,1,3,0.2,0.35,0.45,0.35,0.45,0.2,0.4,0.6
CYB00357,Cybersecurity_Analyst,Cybersecurity Analyst,M,26-30,4,PhD,4.5,0.563,1.0,0.7802,0.9022,0.8252,1.0,0.9438,0.9397,0.8815,0.9048,1,3,0.2,0.35,0.45,0.35,0.45,0.2,0.4,0.6
CYB00358,Cybersecurity_Analyst,Cybersecurity Analyst,F,26-30,2,BSc,8.5,0.695,0.8716,0.898,0.9176,0.638,1.0,0.7619,0.8205,0.8927,0.8638,1,3,0.2,0.35,0.45,0.35,0.45,0.2,0.4,0.6
CYB00359,Cybersecurity_Analyst,Cybersecurity Analyst,M,31-35,4,PhD,4.6,0.784,0.9746,0.9997,0.722,0.9136,1.0,0.7425,0.8668,0.9354,0.908,1,3,0.2,0.35,0.45,0.35,0.45,0.2,0.4,0.6
CYB00360,Cybersecurity_Analyst,Cybersecurity Analyst,F,41-45,3,MSc,4.3,0.732,0.9808,0.7874,0.85,0.7728,1.0,0.9247,0.9207,0.8676,0.8888,1,3,0.2,0.35,0.45,0.35,0.45,0.2,0.4,0.6
CYB00361,Cybersecurity_Analyst,Cybersecurity Analyst,F,22-25,2,BSc,5.4,0.622,0.8695,1.0,0.8157,0.6088,1.0,0.7631,0.8152,0.9175,0.8766,1,3,0.2,0.35,0.45,0.35,0.45,0.2,0.4,0.6
CYB00362,Cybersecurity_Analyst,Cybersecurity Analyst,F,46+,2,BSc,5.4,0.723,0.7844,0.8919,1.0,0.6492,1.0,0.6953,0.7927,0.8759,0.8426,1,3,0.2,0.35,0.45,0.35,0.45,0.2,0.4,0.6
CYB00363,Cybersecurity_Analyst,Cybersecurity Analyst,F,26-30,3,MSc,3.8,0.713,1.0,0.9465,1.0,0.7652,1.0,0.9582,0.9342,0.9759,0.9592,1,3,0.2,0.35,0.45,0.35,0.45,0.2,0.4,0.6
CYB00364,Cybersecurity_Analyst,Cybersecurity Analyst,F,22-25,4,PhD,1.5,0.878,1.0,0.8069,0.7935,0.9512,0.5,0.8372,0.742,0.8718,0.8199,1,3,0.2,0.35,0.45,0.35,0.45,0.2,0.4,0.6
CYB00365,Cybersecurity_Analyst,Cybersecurity Analyst,F,22-25,1,Diploma,5.7,0.408,0.8047,0.8951,1.0,0.4032,1.0,0.9624,0.8637,0.8844,0.8761,0,0,0.2,0.35,0.45,0.35,0.45,0.2,0.4,0.6
CYB00366,Cybersecurity_Analyst,Cybersecurity Analyst,M,26-30,2,BSc,6.2,0.73,0.9878,1.0,0.9726,0.652,1.0,0.8804,0.8766,0.9903,0.9448,1,3,0.2,0.35,0.45,0.35,0.45,0.2,0.4,0.6
CYB00367,Cybersecurity_Analyst,Cybersecurity Analyst,F,26-30,4,PhD,2.6,0.741,0.9639,0.8315,1.0,0.8964,0.8667,0.836,0.8588,0.9115,0.8904,1,3,0.2,0.35,0.45,0.35,0.45,0.2,0.4,0.6
CYB00368,Cybersecurity_Analyst,Cybersecurity Analyst,F,31-35,3,MSc,5.6,0.751,0.8965,1.0,0.8141,0.7804,1.0,0.9583,0.9373,0.9266,0.9309,1,3,0.2,0.35,0.45,0.35,0.45,0.2,0.4,0.6
CYB00369,Cybersecurity_Analyst,Cybersecurity Analyst,F,36-40,4,PhD,1.4,0.883,0.8756,0.719,0.8549,0.9532,0.4667,0.7461,0.6897,0.801,0.7565,0,2,0.2,0.35,0.45,0.35,0.45,0.2,0.4,0.6
CYB00370,Cybersecurity_Analyst,Cybersecurity Analyst,F,22-25,2,BSc,4.5,0.662,0.8748,0.8718,0.8629,0.6248,1.0,0.7303,0.8036,0.8711,0.8441,1,2,0.2,0.35,0.45,0.35,0.45,0.2,0.4,0.6
CYB00371,Cybersecurity_Analyst,Cybersecurity Analyst,M,22-25,3,MSc,8.1,0.805,0.8844,0.9662,0.9797,0.802,1.0,1.0,0.9604,0.9403,0.9483,1,3,0.2,0.35,0.45,0.35,0.45,0.2,0.4,0.6
CYB00372,Cybersecurity_Analyst,Cybersecurity Analyst,F,22-25,3,MSc,2.8,0.56,0.9144,1.0,0.8175,0.704,0.9333,0.9316,0.8867,0.9335,0.9148,1,3,0.2,0.35,0.45,0.35,0.45,0.2,0.4,0.6
CYB00373,Cybersecurity_Analyst,Cybersecurity Analyst,M,22-25,2,BSc,5.2,0.687,0.8421,1.0,0.7477,0.6348,1.0,0.8292,0.8501,0.8943,0.8766,1,2,0.2,0.35,0.45,0.35,0.45,0.2,0.4,0.6
CYB00374,Cybersecurity_Analyst,Cybersecurity Analyst,M,31-35,2,BSc,5.8,0.534,0.9068,0.8469,0.89,0.5736,1.0,0.7114,0.7849,0.8765,0.8399,1,3,0.2,0.35,0.45,0.35,0.45,0.2,0.4,0.6
CYB00375,Cybersecurity_Analyst,Cybersecurity Analyst,F,31-35,2,BSc,5.0,0.637,0.9236,0.6911,0.9815,0.6148,1.0,0.7367,0.8045,0.8306,0.8202,1,2,0.2,0.35,0.45,0.35,0.45,0.2,0.4,0.6
CYB00376,Cybersecurity_Analyst,Cybersecurity Analyst,M,26-30,2,BSc,2.8,0.733,0.7845,0.8986,0.6289,0.6532,0.9333,0.7445,0.7923,0.8047,0.7997,1,3,0.2,0.35,0.45,0.35,0.45,0.2,0.4,0.6
CYB00377,Cybersecurity_Analyst,Cybersecurity Analyst,F,26-30,3,MSc,4.3,0.754,0.8345,0.851,0.9989,0.7816,1.0,0.7311,0.8353,0.8748,0.859,1,3,0.2,0.35,0.45,0.35,0.45,0.2,0.4,0.6
CYB00378,Cybersecurity_Analyst,Cybersecurity Analyst,F,26-30,2,BSc,9.2,0.571,0.9212,1.0,0.9582,0.5884,1.0,0.9163,0.88,0.9641,0.9305,1,3,0.2,0.35,0.45,0.35,0.45,0.2,0.4,0.6
CYB00379,Cybersecurity_Analyst,Cybersecurity Analyst,M,26-30,2,BSc,0.0,0.656,1.0,1.0,0.5676,0.6224,0.0,0.8407,0.5028,0.9135,0.7492,0,0,0.2,0.35,0.45,0.35,0.45,0.2,0.4,0.6
CYB00380,Cybersecurity_Analyst,Cybersecurity Analyst,F,26-30,2,BSc,1.6,0.71,0.8764,0.7466,0.7505,0.644,0.5333,0.7126,0.6361,0.7928,0.7301,1,2,0.2,0.35,0.45,0.35,0.45,0.2,0.4,0.6
CYB00381,Cybersecurity_Analyst,Cybersecurity Analyst,M,31-35,4,PhD,2.3,0.899,1.0,0.8153,0.8824,0.9596,0.7667,0.7671,0.8055,0.8934,0.8582,1,3,0.2,0.35,0.45,0.35,0.45,0.2,0.4,0.6
CYB00382,Cybersecurity_Analyst,Cybersecurity Analyst,F,31-35,3,MSc,2.6,0.694,0.8334,0.851,0.8311,0.7576,0.8667,0.8629,0.8432,0.8409,0.8418,1,3,0.2,0.35,0.45,0.35,0.45,0.2,0.4,0.6
CYB00383,Cybersecurity_Analyst,Cybersecurity Analyst,M,31-35,3,MSc,3.5,0.685,0.7807,0.8718,0.8261,0.754,1.0,0.7071,0.819,0.8308,0.8261,1,3,0.2,0.35,0.45,0.35,0.45,0.2,0.4,0.6
CYB00384,Cybersecurity_Analyst,Cybersecurity Analyst,M,31-35,2,BSc,5.7,0.687,0.965,0.8071,0.724,0.6348,1.0,0.7652,0.8213,0.8457,0.8359,1,3,0.2,0.35,0.45,0.35,0.45,0.2,0.4,0.6
CYB00385,Cybersecurity_Analyst,Cybersecurity Analyst,F,36-40,2,BSc,4.0,0.521,0.9832,0.8162,0.8952,0.5684,1.0,0.8174,0.8315,0.8904,0.8668,1,3,0.2,0.35,0.45,0.35,0.45,0.2,0.4,0.6
CYB00386,Cybersecurity_Analyst,Cybersecurity Analyst,M,22-25,2,BSc,3.7,0.652,0.9408,0.7598,0.9793,0.6208,1.0,0.9043,0.8811,0.867,0.8726,1,3,0.2,0.35,0.45,0.35,0.45,0.2,0.4,0.6
CYB00387,Cybersecurity_Analyst,Cybersecurity Analyst,F,41-45,3,MSc,8.0,0.887,0.7727,1.0,1.0,0.8348,1.0,0.764,0.8608,0.9204,0.8966,1,3,0.2,0.35,0.45,0.35,0.45,0.2,0.4,0.6
CYB00388,Cybersecurity_Analyst,Cybersecurity Analyst,F,22-25,3,MSc,1.4,0.821,0.909,0.8888,1.0,0.8084,0.4667,1.0,0.775,0.9181,0.8609,0,3,0.2,0.35,0.45,0.35,0.45,0.2,0.4,0.6
CYB00389,Cybersecurity_Analyst,Cybersecurity Analyst,M,31-35,3,MSc,2.7,0.554,0.9128,0.9126,0.7864,0.7016,0.9,0.8164,0.8227,0.8874,0.8615,1,3,0.2,0.35,0.45,0.35,0.45,0.2,0.4,0.6
CYB00390,Cybersecurity_Analyst,Cybersecurity Analyst,M,22-25,2,BSc,2.2,0.846,0.7191,0.6807,0.6946,0.6984,0.7333,0.6368,0.6829,0.6969,0.6913,1,2,0.2,0.35,0.45,0.35,0.45,0.2,0.4,0.6
CYB00391,Cybersecurity_Analyst,Cybersecurity Analyst,M,22-25,2,BSc,3.4,0.723,0.8843,0.9739,0.531,0.6492,1.0,0.7046,0.7969,0.854,0.8312,1,3,0.2,0.35,0.45,0.35,0.45,0.2,0.4,0.6
CYB00392,Cybersecurity_Analyst,Cybersecurity Analyst,F,22-25,3,MSc,5.6,0.844,0.9703,0.7664,0.9527,0.8176,1.0,0.935,0.9343,0.875,0.8987,1,3,0.2,0.35,0.45,0.35,0.45,0.2,0.4,0.6
CYB00393,Cybersecurity_Analyst,Cybersecurity Analyst,F,36-40,3,MSc,2.0,0.804,0.9584,1.0,0.7455,0.8016,0.6667,0.7477,0.7301,0.9345,0.8527,1,2,0.2,0.35,0.45,0.35,0.45,0.2,0.4,0.6
CYB00394,Cybersecurity_Analyst,Cybersecurity Analyst,M,31-35,3,MSc,4.5,0.68,0.9359,0.9258,0.9333,0.752,1.0,0.7581,0.8415,0.9308,0.8951,1,3,0.2,0.35,0.45,0.35,0.45,0.2,0.4,0.6
CYB00395,Cybersecurity_Analyst,Cybersecurity Analyst,M,36-40,2,BSc,3.7,0.74,0.8004,0.849,1.0,0.656,1.0,0.6653,0.7806,0.8622,0.8296,1,2,0.2,0.35,0.45,0.35,0.45,0.2,0.4,0.6
CYB00396,Cybersecurity_Analyst,Cybersecurity Analyst,F,41-45,3,MSc,5.2,0.651,0.6837,0.9111,0.8724,0.7404,1.0,0.9393,0.9208,0.8238,0.8626,1,3,0.2,0.35,0.45,0.35,0.45,0.2,0.4,0.6
CYB00397,Cybersecurity_Analyst,Cybersecurity Analyst,M,22-25,4,PhD,2.8,0.753,0.9538,0.6761,0.788,0.9012,0.9333,0.85,0.8894,0.7957,0.8332,1,2,0.2,0.35,0.45,0.35,0.45,0.2,0.4,0.6
CYB00398,Cybersecurity_Analyst,Cybersecurity Analyst,F,31-35,2,BSc,4.0,0.502,0.9875,0.8382,0.8232,0.5608,1.0,0.8303,0.8358,0.8875,0.8668,1,3,0.2,0.35,0.45,0.35,0.45,0.2,0.4,0.6
CYB00399,Cybersecurity_Analyst,Cybersecurity Analyst,M,22-25,2,BSc,3.5,1.0,0.9922,1.0,0.691,0.76,1.0,0.8067,0.865,0.9355,0.9073,1,3,0.2,0.35,0.45,0.35,0.45,0.2,0.4,0.6
CYB00400,Cybersecurity_Analyst,Cybersecurity Analyst,M,36-40,2,BSc,0.9,0.723,1.0,0.8568,0.618,0.6492,0.3,0.6319,0.5192,0.8592,0.7232,0,2,0.2,0.35,0.45,0.35,0.45,0.2,0.4,0.6
CYB00401,Cybersecurity_Analyst,Cybersecurity Analyst,M,22-25,2,BSc,4.3,0.716,0.7145,0.7132,0.7797,0.6464,1.0,0.6774,0.7841,0.727,0.7498,1,2,0.2,0.35,0.45,0.35,0.45,0.2,0.4,0.6
CYB00402,Cybersecurity_Analyst,Cybersecurity Analyst,F,36-40,3,MSc,1.8,0.629,0.5599,0.7857,0.505,0.7316,0.6,0.5859,0.62,0.6505,0.6383,1,2,0.2,0.35,0.45,0.35,0.45,0.2,0.4,0.6
CYB00403,Cybersecurity_Analyst,Cybersecurity Analyst,M,36-40,3,MSc,3.6,0.757,1.0,0.8658,0.853,0.7828,1.0,0.7534,0.8456,0.9102,0.8844,1,3,0.2,0.35,0.45,0.35,0.45,0.2,0.4,0.6
CYB00404,Cybersecurity_Analyst,Cybersecurity Analyst,F,26-30,4,PhD,7.2,0.95,0.8428,0.9616,1.0,0.98,1.0,0.7918,0.9023,0.9277,0.9175,1,3,0.2,0.35,0.45,0.35,0.45,0.2,0.4,0.6
CYB00405,Cybersecurity_Analyst,Cybersecurity Analyst,F,41-45,2,BSc,1.5,0.541,0.9717,0.8185,0.7814,0.5764,0.5,0.7717,0.6375,0.8647,0.7738,1,3,0.2,0.35,0.45,0.35,0.45,0.2,0.4,0.6
CYB00406,Cybersecurity_Analyst,Cybersecurity Analyst,M,22-25,2,BSc,2.2,0.605,0.9816,0.9572,1.0,0.602,0.7333,0.7311,0.706,0.9743,0.867,1,3,0.2,0.35,0.45,0.35,0.45,0.2,0.4,0.6
CYB00407,Cybersecurity_Analyst,Cybersecurity Analyst,M,31-35,2,BSc,0.8,0.695,0.9552,0.6255,1.0,0.638,0.2667,0.7947,0.5786,0.8158,0.7209,0,2,0.2,0.35,0.45,0.35,0.45,0.2,0.4,0.6
CYB00408,Cybersecurity_Analyst,Cybersecurity Analyst,F,22-25,3,MSc,0.8,0.775,0.803,0.7321,0.7998,0.79,0.2667,0.7816,0.6031,0.7705,0.7035,0,2,0.2,0.35,0.45,0.35,0.45,0.2,0.4,0.6
CYB00409,Cybersecurity_Analyst,Cybersecurity Analyst,F,26-30,3,MSc,2.4,0.736,0.7493,0.6996,0.9349,0.7744,0.8,0.7808,0.7862,0.7641,0.7729,1,2,0.2,0.35,0.45,0.35,0.45,0.2,0.4,0.6
CYB00410,Cybersecurity_Analyst,Cybersecurity Analyst,M,36-40,2,BSc,5.1,0.481,0.6848,0.92,1.0,0.5524,1.0,0.8596,0.8473,0.8537,0.8511,1,3,0.2,0.35,0.45,0.35,0.45,0.2,0.4,0.6
CYB00411,Cybersecurity_Analyst,Cybersecurity Analyst,F,41-45,2,BSc,4.0,0.6,0.98,0.9018,0.8545,0.6,1.0,0.6298,0.7534,0.9197,0.8532,1,3,0.2,0.35,0.45,0.35,0.45,0.2,0.4,0.6
CYB00412,Cybersecurity_Analyst,Cybersecurity Analyst,M,22-25,2,BSc,3.2,0.697,0.8663,0.9995,1.0,0.6388,1.0,0.9308,0.8966,0.953,0.9304,1,3,0.2,0.35,0.45,0.35,0.45,0.2,0.4,0.6
CYB00413,Cybersecurity_Analyst,Cybersecurity Analyst,M,22-25,2,BSc,5.4,0.598,0.7685,0.9288,0.9099,0.5992,1.0,0.8225,0.84,0.8689,0.8573,1,3,0.2,0.35,0.45,0.35,0.45,0.2,0.4,0.6
CYB00414,Cybersecurity_Analyst,Cybersecurity Analyst,M,46+,3,MSc,4.3,0.927,0.9122,0.6487,0.8693,0.8508,1.0,0.7471,0.8564,0.785,0.8136,1,2,0.2,0.35,0.45,0.35,0.45,0.2,0.4,0.6
CYB00415,Cybersecurity_Analyst,Cybersecurity Analyst,F,31-35,3,MSc,4.3,0.762,0.8159,1.0,0.8438,0.7848,1.0,0.8777,0.9019,0.9043,0.9033,1,3,0.2,0.35,0.45,0.35,0.45,0.2,0.4,0.6
CYB00416,Cybersecurity_Analyst,Cybersecurity Analyst,F,36-40,1,Diploma,7.0,0.571,0.8898,0.7775,0.7056,0.4684,1.0,0.7781,0.7938,0.8024,0.799,0,0,0.2,0.35,0.45,0.35,0.45,0.2,0.4,0.6
CYB00417,Cybersecurity_Analyst,Cybersecurity Analyst,M,26-30,2,BSc,4.4,0.537,1.0,0.8742,0.8404,0.5748,1.0,0.8529,0.8488,0.9115,0.8864,1,2,0.2,0.35,0.45,0.35,0.45,0.2,0.4,0.6
CYB00418,Cybersecurity_Analyst,Cybersecurity Analyst,M,22-25,2,BSc,4.5,0.51,0.7037,0.8316,0.9347,0.564,1.0,0.7042,0.7797,0.8075,0.7964,1,3,0.2,0.35,0.45,0.35,0.45,0.2,0.4,0.6
CYB00419,Cybersecurity_Analyst,Cybersecurity Analyst,M,31-35,3,MSc,2.3,1.0,0.8694,0.9395,0.7874,0.88,0.7667,0.8246,0.8154,0.8845,0.8569,1,3,0.2,0.35,0.45,0.35,0.45,0.2,0.4,0.6
CYB00420,Cybersecurity_Analyst,Cybersecurity Analyst,M,31-35,2,BSc,4.9,0.773,1.0,1.0,1.0,0.6692,1.0,0.9348,0.9045,1.0,0.9618,1,2,0.2,0.35,0.45,0.35,0.45,0.2,0.4,0.6
CYB00421,Cybersecurity_Analyst,Cybersecurity Analyst,M,22-25,3,MSc,0.3,0.8,0.9063,0.7806,0.7007,0.8,0.1,0.8769,0.5896,0.8086,0.721,0,0,0.2,0.35,0.45,0.35,0.45,0.2,0.4,0.6
CYB00422,Cybersecurity_Analyst,Cybersecurity Analyst,F,22-25,3,MSc,3.9,0.801,0.6574,0.7587,0.7857,0.8004,1.0,0.5691,0.7662,0.7286,0.7436,1,2,0.2,0.35,0.45,0.35,0.45,0.2,0.4,0.6
CYB00423,Cybersecurity_Analyst,Cybersecurity Analyst,F,36-40,2,BSc,5.0,0.711,0.7944,0.9099,0.9287,0.6444,1.0,0.7981,0.838,0.8732,0.8591,1,2,0.2,0.35,0.45,0.35,0.45,0.2,0.4,0.6
CYB00424,Cybersecurity_Analyst,Cybersecurity Analyst,M,22-25,3,MSc,1.4,0.838,0.8582,0.8162,0.8437,0.8152,0.4667,0.714,0.6477,0.8364,0.7609,0,3,0.2,0.35,0.45,0.35,0.45,0.2,0.4,0.6
CYB00425,Cybersecurity_Analyst,Cybersecurity Analyst,M,36-40,3,MSc,5.0,0.717,0.9059,0.847,1.0,0.7668,1.0,0.9288,0.9213,0.8982,0.9074,1,3,0.2,0.35,0.45,0.35,0.45,0.2,0.4,0.6
CYB00426,Cybersecurity_Analyst,Cybersecurity Analyst,F,22-25,2,BSc,6.7,0.513,0.7405,0.8846,0.8364,0.5652,1.0,0.6546,0.7576,0.8245,0.7977,1,2,0.2,0.35,0.45,0.35,0.45,0.2,0.4,0.6
CYB00427,Cybersecurity_Analyst,Cybersecurity Analyst,M,22-25,3,MSc,2.8,0.877,1.0,0.8397,0.7605,0.8308,0.9333,0.7327,0.8225,0.88,0.857,1,3,0.2,0.35,0.45,0.35,0.45,0.2,0.4,0.6
CYB00428,Cybersecurity_Analyst,Cybersecurity Analyst,M,36-40,2,BSc,5.1,0.761,0.9866,0.9557,0.886,0.6644,1.0,0.9077,0.8913,0.9526,0.9281,1,3,0.2,0.35,0.45,0.35,0.45,0.2,0.4,0.6
CYB00429,Cybersecurity_Analyst,Cybersecurity Analyst,M,26-30,2,BSc,5.2,0.868,0.7166,0.8553,0.6541,0.7072,1.0,0.8845,0.8895,0.7665,0.8157,1,3,0.2,0.35,0.45,0.35,0.45,0.2,0.4,0.6
CYB00430,Cybersecurity_Analyst,Cybersecurity Analyst,M,22-25,2,BSc,5.7,0.636,0.7718,0.8903,0.8336,0.6144,1.0,0.946,0.8986,0.8375,0.8619,1,3,0.2,0.35,0.45,0.35,0.45,0.2,0.4,0.6
CYB00431,Cybersecurity_Analyst,Cybersecurity Analyst,F,22-25,2,BSc,7.0,0.838,0.9019,0.8825,0.7188,0.6952,1.0,0.8015,0.8497,0.8566,0.8538,1,3,0.2,0.35,0.45,0.35,0.45,0.2,0.4,0.6
CYB00432,Cybersecurity_Analyst,Cybersecurity Analyst,M,31-35,3,MSc,2.4,0.985,0.9825,0.7501,0.6553,0.874,0.8,0.964,0.8886,0.8125,0.8429,1,2,0.2,0.35,0.45,0.35,0.45,0.2,0.4,0.6
CYB00433,Cybersecurity_Analyst,Cybersecurity Analyst,F,22-25,2,BSc,3.8,0.676,0.7582,0.9182,1.0,0.6304,1.0,0.8705,0.8678,0.8786,0.8743,1,3,0.2,0.35,0.45,0.35,0.45,0.2,0.4,0.6
CYB00434,Cybersecurity_Analyst,Cybersecurity Analyst,F,36-40,3,MSc,8.2,0.819,1.0,0.9468,1.0,0.8076,1.0,0.9119,0.9219,0.9761,0.9544,1,3,0.2,0.35,0.45,0.35,0.45,0.2,0.4,0.6
CYB00435,Cybersecurity_Analyst,Cybersecurity Analyst,M,22-25,2,BSc,7.3,0.599,0.7383,0.8059,0.9695,0.5996,1.0,0.8585,0.8562,0.815,0.8315,1,3,0.2,0.35,0.45,0.35,0.45,0.2,0.4,0.6
CYB00436,Cybersecurity_Analyst,Cybersecurity Analyst,F,22-25,1,Diploma,1.8,0.545,0.9553,1.0,0.7172,0.458,0.6,0.7385,0.6339,0.9278,0.8102,0,0,0.2,0.35,0.45,0.35,0.45,0.2,0.4,0.6
CYB00437,Cybersecurity_Analyst,Cybersecurity Analyst,F,22-25,3,MSc,4.0,0.86,0.859,0.8499,0.9851,0.824,1.0,0.8932,0.9167,0.8801,0.8947,1,3,0.2,0.35,0.45,0.35,0.45,0.2,0.4,0.6
CYB00438,Cybersecurity_Analyst,Cybersecurity Analyst,M,31-35,1,Diploma,0.7,0.603,0.8157,0.6907,0.6678,0.4812,0.2333,0.5056,0.4054,0.7299,0.6001,0,0,0.2,0.35,0.45,0.35,0.45,0.2,0.4,0.6
CYB00439,Cybersecurity_Analyst,Cybersecurity Analyst,F,26-30,3,MSc,5.3,0.674,0.9519,0.8108,0.773,0.7496,1.0,0.8129,0.8657,0.8526,0.8578,1,3,0.2,0.35,0.45,0.35,0.45,0.2,0.4,0.6
CYB00440,Cybersecurity_Analyst,Cybersecurity Analyst,M,31-35,2,BSc,1.4,0.746,0.9601,0.9696,0.4807,0.6584,0.4667,0.6755,0.599,0.8685,0.7607,0,2,0.2,0.35,0.45,0.35,0.45,0.2,0.4,0.6
CYB00441,Cybersecurity_Analyst,Cybersecurity Analyst,F,22-25,2,BSc,7.1,0.661,0.9972,0.9722,0.87,0.6244,1.0,0.8342,0.8503,0.9605,0.9164,1,3,0.2,0.35,0.45,0.35,0.45,0.2,0.4,0.6
CYB00442,Cybersecurity_Analyst,Cybersecurity Analyst,M,31-35,2,BSc,1.2,0.609,0.8378,0.8435,0.7941,0.6036,0.4,0.7228,0.586,0.8316,0.7334,0,3,0.2,0.35,0.45,0.35,0.45,0.2,0.4,0.6
CYB00443,Cybersecurity_Analyst,Cybersecurity Analyst,F,36-40,2,BSc,1.1,0.631,0.9394,0.7623,0.8098,0.6124,0.3667,0.7118,0.5711,0.8338,0.7287,0,3,0.2,0.35,0.45,0.35,0.45,0.2,0.4,0.6
CYB00444,Cybersecurity_Analyst,Cybersecurity Analyst,M,36-40,2,BSc,6.6,0.618,0.6777,0.8745,0.9331,0.6072,1.0,0.8519,0.8548,0.8173,0.8323,1,3,0.2,0.35,0.45,0.35,0.45,0.2,0.4,0.6
CYB00445,Cybersecurity_Analyst,Cybersecurity Analyst,F,31-35,3,MSc,6.2,0.716,0.8423,0.5527,0.7697,0.7664,1.0,0.7582,0.8445,0.6975,0.7563,1,2,0.2,0.35,0.45,0.35,0.45,0.2,0.4,0.6
CYB00446,Cybersecurity_Analyst,Cybersecurity Analyst,M,41-45,2,BSc,1.6,0.629,0.8554,1.0,0.9143,0.6116,0.5333,0.6615,0.6067,0.9323,0.8021,1,2,0.2,0.35,0.45,0.35,0.45,0.2,0.4,0.6
CYB00447,Cybersecurity_Analyst,Cybersecurity Analyst,F,31-35,3,MSc,3.8,0.778,0.8419,0.6352,0.8995,0.7912,1.0,0.7937,0.8654,0.7604,0.8024,1,2,0.2,0.35,0.45,0.35,0.45,0.2,0.4,0.6
CYB00448,Cybersecurity_Analyst,Cybersecurity Analyst,F,26-30,2,BSc,2.1,0.524,0.8016,0.6621,0.7713,0.5696,0.7,0.5311,0.5979,0.7328,0.6788,1,2,0.2,0.35,0.45,0.35,0.45,0.2,0.4,0.6
CYB00449,Cybersecurity_Analyst,Cybersecurity Analyst,M,26-30,1,Diploma,7.3,0.588,0.8276,0.9412,0.7296,0.4752,1.0,0.7353,0.7759,0.8591,0.8258,0,0,0.2,0.35,0.45,0.35,0.45,0.2,0.4,0.6
CYB00450,Cybersecurity_Analyst,Cybersecurity Analyst,F,46+,2,BSc,6.3,0.509,0.8555,0.6363,1.0,0.5636,1.0,0.7501,0.8003,0.7858,0.7916,1,2,0.2,0.35,0.45,0.35,0.45,0.2,0.4,0.6
CYB00451,Cybersecurity_Analyst,Cybersecurity Analyst,F,22-25,3,MSc,3.2,0.747,0.9104,0.7048,0.8388,0.7788,1.0,0.8168,0.8733,0.8036,0.8315,1,2,0.2,0.35,0.45,0.35,0.45,0.2,0.4,0.6
CYB00452,Cybersecurity_Analyst,Cybersecurity Analyst,M,22-25,2,BSc,8.4,0.814,0.8258,1.0,1.0,0.6856,1.0,1.0,0.9371,0.939,0.9382,1,3,0.2,0.35,0.45,0.35,0.45,0.2,0.4,0.6
CYB00453,Cybersecurity_Analyst,Cybersecurity Analyst,M,26-30,2,BSc,2.7,0.684,0.6997,1.0,0.85,0.6336,0.9,0.761,0.7842,0.8649,0.8326,1,3,0.2,0.35,0.45,0.35,0.45,0.2,0.4,0.6
CYB00454,Cybersecurity_Analyst,Cybersecurity Analyst,M,31-35,2,BSc,1.9,0.636,0.7999,0.8001,0.6115,0.6144,0.6333,0.6474,0.6359,0.7623,0.7117,1,2,0.2,0.35,0.45,0.35,0.45,0.2,0.4,0.6
CYB00455,Cybersecurity_Analyst,Cybersecurity Analyst,F,31-35,2,BSc,2.5,0.796,0.6371,0.8455,0.7391,0.6784,0.8333,0.717,0.75,0.7513,0.7508,1,3,0.2,0.35,0.45,0.35,0.45,0.2,0.4,0.6
CYB00456,Cybersecurity_Analyst,Cybersecurity Analyst,F,26-30,3,MSc,2.1,0.637,0.7036,0.6065,0.5948,0.7348,0.7,0.6467,0.683,0.6381,0.6561,1,2,0.2,0.35,0.45,0.35,0.45,0.2,0.4,0.6
CYB00457,Cybersecurity_Analyst,Cybersecurity Analyst,M,31-35,2,BSc,3.5,0.808,1.0,0.8407,0.7564,0.6832,1.0,0.8616,0.8744,0.8796,0.8775,1,3,0.2,0.35,0.45,0.35,0.45,0.2,0.4,0.6
CYB00458,Cybersecurity_Analyst,Cybersecurity Analyst,M,36-40,2,BSc,2.5,0.684,0.7687,0.9408,0.7474,0.6336,0.8333,0.7442,0.7533,0.8419,0.8065,1,3,0.2,0.35,0.45,0.35,0.45,0.2,0.4,0.6
CYB00459,Cybersecurity_Analyst,Cybersecurity Analyst,M,41-45,2,BSc,4.1,0.858,1.0,0.8992,0.7418,0.7032,1.0,0.798,0.8497,0.903,0.8817,1,3,0.2,0.35,0.45,0.35,0.45,0.2,0.4,0.6
CYB00460,Cybersecurity_Analyst,Cybersecurity Analyst,F,31-35,2,BSc,3.8,0.708,0.7304,0.8856,0.6948,0.6432,1.0,0.7498,0.816,0.7931,0.8023,1,3,0.2,0.35,0.45,0.35,0.45,0.2,0.4,0.6
CYB00461,Cybersecurity_Analyst,Cybersecurity Analyst,M,31-35,2,BSc,3.6,0.588,0.7425,0.8613,0.756,0.5952,1.0,0.7813,0.8206,0.7987,0.8075,1,3,0.2,0.35,0.45,0.35,0.45,0.2,0.4,0.6
CYB00462,Cybersecurity_Analyst,Cybersecurity Analyst,M,22-25,4,PhD,1.6,0.836,1.0,0.9553,0.774,0.9344,0.5333,0.9917,0.8198,0.9347,0.8887,1,3,0.2,0.35,0.45,0.35,0.45,0.2,0.4,0.6
CYB00463,Cybersecurity_Analyst,Cybersecurity Analyst,M,26-30,4,PhD,4.7,0.89,0.8228,0.8823,0.8935,0.956,1.0,0.8041,0.903,0.8637,0.8794,1,3,0.2,0.35,0.45,0.35,0.45,0.2,0.4,0.6
CYB00464,Cybersecurity_Analyst,Cybersecurity Analyst,M,36-40,3,MSc,7.8,0.699,0.7439,0.8139,1.0,0.7596,1.0,0.7152,0.8238,0.8266,0.8255,1,3,0.2,0.35,0.45,0.35,0.45,0.2,0.4,0.6
CYB00465,Cybersecurity_Analyst,Cybersecurity Analyst,M,41-45,2,BSc,5.4,0.623,0.8282,1.0,0.8299,0.6092,1.0,0.8013,0.8324,0.9059,0.8765,1,3,0.2,0.35,0.45,0.35,0.45,0.2,0.4,0.6
CYB00466,Cybersecurity_Analyst,Cybersecurity Analyst,F,26-30,3,MSc,1.2,0.731,0.8373,0.82,0.9339,0.7724,0.4,0.7222,0.6195,0.8488,0.7571,0,3,0.2,0.35,0.45,0.35,0.45,0.2,0.4,0.6
CYB00467,Cybersecurity_Analyst,Cybersecurity Analyst,F,26-30,1,Diploma,3.7,0.643,0.9462,0.9816,0.7094,0.4972,1.0,0.8343,0.8249,0.9148,0.8788,0,0,0.2,0.35,0.45,0.35,0.45,0.2,0.4,0.6
CYB00468,Cybersecurity_Analyst,Cybersecurity Analyst,F,22-25,2,BSc,4.3,0.645,0.7655,1.0,0.9281,0.618,1.0,0.8284,0.8464,0.9035,0.8807,1,3,0.2,0.35,0.45,0.35,0.45,0.2,0.4,0.6
CYB00469,Cybersecurity_Analyst,Cybersecurity Analyst,F,41-45,4,PhD,8.5,0.89,1.0,1.0,1.0,0.956,1.0,0.9816,0.9829,1.0,0.9932,1,3,0.2,0.35,0.45,0.35,0.45,0.2,0.4,0.6
CYB00470,Cybersecurity_Analyst,Cybersecurity Analyst,M,41-45,2,BSc,6.4,0.786,0.8954,0.9846,0.786,0.6744,1.0,0.6389,0.7724,0.9137,0.8572,1,2,0.2,0.35,0.45,0.35,0.45,0.2,0.4,0.6
CYB00471,Cybersecurity_Analyst,Cybersecurity Analyst,M,26-30,2,BSc,1.4,0.759,0.8918,0.7903,0.7811,0.6636,0.4667,0.7561,0.6363,0.824,0.7489,0,2,0.2,0.35,0.45,0.35,0.45,0.2,0.4,0.6
CYB00472,Cybersecurity_Analyst,Cybersecurity Analyst,F,41-45,4,PhD,3.2,0.768,1.0,0.7257,0.7136,0.9072,1.0,1.0,0.9814,0.8193,0.8841,1,2,0.2,0.35,0.45,0.35,0.45,0.2,0.4,0.6
CYB00473,Cybersecurity_Analyst,Cybersecurity Analyst,M,26-30,4,PhD,1.1,0.6,0.7364,0.693,0.9776,0.84,0.3667,0.8814,0.693,0.7651,0.7363,0,2,0.2,0.35,0.45,0.35,0.45,0.2,0.4,0.6
CYB00474,Cybersecurity_Analyst,Cybersecurity Analyst,M,22-25,2,BSc,8.0,0.637,0.8348,1.0,1.0,0.6148,1.0,0.9255,0.8894,0.9422,0.9211,1,3,0.2,0.35,0.45,0.35,0.45,0.2,0.4,0.6
CYB00475,Cybersecurity_Analyst,Cybersecurity Analyst,F,36-40,2,BSc,5.0,0.802,1.0,0.9406,0.8691,0.6808,1.0,1.0,0.9362,0.9471,0.9427,1,3,0.2,0.35,0.45,0.35,0.45,0.2,0.4,0.6
CYB00476,Cybersecurity_Analyst,Cybersecurity Analyst,M,26-30,4,PhD,5.1,0.972,0.9559,1.0,0.8433,0.9888,1.0,0.8299,0.9212,0.9532,0.9404,1,3,0.2,0.35,0.45,0.35,0.45,0.2,0.4,0.6
CYB00477,Cybersecurity_Analyst,Cybersecurity Analyst,F,22-25,4,PhD,5.8,0.713,1.0,0.819,0.5794,0.8852,1.0,0.804,0.8888,0.8344,0.8562,1,3,0.2,0.35,0.45,0.35,0.45,0.2,0.4,0.6
CYB00478,Cybersecurity_Analyst,Cybersecurity Analyst,F,22-25,2,BSc,6.9,0.694,1.0,0.9742,1.0,0.6376,1.0,1.0,0.9275,0.9884,0.964,1,3,0.2,0.35,0.45,0.35,0.45,0.2,0.4,0.6
CYB00479,Cybersecurity_Analyst,Cybersecurity Analyst,F,22-25,2,BSc,7.3,0.74,0.8582,1.0,1.0,0.656,1.0,0.9747,0.9198,0.9504,0.9382,1,3,0.2,0.35,0.45,0.35,0.45,0.2,0.4,0.6
CYB00480,Cybersecurity_Analyst,Cybersecurity Analyst,M,41-45,2,BSc,3.4,0.523,0.7687,0.7684,0.9097,0.5692,1.0,0.7692,0.81,0.7968,0.8021,1,3,0.2,0.35,0.45,0.35,0.45,0.2,0.4,0.6
CYB00481,Cybersecurity_Analyst,Cybersecurity Analyst,M,26-30,2,BSc,1.4,0.914,0.9323,0.8888,0.6472,0.7256,0.4667,0.5723,0.566,0.8557,0.7398,0,2,0.2,0.35,0.45,0.35,0.45,0.2,0.4,0.6
CYB00482,Cybersecurity_Analyst,Cybersecurity Analyst,F,26-30,3,MSc,2.7,0.664,0.689,0.7291,0.8479,0.7456,0.9,0.7334,0.7942,0.7388,0.761,1,1,0.2,0.35,0.45,0.35,0.45,0.2,0.4,0.6
CYB00483,Cybersecurity_Analyst,Cybersecurity Analyst,M,31-35,3,MSc,5.4,0.719,0.8273,0.7745,1.0,0.7676,1.0,0.8769,0.8981,0.8381,0.8621,1,3,0.2,0.35,0.45,0.35,0.45,0.2,0.4,0.6
CYB00484,Cybersecurity_Analyst,Cybersecurity Analyst,M,26-30,2,BSc,3.8,0.769,0.9556,0.7342,0.7772,0.6676,1.0,0.4676,0.6939,0.8203,0.7697,1,1,0.2,0.35,0.45,0.35,0.45,0.2,0.4,0.6
CYB00485,Cybersecurity_Analyst,Cybersecurity Analyst,M,31-35,3,MSc,7.3,0.917,0.9655,0.929,1.0,0.8468,1.0,1.0,0.9694,0.956,0.9614,1,3,0.2,0.35,0.45,0.35,0.45,0.2,0.4,0.6
CYB00486,Cybersecurity_Analyst,Cybersecurity Analyst,F,41-45,2,BSc,2.5,0.663,0.7925,0.8329,0.8946,0.6252,0.8333,0.9708,0.8536,0.8311,0.8401,1,3,0.2,0.35,0.45,0.35,0.45,0.2,0.4,0.6
CYB00487,Cybersecurity_Analyst,Cybersecurity Analyst,F,22-25,2,BSc,4.1,0.675,0.9588,0.9417,0.8885,0.63,1.0,0.8106,0.8408,0.937,0.8985,1,3,0.2,0.35,0.45,0.35,0.45,0.2,0.4,0.6
CYB00488,Cybersecurity_Analyst,Cybersecurity Analyst,F,26-30,2,BSc,3.8,0.736,0.8045,0.8594,0.8161,0.6544,1.0,0.8817,0.8776,0.8315,0.8499,1,3,0.2,0.35,0.45,0.35,0.45,0.2,0.4,0.6
CYB00489,Cybersecurity_Analyst,Cybersecurity Analyst,F,26-30,2,BSc,1.6,0.613,0.9614,0.8183,0.6503,0.6052,0.5333,0.7694,0.6539,0.8348,0.7624,1,3,0.2,0.35,0.45,0.35,0.45,0.2,0.4,0.6
CYB00490,Cybersecurity_Analyst,Cybersecurity Analyst,M,31-35,2,BSc,0.9,0.585,0.8074,1.0,0.8517,0.594,0.3,0.8569,0.6094,0.9029,0.7855,0,3,0.2,0.35,0.45,0.35,0.45,0.2,0.4,0.6
CYB00491,Cybersecurity_Analyst,Cybersecurity Analyst,F,22-25,4,PhD,7.1,0.727,1.0,0.8203,1.0,0.8908,1.0,0.8227,0.8984,0.9191,0.9108,1,3,0.2,0.35,0.45,0.35,0.45,0.2,0.4,0.6
CYB00492,Cybersecurity_Analyst,Cybersecurity Analyst,F,26-30,2,BSc,0.7,0.691,0.8664,0.5458,0.6682,0.6364,0.2333,0.579,0.4695,0.6825,0.5973,0,1,0.2,0.35,0.45,0.35,0.45,0.2,0.4,0.6
CYB00493,Cybersecurity_Analyst,Cybersecurity Analyst,M,26-30,2,BSc,0.8,0.803,0.8434,0.7916,0.6397,0.6812,0.2667,0.4723,0.4421,0.7794,0.6445,0,1,0.2,0.35,0.45,0.35,0.45,0.2,0.4,0.6
CYB00494,Cybersecurity_Analyst,Cybersecurity Analyst,F,26-30,2,BSc,5.5,0.668,0.7753,0.7884,0.9255,0.6272,1.0,0.6711,0.7774,0.8112,0.7977,1,2,0.2,0.35,0.45,0.35,0.45,0.2,0.4,0.6
CYB00495,Cybersecurity_Analyst,Cybersecurity Analyst,M,22-25,2,BSc,2.0,0.713,0.8792,0.8166,0.6574,0.6452,0.6667,0.8966,0.7659,0.8067,0.7904,1,3,0.2,0.35,0.45,0.35,0.45,0.2,0.4,0.6
CYB00496,Cybersecurity_Analyst,Cybersecurity Analyst,M,31-35,2,BSc,4.8,0.779,0.6865,0.9253,0.7632,0.6716,1.0,0.7589,0.8258,0.8093,0.8159,1,3,0.2,0.35,0.45,0.35,0.45,0.2,0.4,0.6
CYB00497,Cybersecurity_Analyst,Cybersecurity Analyst,F,41-45,2,BSc,2.0,0.639,0.976,0.9238,0.8334,0.6156,0.6667,0.7858,0.7101,0.924,0.8384,1,3,0.2,0.35,0.45,0.35,0.45,0.2,0.4,0.6
CYB00498,Cybersecurity_Analyst,Cybersecurity Analyst,M,22-25,2,BSc,0.6,0.807,0.621,0.8447,0.8005,0.6828,0.2,0.757,0.5472,0.7576,0.6734,0,2,0.2,0.35,0.45,0.35,0.45,0.2,0.4,0.6
CYB00499,Cybersecurity_Analyst,Cybersecurity Analyst,M,26-30,2,BSc,1.4,0.631,0.8282,0.8706,0.8203,0.6124,0.4667,0.806,0.6485,0.8457,0.7668,0,3,0.2,0.35,0.45,0.35,0.45,0.2,0.4,0.6
CYB00500,Cybersecurity_Analyst,Cybersecurity Analyst,F,22-25,4,PhD,5.9,0.87,0.9589,0.937,0.824,0.948,1.0,0.8738,0.9328,0.9221,0.9264,1,3,0.2,0.35,0.45,0.35,0.45,0.2,0.4,0.6
CYB00501,Cybersecurity_Analyst,Cybersecurity Analyst,F,36-40,4,PhD,4.1,0.752,0.8777,0.7551,0.8862,0.9008,1.0,0.7518,0.8685,0.8242,0.8419,1,3,0.2,0.35,0.45,0.35,0.45,0.2,0.4,0.6
CYB00502,Cybersecurity_Analyst,Cybersecurity Analyst,F,22-25,3,MSc,1.3,0.78,1.0,0.831,0.9251,0.792,0.4333,0.9669,0.7452,0.909,0.8435,0,3,0.2,0.35,0.45,0.35,0.45,0.2,0.4,0.6
CYB00503,Cybersecurity_Analyst,Cybersecurity Analyst,F,26-30,4,PhD,8.6,0.886,0.6701,1.0,0.9883,0.9544,1.0,0.7143,0.8623,0.8822,0.8742,1,3,0.2,0.35,0.45,0.35,0.45,0.2,0.4,0.6
CYB00504,Cybersecurity_Analyst,Cybersecurity Analyst,M,26-30,3,MSc,6.7,0.743,0.9624,0.9987,0.9687,0.7772,1.0,0.8784,0.9007,0.98,0.9483,1,3,0.2,0.35,0.45,0.35,0.45,0.2,0.4,0.6
CYB00505,Cybersecurity_Analyst,Cybersecurity Analyst,M,36-40,2,BSc,3.8,0.803,0.9506,0.7588,0.7566,0.6812,1.0,0.8117,0.8515,0.8255,0.8359,1,3,0.2,0.35,0.45,0.35,0.45,0.2,0.4,0.6
CYB00506,Cybersecurity_Analyst,Cybersecurity Analyst,F,22-25,2,BSc,3.7,0.826,0.8002,0.9326,0.9653,0.6904,1.0,0.6755,0.7921,0.8928,0.8525,1,2,0.2,0.35,0.45,0.35,0.45,0.2,0.4,0.6
CYB00507,Cybersecurity_Analyst,Cybersecurity Analyst,M,26-30,4,PhD,1.9,0.993,0.8918,0.8377,0.8202,0.9972,0.6333,0.6849,0.7293,0.8531,0.8036,1,2,0.2,0.35,0.45,0.35,0.45,0.2,0.4,0.6
CYB00508,Cybersecurity_Analyst,Cybersecurity Analyst,M,31-35,3,MSc,8.1,0.668,1.0,1.0,0.7704,0.7472,1.0,0.85,0.8819,0.9541,0.9252,1,3,0.2,0.35,0.45,0.35,0.45,0.2,0.4,0.6
CYB00509,Cybersecurity_Analyst,Cybersecurity Analyst,F,26-30,3,MSc,3.0,0.75,0.9824,0.7971,0.664,0.78,1.0,0.7385,0.8383,0.8353,0.8365,1,3,0.2,0.35,0.45,0.35,0.45,0.2,0.4,0.6
CYB00510,Cybersecurity_Analyst,Cybersecurity Analyst,M,41-45,2,BSc,1.0,0.762,0.8426,0.7026,0.6351,0.6648,0.3333,0.519,0.4832,0.7381,0.6361,0,1,0.2,0.35,0.45,0.35,0.45,0.2,0.4,0.6
CYB00511,Cybersecurity_Analyst,Cybersecurity Analyst,M,36-40,3,MSc,4.3,0.79,0.6978,0.9589,0.735,0.796,1.0,0.781,0.8607,0.8227,0.8379,1,3,0.2,0.35,0.45,0.35,0.45,0.2,0.4,0.6
CYB00512,Cybersecurity_Analyst,Cybersecurity Analyst,M,41-45,4,PhD,5.5,0.914,0.9659,0.8709,0.8595,0.9656,1.0,1.0,0.9931,0.9019,0.9384,1,3,0.2,0.35,0.45,0.35,0.45,0.2,0.4,0.6
CYB00513,Cybersecurity_Analyst,Cybersecurity Analyst,M,41-45,2,BSc,4.9,0.645,0.8431,0.7261,0.9562,0.618,1.0,0.7674,0.8189,0.8131,0.8154,1,2,0.2,0.35,0.45,0.35,0.45,0.2,0.4,0.6
CYB00514,Cybersecurity_Analyst,Cybersecurity Analyst,M,26-30,2,BSc,5.0,0.573,0.6476,0.7704,0.9067,0.5892,1.0,0.3905,0.6436,0.7547,0.7103,1,1,0.2,0.35,0.45,0.35,0.45,0.2,0.4,0.6
CYB00515,Cybersecurity_Analyst,Cybersecurity Analyst,F,26-30,3,MSc,1.5,0.787,0.7727,0.726,0.7102,0.7948,0.5,0.7527,0.6727,0.7392,0.7126,1,3,0.2,0.35,0.45,0.35,0.45,0.2,0.4,0.6
CYB00516,Cybersecurity_Analyst,Cybersecurity Analyst,M,22-25,3,MSc,2.0,0.76,0.9329,0.9238,0.8589,0.784,0.6667,0.9165,0.8026,0.914,0.8694,1,3,0.2,0.35,0.45,0.35,0.45,0.2,0.4,0.6
CYB00517,Cybersecurity_Analyst,Cybersecurity Analyst,F,22-25,4,PhD,5.8,0.994,0.9757,0.9077,0.8996,0.9976,1.0,0.8063,0.9124,0.9299,0.9229,1,3,0.2,0.35,0.45,0.35,0.45,0.2,0.4,0.6
CYB00518,Cybersecurity_Analyst,Cybersecurity Analyst,F,31-35,1,Diploma,4.1,0.496,0.6311,0.8793,1.0,0.4384,1.0,0.733,0.7675,0.8166,0.797,0,0,0.2,0.35,0.45,0.35,0.45,0.2,0.4,0.6
CYB00519,Cybersecurity_Analyst,Cybersecurity Analyst,M,26-30,1,Diploma,3.5,0.543,0.9506,0.8696,0.8614,0.4572,1.0,0.7545,0.781,0.8963,0.8502,0,0,0.2,0.35,0.45,0.35,0.45,0.2,0.4,0.6
CYB00520,Cybersecurity_Analyst,Cybersecurity Analyst,M,26-30,2,BSc,4.8,0.706,0.9624,0.7556,0.7596,0.6424,1.0,0.7046,0.7955,0.8288,0.8155,1,3,0.2,0.35,0.45,0.35,0.45,0.2,0.4,0.6
CYB00521,Cybersecurity_Analyst,Cybersecurity Analyst,M,46+,2,BSc,4.7,0.734,0.8888,0.8404,0.8653,0.6536,1.0,0.6003,0.7509,0.8623,0.8177,1,2,0.2,0.35,0.45,0.35,0.45,0.2,0.4,0.6
CYB00522,Cybersecurity_Analyst,Cybersecurity Analyst,F,31-35,2,BSc,4.8,0.727,0.902,0.864,0.8427,0.6508,1.0,0.8032,0.8416,0.873,0.8604,1,3,0.2,0.35,0.45,0.35,0.45,0.2,0.4,0.6
CYB00523,Cybersecurity_Analyst,Cybersecurity Analyst,F,26-30,2,BSc,5.0,0.718,0.8203,0.7868,0.9377,0.6472,1.0,0.9137,0.8906,0.8287,0.8535,1,3,0.2,0.35,0.45,0.35,0.45,0.2,0.4,0.6
CYB00524,Cybersecurity_Analyst,Cybersecurity Analyst,M,31-35,3,MSc,5.1,0.651,0.9046,0.9239,0.8607,0.7404,1.0,0.9531,0.927,0.9045,0.9135,1,3,0.2,0.35,0.45,0.35,0.45,0.2,0.4,0.6
CYB00525,Cybersecurity_Analyst,Cybersecurity Analyst,M,31-35,4,PhD,5.8,0.866,0.8911,0.9854,0.9998,0.9464,1.0,0.8854,0.9377,0.9553,0.9483,1,2,0.2,0.35,0.45,0.35,0.45,0.2,0.4,0.6
CYB00526,Cybersecurity_Analyst,Cybersecurity Analyst,M,36-40,2,BSc,5.4,0.72,0.804,0.8236,0.6191,0.648,1.0,0.699,0.7942,0.7758,0.7832,1,3,0.2,0.35,0.45,0.35,0.45,0.2,0.4,0.6
CYB00527,Cybersecurity_Analyst,Cybersecurity Analyst,F,26-30,2,BSc,7.2,0.791,0.6631,0.8426,0.9505,0.6764,1.0,0.753,0.8241,0.8014,0.8105,1,3,0.2,0.35,0.45,0.35,0.45,0.2,0.4,0.6
CYB00528,Cybersecurity_Analyst,Cybersecurity Analyst,M,36-40,4,PhD,3.6,0.926,0.9869,0.7753,0.9454,0.9704,1.0,0.778,0.8942,0.8834,0.8877,1,3,0.2,0.35,0.45,0.35,0.45,0.2,0.4,0.6
CYB00529,Cybersecurity_Analyst,Cybersecurity Analyst,F,31-35,2,BSc,3.1,0.626,0.837,0.8968,0.7811,0.6104,1.0,0.9077,0.8805,0.8527,0.8638,1,3,0.2,0.35,0.45,0.35,0.45,0.2,0.4,0.6
CYB00530,Cybersecurity_Analyst,Cybersecurity Analyst,F,31-35,3,MSc,2.3,0.805,1.0,1.0,0.8387,0.802,0.7667,0.8317,0.803,0.9677,0.9018,1,3,0.2,0.35,0.45,0.35,0.45,0.2,0.4,0.6
CYB00531,Cybersecurity_Analyst,Cybersecurity Analyst,F,36-40,2,BSc,4.9,0.704,0.8995,0.8928,0.6619,0.6416,1.0,0.7527,0.817,0.849,0.8362,1,3,0.2,0.35,0.45,0.35,0.45,0.2,0.4,0.6
CYB00532,Cybersecurity_Analyst,Cybersecurity Analyst,M,31-35,4,PhD,8.2,0.733,0.8493,1.0,0.7747,0.8932,1.0,0.7208,0.853,0.9022,0.8825,1,2,0.2,0.35,0.45,0.35,0.45,0.2,0.4,0.6
CYB00533,Cybersecurity_Analyst,Cybersecurity Analyst,F,31-35,3,MSc,1.7,0.95,0.9306,0.959,0.8091,0.86,0.5667,0.8956,0.7734,0.9191,0.8608,1,3,0.2,0.35,0.45,0.35,0.45,0.2,0.4,0.6
CYB00534,Cybersecurity_Analyst,Cybersecurity Analyst,M,26-30,2,BSc,0.5,0.644,0.9553,0.6457,0.7768,0.6176,0.1667,0.7022,0.4979,0.7803,0.6673,0,2,0.2,0.35,0.45,0.35,0.45,0.2,0.4,0.6
CYB00535,Cybersecurity_Analyst,Cybersecurity Analyst,M,36-40,2,BSc,3.2,0.87,0.9372,0.8718,0.9386,0.708,1.0,1.0,0.9416,0.908,0.9214,1,2,0.2,0.35,0.45,0.35,0.45,0.2,0.4,0.6
CYB00536,Cybersecurity_Analyst,Cybersecurity Analyst,M,46+,2,BSc,1.1,0.799,0.8669,0.7544,0.6462,0.6796,0.3667,0.5529,0.5131,0.7721,0.6685,0,2,0.2,0.35,0.45,0.35,0.45,0.2,0.4,0.6
CYB00537,Cybersecurity_Analyst,Cybersecurity Analyst,M,46+,2,BSc,3.9,0.528,1.0,1.0,0.9384,0.5712,1.0,0.8235,0.8348,0.9877,0.9265,1,3,0.2,0.35,0.45,0.35,0.45,0.2,0.4,0.6
CYB00538,Cybersecurity_Analyst,Cybersecurity Analyst,F,22-25,2,BSc,4.7,0.821,0.9522,0.9704,0.6689,0.6884,1.0,0.7766,0.8372,0.9037,0.8771,1,3,0.2,0.35,0.45,0.35,0.45,0.2,0.4,0.6
CYB00539,Cybersecurity_Analyst,Cybersecurity Analyst,M,41-45,2,BSc,4.9,0.646,0.7366,0.7911,0.7514,0.6184,1.0,0.8268,0.8457,0.7641,0.7967,1,3,0.2,0.35,0.45,0.35,0.45,0.2,0.4,0.6
CYB00540,Cybersecurity_Analyst,Cybersecurity Analyst,M,26-30,2,BSc,8.7,0.687,0.9762,0.9554,0.8382,0.6348,1.0,0.9795,0.9177,0.9392,0.9306,1,3,0.2,0.35,0.45,0.35,0.45,0.2,0.4,0.6
CYB00541,Cybersecurity_Analyst,Cybersecurity Analyst,F,22-25,3,MSc,2.9,0.671,0.9154,0.6752,0.6913,0.7484,0.9667,0.7589,0.8295,0.7625,0.7893,1,2,0.2,0.35,0.45,0.35,0.45,0.2,0.4,0.6
CYB00542,Cybersecurity_Analyst,Cybersecurity Analyst,M,36-40,3,MSc,5.3,0.636,0.5715,1.0,0.8444,0.7344,1.0,0.7412,0.8304,0.8189,0.8235,1,3,0.2,0.35,0.45,0.35,0.45,0.2,0.4,0.6
CYB00543,Cybersecurity_Analyst,Cybersecurity Analyst,F,31-35,3,MSc,2.2,0.715,0.9065,1.0,0.8073,0.766,0.7333,0.7962,0.7681,0.9287,0.8645,1,3,0.2,0.35,0.45,0.35,0.45,0.2,0.4,0.6
CYB00544,Cybersecurity_Analyst,Cybersecurity Analyst,M,31-35,3,MSc,5.3,0.672,1.0,0.8101,0.8774,0.7488,1.0,0.8375,0.8766,0.89,0.8846,1,3,0.2,0.35,0.45,0.35,0.45,0.2,0.4,0.6
CYB00545,Cybersecurity_Analyst,Cybersecurity Analyst,F,22-25,2,BSc,0.0,0.665,0.9093,0.845,0.6114,0.626,0.0,0.7935,0.4823,0.8208,0.6854,0,0,0.2,0.35,0.45,0.35,0.45,0.2,0.4,0.6
CYB00546,Cybersecurity_Analyst,Cybersecurity Analyst,F,26-30,3,MSc,2.8,0.593,0.8423,0.7816,0.9218,0.7172,0.9333,0.759,0.8116,0.8309,0.8232,1,3,0.2,0.35,0.45,0.35,0.45,0.2,0.4,0.6
CYB00547,Cybersecurity_Analyst,Cybersecurity Analyst,F,46+,3,MSc,4.6,0.804,0.992,0.974,0.9372,0.8016,1.0,0.7847,0.8634,0.9729,0.9291,1,3,0.2,0.35,0.45,0.35,0.45,0.2,0.4,0.6
CYB00548,Cybersecurity_Analyst,Cybersecurity Analyst,M,31-35,3,MSc,6.0,0.542,0.7946,0.7772,0.796,0.6968,1.0,0.6991,0.804,0.7871,0.7939,1,3,0.2,0.35,0.45,0.35,0.45,0.2,0.4,0.6
CYB00549,Cybersecurity_Analyst,Cybersecurity Analyst,M,31-35,4,PhD,3.5,0.777,0.7151,0.9974,0.8117,0.9108,1.0,0.769,0.8782,0.8615,0.8682,1,3,0.2,0.35,0.45,0.35,0.45,0.2,0.4,0.6
CYB00550,Cybersecurity_Analyst,Cybersecurity Analyst,F,22-25,2,BSc,6.6,0.581,0.8105,0.8605,0.9986,0.5924,1.0,0.7553,0.8084,0.8706,0.8457,1,3,0.2,0.35,0.45,0.35,0.45,0.2,0.4,0.6
CYB00551,Cybersecurity_Analyst,Cybersecurity Analyst,F,22-25,2,BSc,3.5,0.559,0.8343,0.8663,0.7344,0.5836,1.0,0.8325,0.8413,0.8287,0.8337,1,3,0.2,0.35,0.45,0.35,0.45,0.2,0.4,0.6
CYB00552,Cybersecurity_Analyst,Cybersecurity Analyst,M,26-30,1,Diploma,4.6,0.632,1.0,0.8006,0.7443,0.4928,1.0,0.7743,0.797,0.8591,0.8343,0,0,0.2,0.35,0.45,0.35,0.45,0.2,0.4,0.6
CYB00553,Cybersecurity_Analyst,Cybersecurity Analyst,M,46+,3,MSc,2.5,0.606,1.0,0.9757,0.7594,0.7224,0.8333,0.8891,0.8362,0.9409,0.899,1,3,0.2,0.35,0.45,0.35,0.45,0.2,0.4,0.6
CYB00554,Cybersecurity_Analyst,Cybersecurity Analyst,M,26-30,1,Diploma,6.8,0.626,0.8175,0.8945,0.8697,0.4904,1.0,0.7593,0.7898,0.8626,0.8335,0,0,0.2,0.35,0.45,0.35,0.45,0.2,0.4,0.6
CYB00555,Cybersecurity_Analyst,Cybersecurity Analyst,F,26-30,2,BSc,5.5,0.662,0.9991,0.906,0.8488,0.6248,1.0,0.8946,0.8775,0.9271,0.9073,1,3,0.2,0.35,0.45,0.35,0.45,0.2,0.4,0.6
CYB00556,Cybersecurity_Analyst,Cybersecurity Analyst,F,26-30,3,MSc,1.6,0.871,0.7987,0.7593,0.7169,0.8284,0.5333,0.7172,0.6751,0.7646,0.7288,1,3,0.2,0.35,0.45,0.35,0.45,0.2,0.4,0.6
CYB00557,Cybersecurity_Analyst,Cybersecurity Analyst,F,41-45,3,MSc,4.0,0.775,0.8298,0.9404,1.0,0.79,1.0,0.7262,0.8348,0.9136,0.8821,1,3,0.2,0.35,0.45,0.35,0.45,0.2,0.4,0.6
CYB00558,Cybersecurity_Analyst,Cybersecurity Analyst,F,26-30,2,BSc,4.0,0.82,1.0,0.8929,0.8736,0.688,1.0,0.8243,0.8585,0.9265,0.8993,1,3,0.2,0.35,0.45,0.35,0.45,0.2,0.4,0.6
CYB00559,Cybersecurity_Analyst,Cybersecurity Analyst,F,22-25,2,BSc,3.3,0.82,1.0,0.7251,0.4971,0.688,1.0,0.4784,0.7029,0.7757,0.7466,1,1,0.2,0.35,0.45,0.35,0.45,0.2,0.4,0.6
CYB00560,Cybersecurity_Analyst,Cybersecurity Analyst,M,36-40,2,BSc,5.6,0.846,0.9215,0.8814,0.8987,0.6984,1.0,0.7205,0.8139,0.8989,0.8649,1,3,0.2,0.35,0.45,0.35,0.45,0.2,0.4,0.6
CYB00561,Cybersecurity_Analyst,Cybersecurity Analyst,M,31-35,2,BSc,5.6,0.751,0.8641,0.7613,0.6396,0.6604,1.0,0.6123,0.7576,0.7729,0.7668,1,2,0.2,0.35,0.45,0.35,0.45,0.2,0.4,0.6
CYB00562,Cybersecurity_Analyst,Cybersecurity Analyst,M,22-25,1,Diploma,5.0,0.445,0.8023,0.9449,0.9532,0.418,1.0,0.7857,0.7872,0.8967,0.8529,0,0,0.2,0.35,0.45,0.35,0.45,0.2,0.4,0.6
CYB00563,Cybersecurity_Analyst,Cybersecurity Analyst,F,26-30,2,BSc,7.6,0.727,0.9743,0.9488,1.0,0.6508,1.0,0.6495,0.7724,0.968,0.8898,1,1,0.2,0.35,0.45,0.35,0.45,0.2,0.4,0.6
CYB00564,Cybersecurity_Analyst,Cybersecurity Analyst,M,31-35,2,BSc,2.0,0.892,0.8118,0.7266,0.6426,0.7168,0.6667,0.6709,0.6786,0.7396,0.7152,1,2,0.2,0.35,0.45,0.35,0.45,0.2,0.4,0.6
CYB00565,Cybersecurity_Analyst,Cybersecurity Analyst,M,31-35,3,MSc,6.5,0.779,1.0,1.0,0.7781,0.7916,1.0,0.8172,0.8761,0.9556,0.9238,1,3,0.2,0.35,0.45,0.35,0.45,0.2,0.4,0.6
CYB00566,Cybersecurity_Analyst,Cybersecurity Analyst,F,36-40,3,MSc,2.2,0.777,1.0,0.87,0.9491,0.7908,0.7333,0.8792,0.8105,0.9313,0.883,1,3,0.2,0.35,0.45,0.35,0.45,0.2,0.4,0.6
CYB00567,Cybersecurity_Analyst,Cybersecurity Analyst,F,22-25,4,PhD,5.0,0.932,1.0,0.9971,0.854,0.9728,1.0,0.862,0.9325,0.9695,0.9547,1,3,0.2,0.35,0.45,0.35,0.45,0.2,0.4,0.6
CYB00568,Cybersecurity_Analyst,Cybersecurity Analyst,M,31-35,3,MSc,6.0,0.671,0.9531,0.8252,0.7904,0.7484,1.0,0.9135,0.9108,0.863,0.8821,1,3,0.2,0.35,0.45,0.35,0.45,0.2,0.4,0.6
CYB00569,Cybersecurity_Analyst,Cybersecurity Analyst,F,26-30,4,PhD,2.6,0.911,0.8392,0.8247,0.8588,0.9644,0.8667,0.8121,0.8617,0.8366,0.8466,1,2,0.2,0.35,0.45,0.35,0.45,0.2,0.4,0.6
CYB00570,Cybersecurity_Analyst,Cybersecurity Analyst,M,31-35,3,MSc,7.5,0.668,0.9909,0.9227,0.9535,0.7472,1.0,0.8905,0.9002,0.9527,0.9317,1,3,0.2,0.35,0.45,0.35,0.45,0.2,0.4,0.6
CYB00571,Cybersecurity_Analyst,Cybersecurity Analyst,F,26-30,3,MSc,1.5,0.633,0.8491,1.0,0.7122,0.7332,0.5,0.6115,0.5968,0.8896,0.7725,1,2,0.2,0.35,0.45,0.35,0.45,0.2,0.4,0.6
CYB00572,Cybersecurity_Analyst,Cybersecurity Analyst,M,31-35,3,MSc,4.2,0.81,0.7902,0.6666,0.8684,0.804,1.0,0.7636,0.8544,0.7502,0.7919,1,2,0.2,0.35,0.45,0.35,0.45,0.2,0.4,0.6
CYB00573,Cybersecurity_Analyst,Cybersecurity Analyst,F,36-40,2,BSc,0.8,0.821,0.74,0.7268,0.8702,0.6884,0.2667,0.7436,0.5656,0.7601,0.6823,0,2,0.2,0.35,0.45,0.35,0.45,0.2,0.4,0.6
CYB00574,Cybersecurity_Analyst,Cybersecurity Analyst,M,26-30,2,BSc,8.5,0.731,0.8394,0.7384,0.7689,0.6524,1.0,0.6983,0.7947,0.7798,0.7858,1,2,0.2,0.35,0.45,0.35,0.45,0.2,0.4,0.6
CYB00575,Cybersecurity_Analyst,Cybersecurity Analyst,M,26-30,2,BSc,1.4,0.563,0.9117,0.6721,0.8198,0.5852,0.4667,0.7256,0.6069,0.7855,0.7141,0,2,0.2,0.35,0.45,0.35,0.45,0.2,0.4,0.6
CYB00576,Cybersecurity_Analyst,Cybersecurity Analyst,F,36-40,2,BSc,7.3,0.75,1.0,1.0,0.8175,0.66,1.0,0.9266,0.899,0.9635,0.9377,1,3,0.2,0.35,0.45,0.35,0.45,0.2,0.4,0.6
CYB00577,Cybersecurity_Analyst,Cybersecurity Analyst,F,31-35,4,PhD,2.4,0.878,0.9297,0.8089,0.7473,0.9512,0.8,0.778,0.8203,0.8389,0.8315,1,3,0.2,0.35,0.45,0.35,0.45,0.2,0.4,0.6
CYB00578,Cybersecurity_Analyst,Cybersecurity Analyst,M,22-25,1,Diploma,3.1,0.471,0.669,0.8523,0.8609,0.4284,1.0,0.759,0.7772,0.7899,0.7848,0,0,0.2,0.35,0.45,0.35,0.45,0.2,0.4,0.6
CYB00579,Cybersecurity_Analyst,Cybersecurity Analyst,F,41-45,2,BSc,7.6,0.692,0.9578,0.8993,0.8398,0.6368,1.0,0.796,0.8356,0.9079,0.879,1,3,0.2,0.35,0.45,0.35,0.45,0.2,0.4,0.6
CYB00580,Cybersecurity_Analyst,Cybersecurity Analyst,F,26-30,4,PhD,0.0,0.823,0.8163,0.8615,0.8,0.9292,0.0,0.6945,0.4984,0.8334,0.6994,0,0,0.2,0.35,0.45,0.35,0.45,0.2,0.4,0.6
CYB00581,Cybersecurity_Analyst,Cybersecurity Analyst,F,36-40,2,BSc,6.6,0.764,0.7261,0.8293,0.802,0.6656,1.0,0.7673,0.8284,0.7877,0.804,1,3,0.2,0.35,0.45,0.35,0.45,0.2,0.4,0.6
CYB00582,Cybersecurity_Analyst,Cybersecurity Analyst,F,36-40,3,MSc,2.9,0.7,0.8559,0.7365,0.7406,0.76,0.9667,0.6954,0.8033,0.7791,0.7888,1,2,0.2,0.35,0.45,0.35,0.45,0.2,0.4,0.6
CYB00583,Cybersecurity_Analyst,Cybersecurity Analyst,M,26-30,3,MSc,2.0,0.765,1.0,0.8523,0.7034,0.786,0.6667,0.8271,0.7627,0.8742,0.8296,1,3,0.2,0.35,0.45,0.35,0.45,0.2,0.4,0.6
CYB00584,Cybersecurity_Analyst,Cybersecurity Analyst,F,31-35,2,BSc,0.0,0.711,0.6916,0.8292,0.749,0.6444,0.0,0.7017,0.4446,0.765,0.6368,0,0,0.2,0.35,0.45,0.35,0.45,0.2,0.4,0.6
CYB00585,Cybersecurity_Analyst,Cybersecurity Analyst,F,31-35,2,BSc,5.4,0.654,0.7221,0.844,0.8537,0.6216,1.0,0.6296,0.7576,0.8033,0.785,1,2,0.2,0.35,0.45,0.35,0.45,0.2,0.4,0.6
CYB00586,Cybersecurity_Analyst,Cybersecurity Analyst,M,26-30,2,BSc,2.4,0.699,0.7704,0.8694,0.6513,0.6396,0.8,0.7497,0.7453,0.7911,0.7728,1,3,0.2,0.35,0.45,0.35,0.45,0.2,0.4,0.6
CYB00587,Cybersecurity_Analyst,Cybersecurity Analyst,F,31-35,2,BSc,3.8,0.839,0.9246,1.0,1.0,0.6956,1.0,0.7629,0.8324,0.9736,0.9171,1,3,0.2,0.35,0.45,0.35,0.45,0.2,0.4,0.6
CYB00588,Cybersecurity_Analyst,Cybersecurity Analyst,F,31-35,3,MSc,6.4,0.562,0.8642,1.0,0.8155,0.7048,1.0,0.8092,0.8551,0.9156,0.8914,1,3,0.2,0.35,0.45,0.35,0.45,0.2,0.4,0.6
CYB00589,Cybersecurity_Analyst,Cybersecurity Analyst,F,31-35,3,MSc,3.7,0.712,0.8375,0.8398,0.8641,0.7648,1.0,0.7663,0.8478,0.8439,0.8455,1,2,0.2,0.35,0.45,0.35,0.45,0.2,0.4,0.6
CYB00590,Cybersecurity_Analyst,Cybersecurity Analyst,F,31-35,2,BSc,8.2,0.633,0.7852,0.9198,0.856,0.6132,1.0,0.931,0.8916,0.8599,0.8726,1,3,0.2,0.35,0.45,0.35,0.45,0.2,0.4,0.6
CYB00591,Cybersecurity_Analyst,Cybersecurity Analyst,M,36-40,3,MSc,5.3,0.839,0.8403,0.9084,0.811,0.8156,1.0,0.7197,0.837,0.8651,0.8539,1,3,0.2,0.35,0.45,0.35,0.45,0.2,0.4,0.6
CYB00592,Cybersecurity_Analyst,Cybersecurity Analyst,F,26-30,4,PhD,4.0,0.72,1.0,1.0,1.0,0.888,1.0,0.9683,0.9633,1.0,0.9853,1,3,0.2,0.35,0.45,0.35,0.45,0.2,0.4,0.6
CYB00593,Cybersecurity_Analyst,Cybersecurity Analyst,M,22-25,2,BSc,2.3,0.654,0.8431,0.7822,0.6396,0.6216,0.7667,0.8478,0.7742,0.775,0.7747,1,3,0.2,0.35,0.45,0.35,0.45,0.2,0.4,0.6
CYB00594,Cybersecurity_Analyst,Cybersecurity Analyst,F,26-30,4,PhD,0.9,0.82,0.9508,0.7654,0.91,0.928,0.3,0.7286,0.6185,0.8592,0.7629,0,3,0.2,0.35,0.45,0.35,0.45,0.2,0.4,0.6
CYB00595,Cybersecurity_Analyst,Cybersecurity Analyst,F,26-30,2,BSc,0.6,0.718,0.9185,0.9398,0.7412,0.6472,0.2,0.738,0.5315,0.8926,0.7482,0,3,0.2,0.35,0.45,0.35,0.45,0.2,0.4,0.6
CYB00596,Cybersecurity_Analyst,Cybersecurity Analyst,F,22-25,2,BSc,7.6,0.619,0.8546,0.6888,1.0,0.6076,1.0,0.8295,0.8448,0.8091,0.8234,1,2,0.2,0.35,0.45,0.35,0.45,0.2,0.4,0.6
CYB00597,Cybersecurity_Analyst,Cybersecurity Analyst,F,36-40,4,PhD,6.0,0.738,1.0,0.9482,1.0,0.8952,1.0,0.9585,0.9604,0.9767,0.9702,1,3,0.2,0.35,0.45,0.35,0.45,0.2,0.4,0.6
CYB00598,Cybersecurity_Analyst,Cybersecurity Analyst,F,26-30,2,BSc,6.6,0.74,0.9543,0.9908,0.8155,0.656,1.0,0.911,0.8911,0.943,0.9222,1,3,0.2,0.35,0.45,0.35,0.45,0.2,0.4,0.6
CYB00599,Cybersecurity_Analyst,Cybersecurity Analyst,F,22-25,3,MSc,6.2,0.662,0.908,0.8147,0.8454,0.7448,1.0,1.0,0.949,0.8535,0.8917,1,3,0.2,0.35,0.45,0.35,0.45,0.2,0.4,0.6
CYB00600,Cybersecurity_Analyst,Cybersecurity Analyst,F,26-30,2,BSc,6.1,0.716,0.8358,0.8837,0.8973,0.6464,1.0,0.9845,0.9223,0.8697,0.8907,1,3,0.2,0.35,0.45,0.35,0.45,0.2,0.4,0.6
