candidate_id,job_role,job_role_display,gender,age_group,edu_level,edu_level_name,years_experience,edu_relevance,P_mcq,P_desc,P_code,S_edu,S_exp,S_skill,S_cv,S_int,CSS,passed_hard_filter,relevance_label,w_edu,w_exp,w_skill,w_mcq,w_desc,w_code,W_CV,W_INT
FS00001,Full_Stack_Developer,Full Stack Developer,M,40+,3,MSc,1.3,0.6746,0.7961,0.5253,0.6133,0.7499,0.4333,0.6635,0.6074,0.6235,0.6171,0,2,0.15,0.3,0.55,0.2,0.3,0.5,0.4,0.6
FS00002,Full_Stack_Developer,Full Stack Developer,M,26-30,2,BSc,0.1,0.5213,0.638,0.3989,0.3922,0.5685,0.0333,0.4485,0.3419,0.4433,0.4027,0,2,0.15,0.3,0.55,0.2,0.3,0.5,0.4,0.6
FS00003,Full_Stack_Developer,Full Stack Developer,M,31-35,2,BSc,8.6,0.6552,0.6469,0.6993,0.9747,0.6221,1.0,0.7547,0.8084,0.8265,0.8193,1,3,0.15,0.3,0.55,0.2,0.3,0.5,0.4,0.6
FS00004,Full_Stack_Developer,Full Stack Developer,M,31-35,2,BSc,3.5,0.4519,0.5709,0.6901,0.4897,0.5408,1.0,0.7367,0.7863,0.5661,0.6542,1,1,0.15,0.3,0.55,0.2,0.3,0.5,0.4,0.6
FS00005,Full_Stack_Developer,Full Stack Developer,M,22-25,4,PhD,3.9,0.7834,0.5407,0.7277,0.6588,0.9134,1.0,0.5969,0.7653,0.6559,0.6997,1,1,0.15,0.3,0.55,0.2,0.3,0.5,0.4,0.6
FS00006,Full_Stack_Developer,Full Stack Developer,M,26-30,2,BSc,4.1,0.5461,0.7038,0.7552,0.8253,0.5784,1.0,0.5688,0.6996,0.78,0.7478,1,2,0.15,0.3,0.55,0.2,0.3,0.5,0.4,0.6
FS00007,Full_Stack_Developer,Full Stack Developer,F,22-25,2,BSc,0.5,0.754,0.598,0.6887,0.5026,0.6616,0.1667,0.5567,0.4554,0.5775,0.5287,0,0,0.15,0.3,0.55,0.2,0.3,0.5,0.4,0.6
FS00008,Full_Stack_Developer,Full Stack Developer,F,36-40,2,BSc,4.2,0.5097,0.8344,0.6649,0.9504,0.5639,1.0,0.6954,0.767,0.8416,0.8118,1,2,0.15,0.3,0.55,0.2,0.3,0.5,0.4,0.6
FS00009,Full_Stack_Developer,Full Stack Developer,M,26-30,1,Diploma,0.7,0.7159,0.6462,0.5149,0.4508,0.5264,0.2333,0.6544,0.5089,0.5091,0.509,0,1,0.15,0.3,0.55,0.2,0.3,0.5,0.4,0.6
FS00010,Full_Stack_Developer,Full Stack Developer,F,22-25,1,Diploma,1.9,0.4998,0.6848,0.5495,0.747,0.4399,0.6333,0.6798,0.6299,0.6753,0.6571,0,1,0.15,0.3,0.55,0.2,0.3,0.5,0.4,0.6
FS00011,Full_Stack_Developer,Full Stack Developer,F,26-30,3,MSc,2.9,0.7242,0.6486,0.7748,0.6693,0.7697,0.9667,0.6312,0.7526,0.6968,0.7191,1,2,0.15,0.3,0.55,0.2,0.3,0.5,0.4,0.6
FS00012,Full_Stack_Developer,Full Stack Developer,F,22-25,2,BSc,0.7,0.5411,0.554,0.5278,0.6714,0.5764,0.2333,0.5409,0.4539,0.6048,0.5444,0,1,0.15,0.3,0.55,0.2,0.3,0.5,0.4,0.6
FS00013,Full_Stack_Developer,Full Stack Developer,M,31-35,2,BSc,3.5,0.3657,0.5255,0.6136,0.6155,0.5063,1.0,0.5093,0.6561,0.5969,0.6206,1,1,0.15,0.3,0.55,0.2,0.3,0.5,0.4,0.6
FS00014,Full_Stack_Developer,Full Stack Developer,M,22-25,2,BSc,3.1,0.6422,0.5429,0.7621,0.7978,0.6169,1.0,0.6258,0.7367,0.7361,0.7363,1,2,0.15,0.3,0.55,0.2,0.3,0.5,0.4,0.6
FS00015,Full_Stack_Developer,Full Stack Developer,M,31-35,2,BSc,6.3,0.7949,0.6562,0.6273,0.88,0.678,1.0,0.5883,0.7253,0.7594,0.7458,1,2,0.15,0.3,0.55,0.2,0.3,0.5,0.4,0.6
FS00016,Full_Stack_Developer,Full Stack Developer,M,22-25,2,BSc,0.4,0.6096,0.6539,0.4043,0.784,0.6038,0.1333,0.4485,0.3772,0.6441,0.5373,0,1,0.15,0.3,0.55,0.2,0.3,0.5,0.4,0.6
FS00017,Full_Stack_Developer,Full Stack Developer,F,22-25,2,BSc,2.8,0.6779,0.7494,0.8165,1.0,0.6311,0.9333,0.7493,0.7867,0.8948,0.8516,1,3,0.15,0.3,0.55,0.2,0.3,0.5,0.4,0.6
FS00018,Full_Stack_Developer,Full Stack Developer,M,22-25,3,MSc,4.0,0.7395,0.5246,0.6826,0.74,0.7758,1.0,0.5356,0.7109,0.6797,0.6922,1,1,0.15,0.3,0.55,0.2,0.3,0.5,0.4,0.6
FS00019,Full_Stack_Developer,Full Stack Developer,F,31-35,2,BSc,4.0,0.7186,0.551,0.7832,0.9063,0.6475,1.0,0.669,0.7651,0.7983,0.785,1,2,0.15,0.3,0.55,0.2,0.3,0.5,0.4,0.6
FS00020,Full_Stack_Developer,Full Stack Developer,M,31-35,2,BSc,5.8,0.4851,0.7532,0.833,1.0,0.554,1.0,0.7996,0.8229,0.9005,0.8695,1,3,0.15,0.3,0.55,0.2,0.3,0.5,0.4,0.6
FS00021,Full_Stack_Developer,Full Stack Developer,M,26-30,2,BSc,5.3,0.5665,0.7715,1.0,0.8236,0.5866,1.0,0.8191,0.8385,0.8661,0.8551,1,3,0.15,0.3,0.55,0.2,0.3,0.5,0.4,0.6
FS00022,Full_Stack_Developer,Full Stack Developer,M,22-25,3,MSc,1.4,0.6975,0.749,0.6377,0.6557,0.759,0.4667,0.6052,0.5867,0.669,0.6361,0,2,0.15,0.3,0.55,0.2,0.3,0.5,0.4,0.6
FS00023,Full_Stack_Developer,Full Stack Developer,F,36-40,2,BSc,5.6,0.5521,0.5914,0.7505,0.7501,0.5808,1.0,0.5689,0.7,0.7185,0.7111,1,3,0.15,0.3,0.55,0.2,0.3,0.5,0.4,0.6
FS00024,Full_Stack_Developer,Full Stack Developer,F,26-30,2,BSc,3.6,0.44,0.733,0.7822,0.8665,0.536,1.0,0.6829,0.756,0.8145,0.7911,1,3,0.15,0.3,0.55,0.2,0.3,0.5,0.4,0.6
FS00025,Full_Stack_Developer,Full Stack Developer,M,26-30,3,MSc,4.1,0.666,0.7899,0.8376,0.7536,0.7464,1.0,0.6889,0.7908,0.7861,0.788,1,2,0.15,0.3,0.55,0.2,0.3,0.5,0.4,0.6
FS00026,Full_Stack_Developer,Full Stack Developer,F,31-35,3,MSc,2.9,0.7363,0.6431,0.5464,0.6981,0.7745,0.9667,0.5693,0.7193,0.6416,0.6727,1,2,0.15,0.3,0.55,0.2,0.3,0.5,0.4,0.6
FS00027,Full_Stack_Developer,Full Stack Developer,M,26-30,2,BSc,2.7,0.6112,0.593,0.7721,0.6722,0.6045,0.9,0.5148,0.6438,0.6863,0.6693,1,1,0.15,0.3,0.55,0.2,0.3,0.5,0.4,0.6
FS00028,Full_Stack_Developer,Full Stack Developer,M,31-35,2,BSc,3.6,0.5088,0.8046,0.4692,0.8224,0.5635,1.0,0.8973,0.878,0.7129,0.7789,1,3,0.15,0.3,0.55,0.2,0.3,0.5,0.4,0.6
FS00029,Full_Stack_Developer,Full Stack Developer,F,22-25,2,BSc,2.0,0.8326,0.6106,0.6221,0.4471,0.693,0.6667,0.5679,0.6163,0.5323,0.5659,1,1,0.15,0.3,0.55,0.2,0.3,0.5,0.4,0.6
FS00030,Full_Stack_Developer,Full Stack Developer,F,31-35,2,BSc,7.7,0.7445,0.5855,0.8564,0.6839,0.6578,1.0,0.5397,0.6955,0.716,0.7078,1,1,0.15,0.3,0.55,0.2,0.3,0.5,0.4,0.6
FS00031,Full_Stack_Developer,Full Stack Developer,M,22-25,1,Diploma,3.0,0.8321,0.5316,0.4572,0.6625,0.5728,1.0,0.5897,0.7102,0.5748,0.629,0,2,0.15,0.3,0.55,0.2,0.3,0.5,0.4,0.6
FS00032,Full_Stack_Developer,Full Stack Developer,M,26-30,2,BSc,2.6,0.6183,0.5663,0.8001,0.7436,0.6073,0.8667,0.793,0.7872,0.7251,0.7499,1,3,0.15,0.3,0.55,0.2,0.3,0.5,0.4,0.6
FS00033,Full_Stack_Developer,Full Stack Developer,F,22-25,1,Diploma,3.1,0.5785,0.6621,0.4101,0.8712,0.4714,1.0,0.6717,0.7401,0.691,0.7106,0,2,0.15,0.3,0.55,0.2,0.3,0.5,0.4,0.6
FS00034,Full_Stack_Developer,Full Stack Developer,F,26-30,2,BSc,3.2,0.6824,0.6094,0.6134,0.6509,0.6329,1.0,0.6657,0.7611,0.6314,0.6833,1,2,0.15,0.3,0.55,0.2,0.3,0.5,0.4,0.6
FS00035,Full_Stack_Developer,Full Stack Developer,F,22-25,3,MSc,2.3,0.5802,0.8705,0.6892,0.8119,0.7121,0.7667,0.7642,0.7572,0.7868,0.775,1,3,0.15,0.3,0.55,0.2,0.3,0.5,0.4,0.6
FS00036,Full_Stack_Developer,Full Stack Developer,F,26-30,2,BSc,5.0,0.6855,0.6834,0.8322,0.6786,0.6342,1.0,0.6655,0.7612,0.7256,0.7398,1,2,0.15,0.3,0.55,0.2,0.3,0.5,0.4,0.6
FS00037,Full_Stack_Developer,Full Stack Developer,M,36-40,3,MSc,6.6,0.5685,0.7283,0.7223,0.9294,0.7074,1.0,0.6871,0.784,0.827,0.8098,1,1,0.15,0.3,0.55,0.2,0.3,0.5,0.4,0.6
FS00038,Full_Stack_Developer,Full Stack Developer,F,26-30,3,MSc,4.1,0.6118,0.7648,0.5694,1.0,0.7247,1.0,0.6976,0.7924,0.8238,0.8112,1,2,0.15,0.3,0.55,0.2,0.3,0.5,0.4,0.6
FS00039,Full_Stack_Developer,Full Stack Developer,M,26-30,2,BSc,5.0,0.6934,0.6463,0.4052,0.9596,0.6374,1.0,0.5841,0.7169,0.7306,0.7251,1,2,0.15,0.3,0.55,0.2,0.3,0.5,0.4,0.6
FS00040,Full_Stack_Developer,Full Stack Developer,F,26-30,2,BSc,4.3,0.5211,0.663,0.6616,0.6386,0.5684,1.0,0.5553,0.6907,0.6504,0.6665,1,2,0.15,0.3,0.55,0.2,0.3,0.5,0.4,0.6
FS00041,Full_Stack_Developer,Full Stack Developer,M,36-40,3,MSc,5.8,0.5632,0.8241,0.4453,0.9795,0.7053,1.0,0.6403,0.758,0.7882,0.7761,1,2,0.15,0.3,0.55,0.2,0.3,0.5,0.4,0.6
FS00042,Full_Stack_Developer,Full Stack Developer,F,22-25,2,BSc,3.5,0.5596,0.5923,0.7106,0.9246,0.5838,1.0,0.6767,0.7598,0.7939,0.7803,1,2,0.15,0.3,0.55,0.2,0.3,0.5,0.4,0.6
FS00043,Full_Stack_Developer,Full Stack Developer,F,26-30,2,BSc,2.8,0.6641,0.7601,0.6769,0.7024,0.6256,0.9333,0.6324,0.7216,0.7063,0.7124,1,2,0.15,0.3,0.55,0.2,0.3,0.5,0.4,0.6
FS00044,Full_Stack_Developer,Full Stack Developer,M,31-35,2,BSc,7.8,0.4926,0.7389,1.0,0.7656,0.557,1.0,0.8287,0.8393,0.8306,0.8341,1,3,0.15,0.3,0.55,0.2,0.3,0.5,0.4,0.6
FS00045,Full_Stack_Developer,Full Stack Developer,M,22-25,2,BSc,5.6,0.3466,0.6434,0.7007,0.8263,0.4986,1.0,0.4505,0.6226,0.752,0.7002,1,1,0.15,0.3,0.55,0.2,0.3,0.5,0.4,0.6
FS00046,Full_Stack_Developer,Full Stack Developer,M,36-40,3,MSc,0.9,0.8864,0.6781,0.4085,0.8806,0.8346,0.3,0.7635,0.6351,0.6985,0.6731,0,2,0.15,0.3,0.55,0.2,0.3,0.5,0.4,0.6
FS00047,Full_Stack_Developer,Full Stack Developer,F,36-40,3,MSc,0.0,0.5038,0.6677,0.5766,0.6684,0.6815,0.0,0.591,0.4273,0.6407,0.5553,0,2,0.15,0.3,0.55,0.2,0.3,0.5,0.4,0.6
FS00048,Full_Stack_Developer,Full Stack Developer,F,40+,2,BSc,2.6,0.6872,0.6053,0.5907,0.7128,0.6349,0.8667,0.4919,0.6258,0.6547,0.6431,1,1,0.15,0.3,0.55,0.2,0.3,0.5,0.4,0.6
FS00049,Full_Stack_Developer,Full Stack Developer,M,31-35,2,BSc,1.8,0.5575,0.8667,0.6115,0.8747,0.583,0.6,0.6331,0.6156,0.7942,0.7228,1,2,0.15,0.3,0.55,0.2,0.3,0.5,0.4,0.6
FS00050,Full_Stack_Developer,Full Stack Developer,F,26-30,2,BSc,3.0,0.736,0.8205,0.5292,0.8124,0.6544,1.0,0.7054,0.7862,0.7291,0.7519,1,2,0.15,0.3,0.55,0.2,0.3,0.5,0.4,0.6
FS00051,Full_Stack_Developer,Full Stack Developer,M,22-25,2,BSc,0.0,0.8022,0.6606,0.5928,0.3636,0.6809,0.0,0.6743,0.473,0.4918,0.4843,0,1,0.15,0.3,0.55,0.2,0.3,0.5,0.4,0.6
FS00052,Full_Stack_Developer,Full Stack Developer,F,26-30,2,BSc,0.1,0.5922,0.6536,0.3067,0.6178,0.5969,0.0333,0.6161,0.4384,0.5316,0.4943,0,1,0.15,0.3,0.55,0.2,0.3,0.5,0.4,0.6
FS00053,Full_Stack_Developer,Full Stack Developer,F,22-25,1,Diploma,1.3,0.6383,0.6132,0.8372,0.615,0.4953,0.4333,0.6477,0.5605,0.6813,0.633,0,2,0.15,0.3,0.55,0.2,0.3,0.5,0.4,0.6
FS00054,Full_Stack_Developer,Full Stack Developer,M,22-25,1,Diploma,2.4,0.459,0.5146,0.5264,0.4998,0.4236,0.8,0.5672,0.6155,0.5107,0.5526,0,1,0.15,0.3,0.55,0.2,0.3,0.5,0.4,0.6
FS00055,Full_Stack_Developer,Full Stack Developer,M,31-35,1,Diploma,4.5,0.7386,0.6032,0.5956,0.8283,0.5355,1.0,0.7242,0.7786,0.7135,0.7395,0,3,0.15,0.3,0.55,0.2,0.3,0.5,0.4,0.6
FS00056,Full_Stack_Developer,Full Stack Developer,M,26-30,2,BSc,0.5,0.7914,0.6797,0.6775,0.7298,0.6765,0.1667,0.7754,0.578,0.7041,0.6537,0,2,0.15,0.3,0.55,0.2,0.3,0.5,0.4,0.6
FS00057,Full_Stack_Developer,Full Stack Developer,M,26-30,2,BSc,6.5,0.2561,0.5618,0.672,0.7623,0.4624,1.0,0.6007,0.6998,0.6951,0.697,1,2,0.15,0.3,0.55,0.2,0.3,0.5,0.4,0.6
FS00058,Full_Stack_Developer,Full Stack Developer,M,22-25,2,BSc,6.9,0.7234,0.8315,0.7419,0.6989,0.6494,1.0,0.705,0.7852,0.7383,0.7571,1,2,0.15,0.3,0.55,0.2,0.3,0.5,0.4,0.6
FS00059,Full_Stack_Developer,Full Stack Developer,F,31-35,2,BSc,2.7,0.5064,0.5779,0.4322,0.8658,0.5626,0.9,0.7895,0.7886,0.6781,0.7223,1,3,0.15,0.3,0.55,0.2,0.3,0.5,0.4,0.6
FS00060,Full_Stack_Developer,Full Stack Developer,F,31-35,2,BSc,2.2,0.5318,0.5479,0.5868,0.5446,0.5727,0.7333,0.5409,0.6034,0.5579,0.5761,1,0,0.15,0.3,0.55,0.2,0.3,0.5,0.4,0.6
FS00061,Full_Stack_Developer,Full Stack Developer,M,40+,2,BSc,4.3,0.5881,0.7041,0.581,0.6759,0.5952,1.0,0.6825,0.7646,0.6531,0.6977,1,2,0.15,0.3,0.55,0.2,0.3,0.5,0.4,0.6
FS00062,Full_Stack_Developer,Full Stack Developer,F,36-40,2,BSc,0.2,0.6761,0.6768,0.4308,0.3575,0.6304,0.0667,0.4925,0.3854,0.4433,0.4201,0,1,0.15,0.3,0.55,0.2,0.3,0.5,0.4,0.6
FS00063,Full_Stack_Developer,Full Stack Developer,M,22-25,2,BSc,0.5,0.7117,0.6312,0.8489,0.373,0.6447,0.1667,0.4413,0.3894,0.5674,0.4962,0,2,0.15,0.3,0.55,0.2,0.3,0.5,0.4,0.6
FS00064,Full_Stack_Developer,Full Stack Developer,M,26-30,2,BSc,5.5,0.5192,0.5925,0.7852,0.9902,0.5677,1.0,0.7783,0.8132,0.8492,0.8348,1,3,0.15,0.3,0.55,0.2,0.3,0.5,0.4,0.6
FS00065,Full_Stack_Developer,Full Stack Developer,M,26-30,2,BSc,3.8,0.6125,0.8408,0.6478,0.7551,0.605,1.0,0.7026,0.7772,0.7401,0.7549,1,3,0.15,0.3,0.55,0.2,0.3,0.5,0.4,0.6
FS00066,Full_Stack_Developer,Full Stack Developer,F,22-25,2,BSc,4.3,0.5411,0.8862,0.7741,0.7048,0.5764,1.0,0.6888,0.7653,0.7619,0.7633,1,2,0.15,0.3,0.55,0.2,0.3,0.5,0.4,0.6
FS00067,Full_Stack_Developer,Full Stack Developer,M,31-35,2,BSc,2.1,0.2878,0.6085,0.4438,0.7149,0.4751,0.7,0.7362,0.6862,0.6123,0.6419,1,2,0.15,0.3,0.55,0.2,0.3,0.5,0.4,0.6
FS00068,Full_Stack_Developer,Full Stack Developer,F,26-30,2,BSc,4.0,0.7079,0.7275,0.6424,0.6166,0.6432,1.0,0.4706,0.6553,0.6465,0.65,1,1,0.15,0.3,0.55,0.2,0.3,0.5,0.4,0.6
FS00069,Full_Stack_Developer,Full Stack Developer,F,26-30,3,MSc,2.5,0.6865,0.5712,0.7639,0.7159,0.7546,0.8333,0.523,0.6508,0.7013,0.6811,1,1,0.15,0.3,0.55,0.2,0.3,0.5,0.4,0.6
FS00070,Full_Stack_Developer,Full Stack Developer,F,26-30,3,MSc,3.0,0.493,0.7169,0.7093,0.583,0.6772,1.0,0.6107,0.7375,0.6477,0.6836,1,2,0.15,0.3,0.55,0.2,0.3,0.5,0.4,0.6
FS00071,Full_Stack_Developer,Full Stack Developer,F,31-35,2,BSc,0.2,0.6393,0.5542,0.5296,0.6855,0.6157,0.0667,0.445,0.3571,0.6125,0.5103,0,1,0.15,0.3,0.55,0.2,0.3,0.5,0.4,0.6
FS00072,Full_Stack_Developer,Full Stack Developer,M,26-30,3,MSc,4.1,0.4724,0.8028,0.7596,0.94,0.669,1.0,0.9795,0.9391,0.8585,0.8907,1,3,0.15,0.3,0.55,0.2,0.3,0.5,0.4,0.6
FS00073,Full_Stack_Developer,Full Stack Developer,F,36-40,3,MSc,4.0,0.4704,0.8416,0.6385,0.7104,0.6682,1.0,0.523,0.6879,0.7151,0.7042,1,1,0.15,0.3,0.55,0.2,0.3,0.5,0.4,0.6
FS00074,Full_Stack_Developer,Full Stack Developer,F,26-30,2,BSc,3.6,0.7532,0.756,0.5644,0.5953,0.6613,1.0,0.4369,0.6395,0.6182,0.6267,1,1,0.15,0.3,0.55,0.2,0.3,0.5,0.4,0.6
FS00075,Full_Stack_Developer,Full Stack Developer,F,22-25,2,BSc,5.2,0.2751,0.7281,0.8299,0.6468,0.47,1.0,0.6444,0.7249,0.718,0.7208,1,2,0.15,0.3,0.55,0.2,0.3,0.5,0.4,0.6
FS00076,Full_Stack_Developer,Full Stack Developer,M,22-25,2,BSc,3.0,0.5618,0.5579,0.505,0.6854,0.5847,1.0,0.3044,0.5551,0.6058,0.5855,0,0,0.15,0.3,0.55,0.2,0.3,0.5,0.4,0.6
FS00077,Full_Stack_Developer,Full Stack Developer,F,31-35,1,Diploma,1.5,0.6423,0.5714,0.5443,0.6235,0.4969,0.5,0.4661,0.4809,0.5893,0.5459,0,1,0.15,0.3,0.55,0.2,0.3,0.5,0.4,0.6
FS00078,Full_Stack_Developer,Full Stack Developer,F,22-25,3,MSc,3.9,0.6098,0.6253,0.6355,0.6533,0.7239,1.0,0.6132,0.7458,0.6424,0.6838,1,2,0.15,0.3,0.55,0.2,0.3,0.5,0.4,0.6
FS00079,Full_Stack_Developer,Full Stack Developer,M,22-25,3,MSc,6.3,0.2577,0.5161,0.515,0.762,0.5831,1.0,0.4806,0.6518,0.6387,0.6439,1,1,0.15,0.3,0.55,0.2,0.3,0.5,0.4,0.6
FS00080,Full_Stack_Developer,Full Stack Developer,M,36-40,3,MSc,0.7,0.5211,0.8166,0.6438,0.7762,0.6884,0.2333,0.4847,0.4399,0.7445,0.6227,0,1,0.15,0.3,0.55,0.2,0.3,0.5,0.4,0.6
FS00081,Full_Stack_Developer,Full Stack Developer,M,22-25,2,BSc,3.7,0.5818,0.5773,0.6177,0.7081,0.5927,1.0,0.7021,0.775,0.6548,0.7029,1,2,0.15,0.3,0.55,0.2,0.3,0.5,0.4,0.6
FS00082,Full_Stack_Developer,Full Stack Developer,M,31-35,3,MSc,2.8,0.7923,0.7167,0.6626,0.6324,0.7969,0.9333,0.5303,0.6912,0.6584,0.6715,1,1,0.15,0.3,0.55,0.2,0.3,0.5,0.4,0.6
FS00083,Full_Stack_Developer,Full Stack Developer,M,22-25,2,BSc,0.2,0.8471,0.5173,0.6608,0.342,0.6988,0.0667,0.423,0.3575,0.4727,0.4266,0,0,0.15,0.3,0.55,0.2,0.3,0.5,0.4,0.6
FS00084,Full_Stack_Developer,Full Stack Developer,M,31-35,2,BSc,0.0,0.8375,0.6403,0.4807,0.6718,0.695,0.0,0.5933,0.4306,0.6082,0.5372,0,1,0.15,0.3,0.55,0.2,0.3,0.5,0.4,0.6
FS00085,Full_Stack_Developer,Full Stack Developer,F,26-30,3,MSc,2.8,0.8184,0.8388,0.6255,0.7426,0.8074,0.9333,0.9186,0.9063,0.7267,0.7985,1,3,0.15,0.3,0.55,0.2,0.3,0.5,0.4,0.6
FS00086,Full_Stack_Developer,Full Stack Developer,F,40+,2,BSc,2.4,0.491,0.566,0.6621,0.4673,0.5564,0.8,0.6395,0.6752,0.5455,0.5974,1,1,0.15,0.3,0.55,0.2,0.3,0.5,0.4,0.6
FS00087,Full_Stack_Developer,Full Stack Developer,F,36-40,2,BSc,6.7,0.8199,0.6975,0.6746,0.8717,0.6879,1.0,0.5815,0.723,0.7777,0.7558,1,2,0.15,0.3,0.55,0.2,0.3,0.5,0.4,0.6
FS00088,Full_Stack_Developer,Full Stack Developer,M,26-30,1,Diploma,4.5,0.4684,0.5658,0.5883,0.5446,0.4274,1.0,0.6444,0.7185,0.5619,0.6245,0,1,0.15,0.3,0.55,0.2,0.3,0.5,0.4,0.6
FS00089,Full_Stack_Developer,Full Stack Developer,M,26-30,3,MSc,4.6,0.3845,0.7493,0.7598,0.8694,0.6338,1.0,0.9458,0.9152,0.8125,0.8536,1,3,0.15,0.3,0.55,0.2,0.3,0.5,0.4,0.6
FS00090,Full_Stack_Developer,Full Stack Developer,M,22-25,2,BSc,2.3,0.6171,0.7388,0.8276,0.6851,0.6068,0.7667,0.9212,0.8277,0.7386,0.7742,1,2,0.15,0.3,0.55,0.2,0.3,0.5,0.4,0.6
FS00091,Full_Stack_Developer,Full Stack Developer,M,22-25,3,MSc,7.5,0.6234,0.6261,0.7675,0.8594,0.7294,1.0,0.567,0.7213,0.7852,0.7596,1,2,0.15,0.3,0.55,0.2,0.3,0.5,0.4,0.6
FS00092,Full_Stack_Developer,Full Stack Developer,F,22-25,2,BSc,2.0,0.5653,0.7138,0.6141,0.4931,0.5861,0.6667,0.5991,0.6174,0.5735,0.5911,1,2,0.15,0.3,0.55,0.2,0.3,0.5,0.4,0.6
FS00093,Full_Stack_Developer,Full Stack Developer,F,31-35,3,MSc,6.1,0.7787,0.7608,0.5221,0.7846,0.7915,1.0,0.6716,0.7881,0.7011,0.7359,1,2,0.15,0.3,0.55,0.2,0.3,0.5,0.4,0.6
FS00094,Full_Stack_Developer,Full Stack Developer,F,40+,1,Diploma,4.4,0.5991,0.5161,0.532,0.8647,0.4796,1.0,0.6526,0.7309,0.6952,0.7095,0,2,0.15,0.3,0.55,0.2,0.3,0.5,0.4,0.6
FS00095,Full_Stack_Developer,Full Stack Developer,F,40+,3,MSc,5.8,0.6187,0.7839,0.5278,0.8482,0.7275,1.0,0.6641,0.7744,0.7392,0.7533,1,2,0.15,0.3,0.55,0.2,0.3,0.5,0.4,0.6
FS00096,Full_Stack_Developer,Full Stack Developer,M,22-25,2,BSc,6.0,0.4748,0.6277,0.875,0.8035,0.5499,1.0,0.6656,0.7486,0.7898,0.7733,1,2,0.15,0.3,0.55,0.2,0.3,0.5,0.4,0.6
FS00097,Full_Stack_Developer,Full Stack Developer,M,31-35,3,MSc,0.8,0.712,0.7124,0.7424,0.5949,0.7648,0.2667,0.7056,0.5828,0.6627,0.6307,0,3,0.15,0.3,0.55,0.2,0.3,0.5,0.4,0.6
FS00098,Full_Stack_Developer,Full Stack Developer,M,26-30,2,BSc,2.6,0.8035,0.6626,0.6148,0.7109,0.6814,0.8667,0.8095,0.8075,0.6724,0.7264,1,2,0.15,0.3,0.55,0.2,0.3,0.5,0.4,0.6
FS00099,Full_Stack_Developer,Full Stack Developer,M,26-30,2,BSc,0.0,0.431,0.6721,0.4832,0.4633,0.5324,0.0,0.4395,0.3216,0.511,0.4352,0,1,0.15,0.3,0.55,0.2,0.3,0.5,0.4,0.6
FS00100,Full_Stack_Developer,Full Stack Developer,F,40+,2,BSc,1.3,0.6535,0.7054,0.6159,0.9749,0.6214,0.4333,0.614,0.5609,0.8133,0.7123,0,2,0.15,0.3,0.55,0.2,0.3,0.5,0.4,0.6
FS00101,Full_Stack_Developer,Full Stack Developer,M,22-25,2,BSc,4.6,0.5128,0.6353,0.6068,0.5731,0.5651,1.0,0.6005,0.715,0.5957,0.6434,1,3,0.15,0.3,0.55,0.2,0.3,0.5,0.4,0.6
FS00102,Full_Stack_Developer,Full Stack Developer,F,31-35,2,BSc,2.4,0.6886,0.5125,0.799,0.9224,0.6354,0.8,0.6404,0.6875,0.8034,0.757,1,2,0.15,0.3,0.55,0.2,0.3,0.5,0.4,0.6
FS00103,Full_Stack_Developer,Full Stack Developer,M,36-40,2,BSc,4.6,0.7517,0.6499,0.4299,0.5486,0.6607,1.0,0.5579,0.706,0.5332,0.6023,1,1,0.15,0.3,0.55,0.2,0.3,0.5,0.4,0.6
FS00104,Full_Stack_Developer,Full Stack Developer,M,31-35,2,BSc,2.5,0.6313,0.7756,0.912,0.6144,0.6125,0.8333,0.616,0.6807,0.7359,0.7138,1,2,0.15,0.3,0.55,0.2,0.3,0.5,0.4,0.6
FS00105,Full_Stack_Developer,Full Stack Developer,F,26-30,2,BSc,0.2,0.6648,0.6828,0.6647,0.6816,0.6259,0.0667,0.6008,0.4443,0.6768,0.5838,0,2,0.15,0.3,0.55,0.2,0.3,0.5,0.4,0.6
FS00106,Full_Stack_Developer,Full Stack Developer,F,31-35,3,MSc,5.6,0.7937,0.8254,0.7329,0.8673,0.7975,1.0,0.8819,0.9046,0.8186,0.853,1,3,0.15,0.3,0.55,0.2,0.3,0.5,0.4,0.6
FS00107,Full_Stack_Developer,Full Stack Developer,M,31-35,2,BSc,4.3,0.6561,0.6604,0.7504,0.5337,0.6224,1.0,0.6269,0.7382,0.6241,0.6697,1,1,0.15,0.3,0.55,0.2,0.3,0.5,0.4,0.6
FS00108,Full_Stack_Developer,Full Stack Developer,F,31-35,2,BSc,4.8,0.9029,0.682,0.6935,0.9437,0.7211,1.0,0.6271,0.7531,0.8163,0.791,1,2,0.15,0.3,0.55,0.2,0.3,0.5,0.4,0.6
FS00109,Full_Stack_Developer,Full Stack Developer,F,26-30,2,BSc,3.9,0.6572,0.6186,0.5988,0.74,0.6229,1.0,0.6236,0.7364,0.6734,0.6986,1,2,0.15,0.3,0.55,0.2,0.3,0.5,0.4,0.6
FS00110,Full_Stack_Developer,Full Stack Developer,F,26-30,2,BSc,2.4,0.6528,0.7066,0.5925,0.9858,0.6211,0.8,0.8039,0.7753,0.8119,0.7973,1,3,0.15,0.3,0.55,0.2,0.3,0.5,0.4,0.6
FS00111,Full_Stack_Developer,Full Stack Developer,M,40+,2,BSc,1.0,0.5751,0.7705,0.7236,0.8359,0.59,0.3333,0.6658,0.5547,0.7891,0.6953,0,2,0.15,0.3,0.55,0.2,0.3,0.5,0.4,0.6
FS00112,Full_Stack_Developer,Full Stack Developer,M,40+,2,BSc,4.8,0.5861,0.6307,0.5529,0.7314,0.5944,1.0,0.8856,0.8762,0.6577,0.7451,1,3,0.15,0.3,0.55,0.2,0.3,0.5,0.4,0.6
FS00113,Full_Stack_Developer,Full Stack Developer,F,26-30,3,MSc,2.1,0.5363,0.6695,0.7247,0.6522,0.6945,0.7,0.6549,0.6744,0.6774,0.6762,1,2,0.15,0.3,0.55,0.2,0.3,0.5,0.4,0.6
FS00114,Full_Stack_Developer,Full Stack Developer,M,40+,2,BSc,4.2,0.6639,0.7329,0.7533,0.9278,0.6256,1.0,0.7204,0.79,0.8365,0.8179,1,3,0.15,0.3,0.55,0.2,0.3,0.5,0.4,0.6
FS00115,Full_Stack_Developer,Full Stack Developer,M,22-25,3,MSc,6.0,0.6988,0.6711,0.7281,0.6686,0.7595,1.0,0.6003,0.7441,0.687,0.7098,1,2,0.15,0.3,0.55,0.2,0.3,0.5,0.4,0.6
FS00116,Full_Stack_Developer,Full Stack Developer,M,22-25,2,BSc,3.8,0.5047,0.6302,0.6205,0.5082,0.5619,1.0,0.7449,0.794,0.5663,0.6574,1,0,0.15,0.3,0.55,0.2,0.3,0.5,0.4,0.6
FS00117,Full_Stack_Developer,Full Stack Developer,M,22-25,2,BSc,8.4,0.5306,0.6203,0.8451,0.9471,0.5722,1.0,0.8588,0.8582,0.8511,0.8539,1,3,0.15,0.3,0.55,0.2,0.3,0.5,0.4,0.6
FS00118,Full_Stack_Developer,Full Stack Developer,M,26-30,2,BSc,3.5,0.4378,0.8053,0.6614,0.7741,0.5351,1.0,0.8184,0.8304,0.7465,0.7801,1,3,0.15,0.3,0.55,0.2,0.3,0.5,0.4,0.6
FS00119,Full_Stack_Developer,Full Stack Developer,M,26-30,2,BSc,3.0,0.5879,0.5808,0.6408,0.5534,0.5952,1.0,0.6065,0.7229,0.5851,0.6402,1,2,0.15,0.3,0.55,0.2,0.3,0.5,0.4,0.6
FS00120,Full_Stack_Developer,Full Stack Developer,F,31-35,2,BSc,6.3,0.7294,0.6177,0.8019,0.8473,0.6518,1.0,0.7012,0.7834,0.7877,0.786,1,3,0.15,0.3,0.55,0.2,0.3,0.5,0.4,0.6
FS00121,Full_Stack_Developer,Full Stack Developer,F,31-35,2,BSc,3.7,0.733,0.7892,0.6845,0.9948,0.6532,1.0,0.6182,0.738,0.8606,0.8116,1,2,0.15,0.3,0.55,0.2,0.3,0.5,0.4,0.6
FS00122,Full_Stack_Developer,Full Stack Developer,F,22-25,1,Diploma,2.2,0.5023,0.6517,0.6428,0.5669,0.4409,0.7333,0.5376,0.5818,0.6066,0.5967,0,1,0.15,0.3,0.55,0.2,0.3,0.5,0.4,0.6
FS00123,Full_Stack_Developer,Full Stack Developer,F,26-30,2,BSc,1.6,0.7055,0.6678,0.4858,0.6422,0.6422,0.5333,0.4647,0.5119,0.6004,0.565,1,1,0.15,0.3,0.55,0.2,0.3,0.5,0.4,0.6
FS00124,Full_Stack_Developer,Full Stack Developer,M,22-25,2,BSc,4.3,0.6906,0.8082,0.4965,0.5271,0.6362,1.0,0.596,0.7232,0.5742,0.6338,1,1,0.15,0.3,0.55,0.2,0.3,0.5,0.4,0.6
FS00125,Full_Stack_Developer,Full Stack Developer,F,22-25,3,MSc,0.4,0.9102,0.8539,0.3609,0.5663,0.8441,0.1333,0.5994,0.4962,0.5622,0.5358,0,1,0.15,0.3,0.55,0.2,0.3,0.5,0.4,0.6
FS00126,Full_Stack_Developer,Full Stack Developer,F,36-40,2,BSc,6.5,0.7932,0.6985,0.76,0.8095,0.6773,1.0,0.6229,0.7442,0.7724,0.7611,1,2,0.15,0.3,0.55,0.2,0.3,0.5,0.4,0.6
FS00127,Full_Stack_Developer,Full Stack Developer,M,22-25,4,PhD,4.1,0.6192,0.6721,0.6001,0.848,0.8477,1.0,0.5239,0.7153,0.7385,0.7292,1,1,0.15,0.3,0.55,0.2,0.3,0.5,0.4,0.6
FS00128,Full_Stack_Developer,Full Stack Developer,M,26-30,2,BSc,2.8,0.4432,0.7287,0.5181,0.688,0.5373,0.9333,0.4686,0.6183,0.6452,0.6344,1,1,0.15,0.3,0.55,0.2,0.3,0.5,0.4,0.6
FS00129,Full_Stack_Developer,Full Stack Developer,F,26-30,2,BSc,0.0,0.6356,0.7564,0.6082,0.4208,0.6142,0.0,0.5369,0.3874,0.5442,0.4815,0,1,0.15,0.3,0.55,0.2,0.3,0.5,0.4,0.6
FS00130,Full_Stack_Developer,Full Stack Developer,F,22-25,2,BSc,2.9,0.8907,0.7166,0.757,0.7413,0.7163,0.9667,0.6718,0.767,0.741,0.7514,1,2,0.15,0.3,0.55,0.2,0.3,0.5,0.4,0.6
FS00131,Full_Stack_Developer,Full Stack Developer,M,22-25,2,BSc,3.6,0.5037,0.5558,0.613,0.7691,0.5615,1.0,0.6243,0.7276,0.6796,0.6988,1,2,0.15,0.3,0.55,0.2,0.3,0.5,0.4,0.6
FS00132,Full_Stack_Developer,Full Stack Developer,M,22-25,2,BSc,5.3,0.6485,0.4205,0.9721,0.7851,0.6194,1.0,0.7938,0.8295,0.7683,0.7928,1,3,0.15,0.3,0.55,0.2,0.3,0.5,0.4,0.6
FS00133,Full_Stack_Developer,Full Stack Developer,M,22-25,2,BSc,1.6,0.6902,0.5969,0.7221,0.6473,0.6361,0.5333,0.6332,0.6037,0.6596,0.6372,1,2,0.15,0.3,0.55,0.2,0.3,0.5,0.4,0.6
FS00134,Full_Stack_Developer,Full Stack Developer,M,31-35,3,MSc,3.8,0.6811,0.7808,0.7608,0.972,0.7524,1.0,0.9684,0.9455,0.8704,0.9004,1,3,0.15,0.3,0.55,0.2,0.3,0.5,0.4,0.6
FS00135,Full_Stack_Developer,Full Stack Developer,M,36-40,2,BSc,1.3,0.6936,0.7741,0.4464,0.6461,0.6374,0.4333,0.4632,0.4804,0.6118,0.5592,0,1,0.15,0.3,0.55,0.2,0.3,0.5,0.4,0.6
FS00136,Full_Stack_Developer,Full Stack Developer,F,40+,1,Diploma,3.4,0.616,0.6818,0.8289,0.7598,0.4864,1.0,0.6386,0.7242,0.7649,0.7486,0,2,0.15,0.3,0.55,0.2,0.3,0.5,0.4,0.6
FS00137,Full_Stack_Developer,Full Stack Developer,F,26-30,2,BSc,5.6,0.6798,0.7655,0.8754,0.7673,0.6319,1.0,0.7666,0.8164,0.7994,0.8062,1,3,0.15,0.3,0.55,0.2,0.3,0.5,0.4,0.6
FS00138,Full_Stack_Developer,Full Stack Developer,M,26-30,1,Diploma,1.3,0.3684,0.5881,0.5001,0.4091,0.3874,0.4333,0.7493,0.6002,0.4722,0.5234,0,0,0.15,0.3,0.55,0.2,0.3,0.5,0.4,0.6
FS00139,Full_Stack_Developer,Full Stack Developer,M,26-30,2,BSc,3.8,0.502,0.8578,0.4125,0.6746,0.5608,1.0,0.7748,0.8102,0.6326,0.7036,1,2,0.15,0.3,0.55,0.2,0.3,0.5,0.4,0.6
FS00140,Full_Stack_Developer,Full Stack Developer,F,26-30,2,BSc,0.7,0.3696,0.9274,0.7592,0.7446,0.5079,0.2333,0.7047,0.5338,0.7855,0.6848,0,2,0.15,0.3,0.55,0.2,0.3,0.5,0.4,0.6
FS00141,Full_Stack_Developer,Full Stack Developer,F,31-35,3,MSc,3.0,0.6849,0.7437,0.623,0.5892,0.754,1.0,0.6413,0.7658,0.6302,0.6844,1,2,0.15,0.3,0.55,0.2,0.3,0.5,0.4,0.6
FS00142,Full_Stack_Developer,Full Stack Developer,M,26-30,2,BSc,3.9,0.7949,0.5418,0.5607,0.882,0.678,1.0,0.7562,0.8176,0.7176,0.7576,1,2,0.15,0.3,0.55,0.2,0.3,0.5,0.4,0.6
FS00143,Full_Stack_Developer,Full Stack Developer,M,22-25,2,BSc,1.6,0.6771,0.7407,0.6653,0.6071,0.6309,0.5333,0.8216,0.7065,0.6513,0.6734,1,2,0.15,0.3,0.55,0.2,0.3,0.5,0.4,0.6
FS00144,Full_Stack_Developer,Full Stack Developer,M,40+,2,BSc,3.9,0.791,0.6274,0.6675,0.7999,0.6764,1.0,0.661,0.765,0.7257,0.7414,1,2,0.15,0.3,0.55,0.2,0.3,0.5,0.4,0.6
FS00145,Full_Stack_Developer,Full Stack Developer,F,36-40,2,BSc,4.5,0.4185,0.6807,0.6711,0.8836,0.5274,1.0,0.7959,0.8169,0.7793,0.7943,1,3,0.15,0.3,0.55,0.2,0.3,0.5,0.4,0.6
FS00146,Full_Stack_Developer,Full Stack Developer,M,31-35,2,BSc,2.9,0.7747,0.6635,0.4977,0.9486,0.6699,0.9667,0.5452,0.6903,0.7563,0.7299,1,1,0.15,0.3,0.55,0.2,0.3,0.5,0.4,0.6
FS00147,Full_Stack_Developer,Full Stack Developer,F,22-25,3,MSc,2.8,0.6935,0.9004,0.4845,0.796,0.7574,0.9333,0.807,0.8374,0.7235,0.7691,1,3,0.15,0.3,0.55,0.2,0.3,0.5,0.4,0.6
FS00148,Full_Stack_Developer,Full Stack Developer,M,26-30,2,BSc,1.9,0.8295,0.6588,0.7171,0.9428,0.6918,0.6333,0.8073,0.7378,0.8183,0.7861,1,3,0.15,0.3,0.55,0.2,0.3,0.5,0.4,0.6
FS00149,Full_Stack_Developer,Full Stack Developer,M,22-25,2,BSc,1.3,0.5004,0.6093,0.4648,0.6312,0.5602,0.4333,0.5236,0.502,0.5769,0.5469,0,1,0.15,0.3,0.55,0.2,0.3,0.5,0.4,0.6
FS00150,Full_Stack_Developer,Full Stack Developer,F,22-25,2,BSc,4.2,0.7167,0.6332,0.7374,0.4993,0.6467,1.0,0.4128,0.624,0.5975,0.6081,1,1,0.15,0.3,0.55,0.2,0.3,0.5,0.4,0.6
FS00151,Full_Stack_Developer,Full Stack Developer,F,31-35,2,BSc,3.0,0.8418,0.5958,0.5077,0.784,0.6967,1.0,0.6396,0.7563,0.6635,0.7006,1,2,0.15,0.3,0.55,0.2,0.3,0.5,0.4,0.6
FS00152,Full_Stack_Developer,Full Stack Developer,M,22-25,2,BSc,2.0,0.7731,0.7546,0.5008,0.6703,0.6692,0.6667,0.739,0.7068,0.6363,0.6645,1,2,0.15,0.3,0.55,0.2,0.3,0.5,0.4,0.6
FS00153,Full_Stack_Developer,Full Stack Developer,F,36-40,2,BSc,3.7,0.7718,0.6602,0.5545,0.7369,0.6687,1.0,0.5521,0.704,0.6669,0.6817,1,2,0.15,0.3,0.55,0.2,0.3,0.5,0.4,0.6
FS00154,Full_Stack_Developer,Full Stack Developer,F,31-35,3,MSc,1.9,0.4436,0.6733,0.4084,0.3378,0.6575,0.6333,0.4217,0.5205,0.4261,0.4639,1,0,0.15,0.3,0.55,0.2,0.3,0.5,0.4,0.6
FS00155,Full_Stack_Developer,Full Stack Developer,F,26-30,3,MSc,4.0,0.6298,0.7337,0.596,0.8857,0.7319,1.0,0.6378,0.7606,0.7684,0.7653,1,2,0.15,0.3,0.55,0.2,0.3,0.5,0.4,0.6
FS00156,Full_Stack_Developer,Full Stack Developer,F,36-40,3,MSc,2.2,0.7689,0.6085,0.6694,0.5733,0.7876,0.7333,0.627,0.683,0.6092,0.6387,1,3,0.15,0.3,0.55,0.2,0.3,0.5,0.4,0.6
FS00157,Full_Stack_Developer,Full Stack Developer,M,40+,2,BSc,3.0,0.6277,0.7191,0.6281,0.862,0.6111,1.0,0.9238,0.8997,0.7632,0.8178,1,3,0.15,0.3,0.55,0.2,0.3,0.5,0.4,0.6
FS00158,Full_Stack_Developer,Full Stack Developer,M,26-30,2,BSc,2.3,0.5738,0.7112,0.5971,0.7437,0.5895,0.7667,0.6208,0.6599,0.6932,0.6799,1,2,0.15,0.3,0.55,0.2,0.3,0.5,0.4,0.6
FS00159,Full_Stack_Developer,Full Stack Developer,M,26-30,2,BSc,4.1,0.4889,0.5582,0.5564,0.8052,0.5556,1.0,0.7148,0.7765,0.6812,0.7193,1,3,0.15,0.3,0.55,0.2,0.3,0.5,0.4,0.6
FS00160,Full_Stack_Developer,Full Stack Developer,M,31-35,2,BSc,3.8,0.5528,0.6129,0.5786,0.7202,0.5811,1.0,0.5704,0.7009,0.6563,0.6741,1,1,0.15,0.3,0.55,0.2,0.3,0.5,0.4,0.6
FS00161,Full_Stack_Developer,Full Stack Developer,M,40+,3,MSc,0.4,0.7577,0.9265,0.4519,0.6369,0.7831,0.1333,0.6719,0.527,0.6393,0.5944,0,3,0.15,0.3,0.55,0.2,0.3,0.5,0.4,0.6
FS00162,Full_Stack_Developer,Full Stack Developer,F,26-30,2,BSc,1.2,0.3477,0.745,0.5218,0.3304,0.4991,0.4,0.657,0.5562,0.4707,0.5049,0,0,0.15,0.3,0.55,0.2,0.3,0.5,0.4,0.6
FS00163,Full_Stack_Developer,Full Stack Developer,M,22-25,3,MSc,3.7,0.4734,0.6605,0.3845,0.9699,0.6694,1.0,0.5587,0.7077,0.7324,0.7225,1,1,0.15,0.3,0.55,0.2,0.3,0.5,0.4,0.6
FS00164,Full_Stack_Developer,Full Stack Developer,F,22-25,2,BSc,2.6,0.4761,0.8229,0.4417,0.4705,0.5505,0.8667,0.5992,0.6722,0.5323,0.5883,1,1,0.15,0.3,0.55,0.2,0.3,0.5,0.4,0.6
FS00165,Full_Stack_Developer,Full Stack Developer,M,31-35,3,MSc,5.8,0.4731,0.6138,0.6478,0.8593,0.6692,1.0,0.5281,0.6908,0.7467,0.7243,1,1,0.15,0.3,0.55,0.2,0.3,0.5,0.4,0.6
FS00166,Full_Stack_Developer,Full Stack Developer,F,31-35,3,MSc,6.1,0.8486,0.6396,0.7768,0.7227,0.8194,1.0,0.7298,0.8243,0.7223,0.7631,1,2,0.15,0.3,0.55,0.2,0.3,0.5,0.4,0.6
FS00167,Full_Stack_Developer,Full Stack Developer,M,31-35,1,Diploma,4.0,0.5063,0.7326,0.4967,0.5024,0.4425,1.0,0.5157,0.65,0.5467,0.588,0,1,0.15,0.3,0.55,0.2,0.3,0.5,0.4,0.6
FS00168,Full_Stack_Developer,Full Stack Developer,F,31-35,2,BSc,5.9,0.7007,0.638,0.5677,1.0,0.6403,1.0,0.8055,0.8391,0.7979,0.8144,1,3,0.15,0.3,0.55,0.2,0.3,0.5,0.4,0.6
FS00169,Full_Stack_Developer,Full Stack Developer,M,22-25,2,BSc,4.8,0.7714,0.6541,0.829,0.962,0.6686,1.0,0.594,0.727,0.8605,0.8071,1,2,0.15,0.3,0.55,0.2,0.3,0.5,0.4,0.6
FS00170,Full_Stack_Developer,Full Stack Developer,F,31-35,2,BSc,2.8,0.4825,0.425,0.8294,0.5091,0.553,0.9333,0.4986,0.6372,0.5884,0.6079,1,1,0.15,0.3,0.55,0.2,0.3,0.5,0.4,0.6
FS00171,Full_Stack_Developer,Full Stack Developer,F,22-25,2,BSc,3.9,0.577,0.7088,0.6401,0.7076,0.5908,1.0,0.4851,0.6554,0.6876,0.6747,1,1,0.15,0.3,0.55,0.2,0.3,0.5,0.4,0.6
FS00172,Full_Stack_Developer,Full Stack Developer,F,36-40,2,BSc,3.0,0.825,0.7516,0.7194,0.8699,0.69,1.0,0.6869,0.7813,0.8011,0.7932,1,2,0.15,0.3,0.55,0.2,0.3,0.5,0.4,0.6
FS00173,Full_Stack_Developer,Full Stack Developer,M,26-30,4,PhD,3.3,0.648,0.8188,0.6829,0.5874,0.8592,1.0,0.8035,0.8708,0.6624,0.7458,1,1,0.15,0.3,0.55,0.2,0.3,0.5,0.4,0.6
FS00174,Full_Stack_Developer,Full Stack Developer,F,31-35,2,BSc,4.0,0.9642,0.5107,0.7608,0.7986,0.7457,1.0,0.7159,0.8056,0.7297,0.7601,1,3,0.15,0.3,0.55,0.2,0.3,0.5,0.4,0.6
FS00175,Full_Stack_Developer,Full Stack Developer,F,31-35,2,BSc,3.0,0.5973,0.5976,0.8057,0.6753,0.5989,1.0,0.7274,0.7899,0.6989,0.7353,1,2,0.15,0.3,0.55,0.2,0.3,0.5,0.4,0.6
FS00176,Full_Stack_Developer,Full Stack Developer,M,26-30,3,MSc,1.1,0.6922,0.6659,0.6042,0.7129,0.7569,0.3667,0.7696,0.6468,0.6709,0.6613,0,2,0.15,0.3,0.55,0.2,0.3,0.5,0.4,0.6
FS00177,Full_Stack_Developer,Full Stack Developer,F,22-25,3,MSc,0.6,0.4751,0.5824,0.4527,0.3609,0.67,0.2,0.5615,0.4693,0.4328,0.4474,0,1,0.15,0.3,0.55,0.2,0.3,0.5,0.4,0.6
FS00178,Full_Stack_Developer,Full Stack Developer,F,36-40,2,BSc,0.7,0.3535,0.7179,0.4412,0.906,0.5014,0.2333,0.3989,0.3646,0.7289,0.5832,0,1,0.15,0.3,0.55,0.2,0.3,0.5,0.4,0.6
FS00179,Full_Stack_Developer,Full Stack Developer,F,22-25,2,BSc,7.2,0.8641,0.84,0.7212,0.9901,0.7057,1.0,0.9077,0.9051,0.8794,0.8897,1,3,0.15,0.3,0.55,0.2,0.3,0.5,0.4,0.6
FS00180,Full_Stack_Developer,Full Stack Developer,F,26-30,1,Diploma,3.2,0.5065,0.7474,0.6529,0.9015,0.4426,1.0,0.6796,0.7402,0.7961,0.7737,0,2,0.15,0.3,0.55,0.2,0.3,0.5,0.4,0.6
FS00181,Full_Stack_Developer,Full Stack Developer,M,22-25,2,BSc,1.8,0.5811,0.5339,0.6285,0.7572,0.5924,0.6,0.6616,0.6327,0.6739,0.6574,1,3,0.15,0.3,0.55,0.2,0.3,0.5,0.4,0.6
FS00182,Full_Stack_Developer,Full Stack Developer,M,31-35,3,MSc,3.0,0.4957,0.7907,0.8471,0.9063,0.6783,1.0,0.6193,0.7424,0.8654,0.8162,1,3,0.15,0.3,0.55,0.2,0.3,0.5,0.4,0.6
FS00183,Full_Stack_Developer,Full Stack Developer,M,26-30,2,BSc,2.4,0.708,0.6056,0.6667,0.583,0.6432,0.8,0.3885,0.5501,0.6126,0.5876,0,1,0.15,0.3,0.55,0.2,0.3,0.5,0.4,0.6
FS00184,Full_Stack_Developer,Full Stack Developer,F,22-25,3,MSc,1.2,0.2279,0.8606,0.7813,0.6075,0.5712,0.4,0.6247,0.5493,0.7102,0.6458,0,2,0.15,0.3,0.55,0.2,0.3,0.5,0.4,0.6
FS00185,Full_Stack_Developer,Full Stack Developer,F,22-25,2,BSc,4.3,0.5197,0.6931,0.5546,0.6336,0.5679,1.0,0.6964,0.7682,0.6218,0.6804,1,2,0.15,0.3,0.55,0.2,0.3,0.5,0.4,0.6
FS00186,Full_Stack_Developer,Full Stack Developer,M,36-40,2,BSc,5.3,0.4876,0.7008,0.7356,0.7251,0.555,1.0,0.8531,0.8525,0.7234,0.775,1,2,0.15,0.3,0.55,0.2,0.3,0.5,0.4,0.6
FS00187,Full_Stack_Developer,Full Stack Developer,M,22-25,3,MSc,3.7,0.4717,0.5333,0.6235,0.6839,0.6687,1.0,0.4665,0.6569,0.6356,0.6441,1,1,0.15,0.3,0.55,0.2,0.3,0.5,0.4,0.6
FS00188,Full_Stack_Developer,Full Stack Developer,M,36-40,1,Diploma,0.4,0.4959,0.5132,0.6021,0.4559,0.4384,0.1333,0.6353,0.4552,0.5112,0.4888,0,1,0.15,0.3,0.55,0.2,0.3,0.5,0.4,0.6
FS00189,Full_Stack_Developer,Full Stack Developer,M,40+,2,BSc,1.9,0.5559,0.5843,0.654,0.5918,0.5823,0.6333,0.5548,0.5825,0.609,0.5984,1,2,0.15,0.3,0.55,0.2,0.3,0.5,0.4,0.6
FS00190,Full_Stack_Developer,Full Stack Developer,M,26-30,2,BSc,4.4,0.697,0.6384,0.5693,0.7569,0.6388,1.0,0.6772,0.7683,0.6769,0.7135,1,2,0.15,0.3,0.55,0.2,0.3,0.5,0.4,0.6
FS00191,Full_Stack_Developer,Full Stack Developer,M,26-30,2,BSc,2.6,0.8814,0.6183,0.5863,0.7645,0.7126,0.8667,0.8324,0.8247,0.6818,0.739,1,3,0.15,0.3,0.55,0.2,0.3,0.5,0.4,0.6
FS00192,Full_Stack_Developer,Full Stack Developer,M,31-35,2,BSc,2.2,0.4881,0.5429,0.5994,0.868,0.5552,0.7333,0.5541,0.608,0.7224,0.6766,1,2,0.15,0.3,0.55,0.2,0.3,0.5,0.4,0.6
FS00193,Full_Stack_Developer,Full Stack Developer,M,36-40,3,MSc,2.8,0.7016,0.7022,0.6311,0.6307,0.7606,0.9333,0.6981,0.778,0.6452,0.6983,1,2,0.15,0.3,0.55,0.2,0.3,0.5,0.4,0.6
FS00194,Full_Stack_Developer,Full Stack Developer,F,26-30,2,BSc,4.1,0.4947,0.7665,0.6535,0.5269,0.5579,1.0,0.5988,0.713,0.6128,0.6529,1,1,0.15,0.3,0.55,0.2,0.3,0.5,0.4,0.6
FS00195,Full_Stack_Developer,Full Stack Developer,M,31-35,2,BSc,5.9,0.6751,0.6862,0.5843,0.827,0.6301,1.0,0.7778,0.8223,0.726,0.7645,1,3,0.15,0.3,0.55,0.2,0.3,0.5,0.4,0.6
FS00196,Full_Stack_Developer,Full Stack Developer,F,31-35,2,BSc,2.8,0.5435,0.6672,0.8331,0.5172,0.5774,0.9333,0.5094,0.6468,0.642,0.6439,1,1,0.15,0.3,0.55,0.2,0.3,0.5,0.4,0.6
FS00197,Full_Stack_Developer,Full Stack Developer,M,36-40,3,MSc,4.5,0.6308,0.7092,0.8223,0.9597,0.7323,1.0,0.7258,0.809,0.8684,0.8446,1,3,0.15,0.3,0.55,0.2,0.3,0.5,0.4,0.6
FS00198,Full_Stack_Developer,Full Stack Developer,M,36-40,2,BSc,5.9,0.9625,0.7312,0.7476,0.7586,0.745,1.0,0.7556,0.8273,0.7498,0.7808,1,3,0.15,0.3,0.55,0.2,0.3,0.5,0.4,0.6
FS00199,Full_Stack_Developer,Full Stack Developer,M,36-40,3,MSc,7.1,0.6791,0.5133,0.7186,0.9966,0.7516,1.0,0.7096,0.803,0.8165,0.8111,1,3,0.15,0.3,0.55,0.2,0.3,0.5,0.4,0.6
FS00200,Full_Stack_Developer,Full Stack Developer,M,26-30,3,MSc,1.5,0.5593,0.7711,0.5908,0.6612,0.7037,0.5,0.7349,0.6597,0.6621,0.6611,1,2,0.15,0.3,0.55,0.2,0.3,0.5,0.4,0.6
FS00201,Full_Stack_Developer,Full Stack Developer,M,26-30,2,BSc,5.0,0.776,0.7421,0.6162,0.8572,0.6704,1.0,0.4858,0.6677,0.7619,0.7242,1,1,0.15,0.3,0.55,0.2,0.3,0.5,0.4,0.6
FS00202,Full_Stack_Developer,Full Stack Developer,F,31-35,2,BSc,1.1,0.7663,0.6524,0.5883,0.5921,0.6665,0.3667,0.5342,0.5038,0.603,0.5633,0,0,0.15,0.3,0.55,0.2,0.3,0.5,0.4,0.6
FS00203,Full_Stack_Developer,Full Stack Developer,M,36-40,2,BSc,6.3,0.7418,0.6231,0.7745,0.5483,0.6567,1.0,0.4617,0.6524,0.6311,0.6396,1,0,0.15,0.3,0.55,0.2,0.3,0.5,0.4,0.6
FS00204,Full_Stack_Developer,Full Stack Developer,F,36-40,3,MSc,4.8,0.7854,0.6966,0.7785,1.0,0.7941,1.0,0.7492,0.8312,0.8729,0.8562,1,3,0.15,0.3,0.55,0.2,0.3,0.5,0.4,0.6
FS00205,Full_Stack_Developer,Full Stack Developer,M,26-30,2,BSc,3.8,0.7541,0.668,0.6318,0.6088,0.6616,1.0,0.6744,0.7701,0.6275,0.6845,1,2,0.15,0.3,0.55,0.2,0.3,0.5,0.4,0.6
FS00206,Full_Stack_Developer,Full Stack Developer,M,31-35,3,MSc,4.9,0.569,0.6991,0.7927,0.8746,0.7076,1.0,0.7636,0.8261,0.8149,0.8194,1,2,0.15,0.3,0.55,0.2,0.3,0.5,0.4,0.6
FS00207,Full_Stack_Developer,Full Stack Developer,M,40+,3,MSc,5.3,0.5563,0.6941,0.7609,0.7278,0.7025,1.0,0.7891,0.8394,0.731,0.7744,1,2,0.15,0.3,0.55,0.2,0.3,0.5,0.4,0.6
FS00208,Full_Stack_Developer,Full Stack Developer,M,22-25,2,BSc,3.5,0.5576,0.5306,0.5378,0.6048,0.583,1.0,0.734,0.7911,0.5699,0.6584,1,1,0.15,0.3,0.55,0.2,0.3,0.5,0.4,0.6
FS00209,Full_Stack_Developer,Full Stack Developer,F,22-25,3,MSc,4.4,0.7559,0.7575,0.7912,0.7107,0.7824,1.0,0.8003,0.8575,0.7442,0.7895,1,2,0.15,0.3,0.55,0.2,0.3,0.5,0.4,0.6
FS00210,Full_Stack_Developer,Full Stack Developer,M,26-30,4,PhD,3.6,0.8227,0.7241,0.7462,0.7884,0.9291,1.0,0.6007,0.7698,0.7629,0.7657,1,2,0.15,0.3,0.55,0.2,0.3,0.5,0.4,0.6
FS00211,Full_Stack_Developer,Full Stack Developer,F,26-30,2,BSc,0.0,0.5037,0.6603,0.6949,0.6983,0.5615,0.0,0.7449,0.4939,0.6896,0.6113,0,2,0.15,0.3,0.55,0.2,0.3,0.5,0.4,0.6
FS00212,Full_Stack_Developer,Full Stack Developer,M,31-35,2,BSc,6.8,0.7039,0.5257,0.7031,0.7016,0.6416,1.0,0.7131,0.7884,0.6669,0.7155,1,2,0.15,0.3,0.55,0.2,0.3,0.5,0.4,0.6
FS00213,Full_Stack_Developer,Full Stack Developer,M,31-35,3,MSc,6.5,0.7156,0.8067,0.7936,0.8823,0.7662,1.0,1.0,0.9649,0.8406,0.8903,1,3,0.15,0.3,0.55,0.2,0.3,0.5,0.4,0.6
FS00214,Full_Stack_Developer,Full Stack Developer,M,26-30,1,Diploma,2.6,0.4731,0.5643,0.3742,0.7102,0.4292,0.8667,0.4152,0.5528,0.5802,0.5692,0,1,0.15,0.3,0.55,0.2,0.3,0.5,0.4,0.6
FS00215,Full_Stack_Developer,Full Stack Developer,M,26-30,1,Diploma,5.7,0.4891,0.9322,0.7505,0.7499,0.4357,1.0,0.7036,0.7523,0.7866,0.7729,0,3,0.15,0.3,0.55,0.2,0.3,0.5,0.4,0.6
FS00216,Full_Stack_Developer,Full Stack Developer,M,22-25,2,BSc,2.9,0.4886,0.7007,0.8848,0.729,0.5554,0.9667,0.7551,0.7886,0.7701,0.7775,1,2,0.15,0.3,0.55,0.2,0.3,0.5,0.4,0.6
FS00217,Full_Stack_Developer,Full Stack Developer,F,22-25,2,BSc,0.7,0.3399,0.6584,0.6793,0.863,0.496,0.2333,0.6818,0.5194,0.767,0.668,0,2,0.15,0.3,0.55,0.2,0.3,0.5,0.4,0.6
FS00218,Full_Stack_Developer,Full Stack Developer,M,36-40,3,MSc,2.5,0.6506,0.8399,0.6413,0.6516,0.7402,0.8333,0.8475,0.8271,0.6862,0.7426,1,2,0.15,0.3,0.55,0.2,0.3,0.5,0.4,0.6
FS00219,Full_Stack_Developer,Full Stack Developer,M,26-30,2,BSc,6.5,0.5313,0.683,0.8861,0.9697,0.5725,1.0,0.7594,0.8036,0.8873,0.8538,1,3,0.15,0.3,0.55,0.2,0.3,0.5,0.4,0.6
FS00220,Full_Stack_Developer,Full Stack Developer,M,26-30,1,Diploma,4.9,0.6027,0.7,0.6252,0.8154,0.4811,1.0,0.7444,0.7816,0.7353,0.7538,0,3,0.15,0.3,0.55,0.2,0.3,0.5,0.4,0.6
FS00221,Full_Stack_Developer,Full Stack Developer,F,22-25,2,BSc,0.1,0.5096,0.6908,0.3967,0.8127,0.5638,0.0333,0.8914,0.5848,0.6635,0.632,0,3,0.15,0.3,0.55,0.2,0.3,0.5,0.4,0.6
FS00222,Full_Stack_Developer,Full Stack Developer,F,31-35,3,MSc,2.2,0.8785,0.7393,0.6909,0.5638,0.8314,0.7333,0.5048,0.6223,0.6371,0.6312,1,1,0.15,0.3,0.55,0.2,0.3,0.5,0.4,0.6
FS00223,Full_Stack_Developer,Full Stack Developer,M,31-35,3,MSc,0.0,0.533,0.7282,0.6777,0.6641,0.6932,0.0,0.3837,0.315,0.681,0.5346,0,1,0.15,0.3,0.55,0.2,0.3,0.5,0.4,0.6
FS00224,Full_Stack_Developer,Full Stack Developer,F,26-30,2,BSc,1.3,0.5699,0.7171,0.7225,0.8189,0.588,0.4333,0.557,0.5246,0.7696,0.6716,0,1,0.15,0.3,0.55,0.2,0.3,0.5,0.4,0.6
FS00225,Full_Stack_Developer,Full Stack Developer,M,22-25,2,BSc,5.7,0.4343,0.7452,0.8714,0.6539,0.5337,1.0,0.4865,0.6476,0.7374,0.7015,1,1,0.15,0.3,0.55,0.2,0.3,0.5,0.4,0.6
FS00226,Full_Stack_Developer,Full Stack Developer,M,26-30,1,Diploma,4.6,0.5709,0.6085,0.633,0.6583,0.4684,1.0,0.5716,0.6847,0.6408,0.6584,0,2,0.15,0.3,0.55,0.2,0.3,0.5,0.4,0.6
FS00227,Full_Stack_Developer,Full Stack Developer,M,22-25,3,MSc,0.0,0.5803,0.6967,0.5747,0.7472,0.7121,0.0,0.5928,0.4328,0.6854,0.5844,0,2,0.15,0.3,0.55,0.2,0.3,0.5,0.4,0.6
FS00228,Full_Stack_Developer,Full Stack Developer,F,40+,2,BSc,3.3,0.6627,0.493,0.4357,0.6654,0.6251,1.0,0.4455,0.6388,0.562,0.5927,1,0,0.15,0.3,0.55,0.2,0.3,0.5,0.4,0.6
FS00229,Full_Stack_Developer,Full Stack Developer,M,26-30,3,MSc,3.1,0.8019,0.5702,0.4491,0.5696,0.8008,1.0,0.5384,0.7162,0.5336,0.6066,1,1,0.15,0.3,0.55,0.2,0.3,0.5,0.4,0.6
FS00230,Full_Stack_Developer,Full Stack Developer,F,26-30,2,BSc,1.4,0.6335,0.6335,0.3444,0.6947,0.6134,0.4667,0.8449,0.6967,0.5774,0.6251,0,2,0.15,0.3,0.55,0.2,0.3,0.5,0.4,0.6
FS00231,Full_Stack_Developer,Full Stack Developer,F,36-40,2,BSc,7.4,0.7578,0.5431,0.7283,0.7346,0.6631,1.0,0.6623,0.7637,0.6944,0.7221,1,2,0.15,0.3,0.55,0.2,0.3,0.5,0.4,0.6
FS00232,Full_Stack_Developer,Full Stack Developer,M,22-25,4,PhD,4.0,0.7255,0.7849,0.745,0.7612,0.8902,1.0,0.8503,0.9012,0.7611,0.8171,1,3,0.15,0.3,0.55,0.2,0.3,0.5,0.4,0.6
FS00233,Full_Stack_Developer,Full Stack Developer,M,31-35,2,BSc,3.3,0.4358,0.7008,0.662,0.8426,0.5343,1.0,0.6324,0.728,0.76,0.7472,1,2,0.15,0.3,0.55,0.2,0.3,0.5,0.4,0.6
FS00234,Full_Stack_Developer,Full Stack Developer,M,26-30,2,BSc,2.3,0.7924,0.8931,0.6586,0.6252,0.677,0.7667,0.3577,0.5283,0.6888,0.6246,0,1,0.15,0.3,0.55,0.2,0.3,0.5,0.4,0.6
FS00235,Full_Stack_Developer,Full Stack Developer,F,26-30,3,MSc,4.3,0.8389,0.7245,0.6929,0.9328,0.8155,1.0,0.8299,0.8788,0.8192,0.843,1,3,0.15,0.3,0.55,0.2,0.3,0.5,0.4,0.6
FS00236,Full_Stack_Developer,Full Stack Developer,M,31-35,3,MSc,3.5,0.5756,0.8334,0.5925,0.8305,0.7102,1.0,0.8089,0.8514,0.7597,0.7964,1,3,0.15,0.3,0.55,0.2,0.3,0.5,0.4,0.6
FS00237,Full_Stack_Developer,Full Stack Developer,M,26-30,3,MSc,1.7,0.5342,0.7538,0.6407,0.7549,0.6937,0.5667,0.5737,0.5896,0.7204,0.6681,1,2,0.15,0.3,0.55,0.2,0.3,0.5,0.4,0.6
FS00238,Full_Stack_Developer,Full Stack Developer,M,31-35,3,MSc,5.9,0.7292,0.8323,0.7235,0.7026,0.7717,1.0,0.7642,0.8361,0.7348,0.7753,1,1,0.15,0.3,0.55,0.2,0.3,0.5,0.4,0.6
FS00239,Full_Stack_Developer,Full Stack Developer,M,26-30,2,BSc,3.1,0.5232,0.6514,0.6334,0.7846,0.5693,1.0,0.6428,0.7389,0.7126,0.7231,1,2,0.15,0.3,0.55,0.2,0.3,0.5,0.4,0.6
FS00240,Full_Stack_Developer,Full Stack Developer,M,22-25,2,BSc,4.8,0.7313,0.5371,0.5276,0.5666,0.6525,1.0,0.4711,0.657,0.549,0.5922,1,1,0.15,0.3,0.55,0.2,0.3,0.5,0.4,0.6
FS00241,Full_Stack_Developer,Full Stack Developer,F,36-40,2,BSc,2.9,0.6887,0.5911,0.5782,0.6394,0.6355,0.9667,0.4411,0.6279,0.6114,0.618,1,1,0.15,0.3,0.55,0.2,0.3,0.5,0.4,0.6
FS00242,Full_Stack_Developer,Full Stack Developer,F,26-30,2,BSc,0.0,0.6257,0.8311,0.6247,0.617,0.6103,0.0,0.7841,0.5228,0.6621,0.6064,0,2,0.15,0.3,0.55,0.2,0.3,0.5,0.4,0.6
FS00243,Full_Stack_Developer,Full Stack Developer,M,31-35,3,MSc,4.0,0.8218,0.6661,0.534,0.8202,0.8087,1.0,0.5453,0.7212,0.7035,0.7106,1,2,0.15,0.3,0.55,0.2,0.3,0.5,0.4,0.6
FS00244,Full_Stack_Developer,Full Stack Developer,M,26-30,2,BSc,2.5,0.6213,0.7399,0.5817,0.6512,0.6085,0.8333,0.5193,0.6269,0.6481,0.6396,1,1,0.15,0.3,0.55,0.2,0.3,0.5,0.4,0.6
FS00245,Full_Stack_Developer,Full Stack Developer,M,22-25,3,MSc,1.8,0.7876,0.6004,0.678,0.6114,0.795,0.6,0.6072,0.6332,0.6292,0.6308,1,2,0.15,0.3,0.55,0.2,0.3,0.5,0.4,0.6
FS00246,Full_Stack_Developer,Full Stack Developer,M,31-35,3,MSc,5.2,0.6108,0.7121,0.7402,0.7228,0.7243,1.0,0.7549,0.8238,0.7259,0.7651,1,2,0.15,0.3,0.55,0.2,0.3,0.5,0.4,0.6
FS00247,Full_Stack_Developer,Full Stack Developer,M,26-30,2,BSc,4.5,0.4857,0.6831,0.5453,0.8868,0.5543,1.0,0.681,0.7577,0.7436,0.7492,1,2,0.15,0.3,0.55,0.2,0.3,0.5,0.4,0.6
FS00248,Full_Stack_Developer,Full Stack Developer,M,31-35,2,BSc,3.2,0.537,0.7217,0.4557,0.4058,0.5748,1.0,0.6321,0.7339,0.4839,0.5839,1,1,0.15,0.3,0.55,0.2,0.3,0.5,0.4,0.6
FS00249,Full_Stack_Developer,Full Stack Developer,M,26-30,2,BSc,6.0,0.5552,0.7124,0.6498,1.0,0.5821,1.0,0.6404,0.7395,0.8374,0.7982,1,2,0.15,0.3,0.55,0.2,0.3,0.5,0.4,0.6
FS00250,Full_Stack_Developer,Full Stack Developer,F,22-25,2,BSc,0.4,0.7145,0.5681,0.4586,0.7841,0.6458,0.1333,0.6212,0.4785,0.6432,0.5773,0,2,0.15,0.3,0.55,0.2,0.3,0.5,0.4,0.6
FS00251,Full_Stack_Developer,Full Stack Developer,F,26-30,3,MSc,3.9,0.6092,0.5277,0.4199,0.7277,0.7237,1.0,0.5766,0.7257,0.5954,0.6475,1,3,0.15,0.3,0.55,0.2,0.3,0.5,0.4,0.6
FS00252,Full_Stack_Developer,Full Stack Developer,F,22-25,2,BSc,3.0,0.4608,0.5491,0.8268,0.7021,0.5443,1.0,0.3205,0.5579,0.7089,0.6485,0,0,0.15,0.3,0.55,0.2,0.3,0.5,0.4,0.6
FS00253,Full_Stack_Developer,Full Stack Developer,M,26-30,4,PhD,7.5,0.6903,0.7226,0.8198,1.0,0.8761,1.0,0.9164,0.9355,0.8905,0.9085,1,3,0.15,0.3,0.55,0.2,0.3,0.5,0.4,0.6
FS00254,Full_Stack_Developer,Full Stack Developer,F,22-25,1,Diploma,4.8,0.6529,0.5663,0.6642,0.9167,0.5011,1.0,0.5855,0.6972,0.7709,0.7414,0,2,0.15,0.3,0.55,0.2,0.3,0.5,0.4,0.6
FS00255,Full_Stack_Developer,Full Stack Developer,M,26-30,1,Diploma,5.5,0.3808,0.7324,0.4332,0.6532,0.3923,1.0,0.7224,0.7562,0.6031,0.6643,0,2,0.15,0.3,0.55,0.2,0.3,0.5,0.4,0.6
FS00256,Full_Stack_Developer,Full Stack Developer,M,22-25,2,BSc,3.3,0.37,0.822,0.6284,0.7304,0.508,1.0,0.6129,0.7133,0.7181,0.7162,1,2,0.15,0.3,0.55,0.2,0.3,0.5,0.4,0.6
FS00257,Full_Stack_Developer,Full Stack Developer,F,22-25,2,BSc,2.2,0.5163,0.5684,0.6594,0.872,0.5665,0.7333,0.6527,0.6639,0.7475,0.7141,1,2,0.15,0.3,0.55,0.2,0.3,0.5,0.4,0.6
FS00258,Full_Stack_Developer,Full Stack Developer,M,31-35,2,BSc,6.7,0.4579,0.5277,0.672,0.8349,0.5432,1.0,0.6047,0.7141,0.7246,0.7204,1,2,0.15,0.3,0.55,0.2,0.3,0.5,0.4,0.6
FS00259,Full_Stack_Developer,Full Stack Developer,M,36-40,3,MSc,1.3,0.6082,0.7448,0.5874,0.4609,0.7233,0.4333,0.6345,0.5875,0.5556,0.5684,0,1,0.15,0.3,0.55,0.2,0.3,0.5,0.4,0.6
FS00260,Full_Stack_Developer,Full Stack Developer,F,22-25,2,BSc,3.1,0.7922,0.7347,0.381,0.5817,0.6769,1.0,0.3646,0.6021,0.5521,0.5721,0,0,0.15,0.3,0.55,0.2,0.3,0.5,0.4,0.6
FS00261,Full_Stack_Developer,Full Stack Developer,M,36-40,4,PhD,4.4,0.712,0.7733,0.6336,0.5735,0.8848,1.0,0.7338,0.8363,0.6315,0.7134,1,2,0.15,0.3,0.55,0.2,0.3,0.5,0.4,0.6
FS00262,Full_Stack_Developer,Full Stack Developer,F,22-25,2,BSc,4.4,0.6027,0.6945,0.8576,0.6895,0.6011,1.0,0.579,0.7086,0.7409,0.728,1,2,0.15,0.3,0.55,0.2,0.3,0.5,0.4,0.6
FS00263,Full_Stack_Developer,Full Stack Developer,M,31-35,2,BSc,4.0,0.4316,0.8224,0.7254,0.7001,0.5326,1.0,0.6472,0.7359,0.7322,0.7337,1,2,0.15,0.3,0.55,0.2,0.3,0.5,0.4,0.6
FS00264,Full_Stack_Developer,Full Stack Developer,M,31-35,2,BSc,5.3,0.5367,0.6839,0.6198,0.7383,0.5747,1.0,0.6176,0.7259,0.6918,0.7054,1,3,0.15,0.3,0.55,0.2,0.3,0.5,0.4,0.6
FS00265,Full_Stack_Developer,Full Stack Developer,M,31-35,2,BSc,2.0,0.3807,0.4457,0.5798,0.6375,0.5123,0.6667,0.4467,0.5225,0.5818,0.5581,1,1,0.15,0.3,0.55,0.2,0.3,0.5,0.4,0.6
FS00266,Full_Stack_Developer,Full Stack Developer,F,26-30,2,BSc,2.1,0.7107,0.6733,0.3865,0.6918,0.6443,0.7,0.3736,0.5121,0.5965,0.5627,0,1,0.15,0.3,0.55,0.2,0.3,0.5,0.4,0.6
FS00267,Full_Stack_Developer,Full Stack Developer,M,36-40,2,BSc,0.4,0.6046,0.6336,0.3726,0.8894,0.6018,0.1333,0.6017,0.4612,0.6832,0.5944,0,2,0.15,0.3,0.55,0.2,0.3,0.5,0.4,0.6
FS00268,Full_Stack_Developer,Full Stack Developer,F,26-30,3,MSc,1.7,0.4438,0.7728,0.5752,0.8716,0.6575,0.5667,0.6153,0.6071,0.7629,0.7006,1,2,0.15,0.3,0.55,0.2,0.3,0.5,0.4,0.6
FS00269,Full_Stack_Developer,Full Stack Developer,M,22-25,2,BSc,2.4,0.4563,0.688,0.5955,0.7593,0.5425,0.8,0.5721,0.636,0.6959,0.6719,1,2,0.15,0.3,0.55,0.2,0.3,0.5,0.4,0.6
FS00270,Full_Stack_Developer,Full Stack Developer,M,31-35,3,MSc,6.0,0.4801,0.8569,0.5271,0.8744,0.672,1.0,0.8056,0.8439,0.7667,0.7976,1,3,0.15,0.3,0.55,0.2,0.3,0.5,0.4,0.6
FS00271,Full_Stack_Developer,Full Stack Developer,M,22-25,2,BSc,4.9,0.2418,0.5431,0.5286,0.6279,0.4567,1.0,0.5782,0.6865,0.5811,0.6233,1,2,0.15,0.3,0.55,0.2,0.3,0.5,0.4,0.6
FS00272,Full_Stack_Developer,Full Stack Developer,M,31-35,4,PhD,4.9,0.4992,0.8116,0.5122,0.7339,0.7997,1.0,0.818,0.8698,0.6829,0.7577,1,2,0.15,0.3,0.55,0.2,0.3,0.5,0.4,0.6
FS00273,Full_Stack_Developer,Full Stack Developer,M,31-35,3,MSc,2.6,0.471,0.5733,0.5994,0.7942,0.6684,0.8667,0.8312,0.8174,0.6916,0.7419,1,3,0.15,0.3,0.55,0.2,0.3,0.5,0.4,0.6
FS00274,Full_Stack_Developer,Full Stack Developer,M,31-35,2,BSc,4.3,0.7962,0.5413,0.808,0.6313,0.6785,1.0,0.7321,0.8044,0.6663,0.7215,1,2,0.15,0.3,0.55,0.2,0.3,0.5,0.4,0.6
FS00275,Full_Stack_Developer,Full Stack Developer,F,22-25,2,BSc,0.0,0.622,0.7809,0.6733,0.6437,0.6088,0.0,0.6978,0.4751,0.68,0.598,0,3,0.15,0.3,0.55,0.2,0.3,0.5,0.4,0.6
FS00276,Full_Stack_Developer,Full Stack Developer,F,31-35,3,MSc,5.2,0.5436,0.5783,0.7292,0.8634,0.6974,1.0,0.641,0.7572,0.7661,0.7625,1,2,0.15,0.3,0.55,0.2,0.3,0.5,0.4,0.6
FS00277,Full_Stack_Developer,Full Stack Developer,F,26-30,3,MSc,0.0,0.6195,0.6401,0.4789,0.8385,0.7278,0.0,0.6585,0.4713,0.6909,0.6031,0,2,0.15,0.3,0.55,0.2,0.3,0.5,0.4,0.6
FS00278,Full_Stack_Developer,Full Stack Developer,M,36-40,1,Diploma,0.5,0.52,0.7002,0.633,0.6454,0.448,0.1667,0.6488,0.4741,0.6526,0.5812,0,2,0.15,0.3,0.55,0.2,0.3,0.5,0.4,0.6
FS00279,Full_Stack_Developer,Full Stack Developer,M,26-30,3,MSc,3.0,0.6677,0.8426,0.522,0.693,0.7471,1.0,0.6932,0.7933,0.6716,0.7203,1,2,0.15,0.3,0.55,0.2,0.3,0.5,0.4,0.6
FS00280,Full_Stack_Developer,Full Stack Developer,F,22-25,2,BSc,4.9,0.5451,0.7717,0.7944,0.6165,0.578,1.0,0.7932,0.823,0.7009,0.7497,1,2,0.15,0.3,0.55,0.2,0.3,0.5,0.4,0.6
FS00281,Full_Stack_Developer,Full Stack Developer,M,36-40,3,MSc,3.6,0.5404,0.5525,0.7666,0.5019,0.6962,1.0,0.5557,0.7101,0.5914,0.6389,1,1,0.15,0.3,0.55,0.2,0.3,0.5,0.4,0.6
FS00282,Full_Stack_Developer,Full Stack Developer,M,31-35,2,BSc,2.4,0.361,0.7402,0.5503,0.567,0.5044,0.8,0.482,0.5808,0.5966,0.5903,1,1,0.15,0.3,0.55,0.2,0.3,0.5,0.4,0.6
FS00283,Full_Stack_Developer,Full Stack Developer,F,31-35,2,BSc,1.1,0.6729,0.6543,0.5857,0.6333,0.6292,0.3667,0.7724,0.6292,0.6232,0.6256,0,2,0.15,0.3,0.55,0.2,0.3,0.5,0.4,0.6
FS00284,Full_Stack_Developer,Full Stack Developer,M,26-30,4,PhD,3.6,0.5538,0.6329,0.7594,0.8846,0.8215,1.0,0.6844,0.7996,0.7967,0.7979,1,2,0.15,0.3,0.55,0.2,0.3,0.5,0.4,0.6
FS00285,Full_Stack_Developer,Full Stack Developer,M,26-30,2,BSc,1.8,0.5072,0.5775,0.6447,0.4295,0.5629,0.6,0.3943,0.4813,0.5237,0.5067,0,1,0.15,0.3,0.55,0.2,0.3,0.5,0.4,0.6
FS00286,Full_Stack_Developer,Full Stack Developer,F,31-35,1,Diploma,2.4,0.532,0.8163,0.4967,0.8317,0.4528,0.8,0.7808,0.7374,0.7281,0.7318,0,3,0.15,0.3,0.55,0.2,0.3,0.5,0.4,0.6
FS00287,Full_Stack_Developer,Full Stack Developer,M,40+,2,BSc,5.9,0.7419,0.7137,0.7306,0.522,0.6568,1.0,0.497,0.6719,0.6229,0.6425,1,1,0.15,0.3,0.55,0.2,0.3,0.5,0.4,0.6
FS00288,Full_Stack_Developer,Full Stack Developer,F,40+,2,BSc,4.6,0.6477,0.5514,0.8071,0.9117,0.6191,1.0,0.7069,0.7817,0.8083,0.7977,1,3,0.15,0.3,0.55,0.2,0.3,0.5,0.4,0.6
FS00289,Full_Stack_Developer,Full Stack Developer,M,22-25,2,BSc,2.8,0.3727,0.705,0.5678,0.7431,0.5091,0.9333,0.6108,0.6923,0.6829,0.6867,1,2,0.15,0.3,0.55,0.2,0.3,0.5,0.4,0.6
FS00290,Full_Stack_Developer,Full Stack Developer,F,40+,2,BSc,3.5,0.5756,0.6346,0.6292,0.8289,0.5902,1.0,0.665,0.7543,0.7301,0.7398,1,2,0.15,0.3,0.55,0.2,0.3,0.5,0.4,0.6
FS00291,Full_Stack_Developer,Full Stack Developer,M,26-30,3,MSc,3.5,0.6179,0.8837,0.7971,0.6681,0.7271,1.0,0.8622,0.8833,0.7499,0.8033,1,2,0.15,0.3,0.55,0.2,0.3,0.5,0.4,0.6
FS00292,Full_Stack_Developer,Full Stack Developer,M,22-25,3,MSc,1.9,0.5333,0.5724,0.5637,0.56,0.6933,0.6333,0.5321,0.5866,0.5636,0.5728,1,1,0.15,0.3,0.55,0.2,0.3,0.5,0.4,0.6
FS00293,Full_Stack_Developer,Full Stack Developer,F,31-35,2,BSc,4.3,0.6634,0.6385,0.7829,0.7708,0.6253,1.0,0.4859,0.6611,0.748,0.7132,1,1,0.15,0.3,0.55,0.2,0.3,0.5,0.4,0.6
FS00294,Full_Stack_Developer,Full Stack Developer,F,26-30,1,Diploma,4.9,0.5407,0.912,0.6084,0.5935,0.4563,1.0,0.7588,0.7858,0.6617,0.7113,0,3,0.15,0.3,0.55,0.2,0.3,0.5,0.4,0.6
FS00295,Full_Stack_Developer,Full Stack Developer,F,31-35,3,MSc,7.8,0.5249,0.6522,0.6024,0.626,0.69,1.0,0.8597,0.8763,0.6241,0.725,1,2,0.15,0.3,0.55,0.2,0.3,0.5,0.4,0.6
FS00296,Full_Stack_Developer,Full Stack Developer,F,36-40,1,Diploma,2.4,0.6903,0.6035,0.5864,0.3952,0.5161,0.8,0.5335,0.6109,0.4942,0.5409,0,1,0.15,0.3,0.55,0.2,0.3,0.5,0.4,0.6
FS00297,Full_Stack_Developer,Full Stack Developer,M,26-30,3,MSc,4.0,0.5773,0.6623,0.6364,0.752,0.7109,1.0,0.8939,0.8983,0.6994,0.779,1,3,0.15,0.3,0.55,0.2,0.3,0.5,0.4,0.6
FS00298,Full_Stack_Developer,Full Stack Developer,M,22-25,2,BSc,5.1,0.6476,0.7904,0.6618,0.7015,0.619,1.0,0.7385,0.799,0.7073,0.744,1,2,0.15,0.3,0.55,0.2,0.3,0.5,0.4,0.6
FS00299,Full_Stack_Developer,Full Stack Developer,M,22-25,2,BSc,0.0,0.6746,0.6335,0.4941,0.7828,0.6298,0.0,0.6939,0.4761,0.6663,0.5902,0,2,0.15,0.3,0.55,0.2,0.3,0.5,0.4,0.6
FS00300,Full_Stack_Developer,Full Stack Developer,F,40+,2,BSc,3.7,0.2893,0.5712,0.6563,1.0,0.4757,1.0,0.6144,0.7093,0.8111,0.7704,1,2,0.15,0.3,0.55,0.2,0.3,0.5,0.4,0.6
FS00301,Full_Stack_Developer,Full Stack Developer,M,36-40,2,BSc,3.8,0.6231,0.8103,0.5004,0.7533,0.6092,1.0,0.5973,0.7199,0.6888,0.7012,1,1,0.15,0.3,0.55,0.2,0.3,0.5,0.4,0.6
FS00302,Full_Stack_Developer,Full Stack Developer,F,22-25,2,BSc,2.7,0.5587,0.7856,0.4982,0.7344,0.5835,0.9,0.7391,0.764,0.6738,0.7099,1,2,0.15,0.3,0.55,0.2,0.3,0.5,0.4,0.6
FS00303,Full_Stack_Developer,Full Stack Developer,M,22-25,2,BSc,2.9,0.6595,0.6029,0.607,0.4671,0.6238,0.9667,0.5324,0.6764,0.5362,0.5923,1,1,0.15,0.3,0.55,0.2,0.3,0.5,0.4,0.6
FS00304,Full_Stack_Developer,Full Stack Developer,F,22-25,1,Diploma,0.7,0.4909,0.8574,0.3926,0.4053,0.4364,0.2333,0.6686,0.5032,0.4919,0.4964,0,2,0.15,0.3,0.55,0.2,0.3,0.5,0.4,0.6
FS00305,Full_Stack_Developer,Full Stack Developer,M,31-35,3,MSc,3.5,0.4484,0.7106,0.7474,1.0,0.6594,1.0,0.7958,0.8366,0.8664,0.8545,1,3,0.15,0.3,0.55,0.2,0.3,0.5,0.4,0.6
FS00306,Full_Stack_Developer,Full Stack Developer,M,31-35,2,BSc,1.7,0.5429,0.6819,0.6564,0.5922,0.5771,0.5667,0.4825,0.522,0.6294,0.5864,1,1,0.15,0.3,0.55,0.2,0.3,0.5,0.4,0.6
FS00307,Full_Stack_Developer,Full Stack Developer,M,26-30,2,BSc,3.4,0.4929,0.8317,0.5712,0.8969,0.5572,1.0,0.8794,0.8673,0.7861,0.8186,1,3,0.15,0.3,0.55,0.2,0.3,0.5,0.4,0.6
FS00308,Full_Stack_Developer,Full Stack Developer,M,31-35,2,BSc,4.2,0.6545,0.788,0.7869,0.6498,0.6218,1.0,0.6456,0.7484,0.7185,0.7305,1,2,0.15,0.3,0.55,0.2,0.3,0.5,0.4,0.6
FS00309,Full_Stack_Developer,Full Stack Developer,M,22-25,3,MSc,3.3,0.7733,0.6205,0.6026,0.8439,0.7893,1.0,0.6478,0.7747,0.7268,0.746,1,2,0.15,0.3,0.55,0.2,0.3,0.5,0.4,0.6
FS00310,Full_Stack_Developer,Full Stack Developer,M,40+,1,Diploma,2.3,0.5996,0.6154,0.4087,0.7834,0.4798,0.7667,0.722,0.6991,0.6374,0.6621,0,3,0.15,0.3,0.55,0.2,0.3,0.5,0.4,0.6
FS00311,Full_Stack_Developer,Full Stack Developer,M,26-30,2,BSc,3.1,0.5135,0.6961,0.8401,0.8948,0.5654,1.0,0.8414,0.8476,0.8387,0.8423,1,3,0.15,0.3,0.55,0.2,0.3,0.5,0.4,0.6
FS00312,Full_Stack_Developer,Full Stack Developer,M,22-25,2,BSc,3.1,0.5991,0.7494,0.5582,0.735,0.5996,1.0,0.7019,0.776,0.6848,0.7213,1,2,0.15,0.3,0.55,0.2,0.3,0.5,0.4,0.6
FS00313,Full_Stack_Developer,Full Stack Developer,F,26-30,3,MSc,5.0,0.7174,0.6717,0.7801,0.9322,0.7669,1.0,0.5667,0.7267,0.8345,0.7914,1,2,0.15,0.3,0.55,0.2,0.3,0.5,0.4,0.6
FS00314,Full_Stack_Developer,Full Stack Developer,F,22-25,2,BSc,4.1,0.6648,0.7052,0.8649,0.8771,0.6259,1.0,0.6737,0.7644,0.8391,0.8092,1,3,0.15,0.3,0.55,0.2,0.3,0.5,0.4,0.6
FS00315,Full_Stack_Developer,Full Stack Developer,F,26-30,2,BSc,3.3,0.4296,0.72,0.5229,0.5382,0.5318,1.0,0.5155,0.6633,0.5699,0.6073,1,1,0.15,0.3,0.55,0.2,0.3,0.5,0.4,0.6
FS00316,Full_Stack_Developer,Full Stack Developer,M,22-25,2,BSc,3.5,0.7263,0.7826,0.6682,0.812,0.6505,1.0,0.5291,0.6886,0.763,0.7332,1,1,0.15,0.3,0.55,0.2,0.3,0.5,0.4,0.6
FS00317,Full_Stack_Developer,Full Stack Developer,F,22-25,2,BSc,3.7,0.5926,0.7239,0.4971,0.5848,0.597,1.0,0.4714,0.6488,0.5863,0.6113,1,1,0.15,0.3,0.55,0.2,0.3,0.5,0.4,0.6
FS00318,Full_Stack_Developer,Full Stack Developer,F,22-25,2,BSc,5.2,0.4274,0.756,0.6201,0.8589,0.531,1.0,0.7383,0.7857,0.7667,0.7743,1,3,0.15,0.3,0.55,0.2,0.3,0.5,0.4,0.6
FS00319,Full_Stack_Developer,Full Stack Developer,M,31-35,2,BSc,2.6,0.5907,0.6952,0.5364,0.6828,0.5963,0.8667,0.5801,0.6685,0.6414,0.6522,1,1,0.15,0.3,0.55,0.2,0.3,0.5,0.4,0.6
FS00320,Full_Stack_Developer,Full Stack Developer,F,26-30,3,MSc,2.8,0.7325,0.7377,0.6954,0.5274,0.773,0.9333,0.7002,0.7811,0.6199,0.6844,1,1,0.15,0.3,0.55,0.2,0.3,0.5,0.4,0.6
FS00321,Full_Stack_Developer,Full Stack Developer,M,22-25,4,PhD,5.8,0.5464,0.7916,0.7229,0.7711,0.8186,1.0,0.8002,0.8629,0.7607,0.8016,1,3,0.15,0.3,0.55,0.2,0.3,0.5,0.4,0.6
FS00322,Full_Stack_Developer,Full Stack Developer,M,22-25,2,BSc,4.2,0.8004,0.5753,0.7681,0.9474,0.6802,1.0,0.7818,0.832,0.8192,0.8243,1,2,0.15,0.3,0.55,0.2,0.3,0.5,0.4,0.6
FS00323,Full_Stack_Developer,Full Stack Developer,F,22-25,3,MSc,5.6,0.9128,0.7787,0.935,1.0,0.8451,1.0,0.832,0.8844,0.9362,0.9155,1,3,0.15,0.3,0.55,0.2,0.3,0.5,0.4,0.6
FS00324,Full_Stack_Developer,Full Stack Developer,F,31-35,2,BSc,1.9,0.8145,0.5319,0.6533,0.4129,0.6858,0.6333,0.666,0.6592,0.5088,0.569,1,2,0.15,0.3,0.55,0.2,0.3,0.5,0.4,0.6
FS00325,Full_Stack_Developer,Full Stack Developer,M,40+,4,PhD,5.7,0.7369,0.9308,0.7347,0.7612,0.8948,1.0,0.837,0.8946,0.7872,0.8302,1,3,0.15,0.3,0.55,0.2,0.3,0.5,0.4,0.6
FS00326,Full_Stack_Developer,Full Stack Developer,F,31-35,2,BSc,7.4,0.6005,0.8574,0.6919,0.8014,0.6002,1.0,0.8374,0.8506,0.7797,0.8081,1,3,0.15,0.3,0.55,0.2,0.3,0.5,0.4,0.6
FS00327,Full_Stack_Developer,Full Stack Developer,F,26-30,2,BSc,2.7,0.8548,0.7403,0.7097,0.8994,0.7019,0.9,0.7363,0.7803,0.8106,0.7985,1,3,0.15,0.3,0.55,0.2,0.3,0.5,0.4,0.6
FS00328,Full_Stack_Developer,Full Stack Developer,F,36-40,3,MSc,3.6,0.7081,0.5781,0.5942,0.4906,0.7633,1.0,0.3725,0.6193,0.5392,0.5712,0,1,0.15,0.3,0.55,0.2,0.3,0.5,0.4,0.6
FS00329,Full_Stack_Developer,Full Stack Developer,M,36-40,2,BSc,0.0,0.7558,0.5984,0.6237,0.6147,0.6623,0.0,0.4711,0.3585,0.6142,0.5119,0,1,0.15,0.3,0.55,0.2,0.3,0.5,0.4,0.6
FS00330,Full_Stack_Developer,Full Stack Developer,F,31-35,2,BSc,4.8,0.4874,0.6403,0.7344,0.8915,0.555,1.0,0.7714,0.8075,0.7941,0.7995,1,3,0.15,0.3,0.55,0.2,0.3,0.5,0.4,0.6
FS00331,Full_Stack_Developer,Full Stack Developer,F,26-30,3,MSc,3.1,0.5622,0.739,0.5678,0.7129,0.7049,1.0,0.7072,0.7947,0.6746,0.7226,1,2,0.15,0.3,0.55,0.2,0.3,0.5,0.4,0.6
FS00332,Full_Stack_Developer,Full Stack Developer,M,22-25,2,BSc,2.5,0.5601,0.624,0.5933,0.7365,0.584,0.8333,0.5873,0.6606,0.671,0.6668,1,2,0.15,0.3,0.55,0.2,0.3,0.5,0.4,0.6
FS00333,Full_Stack_Developer,Full Stack Developer,M,31-35,2,BSc,1.5,0.4934,0.5797,0.7327,0.4924,0.5574,0.5,0.5522,0.5373,0.582,0.5641,1,1,0.15,0.3,0.55,0.2,0.3,0.5,0.4,0.6
FS00334,Full_Stack_Developer,Full Stack Developer,M,22-25,3,MSc,2.7,0.5003,0.6074,0.6927,0.4779,0.6801,0.9,0.6542,0.7318,0.5683,0.6337,1,1,0.15,0.3,0.55,0.2,0.3,0.5,0.4,0.6
FS00335,Full_Stack_Developer,Full Stack Developer,F,22-25,2,BSc,1.2,0.6025,0.6764,0.4232,0.5885,0.601,0.4,0.4208,0.4416,0.5565,0.5105,0,1,0.15,0.3,0.55,0.2,0.3,0.5,0.4,0.6
FS00336,Full_Stack_Developer,Full Stack Developer,M,26-30,3,MSc,3.3,0.541,0.7275,0.9202,0.9013,0.6964,1.0,0.8787,0.8877,0.8722,0.8784,1,3,0.15,0.3,0.55,0.2,0.3,0.5,0.4,0.6
FS00337,Full_Stack_Developer,Full Stack Developer,F,36-40,2,BSc,5.9,0.6192,0.5852,0.8694,0.7271,0.6077,1.0,0.5439,0.6903,0.7414,0.721,1,2,0.15,0.3,0.55,0.2,0.3,0.5,0.4,0.6
FS00338,Full_Stack_Developer,Full Stack Developer,M,26-30,3,MSc,5.4,0.5787,0.5558,0.8312,0.6883,0.7115,1.0,0.5075,0.6859,0.7047,0.6972,1,1,0.15,0.3,0.55,0.2,0.3,0.5,0.4,0.6
FS00339,Full_Stack_Developer,Full Stack Developer,M,22-25,3,MSc,4.0,0.4543,0.957,0.5017,0.8213,0.6617,1.0,0.6419,0.7523,0.7526,0.7525,1,2,0.15,0.3,0.55,0.2,0.3,0.5,0.4,0.6
FS00340,Full_Stack_Developer,Full Stack Developer,M,26-30,2,BSc,3.9,0.4464,0.5609,0.5559,0.6318,0.5386,1.0,0.5753,0.6972,0.5948,0.6358,1,2,0.15,0.3,0.55,0.2,0.3,0.5,0.4,0.6
FS00341,Full_Stack_Developer,Full Stack Developer,F,26-30,3,MSc,3.6,0.6923,0.5866,0.5746,0.8792,0.7569,1.0,0.634,0.7622,0.7293,0.7425,1,2,0.15,0.3,0.55,0.2,0.3,0.5,0.4,0.6
FS00342,Full_Stack_Developer,Full Stack Developer,M,26-30,3,MSc,2.4,0.6977,0.7201,0.6286,0.6203,0.7591,0.8,0.5197,0.6397,0.6427,0.6415,1,1,0.15,0.3,0.55,0.2,0.3,0.5,0.4,0.6
FS00343,Full_Stack_Developer,Full Stack Developer,M,22-25,1,Diploma,4.1,0.6225,0.7498,0.6726,0.6068,0.489,1.0,0.7765,0.8004,0.6552,0.7133,0,2,0.15,0.3,0.55,0.2,0.3,0.5,0.4,0.6
FS00344,Full_Stack_Developer,Full Stack Developer,M,22-25,2,BSc,1.6,0.5065,0.6438,0.3252,0.3935,0.5626,0.5333,0.6351,0.5937,0.4231,0.4913,1,1,0.15,0.3,0.55,0.2,0.3,0.5,0.4,0.6
FS00345,Full_Stack_Developer,Full Stack Developer,F,22-25,2,BSc,7.4,0.4039,0.6924,0.7144,0.7263,0.5215,1.0,0.8566,0.8494,0.716,0.7694,1,2,0.15,0.3,0.55,0.2,0.3,0.5,0.4,0.6
FS00346,Full_Stack_Developer,Full Stack Developer,M,31-35,3,MSc,4.5,1.0,0.8016,0.5711,0.7207,0.88,1.0,0.4439,0.6761,0.692,0.6856,1,1,0.15,0.3,0.55,0.2,0.3,0.5,0.4,0.6
FS00347,Full_Stack_Developer,Full Stack Developer,M,26-30,2,BSc,4.0,0.4749,0.5824,0.7706,0.6327,0.55,1.0,0.5502,0.6851,0.664,0.6724,1,2,0.15,0.3,0.55,0.2,0.3,0.5,0.4,0.6
FS00348,Full_Stack_Developer,Full Stack Developer,M,31-35,2,BSc,2.0,0.7061,0.8639,0.5972,0.7828,0.6424,0.6667,0.6903,0.676,0.7434,0.7164,1,2,0.15,0.3,0.55,0.2,0.3,0.5,0.4,0.6
FS00349,Full_Stack_Developer,Full Stack Developer,M,22-25,3,MSc,6.6,0.6493,0.571,0.7716,0.8225,0.7397,1.0,0.6517,0.7694,0.7569,0.7619,1,2,0.15,0.3,0.55,0.2,0.3,0.5,0.4,0.6
FS00350,Full_Stack_Developer,Full Stack Developer,M,31-35,2,BSc,5.2,0.5362,0.7371,0.7604,0.9193,0.5745,1.0,0.5653,0.6971,0.8352,0.78,1,2,0.15,0.3,0.55,0.2,0.3,0.5,0.4,0.6
FS00351,Full_Stack_Developer,Full Stack Developer,F,26-30,2,BSc,3.3,0.4881,0.5075,0.548,0.5255,0.5552,1.0,0.5356,0.6778,0.5287,0.5883,1,1,0.15,0.3,0.55,0.2,0.3,0.5,0.4,0.6
FS00352,Full_Stack_Developer,Full Stack Developer,F,22-25,2,BSc,4.1,0.4393,0.371,0.6347,0.5216,0.5357,1.0,0.6602,0.7435,0.5254,0.6126,1,1,0.15,0.3,0.55,0.2,0.3,0.5,0.4,0.6
FS00353,Full_Stack_Developer,Full Stack Developer,F,31-35,3,MSc,5.2,0.6533,0.7987,0.7905,0.66,0.7413,1.0,0.7759,0.838,0.7269,0.7713,1,2,0.15,0.3,0.55,0.2,0.3,0.5,0.4,0.6
FS00354,Full_Stack_Developer,Full Stack Developer,M,26-30,3,MSc,5.8,0.4751,0.6215,0.6209,0.6319,0.67,1.0,0.6211,0.7421,0.6265,0.6727,1,2,0.15,0.3,0.55,0.2,0.3,0.5,0.4,0.6
FS00355,Full_Stack_Developer,Full Stack Developer,M,36-40,2,BSc,4.0,0.8398,0.4791,0.743,0.5137,0.6959,1.0,0.6405,0.7566,0.5756,0.648,1,1,0.15,0.3,0.55,0.2,0.3,0.5,0.4,0.6
FS00356,Full_Stack_Developer,Full Stack Developer,M,22-25,2,BSc,5.3,0.6148,0.6351,0.7956,0.8394,0.6059,1.0,0.8256,0.845,0.7854,0.8092,1,3,0.15,0.3,0.55,0.2,0.3,0.5,0.4,0.6
FS00357,Full_Stack_Developer,Full Stack Developer,F,26-30,2,BSc,3.1,0.7203,0.7284,0.6631,0.6007,0.6481,1.0,0.686,0.7745,0.645,0.6968,1,1,0.15,0.3,0.55,0.2,0.3,0.5,0.4,0.6
FS00358,Full_Stack_Developer,Full Stack Developer,M,22-25,4,PhD,6.5,0.7443,0.7324,0.63,0.8555,0.8977,1.0,0.7786,0.8629,0.7632,0.8031,1,3,0.15,0.3,0.55,0.2,0.3,0.5,0.4,0.6
FS00359,Full_Stack_Developer,Full Stack Developer,M,26-30,2,BSc,3.4,0.6631,0.6327,0.6356,0.6543,0.6252,1.0,0.5843,0.7152,0.6444,0.6727,1,2,0.15,0.3,0.55,0.2,0.3,0.5,0.4,0.6
FS00360,Full_Stack_Developer,Full Stack Developer,M,22-25,2,BSc,4.5,0.3834,0.6613,0.6906,0.9557,0.5134,1.0,0.7879,0.8104,0.8173,0.8145,1,3,0.15,0.3,0.55,0.2,0.3,0.5,0.4,0.6
FS00361,Full_Stack_Developer,Full Stack Developer,M,26-30,3,MSc,1.3,0.5409,0.5974,0.7314,0.6598,0.6963,0.4333,0.6218,0.5764,0.6688,0.6318,0,1,0.15,0.3,0.55,0.2,0.3,0.5,0.4,0.6
FS00362,Full_Stack_Developer,Full Stack Developer,M,26-30,3,MSc,2.7,0.7915,0.5872,0.585,0.6979,0.7966,0.9,0.4336,0.628,0.6419,0.6363,1,1,0.15,0.3,0.55,0.2,0.3,0.5,0.4,0.6
FS00363,Full_Stack_Developer,Full Stack Developer,M,22-25,2,BSc,1.2,0.5563,0.6607,0.785,0.7175,0.5825,0.4,0.6113,0.5436,0.7264,0.6533,0,2,0.15,0.3,0.55,0.2,0.3,0.5,0.4,0.6
FS00364,Full_Stack_Developer,Full Stack Developer,M,26-30,2,BSc,4.7,0.622,0.6719,0.7372,0.4586,0.6088,1.0,0.5916,0.7167,0.5848,0.6376,1,1,0.15,0.3,0.55,0.2,0.3,0.5,0.4,0.6
FS00365,Full_Stack_Developer,Full Stack Developer,M,36-40,3,MSc,0.4,0.8232,0.634,0.4164,0.3947,0.8093,0.1333,0.5562,0.4673,0.4491,0.4564,0,1,0.15,0.3,0.55,0.2,0.3,0.5,0.4,0.6
FS00366,Full_Stack_Developer,Full Stack Developer,F,31-35,1,Diploma,1.1,0.5146,0.5923,0.5593,0.5654,0.4458,0.3667,0.5921,0.5025,0.569,0.5424,0,1,0.15,0.3,0.55,0.2,0.3,0.5,0.4,0.6
FS00367,Full_Stack_Developer,Full Stack Developer,M,36-40,2,BSc,3.5,0.3793,0.6505,0.8137,0.9123,0.5117,1.0,0.6804,0.751,0.8304,0.7986,1,2,0.15,0.3,0.55,0.2,0.3,0.5,0.4,0.6
FS00368,Full_Stack_Developer,Full Stack Developer,M,31-35,2,BSc,2.0,0.8545,0.7376,0.6494,0.667,0.7018,0.6667,0.701,0.6908,0.6758,0.6818,1,2,0.15,0.3,0.55,0.2,0.3,0.5,0.4,0.6
FS00369,Full_Stack_Developer,Full Stack Developer,M,36-40,2,BSc,5.0,0.5701,0.6486,0.9836,0.435,0.5881,1.0,0.7466,0.7988,0.6423,0.7049,1,1,0.15,0.3,0.55,0.2,0.3,0.5,0.4,0.6
FS00370,Full_Stack_Developer,Full Stack Developer,M,26-30,2,BSc,3.3,0.6587,0.759,0.7278,0.7498,0.6235,1.0,0.5303,0.6852,0.745,0.7211,1,1,0.15,0.3,0.55,0.2,0.3,0.5,0.4,0.6
FS00371,Full_Stack_Developer,Full Stack Developer,F,26-30,3,MSc,3.6,0.5829,0.8537,0.7466,0.6368,0.7132,1.0,0.8299,0.8634,0.7131,0.7732,1,2,0.15,0.3,0.55,0.2,0.3,0.5,0.4,0.6
FS00372,Full_Stack_Developer,Full Stack Developer,M,26-30,2,BSc,1.2,0.5604,0.5178,0.6093,0.6676,0.5841,0.4,0.5559,0.5134,0.6202,0.5775,0,2,0.15,0.3,0.55,0.2,0.3,0.5,0.4,0.6
FS00373,Full_Stack_Developer,Full Stack Developer,M,26-30,2,BSc,1.2,0.6482,0.5854,0.4889,0.6183,0.6193,0.4,0.5472,0.5138,0.5729,0.5493,0,1,0.15,0.3,0.55,0.2,0.3,0.5,0.4,0.6
FS00374,Full_Stack_Developer,Full Stack Developer,M,26-30,2,BSc,3.6,0.5424,0.657,0.4295,0.9067,0.577,1.0,0.6293,0.7327,0.7136,0.7212,1,2,0.15,0.3,0.55,0.2,0.3,0.5,0.4,0.6
FS00375,Full_Stack_Developer,Full Stack Developer,F,26-30,2,BSc,1.5,0.7308,0.7207,0.4974,0.6549,0.6523,0.5,0.569,0.5608,0.6208,0.5968,1,2,0.15,0.3,0.55,0.2,0.3,0.5,0.4,0.6
FS00376,Full_Stack_Developer,Full Stack Developer,M,36-40,3,MSc,2.1,0.5303,0.5962,0.7054,0.6417,0.6921,0.7,0.6327,0.6618,0.6517,0.6557,1,2,0.15,0.3,0.55,0.2,0.3,0.5,0.4,0.6
FS00377,Full_Stack_Developer,Full Stack Developer,M,22-25,3,MSc,3.5,0.538,0.5611,0.6633,0.3521,0.6952,1.0,0.4421,0.6475,0.4873,0.5514,1,1,0.15,0.3,0.55,0.2,0.3,0.5,0.4,0.6
FS00378,Full_Stack_Developer,Full Stack Developer,M,26-30,3,MSc,2.3,0.6938,0.605,0.4598,0.4544,0.7575,0.7667,0.5949,0.6708,0.4861,0.56,1,1,0.15,0.3,0.55,0.2,0.3,0.5,0.4,0.6
FS00379,Full_Stack_Developer,Full Stack Developer,F,22-25,1,Diploma,6.6,0.4497,0.5523,0.7949,0.7588,0.4199,1.0,0.727,0.7628,0.7283,0.7421,0,3,0.15,0.3,0.55,0.2,0.3,0.5,0.4,0.6
FS00380,Full_Stack_Developer,Full Stack Developer,F,26-30,2,BSc,0.6,0.5298,0.7327,0.7061,0.7344,0.5719,0.2,0.697,0.5292,0.7256,0.647,0,2,0.15,0.3,0.55,0.2,0.3,0.5,0.4,0.6
FS00381,Full_Stack_Developer,Full Stack Developer,M,22-25,3,MSc,6.3,0.4702,0.6808,0.7861,0.9459,0.6681,1.0,0.6848,0.7769,0.8449,0.8177,1,2,0.15,0.3,0.55,0.2,0.3,0.5,0.4,0.6
FS00382,Full_Stack_Developer,Full Stack Developer,M,36-40,2,BSc,8.1,0.5135,0.4477,0.7983,0.5398,0.5654,1.0,0.5458,0.685,0.599,0.6334,1,1,0.15,0.3,0.55,0.2,0.3,0.5,0.4,0.6
FS00383,Full_Stack_Developer,Full Stack Developer,F,22-25,3,MSc,5.4,0.706,0.792,0.8299,0.7516,0.7624,1.0,0.8883,0.903,0.7832,0.8311,1,3,0.15,0.3,0.55,0.2,0.3,0.5,0.4,0.6
FS00384,Full_Stack_Developer,Full Stack Developer,M,36-40,2,BSc,5.3,0.6632,0.599,0.9278,1.0,0.6253,1.0,0.816,0.8426,0.8981,0.8759,1,3,0.15,0.3,0.55,0.2,0.3,0.5,0.4,0.6
FS00385,Full_Stack_Developer,Full Stack Developer,F,26-30,2,BSc,5.3,0.4928,0.5967,0.7867,0.6218,0.5571,1.0,0.7615,0.8024,0.6663,0.7207,1,2,0.15,0.3,0.55,0.2,0.3,0.5,0.4,0.6
FS00386,Full_Stack_Developer,Full Stack Developer,F,22-25,1,Diploma,4.1,0.4317,0.7267,0.7092,0.6711,0.4127,1.0,0.5124,0.6437,0.6937,0.6737,0,1,0.15,0.3,0.55,0.2,0.3,0.5,0.4,0.6
FS00387,Full_Stack_Developer,Full Stack Developer,M,26-30,1,Diploma,3.1,0.525,0.6017,0.7918,0.3959,0.45,1.0,0.6031,0.6992,0.5558,0.6132,0,1,0.15,0.3,0.55,0.2,0.3,0.5,0.4,0.6
FS00388,Full_Stack_Developer,Full Stack Developer,M,26-30,2,BSc,3.9,0.7313,0.9531,0.4488,0.8626,0.6525,1.0,0.6475,0.754,0.7566,0.7556,1,2,0.15,0.3,0.55,0.2,0.3,0.5,0.4,0.6
FS00389,Full_Stack_Developer,Full Stack Developer,F,26-30,2,BSc,1.5,0.7451,0.7443,0.6584,0.7479,0.6581,0.5,0.8262,0.7031,0.7204,0.7135,1,3,0.15,0.3,0.55,0.2,0.3,0.5,0.4,0.6
FS00390,Full_Stack_Developer,Full Stack Developer,F,31-35,3,MSc,1.7,0.5303,0.8738,0.6082,0.734,0.6921,0.5667,0.7804,0.703,0.7242,0.7157,1,2,0.15,0.3,0.55,0.2,0.3,0.5,0.4,0.6
FS00391,Full_Stack_Developer,Full Stack Developer,F,26-30,2,BSc,0.0,0.6992,0.6437,0.6977,0.4972,0.6397,0.0,0.4768,0.3582,0.5866,0.4952,0,1,0.15,0.3,0.55,0.2,0.3,0.5,0.4,0.6
FS00392,Full_Stack_Developer,Full Stack Developer,F,22-25,1,Diploma,1.7,0.7598,0.6734,0.6256,0.7563,0.5439,0.5667,0.7064,0.6401,0.7005,0.6763,0,2,0.15,0.3,0.55,0.2,0.3,0.5,0.4,0.6
FS00393,Full_Stack_Developer,Full Stack Developer,M,22-25,2,BSc,6.3,0.3776,0.5707,0.6355,0.66,0.511,1.0,0.5273,0.6667,0.6348,0.6476,1,1,0.15,0.3,0.55,0.2,0.3,0.5,0.4,0.6
FS00394,Full_Stack_Developer,Full Stack Developer,M,22-25,4,PhD,6.3,0.3117,0.8296,0.6343,0.7461,0.7247,1.0,0.9192,0.9143,0.7293,0.8033,1,3,0.15,0.3,0.55,0.2,0.3,0.5,0.4,0.6
FS00395,Full_Stack_Developer,Full Stack Developer,M,31-35,2,BSc,1.9,0.5441,0.6535,0.7695,0.7228,0.5777,0.6333,0.496,0.5494,0.7229,0.6535,1,1,0.15,0.3,0.55,0.2,0.3,0.5,0.4,0.6
FS00396,Full_Stack_Developer,Full Stack Developer,F,31-35,3,MSc,7.0,0.63,0.7216,0.9564,0.6583,0.732,1.0,0.6022,0.741,0.7604,0.7526,1,2,0.15,0.3,0.55,0.2,0.3,0.5,0.4,0.6
FS00397,Full_Stack_Developer,Full Stack Developer,F,22-25,2,BSc,8.6,0.5101,0.6718,0.8802,1.0,0.564,1.0,0.6376,0.7353,0.8984,0.8332,1,2,0.15,0.3,0.55,0.2,0.3,0.5,0.4,0.6
FS00398,Full_Stack_Developer,Full Stack Developer,M,31-35,3,MSc,3.5,0.5475,0.7424,0.7204,0.4915,0.699,1.0,0.5429,0.7035,0.6104,0.6476,1,1,0.15,0.3,0.55,0.2,0.3,0.5,0.4,0.6
FS00399,Full_Stack_Developer,Full Stack Developer,F,31-35,2,BSc,1.9,0.7913,0.8515,0.6468,0.5271,0.6765,0.6333,0.5437,0.5905,0.6279,0.6129,1,1,0.15,0.3,0.55,0.2,0.3,0.5,0.4,0.6
FS00400,Full_Stack_Developer,Full Stack Developer,M,26-30,3,MSc,1.4,0.8022,0.8137,0.5219,0.8435,0.8009,0.4667,0.5162,0.5441,0.7411,0.6623,0,1,0.15,0.3,0.55,0.2,0.3,0.5,0.4,0.6
FS00401,Full_Stack_Developer,Full Stack Developer,M,36-40,2,BSc,3.9,0.463,0.6965,0.6239,0.6568,0.5452,1.0,0.6354,0.7313,0.6549,0.6855,1,2,0.15,0.3,0.55,0.2,0.3,0.5,0.4,0.6
FS00402,Full_Stack_Developer,Full Stack Developer,M,22-25,2,BSc,1.2,0.3638,0.4495,0.4274,0.8315,0.5055,0.4,0.3767,0.403,0.6339,0.5415,0,1,0.15,0.3,0.55,0.2,0.3,0.5,0.4,0.6
FS00403,Full_Stack_Developer,Full Stack Developer,F,22-25,3,MSc,3.8,0.7015,0.7338,0.5224,1.0,0.7606,1.0,0.9733,0.9494,0.8035,0.8619,1,3,0.15,0.3,0.55,0.2,0.3,0.5,0.4,0.6
FS00404,Full_Stack_Developer,Full Stack Developer,M,22-25,2,BSc,4.5,0.498,0.8664,0.7637,0.9585,0.5592,1.0,0.9178,0.8887,0.8816,0.8844,1,3,0.15,0.3,0.55,0.2,0.3,0.5,0.4,0.6
FS00405,Full_Stack_Developer,Full Stack Developer,M,31-35,2,BSc,3.7,0.4892,0.7376,0.5437,0.6536,0.5557,1.0,0.6175,0.723,0.6374,0.6716,1,2,0.15,0.3,0.55,0.2,0.3,0.5,0.4,0.6
FS00406,Full_Stack_Developer,Full Stack Developer,M,26-30,2,BSc,4.5,0.8085,0.7107,0.8008,0.9031,0.6834,1.0,0.9306,0.9143,0.8339,0.8661,1,3,0.15,0.3,0.55,0.2,0.3,0.5,0.4,0.6
FS00407,Full_Stack_Developer,Full Stack Developer,M,40+,2,BSc,4.6,0.4861,0.6171,0.9809,0.8099,0.5544,1.0,0.6478,0.7395,0.8227,0.7894,1,2,0.15,0.3,0.55,0.2,0.3,0.5,0.4,0.6
FS00408,Full_Stack_Developer,Full Stack Developer,F,31-35,2,BSc,2.2,0.5436,0.6441,0.6018,0.7327,0.5774,0.7333,0.851,0.7746,0.6757,0.7153,1,2,0.15,0.3,0.55,0.2,0.3,0.5,0.4,0.6
FS00409,Full_Stack_Developer,Full Stack Developer,F,36-40,2,BSc,2.9,0.3971,0.7924,0.7685,0.6354,0.5188,0.9667,0.6651,0.7336,0.7067,0.7175,1,2,0.15,0.3,0.55,0.2,0.3,0.5,0.4,0.6
FS00410,Full_Stack_Developer,Full Stack Developer,M,36-40,2,BSc,4.4,0.7885,0.6778,0.9529,0.8745,0.6754,1.0,0.7187,0.7966,0.8587,0.8339,1,2,0.15,0.3,0.55,0.2,0.3,0.5,0.4,0.6
FS00411,Full_Stack_Developer,Full Stack Developer,M,31-35,2,BSc,6.3,0.6776,0.6378,0.5931,0.7651,0.631,1.0,0.5087,0.6744,0.688,0.6826,1,1,0.15,0.3,0.55,0.2,0.3,0.5,0.4,0.6
FS00412,Full_Stack_Developer,Full Stack Developer,M,22-25,2,BSc,2.5,0.4243,0.5967,0.2535,0.946,0.5297,0.8333,0.6027,0.6609,0.6684,0.6654,1,2,0.15,0.3,0.55,0.2,0.3,0.5,0.4,0.6
FS00413,Full_Stack_Developer,Full Stack Developer,M,36-40,2,BSc,2.0,0.6013,0.5855,0.7211,0.6974,0.6005,0.6667,0.6232,0.6328,0.6821,0.6624,1,2,0.15,0.3,0.55,0.2,0.3,0.5,0.4,0.6
FS00414,Full_Stack_Developer,Full Stack Developer,M,40+,1,Diploma,3.9,0.3829,0.6294,0.5702,0.6587,0.3931,1.0,0.5606,0.6673,0.6263,0.6427,0,3,0.15,0.3,0.55,0.2,0.3,0.5,0.4,0.6
FS00415,Full_Stack_Developer,Full Stack Developer,M,22-25,2,BSc,0.2,0.6167,0.6682,0.5153,0.4982,0.6067,0.0667,0.6103,0.4467,0.5373,0.5011,0,1,0.15,0.3,0.55,0.2,0.3,0.5,0.4,0.6
FS00416,Full_Stack_Developer,Full Stack Developer,M,22-25,1,Diploma,5.8,0.7641,0.3712,0.6384,0.7379,0.5456,1.0,0.6117,0.7183,0.6347,0.6681,0,2,0.15,0.3,0.55,0.2,0.3,0.5,0.4,0.6
FS00417,Full_Stack_Developer,Full Stack Developer,M,22-25,2,BSc,3.7,0.671,0.7451,0.445,0.6099,0.6284,1.0,0.5321,0.6869,0.5875,0.6273,1,2,0.15,0.3,0.55,0.2,0.3,0.5,0.4,0.6
FS00418,Full_Stack_Developer,Full Stack Developer,M,22-25,3,MSc,4.5,0.9009,0.7287,0.681,0.7483,0.8404,1.0,0.7919,0.8616,0.7242,0.7792,1,3,0.15,0.3,0.55,0.2,0.3,0.5,0.4,0.6
FS00419,Full_Stack_Developer,Full Stack Developer,M,31-35,4,PhD,4.5,0.6112,0.7807,0.4857,0.5445,0.8445,1.0,0.6705,0.7954,0.5741,0.6626,1,1,0.15,0.3,0.55,0.2,0.3,0.5,0.4,0.6
FS00420,Full_Stack_Developer,Full Stack Developer,F,22-25,3,MSc,5.9,0.5073,0.5995,0.8246,0.9313,0.6829,1.0,0.9274,0.9125,0.8329,0.8647,1,3,0.15,0.3,0.55,0.2,0.3,0.5,0.4,0.6
FS00421,Full_Stack_Developer,Full Stack Developer,F,22-25,2,BSc,3.0,0.4502,0.6912,0.568,0.6144,0.5401,1.0,0.3628,0.5806,0.6158,0.6017,0,2,0.15,0.3,0.55,0.2,0.3,0.5,0.4,0.6
FS00422,Full_Stack_Developer,Full Stack Developer,M,31-35,2,BSc,2.3,0.4357,0.8559,0.3772,0.534,0.5343,0.7667,0.5902,0.6348,0.5513,0.5847,1,1,0.15,0.3,0.55,0.2,0.3,0.5,0.4,0.6
FS00423,Full_Stack_Developer,Full Stack Developer,F,26-30,2,BSc,8.6,0.4099,0.6776,0.8648,0.712,0.5239,1.0,0.5724,0.6934,0.751,0.728,1,2,0.15,0.3,0.55,0.2,0.3,0.5,0.4,0.6
FS00424,Full_Stack_Developer,Full Stack Developer,M,22-25,2,BSc,6.3,0.6438,0.8516,0.6058,0.8156,0.6175,1.0,0.7764,0.8197,0.7598,0.7838,1,3,0.15,0.3,0.55,0.2,0.3,0.5,0.4,0.6
FS00425,Full_Stack_Developer,Full Stack Developer,M,26-30,2,BSc,0.0,0.6167,0.6195,0.6583,0.4936,0.6067,0.0,0.5678,0.4033,0.5682,0.5022,0,1,0.15,0.3,0.55,0.2,0.3,0.5,0.4,0.6
FS00426,Full_Stack_Developer,Full Stack Developer,M,26-30,3,MSc,3.3,0.4481,0.6297,0.3869,0.8929,0.6592,1.0,0.6979,0.7827,0.6884,0.7261,1,2,0.15,0.3,0.55,0.2,0.3,0.5,0.4,0.6
FS00427,Full_Stack_Developer,Full Stack Developer,M,36-40,2,BSc,5.4,0.6259,0.7591,0.9199,0.7589,0.6103,1.0,0.8264,0.846,0.8072,0.8227,1,3,0.15,0.3,0.55,0.2,0.3,0.5,0.4,0.6
FS00428,Full_Stack_Developer,Full Stack Developer,F,26-30,2,BSc,1.8,0.5106,0.5172,0.8172,0.8055,0.5643,0.6,0.5062,0.543,0.7514,0.668,1,1,0.15,0.3,0.55,0.2,0.3,0.5,0.4,0.6
FS00429,Full_Stack_Developer,Full Stack Developer,M,31-35,2,BSc,0.5,0.6132,0.4632,0.6894,0.7523,0.6053,0.1667,0.4917,0.4113,0.6756,0.5699,0,1,0.15,0.3,0.55,0.2,0.3,0.5,0.4,0.6
FS00430,Full_Stack_Developer,Full Stack Developer,F,36-40,1,Diploma,8.1,0.3629,0.8162,0.6798,1.0,0.3852,1.0,0.8451,0.8226,0.8672,0.8494,0,3,0.15,0.3,0.55,0.2,0.3,0.5,0.4,0.6
FS00431,Full_Stack_Developer,Full Stack Developer,F,22-25,2,BSc,2.9,0.6631,0.6062,0.6046,0.827,0.6252,0.9667,0.5691,0.6968,0.7161,0.7084,1,2,0.15,0.3,0.55,0.2,0.3,0.5,0.4,0.6
FS00432,Full_Stack_Developer,Full Stack Developer,F,22-25,3,MSc,1.9,0.7815,0.5985,0.5612,0.6508,0.7926,0.6333,0.4801,0.5729,0.6135,0.5973,1,1,0.15,0.3,0.55,0.2,0.3,0.5,0.4,0.6
FS00433,Full_Stack_Developer,Full Stack Developer,F,26-30,3,MSc,5.0,0.7776,0.7455,0.7323,0.6673,0.791,1.0,0.6926,0.7996,0.7024,0.7413,1,2,0.15,0.3,0.55,0.2,0.3,0.5,0.4,0.6
FS00434,Full_Stack_Developer,Full Stack Developer,F,26-30,2,BSc,0.0,0.6066,0.6159,0.5027,0.784,0.6026,0.0,0.7957,0.528,0.666,0.6108,0,2,0.15,0.3,0.55,0.2,0.3,0.5,0.4,0.6
FS00435,Full_Stack_Developer,Full Stack Developer,M,22-25,2,BSc,3.7,0.6106,0.6436,0.5071,0.6198,0.6042,1.0,0.803,0.8323,0.5907,0.6873,1,2,0.15,0.3,0.55,0.2,0.3,0.5,0.4,0.6
FS00436,Full_Stack_Developer,Full Stack Developer,M,26-30,2,BSc,1.9,0.444,0.6844,0.6951,0.6206,0.5376,0.6333,0.637,0.621,0.6557,0.6418,1,2,0.15,0.3,0.55,0.2,0.3,0.5,0.4,0.6
FS00437,Full_Stack_Developer,Full Stack Developer,F,31-35,2,BSc,4.2,0.6198,0.7497,0.8854,0.6907,0.6079,1.0,0.5159,0.6749,0.7609,0.7265,1,1,0.15,0.3,0.55,0.2,0.3,0.5,0.4,0.6
FS00438,Full_Stack_Developer,Full Stack Developer,M,22-25,2,BSc,4.2,0.6437,0.5848,0.7849,0.8557,0.6175,1.0,0.7951,0.8299,0.7803,0.8001,1,3,0.15,0.3,0.55,0.2,0.3,0.5,0.4,0.6
FS00439,Full_Stack_Developer,Full Stack Developer,F,26-30,3,MSc,4.3,0.5289,0.8486,0.7648,0.7423,0.6916,1.0,0.7915,0.839,0.7703,0.7978,1,3,0.15,0.3,0.55,0.2,0.3,0.5,0.4,0.6
FS00440,Full_Stack_Developer,Full Stack Developer,M,22-25,3,MSc,5.9,0.6183,0.6329,0.6987,0.9206,0.7273,1.0,0.5877,0.7323,0.7965,0.7708,1,2,0.15,0.3,0.55,0.2,0.3,0.5,0.4,0.6
FS00441,Full_Stack_Developer,Full Stack Developer,M,31-35,2,BSc,1.8,0.9213,0.7046,0.5312,0.7192,0.7285,0.6,0.6495,0.6465,0.6599,0.6545,1,2,0.15,0.3,0.55,0.2,0.3,0.5,0.4,0.6
FS00442,Full_Stack_Developer,Full Stack Developer,F,31-35,2,BSc,5.2,0.5559,0.6863,0.7779,0.7111,0.5824,1.0,0.6034,0.7192,0.7262,0.7234,1,2,0.15,0.3,0.55,0.2,0.3,0.5,0.4,0.6
FS00443,Full_Stack_Developer,Full Stack Developer,M,40+,2,BSc,0.7,0.7111,0.6095,0.4695,0.6309,0.6444,0.2333,0.7016,0.5525,0.5782,0.5679,0,2,0.15,0.3,0.55,0.2,0.3,0.5,0.4,0.6
FS00444,Full_Stack_Developer,Full Stack Developer,M,26-30,4,PhD,0.6,0.4758,0.5125,0.707,0.6624,0.7903,0.2,0.6857,0.5557,0.6458,0.6098,0,2,0.15,0.3,0.55,0.2,0.3,0.5,0.4,0.6
FS00445,Full_Stack_Developer,Full Stack Developer,M,26-30,2,BSc,3.9,0.5214,0.7845,0.7643,0.6152,0.5685,1.0,0.4596,0.638,0.6938,0.6715,1,1,0.15,0.3,0.55,0.2,0.3,0.5,0.4,0.6
FS00446,Full_Stack_Developer,Full Stack Developer,M,36-40,2,BSc,1.1,0.2757,0.5971,0.3566,0.6954,0.4703,0.3667,0.693,0.5617,0.5741,0.5691,0,3,0.15,0.3,0.55,0.2,0.3,0.5,0.4,0.6
FS00447,Full_Stack_Developer,Full Stack Developer,F,40+,2,BSc,3.0,0.6868,0.5688,0.6335,0.7327,0.6347,1.0,0.4589,0.6476,0.6701,0.6611,1,1,0.15,0.3,0.55,0.2,0.3,0.5,0.4,0.6
FS00448,Full_Stack_Developer,Full Stack Developer,M,22-25,1,Diploma,4.1,0.5935,0.5782,0.3495,0.6937,0.4774,1.0,0.4946,0.6436,0.5673,0.5978,0,1,0.15,0.3,0.55,0.2,0.3,0.5,0.4,0.6
FS00449,Full_Stack_Developer,Full Stack Developer,M,31-35,3,MSc,3.3,0.5665,0.7857,0.8511,0.6279,0.7066,1.0,0.6011,0.7366,0.7264,0.7305,1,3,0.15,0.3,0.55,0.2,0.3,0.5,0.4,0.6
FS00450,Full_Stack_Developer,Full Stack Developer,M,36-40,3,MSc,4.1,0.6269,0.7123,0.5776,0.8712,0.7308,1.0,0.7246,0.8082,0.7513,0.7741,1,3,0.15,0.3,0.55,0.2,0.3,0.5,0.4,0.6
FS00451,Full_Stack_Developer,Full Stack Developer,M,40+,3,MSc,4.1,0.5512,0.5989,0.5535,0.8311,0.7005,1.0,0.5155,0.6886,0.7014,0.6963,1,1,0.15,0.3,0.55,0.2,0.3,0.5,0.4,0.6
FS00452,Full_Stack_Developer,Full Stack Developer,F,22-25,2,BSc,1.9,0.4936,0.6372,0.3132,0.439,0.5575,0.6333,0.3935,0.49,0.4409,0.4605,0,1,0.15,0.3,0.55,0.2,0.3,0.5,0.4,0.6
FS00453,Full_Stack_Developer,Full Stack Developer,F,36-40,2,BSc,2.1,0.5563,0.5111,0.4521,0.5679,0.5825,0.7,0.4832,0.5632,0.5218,0.5384,1,1,0.15,0.3,0.55,0.2,0.3,0.5,0.4,0.6
FS00454,Full_Stack_Developer,Full Stack Developer,F,22-25,2,BSc,3.9,0.7825,0.6457,0.6992,0.7157,0.673,1.0,0.7163,0.7949,0.6967,0.736,1,2,0.15,0.3,0.55,0.2,0.3,0.5,0.4,0.6
FS00455,Full_Stack_Developer,Full Stack Developer,M,26-30,3,MSc,2.2,0.5053,0.5134,0.6942,0.3738,0.6821,0.7333,0.5457,0.6225,0.4979,0.5477,1,1,0.15,0.3,0.55,0.2,0.3,0.5,0.4,0.6
FS00456,Full_Stack_Developer,Full Stack Developer,M,31-35,2,BSc,3.6,0.3244,0.7687,0.5429,0.7956,0.4898,1.0,0.7186,0.7687,0.7144,0.7361,1,3,0.15,0.3,0.55,0.2,0.3,0.5,0.4,0.6
FS00457,Full_Stack_Developer,Full Stack Developer,M,22-25,2,BSc,2.5,0.5868,0.6938,0.6717,0.6614,0.5947,0.8333,0.6019,0.6702,0.671,0.6707,1,2,0.15,0.3,0.55,0.2,0.3,0.5,0.4,0.6
FS00458,Full_Stack_Developer,Full Stack Developer,M,31-35,2,BSc,3.4,0.6256,0.7558,0.4709,0.7477,0.6102,1.0,0.5556,0.6971,0.6663,0.6786,1,2,0.15,0.3,0.55,0.2,0.3,0.5,0.4,0.6
FS00459,Full_Stack_Developer,Full Stack Developer,M,36-40,3,MSc,4.1,0.7507,0.546,0.4541,0.8754,0.7803,1.0,0.5361,0.7119,0.6831,0.6946,1,1,0.15,0.3,0.55,0.2,0.3,0.5,0.4,0.6
FS00460,Full_Stack_Developer,Full Stack Developer,M,26-30,3,MSc,1.6,0.5866,0.5937,0.6909,0.4776,0.7146,0.5333,0.5623,0.5764,0.5648,0.5694,1,2,0.15,0.3,0.55,0.2,0.3,0.5,0.4,0.6
FS00461,Full_Stack_Developer,Full Stack Developer,F,31-35,2,BSc,2.5,0.6747,0.6937,0.6173,0.8423,0.6299,0.8333,0.7872,0.7774,0.7451,0.758,1,3,0.15,0.3,0.55,0.2,0.3,0.5,0.4,0.6
FS00462,Full_Stack_Developer,Full Stack Developer,F,22-25,2,BSc,2.8,0.5788,0.6681,0.4839,0.6137,0.5915,0.9333,0.4565,0.6198,0.5856,0.5993,1,0,0.15,0.3,0.55,0.2,0.3,0.5,0.4,0.6
FS00463,Full_Stack_Developer,Full Stack Developer,M,26-30,2,BSc,1.4,0.5936,0.6465,0.6738,0.5655,0.5975,0.4667,0.6528,0.5886,0.6142,0.604,0,2,0.15,0.3,0.55,0.2,0.3,0.5,0.4,0.6
FS00464,Full_Stack_Developer,Full Stack Developer,M,36-40,2,BSc,0.7,0.6221,0.4594,0.4331,0.7448,0.6088,0.2333,0.4503,0.409,0.5942,0.5201,0,1,0.15,0.3,0.55,0.2,0.3,0.5,0.4,0.6
FS00465,Full_Stack_Developer,Full Stack Developer,F,31-35,2,BSc,3.0,0.3662,0.6039,0.6312,0.8293,0.5065,1.0,0.7173,0.7705,0.7248,0.7431,1,3,0.15,0.3,0.55,0.2,0.3,0.5,0.4,0.6
FS00466,Full_Stack_Developer,Full Stack Developer,M,40+,2,BSc,0.0,0.5773,0.7325,0.627,0.693,0.5909,0.0,0.5852,0.4105,0.6811,0.5729,0,1,0.15,0.3,0.55,0.2,0.3,0.5,0.4,0.6
FS00467,Full_Stack_Developer,Full Stack Developer,M,26-30,3,MSc,5.9,0.5523,0.7755,0.8144,0.8907,0.7009,1.0,0.7412,0.8128,0.8448,0.832,1,3,0.15,0.3,0.55,0.2,0.3,0.5,0.4,0.6
FS00468,Full_Stack_Developer,Full Stack Developer,F,26-30,1,Diploma,6.8,0.438,0.6743,0.9333,0.6659,0.4152,1.0,0.8618,0.8363,0.7478,0.7832,0,2,0.15,0.3,0.55,0.2,0.3,0.5,0.4,0.6
FS00469,Full_Stack_Developer,Full Stack Developer,M,31-35,2,BSc,2.2,0.4697,0.8179,0.4908,0.3344,0.5479,0.7333,0.598,0.6311,0.478,0.5392,1,0,0.15,0.3,0.55,0.2,0.3,0.5,0.4,0.6
FS00470,Full_Stack_Developer,Full Stack Developer,F,26-30,3,MSc,2.8,0.4044,0.6509,0.7342,0.7642,0.6418,0.9333,0.6285,0.7219,0.7326,0.7283,1,2,0.15,0.3,0.55,0.2,0.3,0.5,0.4,0.6
FS00471,Full_Stack_Developer,Full Stack Developer,M,22-25,3,MSc,6.5,0.7222,0.7356,0.6007,0.7752,0.7689,1.0,0.5107,0.6962,0.715,0.7075,1,1,0.15,0.3,0.55,0.2,0.3,0.5,0.4,0.6
FS00472,Full_Stack_Developer,Full Stack Developer,F,22-25,2,BSc,4.3,0.7722,0.4077,0.5903,0.8319,0.6689,1.0,0.5824,0.7206,0.6746,0.693,1,2,0.15,0.3,0.55,0.2,0.3,0.5,0.4,0.6
FS00473,Full_Stack_Developer,Full Stack Developer,F,22-25,3,MSc,2.8,0.6803,0.6253,0.6249,0.9068,0.7521,0.9333,0.515,0.6761,0.7659,0.73,1,1,0.15,0.3,0.55,0.2,0.3,0.5,0.4,0.6
FS00474,Full_Stack_Developer,Full Stack Developer,F,22-25,2,BSc,3.3,0.5665,0.721,0.5815,0.9958,0.5866,1.0,0.768,0.8104,0.8165,0.8141,1,3,0.15,0.3,0.55,0.2,0.3,0.5,0.4,0.6
FS00475,Full_Stack_Developer,Full Stack Developer,F,31-35,3,MSc,0.1,0.6571,0.5941,0.8378,0.7849,0.7428,0.0333,0.562,0.4305,0.7626,0.6298,0,2,0.15,0.3,0.55,0.2,0.3,0.5,0.4,0.6
FS00476,Full_Stack_Developer,Full Stack Developer,F,22-25,2,BSc,4.2,0.6121,0.6996,0.7298,0.9349,0.6049,1.0,0.6947,0.7728,0.8263,0.8049,1,2,0.15,0.3,0.55,0.2,0.3,0.5,0.4,0.6
FS00477,Full_Stack_Developer,Full Stack Developer,M,31-35,2,BSc,3.0,0.9502,0.6219,0.3847,0.6312,0.7401,1.0,0.381,0.6206,0.5554,0.5815,0,1,0.15,0.3,0.55,0.2,0.3,0.5,0.4,0.6
FS00478,Full_Stack_Developer,Full Stack Developer,F,22-25,2,BSc,7.3,0.4916,0.5783,0.4504,0.8555,0.5566,1.0,0.5113,0.6647,0.6785,0.673,1,1,0.15,0.3,0.55,0.2,0.3,0.5,0.4,0.6
FS00479,Full_Stack_Developer,Full Stack Developer,F,36-40,2,BSc,5.9,0.4798,0.6221,0.7755,0.7509,0.5519,1.0,0.6824,0.7581,0.7325,0.7427,1,2,0.15,0.3,0.55,0.2,0.3,0.5,0.4,0.6
FS00480,Full_Stack_Developer,Full Stack Developer,M,26-30,3,MSc,1.8,0.6256,0.7359,0.4363,0.763,0.7303,0.6,0.6422,0.6427,0.6596,0.6528,1,2,0.15,0.3,0.55,0.2,0.3,0.5,0.4,0.6
FS00481,Full_Stack_Developer,Full Stack Developer,M,26-30,1,Diploma,2.1,0.4846,0.6798,0.6551,0.6238,0.4338,0.7,0.763,0.6947,0.6444,0.6645,0,2,0.15,0.3,0.55,0.2,0.3,0.5,0.4,0.6
FS00482,Full_Stack_Developer,Full Stack Developer,M,22-25,1,Diploma,3.3,0.4889,0.6797,0.5434,0.6557,0.4356,1.0,0.5403,0.6625,0.6268,0.6411,0,2,0.15,0.3,0.55,0.2,0.3,0.5,0.4,0.6
FS00483,Full_Stack_Developer,Full Stack Developer,M,26-30,2,BSc,1.0,0.4429,0.5568,0.5839,0.5876,0.5372,0.3333,0.5548,0.4857,0.5803,0.5425,0,1,0.15,0.3,0.55,0.2,0.3,0.5,0.4,0.6
FS00484,Full_Stack_Developer,Full Stack Developer,F,40+,3,MSc,6.7,0.7423,0.6068,0.6282,0.4909,0.7769,1.0,0.8415,0.8793,0.5553,0.6849,1,1,0.15,0.3,0.55,0.2,0.3,0.5,0.4,0.6
FS00485,Full_Stack_Developer,Full Stack Developer,F,26-30,2,BSc,5.2,0.5957,0.9274,0.6239,0.6377,0.5983,1.0,0.7832,0.8205,0.6915,0.7431,1,2,0.15,0.3,0.55,0.2,0.3,0.5,0.4,0.6
FS00486,Full_Stack_Developer,Full Stack Developer,F,26-30,2,BSc,3.3,0.6551,0.6538,0.6622,0.7041,0.622,1.0,0.5454,0.6933,0.6815,0.6862,1,2,0.15,0.3,0.55,0.2,0.3,0.5,0.4,0.6
FS00487,Full_Stack_Developer,Full Stack Developer,M,22-25,2,BSc,2.5,0.7997,0.7533,0.6504,0.8018,0.6799,0.8333,0.6575,0.7136,0.7467,0.7335,1,2,0.15,0.3,0.55,0.2,0.3,0.5,0.4,0.6
FS00488,Full_Stack_Developer,Full Stack Developer,M,26-30,2,BSc,3.9,0.6416,0.7284,0.6773,0.5872,0.6166,1.0,0.5033,0.6693,0.6425,0.6532,1,1,0.15,0.3,0.55,0.2,0.3,0.5,0.4,0.6
FS00489,Full_Stack_Developer,Full Stack Developer,M,22-25,2,BSc,3.3,0.5656,0.6095,0.5575,0.6151,0.5862,1.0,0.4932,0.6592,0.5967,0.6217,1,1,0.15,0.3,0.55,0.2,0.3,0.5,0.4,0.6
FS00490,Full_Stack_Developer,Full Stack Developer,F,26-30,2,BSc,6.1,0.5686,0.7179,0.8761,0.7707,0.5874,1.0,0.7932,0.8243,0.7918,0.8048,1,3,0.15,0.3,0.55,0.2,0.3,0.5,0.4,0.6
FS00491,Full_Stack_Developer,Full Stack Developer,M,36-40,3,MSc,3.8,0.6884,0.7027,0.5653,0.6061,0.7554,1.0,0.747,0.8242,0.6132,0.6976,1,2,0.15,0.3,0.55,0.2,0.3,0.5,0.4,0.6
FS00492,Full_Stack_Developer,Full Stack Developer,F,31-35,3,MSc,4.7,0.5474,0.7079,0.4967,0.6628,0.699,1.0,0.6821,0.78,0.622,0.6852,1,2,0.15,0.3,0.55,0.2,0.3,0.5,0.4,0.6
FS00493,Full_Stack_Developer,Full Stack Developer,M,40+,2,BSc,5.9,0.531,0.6971,0.6591,0.6805,0.5724,1.0,0.8126,0.8328,0.6774,0.7396,1,2,0.15,0.3,0.55,0.2,0.3,0.5,0.4,0.6
FS00494,Full_Stack_Developer,Full Stack Developer,F,26-30,2,BSc,6.8,0.5478,0.4855,0.6674,0.6638,0.5791,1.0,0.6749,0.758,0.6292,0.6807,1,2,0.15,0.3,0.55,0.2,0.3,0.5,0.4,0.6
FS00495,Full_Stack_Developer,Full Stack Developer,M,22-25,2,BSc,6.9,0.74,0.6768,0.8063,0.5357,0.656,1.0,0.9097,0.8987,0.6451,0.7465,1,2,0.15,0.3,0.55,0.2,0.3,0.5,0.4,0.6
FS00496,Full_Stack_Developer,Full Stack Developer,M,31-35,2,BSc,3.3,0.5456,0.694,0.7368,0.7055,0.5783,1.0,0.6273,0.7318,0.7126,0.7203,1,2,0.15,0.3,0.55,0.2,0.3,0.5,0.4,0.6
FS00497,Full_Stack_Developer,Full Stack Developer,F,26-30,3,MSc,3.2,0.7847,0.56,0.4679,0.6308,0.7939,1.0,0.3851,0.6309,0.5678,0.593,0,2,0.15,0.3,0.55,0.2,0.3,0.5,0.4,0.6
FS00498,Full_Stack_Developer,Full Stack Developer,M,26-30,3,MSc,4.6,0.5632,0.6898,0.6581,0.8036,0.7053,1.0,0.618,0.7457,0.7372,0.7406,1,3,0.15,0.3,0.55,0.2,0.3,0.5,0.4,0.6
FS00499,Full_Stack_Developer,Full Stack Developer,M,26-30,3,MSc,1.6,0.5455,0.6005,0.5625,0.8605,0.6982,0.5333,0.5888,0.5886,0.7191,0.6669,1,2,0.15,0.3,0.55,0.2,0.3,0.5,0.4,0.6
FS00500,Full_Stack_Developer,Full Stack Developer,M,22-25,2,BSc,3.1,0.6688,0.6914,0.8434,0.6564,0.6275,1.0,0.6289,0.74,0.7195,0.7277,1,3,0.15,0.3,0.55,0.2,0.3,0.5,0.4,0.6
FS00501,Full_Stack_Developer,Full Stack Developer,F,22-25,2,BSc,1.6,0.7375,0.5377,0.4237,0.9057,0.655,0.5333,0.5883,0.5818,0.6875,0.6452,1,2,0.15,0.3,0.55,0.2,0.3,0.5,0.4,0.6
FS00502,Full_Stack_Developer,Full Stack Developer,M,31-35,1,Diploma,4.3,0.6069,0.437,0.4065,0.6994,0.4828,1.0,0.7721,0.7971,0.559,0.6542,0,2,0.15,0.3,0.55,0.2,0.3,0.5,0.4,0.6
FS00503,Full_Stack_Developer,Full Stack Developer,F,36-40,2,BSc,4.9,0.6256,0.7283,0.4681,0.7055,0.6102,1.0,0.6673,0.7585,0.6388,0.6867,1,2,0.15,0.3,0.55,0.2,0.3,0.5,0.4,0.6
FS00504,Full_Stack_Developer,Full Stack Developer,F,22-25,2,BSc,1.5,0.4642,0.5927,0.6442,0.2883,0.5457,0.5,0.6113,0.5681,0.4559,0.5008,0,0,0.15,0.3,0.55,0.2,0.3,0.5,0.4,0.6
FS00505,Full_Stack_Developer,Full Stack Developer,M,26-30,2,BSc,3.2,0.6602,0.7067,0.619,0.74,0.6241,1.0,0.7336,0.7971,0.697,0.737,1,2,0.15,0.3,0.55,0.2,0.3,0.5,0.4,0.6
FS00506,Full_Stack_Developer,Full Stack Developer,M,26-30,2,BSc,4.1,0.3475,0.6654,0.5732,0.7916,0.499,1.0,0.363,0.5745,0.7008,0.6503,0,1,0.15,0.3,0.55,0.2,0.3,0.5,0.4,0.6
FS00507,Full_Stack_Developer,Full Stack Developer,F,22-25,2,BSc,3.8,0.8705,0.6505,0.6415,0.624,0.7082,1.0,0.7984,0.8453,0.6345,0.7188,1,2,0.15,0.3,0.55,0.2,0.3,0.5,0.4,0.6
FS00508,Full_Stack_Developer,Full Stack Developer,M,26-30,3,MSc,6.4,0.619,0.7385,0.5963,0.8383,0.7276,1.0,0.511,0.6902,0.7458,0.7236,1,1,0.15,0.3,0.55,0.2,0.3,0.5,0.4,0.6
FS00509,Full_Stack_Developer,Full Stack Developer,M,26-30,2,BSc,0.0,0.6828,0.6921,0.6683,0.6404,0.6331,0.0,0.5766,0.4121,0.6591,0.5603,0,2,0.15,0.3,0.55,0.2,0.3,0.5,0.4,0.6
FS00510,Full_Stack_Developer,Full Stack Developer,F,31-35,2,BSc,3.3,0.4757,0.6694,0.7564,0.7075,0.5503,1.0,0.7537,0.7971,0.7146,0.7476,1,2,0.15,0.3,0.55,0.2,0.3,0.5,0.4,0.6
FS00511,Full_Stack_Developer,Full Stack Developer,F,26-30,2,BSc,7.4,0.638,0.6306,0.5897,0.703,0.6152,1.0,0.8287,0.8481,0.6545,0.7319,1,2,0.15,0.3,0.55,0.2,0.3,0.5,0.4,0.6
FS00512,Full_Stack_Developer,Full Stack Developer,M,26-30,2,BSc,2.3,0.4647,0.6901,0.8526,0.4791,0.5459,0.7667,0.6058,0.6451,0.6333,0.638,1,1,0.15,0.3,0.55,0.2,0.3,0.5,0.4,0.6
FS00513,Full_Stack_Developer,Full Stack Developer,F,22-25,2,BSc,5.0,0.8141,0.6208,0.7058,0.6808,0.6856,1.0,0.6995,0.7875,0.6763,0.7208,1,2,0.15,0.3,0.55,0.2,0.3,0.5,0.4,0.6
FS00514,Full_Stack_Developer,Full Stack Developer,F,22-25,3,MSc,0.5,0.6008,0.5709,0.4771,0.7105,0.7203,0.1667,0.7588,0.5754,0.6126,0.5977,0,2,0.15,0.3,0.55,0.2,0.3,0.5,0.4,0.6
FS00515,Full_Stack_Developer,Full Stack Developer,M,22-25,2,BSc,6.8,0.4994,0.5381,0.7457,0.7771,0.5598,1.0,0.6338,0.7325,0.7199,0.7249,1,2,0.15,0.3,0.55,0.2,0.3,0.5,0.4,0.6
FS00516,Full_Stack_Developer,Full Stack Developer,F,31-35,2,BSc,3.1,0.535,0.488,0.687,0.7529,0.574,1.0,0.6353,0.7355,0.6802,0.7023,1,3,0.15,0.3,0.55,0.2,0.3,0.5,0.4,0.6
FS00517,Full_Stack_Developer,Full Stack Developer,F,26-30,2,BSc,2.7,0.5763,0.505,0.6827,0.7225,0.5905,0.9,0.4155,0.5871,0.6671,0.6351,1,1,0.15,0.3,0.55,0.2,0.3,0.5,0.4,0.6
FS00518,Full_Stack_Developer,Full Stack Developer,M,31-35,2,BSc,6.9,0.5437,0.593,0.8464,0.8633,0.5775,1.0,0.7878,0.8199,0.8041,0.8104,1,3,0.15,0.3,0.55,0.2,0.3,0.5,0.4,0.6
FS00519,Full_Stack_Developer,Full Stack Developer,M,31-35,2,BSc,3.1,0.3526,0.5116,0.6755,0.8586,0.501,1.0,0.7333,0.7785,0.7343,0.752,1,3,0.15,0.3,0.55,0.2,0.3,0.5,0.4,0.6
FS00520,Full_Stack_Developer,Full Stack Developer,F,26-30,1,Diploma,3.4,0.3485,0.5381,0.3486,0.6586,0.3794,1.0,0.4872,0.6248,0.5415,0.5748,0,1,0.15,0.3,0.55,0.2,0.3,0.5,0.4,0.6
FS00521,Full_Stack_Developer,Full Stack Developer,M,26-30,2,BSc,2.3,0.6445,0.7378,0.5763,0.7401,0.6178,0.7667,0.6919,0.7032,0.6905,0.6956,1,3,0.15,0.3,0.55,0.2,0.3,0.5,0.4,0.6
FS00522,Full_Stack_Developer,Full Stack Developer,F,36-40,2,BSc,2.3,0.8937,0.6405,0.5053,0.6871,0.7175,0.7667,0.5509,0.6406,0.6232,0.6302,1,2,0.15,0.3,0.55,0.2,0.3,0.5,0.4,0.6
FS00523,Full_Stack_Developer,Full Stack Developer,M,26-30,2,BSc,4.3,0.492,0.694,0.6525,0.8538,0.5568,1.0,0.594,0.7102,0.7615,0.741,1,2,0.15,0.3,0.55,0.2,0.3,0.5,0.4,0.6
FS00524,Full_Stack_Developer,Full Stack Developer,M,22-25,2,BSc,3.8,0.6247,0.661,0.5505,0.6434,0.6099,1.0,0.564,0.7017,0.6191,0.6521,1,2,0.15,0.3,0.55,0.2,0.3,0.5,0.4,0.6
FS00525,Full_Stack_Developer,Full Stack Developer,M,26-30,3,MSc,5.7,0.6818,0.7228,0.58,0.8972,0.7527,1.0,0.6432,0.7667,0.7672,0.767,1,2,0.15,0.3,0.55,0.2,0.3,0.5,0.4,0.6
FS00526,Full_Stack_Developer,Full Stack Developer,F,26-30,4,PhD,1.7,0.525,0.8554,0.7017,0.8848,0.81,0.5667,0.8036,0.7335,0.824,0.7878,1,3,0.15,0.3,0.55,0.2,0.3,0.5,0.4,0.6
FS00527,Full_Stack_Developer,Full Stack Developer,F,22-25,2,BSc,2.4,0.59,0.6501,0.5981,0.9629,0.596,0.8,0.7458,0.7396,0.7909,0.7704,1,3,0.15,0.3,0.55,0.2,0.3,0.5,0.4,0.6
FS00528,Full_Stack_Developer,Full Stack Developer,M,26-30,2,BSc,3.9,0.6852,0.4803,0.6153,0.4461,0.6341,1.0,0.6774,0.7677,0.5037,0.6093,1,1,0.15,0.3,0.55,0.2,0.3,0.5,0.4,0.6
FS00529,Full_Stack_Developer,Full Stack Developer,M,31-35,2,BSc,1.5,0.7289,0.5865,0.517,0.64,0.6516,0.5,0.5066,0.5264,0.5924,0.566,1,0,0.15,0.3,0.55,0.2,0.3,0.5,0.4,0.6
FS00530,Full_Stack_Developer,Full Stack Developer,F,36-40,3,MSc,0.0,0.3177,0.6292,0.4904,0.7324,0.6071,0.0,0.6312,0.4382,0.6392,0.5588,0,3,0.15,0.3,0.55,0.2,0.3,0.5,0.4,0.6
FS00531,Full_Stack_Developer,Full Stack Developer,M,36-40,3,MSc,4.1,0.409,0.812,0.7288,0.4805,0.6436,1.0,0.6605,0.7598,0.6213,0.6767,1,1,0.15,0.3,0.55,0.2,0.3,0.5,0.4,0.6
FS00532,Full_Stack_Developer,Full Stack Developer,M,31-35,2,BSc,2.5,0.5303,0.7284,0.8,0.7657,0.5721,0.8333,0.756,0.7516,0.7685,0.7617,1,3,0.15,0.3,0.55,0.2,0.3,0.5,0.4,0.6
FS00533,Full_Stack_Developer,Full Stack Developer,M,26-30,2,BSc,5.0,0.7958,0.7805,0.605,0.898,0.6783,1.0,0.8549,0.8719,0.7866,0.8207,1,3,0.15,0.3,0.55,0.2,0.3,0.5,0.4,0.6
FS00534,Full_Stack_Developer,Full Stack Developer,M,22-25,2,BSc,5.2,0.6585,0.7162,0.7276,0.9331,0.6234,1.0,0.6849,0.7702,0.828,0.8049,1,2,0.15,0.3,0.55,0.2,0.3,0.5,0.4,0.6
FS00535,Full_Stack_Developer,Full Stack Developer,F,31-35,3,MSc,4.8,0.693,0.6015,0.7381,0.796,0.7572,1.0,0.8078,0.8579,0.7397,0.787,1,3,0.15,0.3,0.55,0.2,0.3,0.5,0.4,0.6
FS00536,Full_Stack_Developer,Full Stack Developer,M,26-30,2,BSc,1.8,0.6775,0.4925,0.639,0.5873,0.631,0.6,0.5999,0.6046,0.5839,0.5922,1,2,0.15,0.3,0.55,0.2,0.3,0.5,0.4,0.6
FS00537,Full_Stack_Developer,Full Stack Developer,M,36-40,2,BSc,1.0,0.6946,0.5771,0.759,0.7289,0.6378,0.3333,0.6446,0.5502,0.7076,0.6446,0,1,0.15,0.3,0.55,0.2,0.3,0.5,0.4,0.6
FS00538,Full_Stack_Developer,Full Stack Developer,M,26-30,2,BSc,1.6,0.4106,0.6363,0.5051,0.6465,0.5243,0.5333,0.41,0.4641,0.602,0.5468,1,1,0.15,0.3,0.55,0.2,0.3,0.5,0.4,0.6
FS00539,Full_Stack_Developer,Full Stack Developer,F,22-25,2,BSc,3.4,0.6685,0.7063,0.5283,0.639,0.6274,1.0,0.6541,0.7539,0.6193,0.6731,1,2,0.15,0.3,0.55,0.2,0.3,0.5,0.4,0.6
FS00540,Full_Stack_Developer,Full Stack Developer,M,22-25,2,BSc,3.1,0.4722,0.6804,0.6539,0.5686,0.5489,1.0,0.5799,0.7013,0.6166,0.6505,1,2,0.15,0.3,0.55,0.2,0.3,0.5,0.4,0.6
FS00541,Full_Stack_Developer,Full Stack Developer,M,22-25,2,BSc,6.2,0.4234,0.7921,0.9036,1.0,0.5294,1.0,0.9287,0.8902,0.9295,0.9138,1,3,0.15,0.3,0.55,0.2,0.3,0.5,0.4,0.6
FS00542,Full_Stack_Developer,Full Stack Developer,M,22-25,2,BSc,3.8,0.7323,0.5954,0.7517,0.6579,0.6529,1.0,0.7041,0.7852,0.6736,0.7182,1,2,0.15,0.3,0.55,0.2,0.3,0.5,0.4,0.6
FS00543,Full_Stack_Developer,Full Stack Developer,M,31-35,3,MSc,6.5,0.4387,0.4609,0.8022,0.6544,0.6555,1.0,0.5273,0.6884,0.6601,0.6714,1,1,0.15,0.3,0.55,0.2,0.3,0.5,0.4,0.6
FS00544,Full_Stack_Developer,Full Stack Developer,F,40+,2,BSc,4.2,0.6818,0.6582,0.703,0.6992,0.6327,1.0,0.6399,0.7469,0.6922,0.7141,1,2,0.15,0.3,0.55,0.2,0.3,0.5,0.4,0.6
FS00545,Full_Stack_Developer,Full Stack Developer,F,31-35,2,BSc,6.4,0.4003,0.6603,0.8121,0.6492,0.5201,1.0,0.7294,0.7792,0.7003,0.7319,1,2,0.15,0.3,0.55,0.2,0.3,0.5,0.4,0.6
FS00546,Full_Stack_Developer,Full Stack Developer,M,26-30,2,BSc,5.1,0.5201,0.5808,0.8852,0.7937,0.568,1.0,0.7723,0.81,0.7786,0.7912,1,3,0.15,0.3,0.55,0.2,0.3,0.5,0.4,0.6
FS00547,Full_Stack_Developer,Full Stack Developer,M,40+,4,PhD,2.5,0.5411,0.6669,0.566,0.8676,0.8164,0.8333,0.6558,0.7332,0.737,0.7355,1,2,0.15,0.3,0.55,0.2,0.3,0.5,0.4,0.6
FS00548,Full_Stack_Developer,Full Stack Developer,M,26-30,4,PhD,1.1,0.9149,0.7814,0.5962,0.5369,0.966,0.3667,0.594,0.5816,0.6036,0.5948,0,1,0.15,0.3,0.55,0.2,0.3,0.5,0.4,0.6
FS00549,Full_Stack_Developer,Full Stack Developer,F,26-30,3,MSc,7.1,0.5655,0.7468,0.8865,0.6297,0.7062,1.0,0.6537,0.7654,0.7301,0.7442,1,2,0.15,0.3,0.55,0.2,0.3,0.5,0.4,0.6
FS00550,Full_Stack_Developer,Full Stack Developer,M,26-30,2,BSc,3.5,0.6221,0.7825,0.6787,0.8726,0.6089,1.0,0.6047,0.7239,0.7964,0.7674,1,2,0.15,0.3,0.55,0.2,0.3,0.5,0.4,0.6
FS00551,Full_Stack_Developer,Full Stack Developer,F,26-30,2,BSc,1.2,0.8564,0.5562,0.443,0.7676,0.7026,0.4,0.504,0.5026,0.6279,0.5778,0,1,0.15,0.3,0.55,0.2,0.3,0.5,0.4,0.6
FS00552,Full_Stack_Developer,Full Stack Developer,M,22-25,3,MSc,6.4,0.5583,0.6866,0.8684,0.4515,0.7033,1.0,0.7387,0.8118,0.6236,0.6989,1,1,0.15,0.3,0.55,0.2,0.3,0.5,0.4,0.6
FS00553,Full_Stack_Developer,Full Stack Developer,M,26-30,3,MSc,6.8,0.5724,0.6849,0.6,0.9095,0.709,1.0,0.8206,0.8577,0.7717,0.8061,1,3,0.15,0.3,0.55,0.2,0.3,0.5,0.4,0.6
FS00554,Full_Stack_Developer,Full Stack Developer,M,31-35,3,MSc,0.4,0.5545,0.7773,0.4918,0.2808,0.7018,0.1333,0.6584,0.5074,0.4434,0.469,0,0,0.15,0.3,0.55,0.2,0.3,0.5,0.4,0.6
FS00555,Full_Stack_Developer,Full Stack Developer,M,31-35,2,BSc,3.5,0.6249,0.7037,0.9403,0.7684,0.61,1.0,0.9703,0.9251,0.807,0.8542,1,3,0.15,0.3,0.55,0.2,0.3,0.5,0.4,0.6
FS00556,Full_Stack_Developer,Full Stack Developer,F,26-30,2,BSc,0.3,0.5679,0.6979,0.5446,0.6919,0.5872,0.1,0.5442,0.4174,0.6489,0.5563,0,2,0.15,0.3,0.55,0.2,0.3,0.5,0.4,0.6
FS00557,Full_Stack_Developer,Full Stack Developer,F,26-30,2,BSc,1.9,0.5653,0.8317,0.4789,0.7211,0.5861,0.6333,0.4967,0.5511,0.6706,0.6228,1,1,0.15,0.3,0.55,0.2,0.3,0.5,0.4,0.6
FS00558,Full_Stack_Developer,Full Stack Developer,M,26-30,3,MSc,2.2,0.8631,0.6631,0.6604,0.4519,0.8253,0.7333,0.5453,0.6437,0.5567,0.5915,1,1,0.15,0.3,0.55,0.2,0.3,0.5,0.4,0.6
FS00559,Full_Stack_Developer,Full Stack Developer,M,40+,2,BSc,1.0,0.7024,0.7551,0.7223,0.8797,0.641,0.3333,0.6998,0.581,0.8076,0.717,0,2,0.15,0.3,0.55,0.2,0.3,0.5,0.4,0.6
FS00560,Full_Stack_Developer,Full Stack Developer,F,22-25,2,BSc,6.4,0.5021,0.71,0.5885,0.6334,0.5608,1.0,0.5716,0.6985,0.6352,0.6605,1,2,0.15,0.3,0.55,0.2,0.3,0.5,0.4,0.6
FS00561,Full_Stack_Developer,Full Stack Developer,M,22-25,1,Diploma,1.0,0.3954,0.6301,0.5992,0.5417,0.3982,0.3333,0.5167,0.4439,0.5766,0.5235,0,1,0.15,0.3,0.55,0.2,0.3,0.5,0.4,0.6
FS00562,Full_Stack_Developer,Full Stack Developer,F,22-25,2,BSc,1.5,0.3977,0.7332,0.6729,0.664,0.5191,0.5,0.678,0.6007,0.6805,0.6486,1,2,0.15,0.3,0.55,0.2,0.3,0.5,0.4,0.6
FS00563,Full_Stack_Developer,Full Stack Developer,M,31-35,2,BSc,4.5,0.6767,0.6343,0.6289,0.8636,0.6307,1.0,0.726,0.7939,0.7473,0.7659,1,3,0.15,0.3,0.55,0.2,0.3,0.5,0.4,0.6
FS00564,Full_Stack_Developer,Full Stack Developer,F,22-25,2,BSc,8.3,0.7658,0.7294,0.9107,0.94,0.6663,1.0,0.8207,0.8514,0.8891,0.874,1,3,0.15,0.3,0.55,0.2,0.3,0.5,0.4,0.6
FS00565,Full_Stack_Developer,Full Stack Developer,M,26-30,2,BSc,1.9,0.5997,0.8547,0.583,0.8745,0.5999,0.6333,0.6102,0.6156,0.7831,0.7161,1,2,0.15,0.3,0.55,0.2,0.3,0.5,0.4,0.6
FS00566,Full_Stack_Developer,Full Stack Developer,M,31-35,2,BSc,4.1,0.7341,0.6419,0.4639,0.7911,0.6536,1.0,0.5551,0.7033,0.6631,0.6792,1,2,0.15,0.3,0.55,0.2,0.3,0.5,0.4,0.6
FS00567,Full_Stack_Developer,Full Stack Developer,F,31-35,4,PhD,0.0,0.678,0.7303,0.7804,0.8971,0.8712,0.0,0.5735,0.4461,0.8288,0.6757,0,2,0.15,0.3,0.55,0.2,0.3,0.5,0.4,0.6
FS00568,Full_Stack_Developer,Full Stack Developer,M,26-30,3,MSc,3.0,0.573,0.7054,0.4358,0.866,0.7092,1.0,0.5998,0.7363,0.7048,0.7174,1,1,0.15,0.3,0.55,0.2,0.3,0.5,0.4,0.6
FS00569,Full_Stack_Developer,Full Stack Developer,F,22-25,2,BSc,5.1,0.4647,0.7847,0.6671,0.6354,0.5459,1.0,0.7013,0.7676,0.6748,0.7119,1,2,0.15,0.3,0.55,0.2,0.3,0.5,0.4,0.6
FS00570,Full_Stack_Developer,Full Stack Developer,M,31-35,3,MSc,3.5,0.4935,0.7234,0.3907,0.861,0.6774,1.0,0.7515,0.8149,0.6924,0.7414,1,3,0.15,0.3,0.55,0.2,0.3,0.5,0.4,0.6
FS00571,Full_Stack_Developer,Full Stack Developer,F,26-30,2,BSc,5.9,0.5953,0.7823,0.6813,0.4972,0.5981,1.0,0.6453,0.7446,0.6094,0.6635,1,1,0.15,0.3,0.55,0.2,0.3,0.5,0.4,0.6
FS00572,Full_Stack_Developer,Full Stack Developer,M,22-25,3,MSc,0.0,0.6062,0.6277,0.5264,0.6574,0.7225,0.0,0.5721,0.423,0.6122,0.5365,0,1,0.15,0.3,0.55,0.2,0.3,0.5,0.4,0.6
FS00573,Full_Stack_Developer,Full Stack Developer,M,26-30,2,BSc,3.4,0.5809,0.9235,0.6167,0.5269,0.5924,1.0,0.8939,0.8805,0.6331,0.7321,1,1,0.15,0.3,0.55,0.2,0.3,0.5,0.4,0.6
FS00574,Full_Stack_Developer,Full Stack Developer,F,26-30,2,BSc,3.0,0.3766,0.699,0.7698,0.6156,0.5106,1.0,0.5393,0.6732,0.6785,0.6764,1,1,0.15,0.3,0.55,0.2,0.3,0.5,0.4,0.6
FS00575,Full_Stack_Developer,Full Stack Developer,M,26-30,2,BSc,2.8,0.6581,0.7336,0.4935,0.83,0.6232,0.9333,0.583,0.6941,0.7098,0.7035,1,2,0.15,0.3,0.55,0.2,0.3,0.5,0.4,0.6
FS00576,Full_Stack_Developer,Full Stack Developer,F,22-25,2,BSc,1.8,0.598,0.6751,0.5977,0.7651,0.5992,0.6,0.5965,0.5979,0.6969,0.6573,1,2,0.15,0.3,0.55,0.2,0.3,0.5,0.4,0.6
FS00577,Full_Stack_Developer,Full Stack Developer,M,31-35,2,BSc,2.7,0.6203,0.8094,0.5193,0.6313,0.6081,0.9,0.6281,0.7067,0.6333,0.6627,1,2,0.15,0.3,0.55,0.2,0.3,0.5,0.4,0.6
FS00578,Full_Stack_Developer,Full Stack Developer,M,26-30,3,MSc,1.9,0.6406,0.6991,0.7655,0.7835,0.7362,0.6333,0.7243,0.6988,0.7612,0.7362,1,3,0.15,0.3,0.55,0.2,0.3,0.5,0.4,0.6
FS00579,Full_Stack_Developer,Full Stack Developer,M,26-30,2,BSc,4.1,0.655,0.5409,0.9364,0.7014,0.622,1.0,0.6557,0.7539,0.7398,0.7454,1,3,0.15,0.3,0.55,0.2,0.3,0.5,0.4,0.6
FS00580,Full_Stack_Developer,Full Stack Developer,F,26-30,2,BSc,5.2,0.7328,0.6642,0.6325,0.6597,0.6531,1.0,0.6877,0.7762,0.6524,0.7019,1,1,0.15,0.3,0.55,0.2,0.3,0.5,0.4,0.6
FS00581,Full_Stack_Developer,Full Stack Developer,M,26-30,2,BSc,0.0,0.557,0.6383,0.5264,0.7547,0.5828,0.0,0.5039,0.3646,0.6629,0.5436,0,1,0.15,0.3,0.55,0.2,0.3,0.5,0.4,0.6
FS00582,Full_Stack_Developer,Full Stack Developer,M,26-30,2,BSc,2.3,0.458,0.6512,0.4769,0.7526,0.5432,0.7667,0.4532,0.5607,0.6496,0.614,1,0,0.15,0.3,0.55,0.2,0.3,0.5,0.4,0.6
FS00583,Full_Stack_Developer,Full Stack Developer,M,22-25,2,BSc,5.9,0.6853,0.7231,0.6546,0.7074,0.6341,1.0,0.7066,0.7837,0.6947,0.7303,1,2,0.15,0.3,0.55,0.2,0.3,0.5,0.4,0.6
FS00584,Full_Stack_Developer,Full Stack Developer,F,22-25,1,Diploma,2.0,0.7953,0.6914,0.4942,0.4983,0.5581,0.6667,0.5993,0.6133,0.5357,0.5667,0,1,0.15,0.3,0.55,0.2,0.3,0.5,0.4,0.6
FS00585,Full_Stack_Developer,Full Stack Developer,M,22-25,2,BSc,3.0,0.4647,0.6378,0.6121,0.794,0.5459,1.0,0.7731,0.8071,0.7082,0.7478,1,3,0.15,0.3,0.55,0.2,0.3,0.5,0.4,0.6
FS00586,Full_Stack_Developer,Full Stack Developer,M,26-30,2,BSc,4.8,0.73,0.538,0.6894,0.6244,0.652,1.0,0.6044,0.7302,0.6266,0.668,1,1,0.15,0.3,0.55,0.2,0.3,0.5,0.4,0.6
FS00587,Full_Stack_Developer,Full Stack Developer,M,40+,3,MSc,6.2,0.3695,0.8041,0.6765,0.6698,0.6278,1.0,0.7415,0.802,0.6987,0.74,1,3,0.15,0.3,0.55,0.2,0.3,0.5,0.4,0.6
FS00588,Full_Stack_Developer,Full Stack Developer,F,31-35,2,BSc,6.8,0.6427,0.8458,0.8035,0.7657,0.6171,1.0,0.7745,0.8185,0.7931,0.8033,1,3,0.15,0.3,0.55,0.2,0.3,0.5,0.4,0.6
FS00589,Full_Stack_Developer,Full Stack Developer,F,22-25,2,BSc,2.5,0.459,0.6309,0.865,0.7984,0.5436,0.8333,0.6119,0.6681,0.7848,0.7381,1,2,0.15,0.3,0.55,0.2,0.3,0.5,0.4,0.6
FS00590,Full_Stack_Developer,Full Stack Developer,F,36-40,2,BSc,3.5,0.7722,0.5588,0.7409,0.7239,0.6689,1.0,0.7559,0.8161,0.696,0.744,1,2,0.15,0.3,0.55,0.2,0.3,0.5,0.4,0.6
FS00591,Full_Stack_Developer,Full Stack Developer,M,26-30,2,BSc,1.0,0.7102,0.6449,0.6602,0.6207,0.6441,0.3333,0.7109,0.5876,0.6374,0.6175,0,2,0.15,0.3,0.55,0.2,0.3,0.5,0.4,0.6
FS00592,Full_Stack_Developer,Full Stack Developer,M,31-35,3,MSc,4.2,0.4355,0.8014,0.6544,0.8125,0.6542,1.0,0.6645,0.7636,0.7629,0.7632,1,2,0.15,0.3,0.55,0.2,0.3,0.5,0.4,0.6
FS00593,Full_Stack_Developer,Full Stack Developer,M,26-30,3,MSc,5.1,0.5751,0.7792,0.7081,0.7146,0.71,1.0,0.6668,0.7732,0.7256,0.7446,1,2,0.15,0.3,0.55,0.2,0.3,0.5,0.4,0.6
FS00594,Full_Stack_Developer,Full Stack Developer,M,31-35,2,BSc,6.6,0.5887,0.4371,0.514,0.5852,0.5955,1.0,0.579,0.7078,0.5342,0.6036,1,2,0.15,0.3,0.55,0.2,0.3,0.5,0.4,0.6
FS00595,Full_Stack_Developer,Full Stack Developer,M,31-35,2,BSc,7.6,0.6406,0.5586,0.7389,0.8323,0.6163,1.0,0.6088,0.7273,0.7496,0.7407,1,2,0.15,0.3,0.55,0.2,0.3,0.5,0.4,0.6
FS00596,Full_Stack_Developer,Full Stack Developer,M,31-35,1,Diploma,3.9,0.9049,0.6237,0.5542,0.696,0.602,1.0,0.3581,0.5872,0.639,0.6183,0,1,0.15,0.3,0.55,0.2,0.3,0.5,0.4,0.6
FS00597,Full_Stack_Developer,Full Stack Developer,M,22-25,1,Diploma,4.1,0.8195,0.579,0.5046,0.7139,0.5678,1.0,0.4183,0.6153,0.6241,0.6206,0,1,0.15,0.3,0.55,0.2,0.3,0.5,0.4,0.6
FS00598,Full_Stack_Developer,Full Stack Developer,M,26-30,2,BSc,5.0,0.4216,0.7589,0.6267,0.7781,0.5286,1.0,0.7938,0.8159,0.7288,0.7636,1,3,0.15,0.3,0.55,0.2,0.3,0.5,0.4,0.6
FS00599,Full_Stack_Developer,Full Stack Developer,M,40+,2,BSc,2.4,0.6031,0.6981,0.6381,0.7756,0.6012,0.8,0.7105,0.7209,0.7188,0.7196,1,3,0.15,0.3,0.55,0.2,0.3,0.5,0.4,0.6
FS00600,Full_Stack_Developer,Full Stack Developer,M,40+,2,BSc,3.4,0.4971,0.4962,0.9016,0.5424,0.5588,1.0,0.6137,0.7213,0.6409,0.6731,1,1,0.15,0.3,0.55,0.2,0.3,0.5,0.4,0.6
