candidate_id,job_role,job_role_display,gender,age_group,edu_level,edu_level_name,years_experience,edu_relevance,P_mcq,P_desc,P_code,S_edu,S_exp,S_skill,S_cv,S_int,CSS,passed_hard_filter,relevance_label,w_edu,w_exp,w_skill,w_mcq,w_desc,w_code,W_CV,W_INT
SIT00001,Site_Reliability_Engineer,Site Reliability Engineer (SRE),F,31-35,2,BSc,7.3,0.641,0.8009,0.8664,1.0,0.6164,1.0,0.8494,0.8747,0.9101,0.8959,1,3,0.15,0.4,0.45,0.25,0.3,0.45,0.4,0.6
SIT00002,Site_Reliability_Engineer,Site Reliability Engineer (SRE),M,26-30,2,BSc,4.3,0.8,0.7936,0.9136,1.0,0.68,1.0,0.7213,0.8266,0.9225,0.8841,1,3,0.15,0.4,0.45,0.25,0.3,0.45,0.4,0.6
SIT00003,Site_Reliability_Engineer,Site Reliability Engineer (SRE),F,22-25,2,BSc,3.8,0.787,0.8207,0.8083,0.817,0.6748,0.95,0.796,0.8394,0.8153,0.8249,1,3,0.15,0.4,0.45,0.25,0.3,0.45,0.4,0.6
SIT00004,Site_Reliability_Engineer,Site Reliability Engineer (SRE),F,36-40,2,BSc,0.2,0.66,0.8878,0.8093,0.8614,0.624,0.05,0.7932,0.4705,0.8524,0.6996,0,0,0.15,0.4,0.45,0.25,0.3,0.45,0.4,0.6
SIT00005,Site_Reliability_Engineer,Site Reliability Engineer (SRE),F,36-40,2,BSc,9.1,0.528,0.8401,0.9442,1.0,0.5712,1.0,0.8359,0.8618,0.9433,0.9107,1,3,0.15,0.4,0.45,0.25,0.3,0.45,0.4,0.6
SIT00006,Site_Reliability_Engineer,Site Reliability Engineer (SRE),M,36-40,2,BSc,3.2,0.773,0.8171,0.7869,0.8312,0.6692,0.8,0.7372,0.7521,0.8144,0.7895,1,2,0.15,0.4,0.45,0.25,0.3,0.45,0.4,0.6
SIT00007,Site_Reliability_Engineer,Site Reliability Engineer (SRE),F,46+,2,BSc,3.6,0.694,0.7958,0.9274,0.9737,0.6376,0.9,0.8339,0.8309,0.9153,0.8815,1,3,0.15,0.4,0.45,0.25,0.3,0.45,0.4,0.6
SIT00008,Site_Reliability_Engineer,Site Reliability Engineer (SRE),M,22-25,2,BSc,7.1,0.745,0.9669,0.9786,0.835,0.658,1.0,0.9443,0.9236,0.9111,0.9161,1,3,0.15,0.4,0.45,0.25,0.3,0.45,0.4,0.6
SIT00009,Site_Reliability_Engineer,Site Reliability Engineer (SRE),M,26-30,2,BSc,4.5,0.625,1.0,0.8992,0.8163,0.61,1.0,0.7138,0.8127,0.8871,0.8573,1,3,0.15,0.4,0.45,0.25,0.3,0.45,0.4,0.6
SIT00010,Site_Reliability_Engineer,Site Reliability Engineer (SRE),M,31-35,2,BSc,5.5,0.52,0.9529,0.7473,0.9589,0.568,1.0,0.7325,0.8148,0.8939,0.8623,1,3,0.15,0.4,0.45,0.25,0.3,0.45,0.4,0.6
SIT00011,Site_Reliability_Engineer,Site Reliability Engineer (SRE),M,41-45,2,BSc,9.2,0.718,0.6253,0.8847,1.0,0.6472,1.0,0.8605,0.8843,0.8717,0.8767,1,3,0.15,0.4,0.45,0.25,0.3,0.45,0.4,0.6
SIT00012,Site_Reliability_Engineer,Site Reliability Engineer (SRE),M,46+,3,MSc,3.1,0.749,0.8483,0.8523,0.8681,0.7796,0.775,0.6923,0.7385,0.8584,0.8104,1,2,0.15,0.4,0.45,0.25,0.3,0.45,0.4,0.6
SIT00013,Site_Reliability_Engineer,Site Reliability Engineer (SRE),F,26-30,2,BSc,8.1,0.709,0.8114,0.7787,0.9789,0.6436,1.0,0.8946,0.8991,0.877,0.8858,1,3,0.15,0.4,0.45,0.25,0.3,0.45,0.4,0.6
SIT00014,Site_Reliability_Engineer,Site Reliability Engineer (SRE),M,31-35,2,BSc,2.8,0.764,0.9331,0.7898,0.8523,0.6656,0.7,0.68,0.6858,0.8538,0.7866,1,3,0.15,0.4,0.45,0.25,0.3,0.45,0.4,0.6
SIT00015,Site_Reliability_Engineer,Site Reliability Engineer (SRE),F,26-30,2,BSc,2.3,0.643,0.7475,0.8209,0.9333,0.6172,0.575,0.6894,0.6328,0.8531,0.765,1,2,0.15,0.4,0.45,0.25,0.3,0.45,0.4,0.6
SIT00016,Site_Reliability_Engineer,Site Reliability Engineer (SRE),F,26-30,2,BSc,0.0,0.55,0.9372,0.9296,1.0,0.58,0.0,0.8053,0.4494,0.9632,0.7577,0,0,0.15,0.4,0.45,0.25,0.3,0.45,0.4,0.6
SIT00017,Site_Reliability_Engineer,Site Reliability Engineer (SRE),M,26-30,2,BSc,1.0,0.622,0.894,0.8268,0.7563,0.6088,0.25,0.7376,0.5232,0.8119,0.6964,0,3,0.15,0.4,0.45,0.25,0.3,0.45,0.4,0.6
SIT00018,Site_Reliability_Engineer,Site Reliability Engineer (SRE),M,26-30,2,BSc,9.0,0.684,0.7739,0.9828,1.0,0.6336,1.0,1.0,0.945,0.9383,0.941,1,3,0.15,0.4,0.45,0.25,0.3,0.45,0.4,0.6
SIT00019,Site_Reliability_Engineer,Site Reliability Engineer (SRE),F,31-35,2,BSc,2.1,0.754,0.7753,0.7092,0.8423,0.6616,0.525,0.7167,0.6318,0.7856,0.7241,1,3,0.15,0.4,0.45,0.25,0.3,0.45,0.4,0.6
SIT00020,Site_Reliability_Engineer,Site Reliability Engineer (SRE),M,36-40,3,MSc,2.5,0.853,1.0,0.9592,1.0,0.8212,0.625,0.9748,0.8118,0.9878,0.9174,1,3,0.15,0.4,0.45,0.25,0.3,0.45,0.4,0.6
SIT00021,Site_Reliability_Engineer,Site Reliability Engineer (SRE),M,36-40,3,MSc,1.4,0.936,0.7278,0.8087,1.0,0.8544,0.35,0.8861,0.6669,0.8746,0.7915,0,3,0.15,0.4,0.45,0.25,0.3,0.45,0.4,0.6
SIT00022,Site_Reliability_Engineer,Site Reliability Engineer (SRE),M,46+,2,BSc,2.7,0.673,0.6379,0.6288,0.8324,0.6292,0.675,0.6284,0.6472,0.7227,0.6925,1,1,0.15,0.4,0.45,0.25,0.3,0.45,0.4,0.6
SIT00023,Site_Reliability_Engineer,Site Reliability Engineer (SRE),M,26-30,4,PhD,6.4,0.742,0.9498,1.0,0.9615,0.8968,1.0,0.8318,0.9088,0.9701,0.9456,1,3,0.15,0.4,0.45,0.25,0.3,0.45,0.4,0.6
SIT00024,Site_Reliability_Engineer,Site Reliability Engineer (SRE),M,26-30,3,MSc,6.8,0.727,0.9082,0.9391,1.0,0.7708,1.0,0.7762,0.8649,0.9588,0.9212,1,3,0.15,0.4,0.45,0.25,0.3,0.45,0.4,0.6
SIT00025,Site_Reliability_Engineer,Site Reliability Engineer (SRE),F,22-25,2,BSc,5.4,0.623,0.9435,0.8869,1.0,0.6092,1.0,0.8746,0.885,0.9519,0.9251,1,3,0.15,0.4,0.45,0.25,0.3,0.45,0.4,0.6
SIT00026,Site_Reliability_Engineer,Site Reliability Engineer (SRE),M,46+,2,BSc,5.0,0.694,0.9648,0.8177,1.0,0.6376,1.0,0.9022,0.9016,0.9365,0.9225,1,3,0.15,0.4,0.45,0.25,0.3,0.45,0.4,0.6
SIT00027,Site_Reliability_Engineer,Site Reliability Engineer (SRE),M,36-40,2,BSc,6.5,0.835,0.7806,1.0,0.8925,0.694,1.0,0.8366,0.8806,0.8968,0.8903,1,3,0.15,0.4,0.45,0.25,0.3,0.45,0.4,0.6
SIT00028,Site_Reliability_Engineer,Site Reliability Engineer (SRE),F,41-45,3,MSc,5.6,0.733,0.8722,0.9522,0.8375,0.7732,1.0,0.6591,0.8126,0.8806,0.8534,1,2,0.15,0.4,0.45,0.25,0.3,0.45,0.4,0.6
SIT00029,Site_Reliability_Engineer,Site Reliability Engineer (SRE),F,22-25,3,MSc,10.3,0.646,0.8283,0.8969,1.0,0.7384,1.0,0.9166,0.9232,0.9261,0.9249,1,3,0.15,0.4,0.45,0.25,0.3,0.45,0.4,0.6
SIT00030,Site_Reliability_Engineer,Site Reliability Engineer (SRE),M,22-25,3,MSc,4.8,0.705,0.7691,1.0,0.7958,0.762,1.0,0.8849,0.9125,0.8504,0.8752,1,3,0.15,0.4,0.45,0.25,0.3,0.45,0.4,0.6
SIT00031,Site_Reliability_Engineer,Site Reliability Engineer (SRE),M,22-25,2,BSc,0.2,0.679,0.8788,0.7854,0.8203,0.6316,0.05,0.6721,0.4172,0.8245,0.6616,0,0,0.15,0.4,0.45,0.25,0.3,0.45,0.4,0.6
SIT00032,Site_Reliability_Engineer,Site Reliability Engineer (SRE),F,22-25,2,BSc,9.7,0.611,0.7817,0.6775,1.0,0.6044,1.0,0.9698,0.9271,0.8487,0.8801,1,3,0.15,0.4,0.45,0.25,0.3,0.45,0.4,0.6
SIT00033,Site_Reliability_Engineer,Site Reliability Engineer (SRE),M,46+,3,MSc,2.3,0.795,0.8376,0.7855,0.9825,0.798,0.575,0.8186,0.7181,0.8872,0.8196,1,3,0.15,0.4,0.45,0.25,0.3,0.45,0.4,0.6
SIT00034,Site_Reliability_Engineer,Site Reliability Engineer (SRE),F,22-25,2,BSc,5.4,0.64,0.8697,0.7982,0.8835,0.616,1.0,0.8927,0.8941,0.8545,0.8703,1,3,0.15,0.4,0.45,0.25,0.3,0.45,0.4,0.6
SIT00035,Site_Reliability_Engineer,Site Reliability Engineer (SRE),M,22-25,2,BSc,6.8,0.623,0.8189,0.7686,0.9729,0.6092,1.0,0.7395,0.8242,0.8731,0.8535,1,3,0.15,0.4,0.45,0.25,0.3,0.45,0.4,0.6
SIT00036,Site_Reliability_Engineer,Site Reliability Engineer (SRE),F,36-40,2,BSc,4.2,0.78,0.8986,0.9467,0.7628,0.672,1.0,0.8262,0.8726,0.8519,0.8602,1,3,0.15,0.4,0.45,0.25,0.3,0.45,0.4,0.6
SIT00037,Site_Reliability_Engineer,Site Reliability Engineer (SRE),M,26-30,3,MSc,5.5,0.812,0.7019,0.8835,1.0,0.8048,1.0,0.7879,0.8753,0.8905,0.8844,1,3,0.15,0.4,0.45,0.25,0.3,0.45,0.4,0.6
SIT00038,Site_Reliability_Engineer,Site Reliability Engineer (SRE),M,31-35,3,MSc,4.8,0.706,0.6803,0.7398,1.0,0.7624,1.0,0.7858,0.868,0.842,0.8524,1,3,0.15,0.4,0.45,0.25,0.3,0.45,0.4,0.6
SIT00039,Site_Reliability_Engineer,Site Reliability Engineer (SRE),M,22-25,2,BSc,5.1,0.791,0.787,0.779,1.0,0.6764,1.0,0.7947,0.8591,0.8804,0.8719,1,3,0.15,0.4,0.45,0.25,0.3,0.45,0.4,0.6
SIT00040,Site_Reliability_Engineer,Site Reliability Engineer (SRE),M,41-45,2,BSc,4.9,0.593,0.7297,0.8666,0.9969,0.5972,1.0,0.6238,0.7703,0.891,0.8427,1,2,0.15,0.4,0.45,0.25,0.3,0.45,0.4,0.6
SIT00041,Site_Reliability_Engineer,Site Reliability Engineer (SRE),F,36-40,2,BSc,6.4,0.663,0.8456,0.8988,0.8906,0.6252,1.0,0.9469,0.9199,0.8818,0.897,1,3,0.15,0.4,0.45,0.25,0.3,0.45,0.4,0.6
SIT00042,Site_Reliability_Engineer,Site Reliability Engineer (SRE),F,36-40,2,BSc,5.2,0.754,0.7965,0.9376,1.0,0.6616,1.0,0.7873,0.8535,0.9304,0.8996,1,3,0.15,0.4,0.45,0.25,0.3,0.45,0.4,0.6
SIT00043,Site_Reliability_Engineer,Site Reliability Engineer (SRE),M,31-35,2,BSc,3.9,0.699,0.7469,0.8061,0.9805,0.6396,0.975,0.7411,0.8194,0.8698,0.8496,1,3,0.15,0.4,0.45,0.25,0.3,0.45,0.4,0.6
SIT00044,Site_Reliability_Engineer,Site Reliability Engineer (SRE),M,26-30,3,MSc,5.4,0.792,0.6078,0.8271,1.0,0.7968,1.0,0.6534,0.8135,0.8501,0.8355,1,2,0.15,0.4,0.45,0.25,0.3,0.45,0.4,0.6
SIT00045,Site_Reliability_Engineer,Site Reliability Engineer (SRE),M,26-30,3,MSc,8.1,0.762,0.9636,0.9004,1.0,0.7848,1.0,0.7131,0.8386,0.961,0.912,1,2,0.15,0.4,0.45,0.25,0.3,0.45,0.4,0.6
SIT00046,Site_Reliability_Engineer,Site Reliability Engineer (SRE),M,46+,2,BSc,8.0,0.639,0.7896,0.9268,1.0,0.6156,1.0,1.0,0.9423,0.9254,0.9322,1,3,0.15,0.4,0.45,0.25,0.3,0.45,0.4,0.6
SIT00047,Site_Reliability_Engineer,Site Reliability Engineer (SRE),F,31-35,3,MSc,4.3,0.674,0.9794,0.9697,0.8583,0.7496,1.0,0.9468,0.9385,0.922,0.9286,1,3,0.15,0.4,0.45,0.25,0.3,0.45,0.4,0.6
SIT00048,Site_Reliability_Engineer,Site Reliability Engineer (SRE),F,31-35,3,MSc,2.9,0.733,1.0,0.8782,0.9734,0.7732,0.725,0.8576,0.7919,0.9515,0.8877,1,3,0.15,0.4,0.45,0.25,0.3,0.45,0.4,0.6
SIT00049,Site_Reliability_Engineer,Site Reliability Engineer (SRE),F,41-45,4,PhD,0.9,0.722,0.8336,0.6569,0.6633,0.8888,0.225,0.7417,0.5571,0.704,0.6452,0,2,0.15,0.4,0.45,0.25,0.3,0.45,0.4,0.6
SIT00050,Site_Reliability_Engineer,Site Reliability Engineer (SRE),F,31-35,2,BSc,5.0,0.705,0.9879,0.8931,0.9672,0.642,1.0,0.754,0.8356,0.9501,0.9043,1,2,0.15,0.4,0.45,0.25,0.3,0.45,0.4,0.6
SIT00051,Site_Reliability_Engineer,Site Reliability Engineer (SRE),M,26-30,2,BSc,7.7,0.536,0.9209,0.7572,1.0,0.5744,1.0,1.0,0.9362,0.9074,0.9189,1,2,0.15,0.4,0.45,0.25,0.3,0.45,0.4,0.6
SIT00052,Site_Reliability_Engineer,Site Reliability Engineer (SRE),M,31-35,2,BSc,6.4,0.785,0.8932,0.9104,0.9419,0.674,1.0,0.774,0.8494,0.9203,0.8919,1,3,0.15,0.4,0.45,0.25,0.3,0.45,0.4,0.6
SIT00053,Site_Reliability_Engineer,Site Reliability Engineer (SRE),F,22-25,2,BSc,3.9,0.776,0.653,0.7773,1.0,0.6704,0.975,0.8299,0.864,0.8464,0.8534,1,3,0.15,0.4,0.45,0.25,0.3,0.45,0.4,0.6
SIT00054,Site_Reliability_Engineer,Site Reliability Engineer (SRE),M,36-40,2,BSc,3.1,0.772,0.8945,0.8809,0.8289,0.6688,0.775,0.7601,0.7524,0.8609,0.8175,1,3,0.15,0.4,0.45,0.25,0.3,0.45,0.4,0.6
SIT00055,Site_Reliability_Engineer,Site Reliability Engineer (SRE),F,26-30,2,BSc,11.1,0.571,0.7706,1.0,1.0,0.5884,1.0,0.8698,0.8797,0.9426,0.9174,1,3,0.15,0.4,0.45,0.25,0.3,0.45,0.4,0.6
SIT00056,Site_Reliability_Engineer,Site Reliability Engineer (SRE),M,41-45,2,BSc,8.6,0.609,0.9475,0.9357,1.0,0.6036,1.0,0.7713,0.8376,0.9676,0.9156,1,3,0.15,0.4,0.45,0.25,0.3,0.45,0.4,0.6
SIT00057,Site_Reliability_Engineer,Site Reliability Engineer (SRE),F,26-30,3,MSc,5.2,0.62,0.6865,0.8121,1.0,0.728,1.0,0.8116,0.8744,0.8653,0.8689,1,2,0.15,0.4,0.45,0.25,0.3,0.45,0.4,0.6
SIT00058,Site_Reliability_Engineer,Site Reliability Engineer (SRE),F,31-35,2,BSc,7.8,0.848,0.7275,0.8636,0.955,0.6992,1.0,0.8302,0.8785,0.8707,0.8738,1,2,0.15,0.4,0.45,0.25,0.3,0.45,0.4,0.6
SIT00059,Site_Reliability_Engineer,Site Reliability Engineer (SRE),M,26-30,2,BSc,3.8,0.561,1.0,0.8961,1.0,0.5844,0.95,0.8891,0.8678,0.9688,0.9284,1,3,0.15,0.4,0.45,0.25,0.3,0.45,0.4,0.6
SIT00060,Site_Reliability_Engineer,Site Reliability Engineer (SRE),M,36-40,2,BSc,5.1,0.686,0.7672,0.8131,1.0,0.6344,1.0,0.7628,0.8384,0.8857,0.8668,1,2,0.15,0.4,0.45,0.25,0.3,0.45,0.4,0.6
SIT00061,Site_Reliability_Engineer,Site Reliability Engineer (SRE),F,26-30,2,BSc,3.7,0.665,1.0,0.8811,1.0,0.626,0.925,0.8865,0.8628,0.9643,0.9237,1,3,0.15,0.4,0.45,0.25,0.3,0.45,0.4,0.6
SIT00062,Site_Reliability_Engineer,Site Reliability Engineer (SRE),F,31-35,2,BSc,1.3,0.76,0.7642,0.7652,0.9001,0.664,0.325,0.8836,0.6272,0.8257,0.7463,0,3,0.15,0.4,0.45,0.25,0.3,0.45,0.4,0.6
SIT00063,Site_Reliability_Engineer,Site Reliability Engineer (SRE),M,31-35,2,BSc,4.5,0.71,0.6419,0.8597,1.0,0.644,1.0,0.5902,0.7622,0.8684,0.8259,1,2,0.15,0.4,0.45,0.25,0.3,0.45,0.4,0.6
SIT00064,Site_Reliability_Engineer,Site Reliability Engineer (SRE),F,22-25,4,PhD,4.4,0.51,0.8465,0.7798,1.0,0.804,1.0,0.7766,0.8701,0.8956,0.8854,1,3,0.15,0.4,0.45,0.25,0.3,0.45,0.4,0.6
SIT00065,Site_Reliability_Engineer,Site Reliability Engineer (SRE),M,26-30,2,BSc,9.2,0.672,0.7111,0.8902,0.9673,0.6288,1.0,0.645,0.7846,0.8801,0.8419,1,2,0.15,0.4,0.45,0.25,0.3,0.45,0.4,0.6
SIT00066,Site_Reliability_Engineer,Site Reliability Engineer (SRE),M,46+,2,BSc,5.2,0.533,0.8054,0.833,1.0,0.5732,1.0,0.7711,0.833,0.9012,0.8739,1,3,0.15,0.4,0.45,0.25,0.3,0.45,0.4,0.6
SIT00067,Site_Reliability_Engineer,Site Reliability Engineer (SRE),F,31-35,3,MSc,7.2,0.82,0.9944,0.7553,1.0,0.808,1.0,1.0,0.9712,0.9252,0.9436,1,3,0.15,0.4,0.45,0.25,0.3,0.45,0.4,0.6
SIT00068,Site_Reliability_Engineer,Site Reliability Engineer (SRE),M,26-30,2,BSc,9.1,0.631,0.8443,0.8954,1.0,0.6124,1.0,0.8944,0.8943,0.9297,0.9155,1,3,0.15,0.4,0.45,0.25,0.3,0.45,0.4,0.6
SIT00069,Site_Reliability_Engineer,Site Reliability Engineer (SRE),M,26-30,2,BSc,3.0,0.802,0.9706,1.0,0.894,0.6808,0.75,0.9239,0.8179,0.9449,0.8941,1,3,0.15,0.4,0.45,0.25,0.3,0.45,0.4,0.6
SIT00070,Site_Reliability_Engineer,Site Reliability Engineer (SRE),F,22-25,2,BSc,1.3,0.614,0.8143,0.7524,0.9987,0.6056,0.325,0.817,0.5885,0.8787,0.7626,0,3,0.15,0.4,0.45,0.25,0.3,0.45,0.4,0.6
SIT00071,Site_Reliability_Engineer,Site Reliability Engineer (SRE),F,31-35,2,BSc,5.9,0.677,0.9079,0.824,0.9187,0.6308,1.0,0.632,0.779,0.8876,0.8442,1,1,0.15,0.4,0.45,0.25,0.3,0.45,0.4,0.6
SIT00072,Site_Reliability_Engineer,Site Reliability Engineer (SRE),M,26-30,2,BSc,6.9,0.665,0.8262,0.926,1.0,0.626,1.0,0.6412,0.7824,0.9344,0.8736,1,2,0.15,0.4,0.45,0.25,0.3,0.45,0.4,0.6
SIT00073,Site_Reliability_Engineer,Site Reliability Engineer (SRE),M,26-30,2,BSc,7.4,0.829,0.6928,0.9956,1.0,0.6916,1.0,0.7207,0.8281,0.9219,0.8844,1,3,0.15,0.4,0.45,0.25,0.3,0.45,0.4,0.6
SIT00074,Site_Reliability_Engineer,Site Reliability Engineer (SRE),M,22-25,2,BSc,5.3,0.725,0.8771,0.8948,0.9863,0.65,1.0,0.6601,0.7945,0.9315,0.8767,1,2,0.15,0.4,0.45,0.25,0.3,0.45,0.4,0.6
SIT00075,Site_Reliability_Engineer,Site Reliability Engineer (SRE),M,22-25,3,MSc,6.6,0.627,0.8663,1.0,1.0,0.7308,1.0,0.8454,0.8901,0.9666,0.936,1,2,0.15,0.4,0.45,0.25,0.3,0.45,0.4,0.6
SIT00076,Site_Reliability_Engineer,Site Reliability Engineer (SRE),F,36-40,3,MSc,2.6,0.622,0.883,0.7599,1.0,0.7288,0.65,0.7406,0.7026,0.8987,0.8203,1,3,0.15,0.4,0.45,0.25,0.3,0.45,0.4,0.6
SIT00077,Site_Reliability_Engineer,Site Reliability Engineer (SRE),M,26-30,2,BSc,6.9,0.571,0.6136,0.9272,1.0,0.5884,1.0,0.7863,0.8421,0.8816,0.8658,1,3,0.15,0.4,0.45,0.25,0.3,0.45,0.4,0.6
SIT00078,Site_Reliability_Engineer,Site Reliability Engineer (SRE),M,22-25,3,MSc,4.2,0.79,0.7378,1.0,1.0,0.796,1.0,0.9831,0.9618,0.9345,0.9454,1,3,0.15,0.4,0.45,0.25,0.3,0.45,0.4,0.6
SIT00079,Site_Reliability_Engineer,Site Reliability Engineer (SRE),F,26-30,2,BSc,6.2,0.65,0.6645,0.6608,0.8557,0.62,1.0,0.6741,0.7963,0.7494,0.7682,1,2,0.15,0.4,0.45,0.25,0.3,0.45,0.4,0.6
SIT00080,Site_Reliability_Engineer,Site Reliability Engineer (SRE),M,26-30,3,MSc,6.1,0.932,1.0,0.8789,1.0,0.8528,1.0,0.8172,0.8957,0.9637,0.9365,1,3,0.15,0.4,0.45,0.25,0.3,0.45,0.4,0.6
SIT00081,Site_Reliability_Engineer,Site Reliability Engineer (SRE),F,41-45,2,BSc,7.1,0.605,0.7335,1.0,1.0,0.602,1.0,0.9001,0.8953,0.9334,0.9182,1,3,0.15,0.4,0.45,0.25,0.3,0.45,0.4,0.6
SIT00082,Site_Reliability_Engineer,Site Reliability Engineer (SRE),M,26-30,3,MSc,5.8,0.765,0.7619,0.9249,0.8554,0.786,1.0,0.9767,0.9574,0.8529,0.8947,1,3,0.15,0.4,0.45,0.25,0.3,0.45,0.4,0.6
SIT00083,Site_Reliability_Engineer,Site Reliability Engineer (SRE),M,26-30,3,MSc,0.0,0.828,0.8772,0.9146,0.9039,0.8112,0.0,0.7105,0.4414,0.9004,0.7168,0,0,0.15,0.4,0.45,0.25,0.3,0.45,0.4,0.6
SIT00084,Site_Reliability_Engineer,Site Reliability Engineer (SRE),M,31-35,4,PhD,2.6,0.778,1.0,0.8518,0.967,0.9112,0.65,1.0,0.8467,0.9407,0.9031,1,3,0.15,0.4,0.45,0.25,0.3,0.45,0.4,0.6
SIT00085,Site_Reliability_Engineer,Site Reliability Engineer (SRE),M,26-30,2,BSc,1.5,0.72,0.7627,0.6748,0.9598,0.648,0.375,0.7345,0.5777,0.825,0.7261,0,3,0.15,0.4,0.45,0.25,0.3,0.45,0.4,0.6
SIT00086,Site_Reliability_Engineer,Site Reliability Engineer (SRE),M,46+,3,MSc,7.4,0.771,0.8371,0.8974,1.0,0.7884,1.0,0.8242,0.8892,0.9285,0.9128,1,3,0.15,0.4,0.45,0.25,0.3,0.45,0.4,0.6
SIT00087,Site_Reliability_Engineer,Site Reliability Engineer (SRE),F,26-30,3,MSc,7.3,0.713,0.7984,0.8452,1.0,0.7652,1.0,0.8084,0.8786,0.9032,0.8934,1,3,0.15,0.4,0.45,0.25,0.3,0.45,0.4,0.6
SIT00088,Site_Reliability_Engineer,Site Reliability Engineer (SRE),F,22-25,2,BSc,3.4,0.626,0.7351,0.7187,1.0,0.6104,0.85,0.6918,0.7429,0.8494,0.8068,1,2,0.15,0.4,0.45,0.25,0.3,0.45,0.4,0.6
SIT00089,Site_Reliability_Engineer,Site Reliability Engineer (SRE),F,26-30,2,BSc,9.4,0.76,0.6995,1.0,1.0,0.664,1.0,0.7507,0.8374,0.9249,0.8899,1,3,0.15,0.4,0.45,0.25,0.3,0.45,0.4,0.6
SIT00090,Site_Reliability_Engineer,Site Reliability Engineer (SRE),F,26-30,2,BSc,2.0,0.602,0.7982,0.7944,0.9471,0.6008,0.5,0.702,0.606,0.8641,0.7609,1,2,0.15,0.4,0.45,0.25,0.3,0.45,0.4,0.6
SIT00091,Site_Reliability_Engineer,Site Reliability Engineer (SRE),F,36-40,2,BSc,7.0,0.737,0.8561,1.0,0.8743,0.6548,1.0,0.7681,0.8439,0.9075,0.8821,1,3,0.15,0.4,0.45,0.25,0.3,0.45,0.4,0.6
SIT00092,Site_Reliability_Engineer,Site Reliability Engineer (SRE),M,26-30,3,MSc,2.5,0.9,0.8519,0.9631,1.0,0.84,0.625,0.7406,0.7093,0.9519,0.8549,1,3,0.15,0.4,0.45,0.25,0.3,0.45,0.4,0.6
SIT00093,Site_Reliability_Engineer,Site Reliability Engineer (SRE),F,26-30,2,BSc,5.4,0.705,0.9329,0.8942,0.9833,0.642,1.0,0.7433,0.8308,0.944,0.8987,1,3,0.15,0.4,0.45,0.25,0.3,0.45,0.4,0.6
SIT00094,Site_Reliability_Engineer,Site Reliability Engineer (SRE),M,26-30,1,Diploma,5.1,0.553,0.8146,0.7853,0.8784,0.4612,1.0,0.7153,0.7911,0.8345,0.8171,0,0,0.15,0.4,0.45,0.25,0.3,0.45,0.4,0.6
SIT00095,Site_Reliability_Engineer,Site Reliability Engineer (SRE),M,26-30,2,BSc,10.0,0.77,0.8212,0.9952,1.0,0.668,1.0,0.7847,0.8533,0.9539,0.9137,1,3,0.15,0.4,0.45,0.25,0.3,0.45,0.4,0.6
SIT00096,Site_Reliability_Engineer,Site Reliability Engineer (SRE),F,22-25,2,BSc,6.1,0.595,0.9922,0.9019,1.0,0.598,1.0,0.9405,0.9129,0.9686,0.9463,1,3,0.15,0.4,0.45,0.25,0.3,0.45,0.4,0.6
SIT00097,Site_Reliability_Engineer,Site Reliability Engineer (SRE),M,31-35,2,BSc,8.3,0.838,0.9142,1.0,1.0,0.6952,1.0,1.0,0.9543,0.9786,0.9689,1,3,0.15,0.4,0.45,0.25,0.3,0.45,0.4,0.6
SIT00098,Site_Reliability_Engineer,Site Reliability Engineer (SRE),M,22-25,3,MSc,7.5,0.636,0.9658,0.9845,1.0,0.7344,1.0,0.8496,0.8925,0.9868,0.9491,1,3,0.15,0.4,0.45,0.25,0.3,0.45,0.4,0.6
SIT00099,Site_Reliability_Engineer,Site Reliability Engineer (SRE),F,31-35,2,BSc,5.4,0.685,0.8337,0.8402,0.878,0.634,1.0,0.8338,0.8703,0.8556,0.8615,1,3,0.15,0.4,0.45,0.25,0.3,0.45,0.4,0.6
SIT00100,Site_Reliability_Engineer,Site Reliability Engineer (SRE),F,36-40,2,BSc,5.9,0.707,0.7529,0.7669,1.0,0.6428,1.0,0.7595,0.8382,0.8683,0.8563,1,3,0.15,0.4,0.45,0.25,0.3,0.45,0.4,0.6
SIT00101,Site_Reliability_Engineer,Site Reliability Engineer (SRE),F,22-25,4,PhD,7.1,0.836,0.852,0.7924,1.0,0.9344,1.0,0.7573,0.8809,0.9007,0.8928,1,2,0.15,0.4,0.45,0.25,0.3,0.45,0.4,0.6
SIT00102,Site_Reliability_Engineer,Site Reliability Engineer (SRE),M,26-30,3,MSc,9.9,0.544,0.6159,0.6385,1.0,0.6976,1.0,0.7305,0.8334,0.7955,0.8107,1,3,0.15,0.4,0.45,0.25,0.3,0.45,0.4,0.6
SIT00103,Site_Reliability_Engineer,Site Reliability Engineer (SRE),M,31-35,3,MSc,11.0,0.647,0.8467,1.0,1.0,0.7388,1.0,0.885,0.9091,0.9617,0.9407,1,3,0.15,0.4,0.45,0.25,0.3,0.45,0.4,0.6
SIT00104,Site_Reliability_Engineer,Site Reliability Engineer (SRE),M,41-45,2,BSc,8.9,0.756,0.696,0.8374,0.9172,0.6624,1.0,0.8006,0.8596,0.838,0.8466,1,3,0.15,0.4,0.45,0.25,0.3,0.45,0.4,0.6
SIT00105,Site_Reliability_Engineer,Site Reliability Engineer (SRE),F,36-40,2,BSc,5.3,0.852,0.7809,0.9867,1.0,0.7008,1.0,1.0,0.9551,0.9412,0.9468,1,2,0.15,0.4,0.45,0.25,0.3,0.45,0.4,0.6
SIT00106,Site_Reliability_Engineer,Site Reliability Engineer (SRE),F,26-30,2,BSc,4.1,0.829,0.825,0.7391,1.0,0.6916,1.0,0.9062,0.9115,0.878,0.8914,1,3,0.15,0.4,0.45,0.25,0.3,0.45,0.4,0.6
SIT00107,Site_Reliability_Engineer,Site Reliability Engineer (SRE),M,26-30,3,MSc,5.0,0.825,0.8063,0.6488,0.8767,0.81,1.0,0.7675,0.8669,0.7907,0.8212,1,3,0.15,0.4,0.45,0.25,0.3,0.45,0.4,0.6
SIT00108,Site_Reliability_Engineer,Site Reliability Engineer (SRE),M,31-35,3,MSc,5.5,0.728,0.9589,1.0,1.0,0.7712,1.0,0.7657,0.8602,0.9897,0.9379,1,3,0.15,0.4,0.45,0.25,0.3,0.45,0.4,0.6
SIT00109,Site_Reliability_Engineer,Site Reliability Engineer (SRE),F,22-25,2,BSc,8.0,0.634,0.7355,0.9113,1.0,0.6136,1.0,0.7687,0.838,0.9073,0.8796,1,3,0.15,0.4,0.45,0.25,0.3,0.45,0.4,0.6
SIT00110,Site_Reliability_Engineer,Site Reliability Engineer (SRE),F,31-35,2,BSc,3.4,0.781,0.7478,0.936,1.0,0.6724,0.85,0.8572,0.8266,0.9178,0.8813,1,2,0.15,0.4,0.45,0.25,0.3,0.45,0.4,0.6
SIT00111,Site_Reliability_Engineer,Site Reliability Engineer (SRE),M,26-30,2,BSc,5.8,0.533,0.7413,0.9342,1.0,0.5732,1.0,0.8383,0.8632,0.9156,0.8946,1,3,0.15,0.4,0.45,0.25,0.3,0.45,0.4,0.6
SIT00112,Site_Reliability_Engineer,Site Reliability Engineer (SRE),F,36-40,2,BSc,5.8,0.854,0.8917,0.771,1.0,0.7016,1.0,0.8795,0.901,0.9042,0.9029,1,3,0.15,0.4,0.45,0.25,0.3,0.45,0.4,0.6
SIT00113,Site_Reliability_Engineer,Site Reliability Engineer (SRE),F,36-40,4,PhD,5.4,0.687,0.9593,0.8245,0.9584,0.8748,1.0,0.9624,0.9643,0.9185,0.9368,1,3,0.15,0.4,0.45,0.25,0.3,0.45,0.4,0.6
SIT00114,Site_Reliability_Engineer,Site Reliability Engineer (SRE),F,31-35,2,BSc,5.0,0.821,0.7049,0.8825,0.8897,0.6884,1.0,0.6982,0.8175,0.8413,0.8318,1,2,0.15,0.4,0.45,0.25,0.3,0.45,0.4,0.6
SIT00115,Site_Reliability_Engineer,Site Reliability Engineer (SRE),F,41-45,2,BSc,7.7,0.78,0.9112,0.9405,0.967,0.672,1.0,0.8587,0.8872,0.9451,0.9219,1,3,0.15,0.4,0.45,0.25,0.3,0.45,0.4,0.6
SIT00116,Site_Reliability_Engineer,Site Reliability Engineer (SRE),M,22-25,3,MSc,6.2,0.873,0.6808,0.9785,0.9104,0.8292,1.0,0.74,0.8574,0.8734,0.867,1,3,0.15,0.4,0.45,0.25,0.3,0.45,0.4,0.6
SIT00117,Site_Reliability_Engineer,Site Reliability Engineer (SRE),M,31-35,2,BSc,1.6,0.661,0.9717,0.8972,0.933,0.6244,0.4,0.8209,0.6231,0.9319,0.8084,0,3,0.15,0.4,0.45,0.25,0.3,0.45,0.4,0.6
SIT00118,Site_Reliability_Engineer,Site Reliability Engineer (SRE),M,22-25,2,BSc,4.6,0.659,0.8086,0.7958,1.0,0.6236,1.0,0.715,0.8153,0.8909,0.8607,1,3,0.15,0.4,0.45,0.25,0.3,0.45,0.4,0.6
SIT00119,Site_Reliability_Engineer,Site Reliability Engineer (SRE),F,26-30,2,BSc,5.9,0.635,0.872,0.8292,1.0,0.614,1.0,0.7718,0.8394,0.9168,0.8858,1,3,0.15,0.4,0.45,0.25,0.3,0.45,0.4,0.6
SIT00120,Site_Reliability_Engineer,Site Reliability Engineer (SRE),F,41-45,2,BSc,2.4,0.865,0.9437,1.0,1.0,0.706,0.6,0.9045,0.7529,0.9859,0.8927,1,3,0.15,0.4,0.45,0.25,0.3,0.45,0.4,0.6
SIT00121,Site_Reliability_Engineer,Site Reliability Engineer (SRE),M,26-30,2,BSc,8.9,0.592,0.5745,0.8342,1.0,0.5968,1.0,0.7412,0.8231,0.8439,0.8356,1,3,0.15,0.4,0.45,0.25,0.3,0.45,0.4,0.6
SIT00122,Site_Reliability_Engineer,Site Reliability Engineer (SRE),F,36-40,2,BSc,5.6,0.688,0.7012,0.9446,1.0,0.6352,1.0,1.0,0.9453,0.9087,0.9233,1,3,0.15,0.4,0.45,0.25,0.3,0.45,0.4,0.6
SIT00123,Site_Reliability_Engineer,Site Reliability Engineer (SRE),M,41-45,2,BSc,5.4,0.713,0.7442,0.8788,0.8287,0.6452,1.0,0.6559,0.7919,0.8226,0.8103,1,2,0.15,0.4,0.45,0.25,0.3,0.45,0.4,0.6
SIT00124,Site_Reliability_Engineer,Site Reliability Engineer (SRE),M,22-25,2,BSc,10.6,0.658,0.8433,0.9963,0.8609,0.6232,1.0,1.0,0.9435,0.8971,0.9157,1,3,0.15,0.4,0.45,0.25,0.3,0.45,0.4,0.6
SIT00125,Site_Reliability_Engineer,Site Reliability Engineer (SRE),F,31-35,3,MSc,4.2,0.816,0.9337,0.6663,0.7266,0.8064,1.0,0.792,0.8774,0.7603,0.8071,1,2,0.15,0.4,0.45,0.25,0.3,0.45,0.4,0.6
SIT00126,Site_Reliability_Engineer,Site Reliability Engineer (SRE),M,31-35,2,BSc,5.8,0.663,0.8418,0.7388,1.0,0.6252,1.0,0.8054,0.8562,0.8821,0.8717,1,3,0.15,0.4,0.45,0.25,0.3,0.45,0.4,0.6
SIT00127,Site_Reliability_Engineer,Site Reliability Engineer (SRE),F,22-25,2,BSc,7.1,0.697,0.8329,0.9058,0.9654,0.6388,1.0,0.9047,0.9029,0.9144,0.9098,1,3,0.15,0.4,0.45,0.25,0.3,0.45,0.4,0.6
SIT00128,Site_Reliability_Engineer,Site Reliability Engineer (SRE),F,26-30,2,BSc,4.4,0.569,0.8184,0.8656,0.8208,0.5876,1.0,0.6028,0.7594,0.8336,0.8039,1,2,0.15,0.4,0.45,0.25,0.3,0.45,0.4,0.6
SIT00129,Site_Reliability_Engineer,Site Reliability Engineer (SRE),M,26-30,2,BSc,7.2,0.635,0.6824,0.8405,1.0,0.614,1.0,0.6836,0.7997,0.8727,0.8435,1,2,0.15,0.4,0.45,0.25,0.3,0.45,0.4,0.6
SIT00130,Site_Reliability_Engineer,Site Reliability Engineer (SRE),F,26-30,4,PhD,1.6,0.809,0.9372,0.6041,0.9362,0.9236,0.4,0.907,0.7067,0.8368,0.7848,0,3,0.15,0.4,0.45,0.25,0.3,0.45,0.4,0.6
SIT00131,Site_Reliability_Engineer,Site Reliability Engineer (SRE),M,26-30,3,MSc,4.1,0.976,0.9063,0.8296,0.8178,0.8704,1.0,0.7414,0.8642,0.8435,0.8518,1,3,0.15,0.4,0.45,0.25,0.3,0.45,0.4,0.6
SIT00132,Site_Reliability_Engineer,Site Reliability Engineer (SRE),M,36-40,2,BSc,3.8,0.795,0.9453,0.9772,0.808,0.678,0.95,0.8143,0.8481,0.8931,0.8751,1,2,0.15,0.4,0.45,0.25,0.3,0.45,0.4,0.6
SIT00133,Site_Reliability_Engineer,Site Reliability Engineer (SRE),M,36-40,2,BSc,10.5,0.575,0.7863,1.0,1.0,0.59,1.0,0.9511,0.9165,0.9466,0.9346,1,3,0.15,0.4,0.45,0.25,0.3,0.45,0.4,0.6
SIT00134,Site_Reliability_Engineer,Site Reliability Engineer (SRE),M,36-40,2,BSc,3.0,0.677,0.8111,0.8359,0.8414,0.6308,0.75,0.7372,0.7264,0.8322,0.7899,1,3,0.15,0.4,0.45,0.25,0.3,0.45,0.4,0.6
SIT00135,Site_Reliability_Engineer,Site Reliability Engineer (SRE),F,36-40,3,MSc,2.3,0.757,0.7428,0.8067,0.9511,0.7828,0.575,0.7756,0.6964,0.8557,0.792,1,3,0.15,0.4,0.45,0.25,0.3,0.45,0.4,0.6
SIT00136,Site_Reliability_Engineer,Site Reliability Engineer (SRE),M,41-45,3,MSc,9.1,0.938,0.9987,0.9719,1.0,0.8552,1.0,0.964,0.9621,0.9912,0.9796,1,3,0.15,0.4,0.45,0.25,0.3,0.45,0.4,0.6
SIT00137,Site_Reliability_Engineer,Site Reliability Engineer (SRE),F,26-30,4,PhD,0.0,0.8,0.8576,0.8769,0.8896,0.92,0.0,0.707,0.4561,0.8778,0.7091,0,0,0.15,0.4,0.45,0.25,0.3,0.45,0.4,0.6
SIT00138,Site_Reliability_Engineer,Site Reliability Engineer (SRE),M,36-40,2,BSc,5.2,0.747,0.8533,1.0,0.7129,0.6588,1.0,0.7111,0.8188,0.8341,0.828,1,2,0.15,0.4,0.45,0.25,0.3,0.45,0.4,0.6
SIT00139,Site_Reliability_Engineer,Site Reliability Engineer (SRE),M,22-25,2,BSc,5.9,0.813,1.0,0.9574,0.887,0.6852,1.0,0.9533,0.9318,0.9364,0.9346,1,2,0.15,0.4,0.45,0.25,0.3,0.45,0.4,0.6
SIT00140,Site_Reliability_Engineer,Site Reliability Engineer (SRE),F,26-30,2,BSc,3.0,0.581,0.5954,0.8248,1.0,0.5924,0.75,0.6741,0.6922,0.8463,0.7847,1,2,0.15,0.4,0.45,0.25,0.3,0.45,0.4,0.6
SIT00141,Site_Reliability_Engineer,Site Reliability Engineer (SRE),M,31-35,3,MSc,5.2,0.666,0.6867,0.8054,1.0,0.7464,1.0,0.8719,0.9043,0.8633,0.8797,1,3,0.15,0.4,0.45,0.25,0.3,0.45,0.4,0.6
SIT00142,Site_Reliability_Engineer,Site Reliability Engineer (SRE),F,26-30,4,PhD,4.7,0.876,1.0,0.9365,0.8168,0.9504,1.0,0.8083,0.9063,0.8985,0.9016,1,3,0.15,0.4,0.45,0.25,0.3,0.45,0.4,0.6
SIT00143,Site_Reliability_Engineer,Site Reliability Engineer (SRE),F,41-45,2,BSc,4.7,0.695,0.818,0.7271,1.0,0.638,1.0,0.7055,0.8132,0.8726,0.8488,1,3,0.15,0.4,0.45,0.25,0.3,0.45,0.4,0.6
SIT00144,Site_Reliability_Engineer,Site Reliability Engineer (SRE),F,41-45,2,BSc,5.5,0.66,0.7228,0.8141,0.9664,0.624,1.0,0.7207,0.8179,0.8598,0.843,1,3,0.15,0.4,0.45,0.25,0.3,0.45,0.4,0.6
SIT00145,Site_Reliability_Engineer,Site Reliability Engineer (SRE),F,22-25,3,MSc,4.7,0.843,0.9522,1.0,0.844,0.8172,1.0,0.8536,0.9067,0.9179,0.9134,1,3,0.15,0.4,0.45,0.25,0.3,0.45,0.4,0.6
SIT00146,Site_Reliability_Engineer,Site Reliability Engineer (SRE),M,36-40,4,PhD,8.0,0.84,0.8834,0.8709,1.0,0.936,1.0,0.6569,0.836,0.9321,0.8937,1,2,0.15,0.4,0.45,0.25,0.3,0.45,0.4,0.6
SIT00147,Site_Reliability_Engineer,Site Reliability Engineer (SRE),M,26-30,4,PhD,6.9,0.994,0.7658,0.7984,0.9858,0.9976,1.0,0.8341,0.925,0.8746,0.8948,1,3,0.15,0.4,0.45,0.25,0.3,0.45,0.4,0.6
SIT00148,Site_Reliability_Engineer,Site Reliability Engineer (SRE),F,31-35,2,BSc,6.6,0.879,1.0,0.8991,0.9657,0.7116,1.0,1.0,0.9567,0.9543,0.9553,1,3,0.15,0.4,0.45,0.25,0.3,0.45,0.4,0.6
SIT00149,Site_Reliability_Engineer,Site Reliability Engineer (SRE),M,31-35,4,PhD,4.9,0.918,0.8676,0.8765,1.0,0.9672,1.0,0.7402,0.8782,0.9299,0.9092,1,3,0.15,0.4,0.45,0.25,0.3,0.45,0.4,0.6
SIT00150,Site_Reliability_Engineer,Site Reliability Engineer (SRE),M,26-30,3,MSc,4.2,0.759,0.7487,0.8986,0.9977,0.7836,1.0,0.6405,0.8058,0.9057,0.8657,1,2,0.15,0.4,0.45,0.25,0.3,0.45,0.4,0.6
SIT00151,Site_Reliability_Engineer,Site Reliability Engineer (SRE),F,31-35,2,BSc,5.3,0.702,0.8896,0.9967,1.0,0.6408,1.0,0.9831,0.9385,0.9714,0.9582,1,3,0.15,0.4,0.45,0.25,0.3,0.45,0.4,0.6
SIT00152,Site_Reliability_Engineer,Site Reliability Engineer (SRE),F,31-35,2,BSc,4.9,0.708,0.9009,0.9969,1.0,0.6432,1.0,0.8672,0.8867,0.9743,0.9393,1,3,0.15,0.4,0.45,0.25,0.3,0.45,0.4,0.6
SIT00153,Site_Reliability_Engineer,Site Reliability Engineer (SRE),F,22-25,3,MSc,5.4,0.757,0.9441,0.7585,0.851,0.7828,1.0,0.8304,0.8911,0.8465,0.8643,1,3,0.15,0.4,0.45,0.25,0.3,0.45,0.4,0.6
SIT00154,Site_Reliability_Engineer,Site Reliability Engineer (SRE),M,26-30,2,BSc,2.4,0.64,0.7556,0.7583,0.8204,0.616,0.6,0.6377,0.6194,0.7856,0.7191,1,2,0.15,0.4,0.45,0.25,0.3,0.45,0.4,0.6
SIT00155,Site_Reliability_Engineer,Site Reliability Engineer (SRE),M,41-45,2,BSc,3.1,0.616,1.0,0.6941,1.0,0.6064,0.775,0.8473,0.7822,0.9082,0.8578,1,3,0.15,0.4,0.45,0.25,0.3,0.45,0.4,0.6
SIT00156,Site_Reliability_Engineer,Site Reliability Engineer (SRE),M,31-35,4,PhD,4.2,0.74,0.6951,1.0,0.975,0.896,1.0,0.7475,0.8708,0.9125,0.8958,1,3,0.15,0.4,0.45,0.25,0.3,0.45,0.4,0.6
SIT00157,Site_Reliability_Engineer,Site Reliability Engineer (SRE),F,22-25,2,BSc,6.9,0.685,0.8716,0.8045,0.9082,0.634,1.0,0.8997,0.9,0.8679,0.8807,1,3,0.15,0.4,0.45,0.25,0.3,0.45,0.4,0.6
SIT00158,Site_Reliability_Engineer,Site Reliability Engineer (SRE),F,26-30,2,BSc,9.9,0.736,0.7401,1.0,0.9537,0.6544,1.0,0.955,0.9279,0.9142,0.9197,1,3,0.15,0.4,0.45,0.25,0.3,0.45,0.4,0.6
SIT00159,Site_Reliability_Engineer,Site Reliability Engineer (SRE),F,36-40,3,MSc,3.5,0.603,0.9441,1.0,0.967,0.7212,0.875,0.8124,0.8238,0.9712,0.9122,1,3,0.15,0.4,0.45,0.25,0.3,0.45,0.4,0.6
SIT00160,Site_Reliability_Engineer,Site Reliability Engineer (SRE),M,22-25,2,BSc,2.4,0.608,1.0,0.9247,0.778,0.6032,0.6,0.7662,0.6753,0.8775,0.7966,1,3,0.15,0.4,0.45,0.25,0.3,0.45,0.4,0.6
SIT00161,Site_Reliability_Engineer,Site Reliability Engineer (SRE),M,26-30,2,BSc,5.2,0.624,1.0,0.9011,0.831,0.6096,1.0,0.8324,0.866,0.8943,0.883,1,2,0.15,0.4,0.45,0.25,0.3,0.45,0.4,0.6
SIT00162,Site_Reliability_Engineer,Site Reliability Engineer (SRE),F,26-30,2,BSc,4.4,0.734,0.781,0.6817,1.0,0.6536,1.0,0.8871,0.8972,0.8498,0.8688,1,3,0.15,0.4,0.45,0.25,0.3,0.45,0.4,0.6
SIT00163,Site_Reliability_Engineer,Site Reliability Engineer (SRE),F,31-35,2,BSc,5.5,0.543,0.8053,0.7835,1.0,0.5772,1.0,0.7606,0.8289,0.8864,0.8634,1,3,0.15,0.4,0.45,0.25,0.3,0.45,0.4,0.6
SIT00164,Site_Reliability_Engineer,Site Reliability Engineer (SRE),M,41-45,2,BSc,0.1,0.691,1.0,0.8335,0.9955,0.6364,0.025,1.0,0.5555,0.948,0.791,0,0,0.15,0.4,0.45,0.25,0.3,0.45,0.4,0.6
SIT00165,Site_Reliability_Engineer,Site Reliability Engineer (SRE),M,41-45,2,BSc,5.0,0.7,0.7958,0.8192,1.0,0.64,1.0,0.8469,0.8771,0.8947,0.8877,1,3,0.15,0.4,0.45,0.25,0.3,0.45,0.4,0.6
SIT00166,Site_Reliability_Engineer,Site Reliability Engineer (SRE),M,46+,2,BSc,0.7,0.641,0.6326,0.6877,0.9538,0.6164,0.175,0.8274,0.5348,0.7937,0.6901,0,2,0.15,0.4,0.45,0.25,0.3,0.45,0.4,0.6
SIT00167,Site_Reliability_Engineer,Site Reliability Engineer (SRE),M,26-30,3,MSc,5.1,0.842,0.8873,0.7864,0.8103,0.8168,1.0,0.7791,0.8731,0.8224,0.8427,1,3,0.15,0.4,0.45,0.25,0.3,0.45,0.4,0.6
SIT00168,Site_Reliability_Engineer,Site Reliability Engineer (SRE),M,22-25,2,BSc,8.6,0.654,1.0,0.8248,1.0,0.6216,1.0,0.9808,0.9346,0.9474,0.9423,1,3,0.15,0.4,0.45,0.25,0.3,0.45,0.4,0.6
SIT00169,Site_Reliability_Engineer,Site Reliability Engineer (SRE),F,26-30,2,BSc,9.9,0.667,0.7334,0.7923,0.9136,0.6268,1.0,0.6744,0.7975,0.8322,0.8183,1,2,0.15,0.4,0.45,0.25,0.3,0.45,0.4,0.6
SIT00170,Site_Reliability_Engineer,Site Reliability Engineer (SRE),M,31-35,2,BSc,4.8,0.67,0.7146,0.9972,0.9007,0.628,1.0,0.861,0.8817,0.8831,0.8825,1,3,0.15,0.4,0.45,0.25,0.3,0.45,0.4,0.6
SIT00171,Site_Reliability_Engineer,Site Reliability Engineer (SRE),F,26-30,2,BSc,5.1,0.699,0.8953,1.0,0.8852,0.6396,1.0,0.6953,0.8088,0.9222,0.8768,1,2,0.15,0.4,0.45,0.25,0.3,0.45,0.4,0.6
SIT00172,Site_Reliability_Engineer,Site Reliability Engineer (SRE),F,26-30,2,BSc,3.7,0.854,0.7734,0.8597,1.0,0.7016,0.925,0.8218,0.8451,0.9013,0.8788,1,3,0.15,0.4,0.45,0.25,0.3,0.45,0.4,0.6
SIT00173,Site_Reliability_Engineer,Site Reliability Engineer (SRE),M,22-25,2,BSc,1.5,0.606,0.7174,0.806,0.7051,0.6024,0.375,0.7581,0.5815,0.7384,0.6756,0,2,0.15,0.4,0.45,0.25,0.3,0.45,0.4,0.6
SIT00174,Site_Reliability_Engineer,Site Reliability Engineer (SRE),F,36-40,2,BSc,3.4,0.81,0.6689,0.8454,0.8281,0.684,0.85,0.7753,0.7915,0.7935,0.7927,1,3,0.15,0.4,0.45,0.25,0.3,0.45,0.4,0.6
SIT00175,Site_Reliability_Engineer,Site Reliability Engineer (SRE),M,31-35,2,BSc,7.2,0.896,0.7788,0.6968,0.9832,0.7184,1.0,0.6264,0.7896,0.8462,0.8236,1,2,0.15,0.4,0.45,0.25,0.3,0.45,0.4,0.6
SIT00176,Site_Reliability_Engineer,Site Reliability Engineer (SRE),M,26-30,2,BSc,5.4,0.672,0.9356,1.0,1.0,0.6288,1.0,0.9178,0.9073,0.9839,0.9533,1,3,0.15,0.4,0.45,0.25,0.3,0.45,0.4,0.6
SIT00177,Site_Reliability_Engineer,Site Reliability Engineer (SRE),F,41-45,2,BSc,10.5,0.614,0.7233,0.8396,0.9843,0.6056,1.0,0.8889,0.8908,0.8756,0.8817,1,3,0.15,0.4,0.45,0.25,0.3,0.45,0.4,0.6
SIT00178,Site_Reliability_Engineer,Site Reliability Engineer (SRE),M,26-30,2,BSc,5.8,0.483,0.8809,0.9334,1.0,0.5532,1.0,0.7877,0.8374,0.9502,0.9051,1,3,0.15,0.4,0.45,0.25,0.3,0.45,0.4,0.6
SIT00179,Site_Reliability_Engineer,Site Reliability Engineer (SRE),M,26-30,2,BSc,8.1,0.635,1.0,0.9871,1.0,0.614,1.0,0.8467,0.8731,0.9961,0.9469,1,3,0.15,0.4,0.45,0.25,0.3,0.45,0.4,0.6
SIT00180,Site_Reliability_Engineer,Site Reliability Engineer (SRE),M,31-35,2,BSc,4.7,0.545,0.8142,0.9416,0.9998,0.578,1.0,0.8978,0.8907,0.9359,0.9178,1,2,0.15,0.4,0.45,0.25,0.3,0.45,0.4,0.6
SIT00181,Site_Reliability_Engineer,Site Reliability Engineer (SRE),M,31-35,1,Diploma,2.9,0.463,0.6501,0.6022,0.6994,0.4252,0.725,0.5636,0.6074,0.6579,0.6377,0,0,0.15,0.4,0.45,0.25,0.3,0.45,0.4,0.6
SIT00182,Site_Reliability_Engineer,Site Reliability Engineer (SRE),M,31-35,2,BSc,6.4,0.719,1.0,0.8287,1.0,0.6476,1.0,0.9544,0.9266,0.9486,0.9398,1,3,0.15,0.4,0.45,0.25,0.3,0.45,0.4,0.6
SIT00183,Site_Reliability_Engineer,Site Reliability Engineer (SRE),F,26-30,3,MSc,5.7,0.779,0.7806,0.9255,1.0,0.7916,1.0,0.8204,0.8879,0.9228,0.9088,1,3,0.15,0.4,0.45,0.25,0.3,0.45,0.4,0.6
SIT00184,Site_Reliability_Engineer,Site Reliability Engineer (SRE),F,36-40,2,BSc,7.7,0.522,0.779,0.7952,0.9214,0.5688,1.0,0.8998,0.8902,0.8479,0.8648,1,3,0.15,0.4,0.45,0.25,0.3,0.45,0.4,0.6
SIT00185,Site_Reliability_Engineer,Site Reliability Engineer (SRE),M,26-30,2,BSc,6.0,0.551,0.9821,0.7244,0.9779,0.5804,1.0,0.7501,0.8246,0.9029,0.8716,1,2,0.15,0.4,0.45,0.25,0.3,0.45,0.4,0.6
SIT00186,Site_Reliability_Engineer,Site Reliability Engineer (SRE),F,41-45,2,BSc,8.7,0.548,0.8395,0.8354,1.0,0.5792,1.0,0.8545,0.8714,0.9105,0.8949,1,3,0.15,0.4,0.45,0.25,0.3,0.45,0.4,0.6
SIT00187,Site_Reliability_Engineer,Site Reliability Engineer (SRE),F,36-40,3,MSc,6.9,0.703,1.0,0.8565,1.0,0.7612,1.0,0.9483,0.9409,0.9569,0.9505,1,3,0.15,0.4,0.45,0.25,0.3,0.45,0.4,0.6
SIT00188,Site_Reliability_Engineer,Site Reliability Engineer (SRE),F,41-45,2,BSc,3.7,0.648,0.8773,0.5597,0.9782,0.6192,0.925,0.7587,0.8043,0.8274,0.8182,1,3,0.15,0.4,0.45,0.25,0.3,0.45,0.4,0.6
SIT00189,Site_Reliability_Engineer,Site Reliability Engineer (SRE),F,36-40,2,BSc,6.8,0.719,0.8165,0.8715,0.8282,0.6476,1.0,0.6116,0.7724,0.8383,0.8119,1,2,0.15,0.4,0.45,0.25,0.3,0.45,0.4,0.6
SIT00190,Site_Reliability_Engineer,Site Reliability Engineer (SRE),M,31-35,2,BSc,4.9,0.769,0.798,0.9474,1.0,0.6676,1.0,0.9313,0.9192,0.9337,0.9279,1,3,0.15,0.4,0.45,0.25,0.3,0.45,0.4,0.6
SIT00191,Site_Reliability_Engineer,Site Reliability Engineer (SRE),F,31-35,3,MSc,4.8,0.628,0.9843,0.929,0.8428,0.7312,1.0,0.773,0.8575,0.904,0.8854,1,3,0.15,0.4,0.45,0.25,0.3,0.45,0.4,0.6
SIT00192,Site_Reliability_Engineer,Site Reliability Engineer (SRE),F,26-30,2,BSc,4.3,0.74,0.8672,0.6464,0.8956,0.656,1.0,0.6575,0.7943,0.8137,0.8059,1,2,0.15,0.4,0.45,0.25,0.3,0.45,0.4,0.6
SIT00193,Site_Reliability_Engineer,Site Reliability Engineer (SRE),M,46+,2,BSc,3.8,0.859,0.8212,0.8567,1.0,0.7036,0.95,0.8235,0.8561,0.9123,0.8898,1,3,0.15,0.4,0.45,0.25,0.3,0.45,0.4,0.6
SIT00194,Site_Reliability_Engineer,Site Reliability Engineer (SRE),F,26-30,2,BSc,2.8,0.756,0.7728,0.7854,0.9335,0.6624,0.7,0.8838,0.7771,0.8489,0.8202,1,3,0.15,0.4,0.45,0.25,0.3,0.45,0.4,0.6
SIT00195,Site_Reliability_Engineer,Site Reliability Engineer (SRE),M,31-35,3,MSc,7.1,0.731,0.9464,0.79,0.9505,0.7724,1.0,0.841,0.8943,0.9013,0.8985,1,3,0.15,0.4,0.45,0.25,0.3,0.45,0.4,0.6
SIT00196,Site_Reliability_Engineer,Site Reliability Engineer (SRE),F,41-45,2,BSc,5.7,0.755,1.0,0.8363,1.0,0.662,1.0,0.7455,0.8348,0.9509,0.9045,1,3,0.15,0.4,0.45,0.25,0.3,0.45,0.4,0.6
SIT00197,Site_Reliability_Engineer,Site Reliability Engineer (SRE),M,26-30,3,MSc,1.5,0.993,0.6731,0.7243,0.9307,0.8772,0.375,0.7531,0.6205,0.8044,0.7308,0,3,0.15,0.4,0.45,0.25,0.3,0.45,0.4,0.6
SIT00198,Site_Reliability_Engineer,Site Reliability Engineer (SRE),F,22-25,2,BSc,6.0,0.792,0.6515,0.922,1.0,0.6768,1.0,0.839,0.8791,0.8895,0.8853,1,3,0.15,0.4,0.45,0.25,0.3,0.45,0.4,0.6
SIT00199,Site_Reliability_Engineer,Site Reliability Engineer (SRE),M,36-40,3,MSc,1.3,0.6,0.6884,0.7042,0.6661,0.72,0.325,0.7223,0.563,0.6831,0.6351,0,2,0.15,0.4,0.45,0.25,0.3,0.45,0.4,0.6
SIT00200,Site_Reliability_Engineer,Site Reliability Engineer (SRE),F,31-35,3,MSc,4.7,0.56,1.0,0.9393,1.0,0.704,1.0,0.7985,0.8649,0.9818,0.935,1,3,0.15,0.4,0.45,0.25,0.3,0.45,0.4,0.6
SIT00201,Site_Reliability_Engineer,Site Reliability Engineer (SRE),M,26-30,3,MSc,4.8,0.676,0.8297,0.9652,1.0,0.7504,1.0,0.9755,0.9515,0.947,0.9488,1,3,0.15,0.4,0.45,0.25,0.3,0.45,0.4,0.6
SIT00202,Site_Reliability_Engineer,Site Reliability Engineer (SRE),M,31-35,2,BSc,4.7,0.699,0.6329,0.9584,0.947,0.6396,1.0,0.7135,0.817,0.8719,0.8499,1,3,0.15,0.4,0.45,0.25,0.3,0.45,0.4,0.6
SIT00203,Site_Reliability_Engineer,Site Reliability Engineer (SRE),M,22-25,2,BSc,1.8,0.642,0.846,0.8013,0.9077,0.6168,0.45,0.8093,0.6367,0.8604,0.7709,0,3,0.15,0.4,0.45,0.25,0.3,0.45,0.4,0.6
SIT00204,Site_Reliability_Engineer,Site Reliability Engineer (SRE),M,31-35,4,PhD,11.8,0.978,0.8901,1.0,1.0,0.9912,1.0,0.8737,0.9418,0.9725,0.9602,1,3,0.15,0.4,0.45,0.25,0.3,0.45,0.4,0.6
SIT00205,Site_Reliability_Engineer,Site Reliability Engineer (SRE),F,26-30,2,BSc,4.7,0.642,0.7325,0.7436,1.0,0.6168,1.0,0.7102,0.8121,0.8562,0.8386,1,3,0.15,0.4,0.45,0.25,0.3,0.45,0.4,0.6
SIT00206,Site_Reliability_Engineer,Site Reliability Engineer (SRE),M,26-30,3,MSc,5.2,0.853,0.7401,0.8884,0.7901,0.8212,1.0,0.9781,0.9633,0.8071,0.8696,1,3,0.15,0.4,0.45,0.25,0.3,0.45,0.4,0.6
SIT00207,Site_Reliability_Engineer,Site Reliability Engineer (SRE),F,36-40,1,Diploma,4.6,0.447,0.5551,0.9789,0.9967,0.4188,1.0,0.6444,0.7528,0.881,0.8297,0,0,0.15,0.4,0.45,0.25,0.3,0.45,0.4,0.6
SIT00208,Site_Reliability_Engineer,Site Reliability Engineer (SRE),F,22-25,2,BSc,5.4,0.569,0.8207,0.8159,1.0,0.5876,1.0,0.7546,0.8277,0.8999,0.871,1,3,0.15,0.4,0.45,0.25,0.3,0.45,0.4,0.6
SIT00209,Site_Reliability_Engineer,Site Reliability Engineer (SRE),M,22-25,2,BSc,7.5,0.632,0.5356,0.8675,1.0,0.6128,1.0,0.7344,0.8224,0.8441,0.8354,1,3,0.15,0.4,0.45,0.25,0.3,0.45,0.4,0.6
SIT00210,Site_Reliability_Engineer,Site Reliability Engineer (SRE),M,31-35,3,MSc,8.6,0.875,0.782,1.0,1.0,0.83,1.0,0.9451,0.9498,0.9455,0.9472,1,3,0.15,0.4,0.45,0.25,0.3,0.45,0.4,0.6
SIT00211,Site_Reliability_Engineer,Site Reliability Engineer (SRE),M,31-35,2,BSc,11.0,0.643,0.9647,1.0,1.0,0.6172,1.0,1.0,0.9426,0.9912,0.9718,1,3,0.15,0.4,0.45,0.25,0.3,0.45,0.4,0.6
SIT00212,Site_Reliability_Engineer,Site Reliability Engineer (SRE),F,26-30,2,BSc,4.2,0.87,0.9069,0.8851,1.0,0.708,1.0,1.0,0.9562,0.9423,0.9479,1,3,0.15,0.4,0.45,0.25,0.3,0.45,0.4,0.6
SIT00213,Site_Reliability_Engineer,Site Reliability Engineer (SRE),F,26-30,2,BSc,7.1,0.537,0.9508,0.8708,1.0,0.5748,1.0,0.805,0.8485,0.9489,0.9087,1,3,0.15,0.4,0.45,0.25,0.3,0.45,0.4,0.6
SIT00214,Site_Reliability_Engineer,Site Reliability Engineer (SRE),F,26-30,3,MSc,5.1,0.767,0.9214,0.795,1.0,0.7868,1.0,0.6062,0.7908,0.9188,0.8676,1,2,0.15,0.4,0.45,0.25,0.3,0.45,0.4,0.6
SIT00215,Site_Reliability_Engineer,Site Reliability Engineer (SRE),F,46+,4,PhD,6.0,0.82,0.7812,0.9517,1.0,0.928,1.0,1.0,0.9892,0.9308,0.9542,1,3,0.15,0.4,0.45,0.25,0.3,0.45,0.4,0.6
SIT00216,Site_Reliability_Engineer,Site Reliability Engineer (SRE),M,22-25,2,BSc,5.4,0.825,0.7664,0.7675,0.8706,0.69,1.0,0.8544,0.888,0.8136,0.8434,1,3,0.15,0.4,0.45,0.25,0.3,0.45,0.4,0.6
SIT00217,Site_Reliability_Engineer,Site Reliability Engineer (SRE),M,26-30,4,PhD,8.0,0.888,0.7116,0.8497,0.9704,0.9552,1.0,0.534,0.7836,0.8695,0.8351,1,1,0.15,0.4,0.45,0.25,0.3,0.45,0.4,0.6
SIT00218,Site_Reliability_Engineer,Site Reliability Engineer (SRE),M,26-30,4,PhD,4.5,0.933,0.8721,0.8509,0.9589,0.9732,1.0,0.896,0.9492,0.9048,0.9226,1,3,0.15,0.4,0.45,0.25,0.3,0.45,0.4,0.6
SIT00219,Site_Reliability_Engineer,Site Reliability Engineer (SRE),F,26-30,2,BSc,3.8,0.784,0.9088,0.7406,0.8411,0.6736,0.95,0.7704,0.8277,0.8279,0.8278,1,3,0.15,0.4,0.45,0.25,0.3,0.45,0.4,0.6
SIT00220,Site_Reliability_Engineer,Site Reliability Engineer (SRE),M,36-40,4,PhD,4.2,0.851,0.8601,0.864,0.8414,0.9404,1.0,0.7766,0.8905,0.8529,0.8679,1,3,0.15,0.4,0.45,0.25,0.3,0.45,0.4,0.6
SIT00221,Site_Reliability_Engineer,Site Reliability Engineer (SRE),F,31-35,3,MSc,4.6,0.785,0.783,0.8697,1.0,0.794,1.0,0.78,0.8701,0.9067,0.8921,1,2,0.15,0.4,0.45,0.25,0.3,0.45,0.4,0.6
SIT00222,Site_Reliability_Engineer,Site Reliability Engineer (SRE),M,31-35,2,BSc,8.4,0.77,0.761,0.8194,0.9227,0.668,1.0,0.7575,0.8411,0.8513,0.8472,1,3,0.15,0.4,0.45,0.25,0.3,0.45,0.4,0.6
SIT00223,Site_Reliability_Engineer,Site Reliability Engineer (SRE),M,46+,2,BSc,4.4,0.726,0.8229,0.7593,0.9476,0.6504,1.0,0.7545,0.8371,0.8599,0.8508,1,3,0.15,0.4,0.45,0.25,0.3,0.45,0.4,0.6
SIT00224,Site_Reliability_Engineer,Site Reliability Engineer (SRE),F,36-40,3,MSc,3.3,0.748,0.746,0.9014,1.0,0.7792,0.825,0.9597,0.8787,0.9069,0.8956,1,3,0.15,0.4,0.45,0.25,0.3,0.45,0.4,0.6
SIT00225,Site_Reliability_Engineer,Site Reliability Engineer (SRE),F,31-35,3,MSc,6.2,0.771,0.9003,1.0,1.0,0.7884,1.0,0.8362,0.8946,0.9751,0.9429,1,3,0.15,0.4,0.45,0.25,0.3,0.45,0.4,0.6
SIT00226,Site_Reliability_Engineer,Site Reliability Engineer (SRE),M,31-35,4,PhD,3.1,0.71,0.8612,0.875,0.8781,0.884,0.775,0.9057,0.8502,0.8729,0.8638,1,3,0.15,0.4,0.45,0.25,0.3,0.45,0.4,0.6
SIT00227,Site_Reliability_Engineer,Site Reliability Engineer (SRE),F,36-40,2,BSc,7.3,0.544,0.8751,1.0,1.0,0.5776,1.0,0.8944,0.8891,0.9688,0.9369,1,3,0.15,0.4,0.45,0.25,0.3,0.45,0.4,0.6
SIT00228,Site_Reliability_Engineer,Site Reliability Engineer (SRE),M,22-25,3,MSc,9.1,0.737,0.7596,0.8322,0.9532,0.7748,1.0,0.8739,0.9095,0.8685,0.8849,1,3,0.15,0.4,0.45,0.25,0.3,0.45,0.4,0.6
SIT00229,Site_Reliability_Engineer,Site Reliability Engineer (SRE),M,22-25,3,MSc,6.3,0.629,0.8288,1.0,0.8971,0.7316,1.0,0.7593,0.8514,0.9109,0.8871,1,3,0.15,0.4,0.45,0.25,0.3,0.45,0.4,0.6
SIT00230,Site_Reliability_Engineer,Site Reliability Engineer (SRE),F,22-25,2,BSc,9.4,0.519,0.7712,0.6774,0.8631,0.5676,1.0,0.8726,0.8778,0.7844,0.8218,1,3,0.15,0.4,0.45,0.25,0.3,0.45,0.4,0.6
SIT00231,Site_Reliability_Engineer,Site Reliability Engineer (SRE),F,31-35,3,MSc,6.5,0.761,0.907,0.8224,1.0,0.7844,1.0,0.8417,0.8964,0.9235,0.9127,1,3,0.15,0.4,0.45,0.25,0.3,0.45,0.4,0.6
SIT00232,Site_Reliability_Engineer,Site Reliability Engineer (SRE),M,22-25,2,BSc,4.9,0.562,0.5775,1.0,0.8979,0.5848,1.0,0.842,0.8666,0.8484,0.8557,1,3,0.15,0.4,0.45,0.25,0.3,0.45,0.4,0.6
SIT00233,Site_Reliability_Engineer,Site Reliability Engineer (SRE),F,26-30,2,BSc,6.1,0.684,0.9504,0.8763,0.9312,0.6336,1.0,0.7889,0.85,0.9195,0.8917,1,3,0.15,0.4,0.45,0.25,0.3,0.45,0.4,0.6
SIT00234,Site_Reliability_Engineer,Site Reliability Engineer (SRE),F,26-30,2,BSc,2.9,0.57,0.9025,0.9406,1.0,0.588,0.725,0.7999,0.7382,0.9578,0.87,1,3,0.15,0.4,0.45,0.25,0.3,0.45,0.4,0.6
SIT00235,Site_Reliability_Engineer,Site Reliability Engineer (SRE),F,22-25,2,BSc,9.2,0.659,0.9814,0.9387,0.9276,0.6236,1.0,0.9892,0.9387,0.9444,0.9421,1,2,0.15,0.4,0.45,0.25,0.3,0.45,0.4,0.6
SIT00236,Site_Reliability_Engineer,Site Reliability Engineer (SRE),F,22-25,2,BSc,8.8,0.563,0.8001,1.0,1.0,0.5852,1.0,0.8662,0.8776,0.95,0.921,1,3,0.15,0.4,0.45,0.25,0.3,0.45,0.4,0.6
SIT00237,Site_Reliability_Engineer,Site Reliability Engineer (SRE),M,41-45,2,BSc,6.1,0.739,0.9563,0.8518,1.0,0.6556,1.0,0.9401,0.9214,0.9446,0.9353,1,3,0.15,0.4,0.45,0.25,0.3,0.45,0.4,0.6
SIT00238,Site_Reliability_Engineer,Site Reliability Engineer (SRE),F,36-40,2,BSc,7.5,0.843,0.9674,0.9432,0.9623,0.6972,1.0,0.806,0.8673,0.9578,0.9216,1,3,0.15,0.4,0.45,0.25,0.3,0.45,0.4,0.6
SIT00239,Site_Reliability_Engineer,Site Reliability Engineer (SRE),F,36-40,2,BSc,7.2,0.66,0.7403,0.9396,0.9983,0.624,1.0,0.9016,0.8993,0.9162,0.9094,1,3,0.15,0.4,0.45,0.25,0.3,0.45,0.4,0.6
SIT00240,Site_Reliability_Engineer,Site Reliability Engineer (SRE),F,22-25,2,BSc,7.4,0.742,0.8298,0.7703,1.0,0.6568,1.0,0.8748,0.8922,0.8885,0.89,1,3,0.15,0.4,0.45,0.25,0.3,0.45,0.4,0.6
SIT00241,Site_Reliability_Engineer,Site Reliability Engineer (SRE),F,22-25,2,BSc,6.0,0.568,0.8207,0.8319,1.0,0.5872,1.0,0.6253,0.7695,0.9047,0.8506,1,2,0.15,0.4,0.45,0.25,0.3,0.45,0.4,0.6
SIT00242,Site_Reliability_Engineer,Site Reliability Engineer (SRE),F,41-45,3,MSc,4.5,0.9,0.7673,0.7657,0.9363,0.84,1.0,0.7672,0.8712,0.8429,0.8542,1,3,0.15,0.4,0.45,0.25,0.3,0.45,0.4,0.6
SIT00243,Site_Reliability_Engineer,Site Reliability Engineer (SRE),M,26-30,2,BSc,8.3,0.432,0.7131,1.0,1.0,0.5328,1.0,0.8091,0.844,0.9283,0.8946,1,3,0.15,0.4,0.45,0.25,0.3,0.45,0.4,0.6
SIT00244,Site_Reliability_Engineer,Site Reliability Engineer (SRE),F,36-40,2,BSc,7.3,0.693,0.8393,1.0,0.9988,0.6372,1.0,0.6827,0.8028,0.9593,0.8967,1,2,0.15,0.4,0.45,0.25,0.3,0.45,0.4,0.6
SIT00245,Site_Reliability_Engineer,Site Reliability Engineer (SRE),F,26-30,3,MSc,6.5,0.623,0.9384,0.8322,1.0,0.7292,1.0,0.8315,0.8836,0.9343,0.914,1,3,0.15,0.4,0.45,0.25,0.3,0.45,0.4,0.6
SIT00246,Site_Reliability_Engineer,Site Reliability Engineer (SRE),F,26-30,4,PhD,3.9,0.764,0.8146,0.9175,0.9939,0.9056,0.975,0.7016,0.8416,0.9262,0.8924,1,3,0.15,0.4,0.45,0.25,0.3,0.45,0.4,0.6
SIT00247,Site_Reliability_Engineer,Site Reliability Engineer (SRE),F,26-30,3,MSc,0.0,0.745,0.7633,0.788,0.8766,0.778,0.0,0.7207,0.441,0.8217,0.6694,0,0,0.15,0.4,0.45,0.25,0.3,0.45,0.4,0.6
SIT00248,Site_Reliability_Engineer,Site Reliability Engineer (SRE),M,36-40,3,MSc,5.0,0.824,0.9017,0.8399,1.0,0.8096,1.0,0.832,0.8958,0.9274,0.9148,1,3,0.15,0.4,0.45,0.25,0.3,0.45,0.4,0.6
SIT00249,Site_Reliability_Engineer,Site Reliability Engineer (SRE),M,26-30,2,BSc,6.3,0.646,0.6675,0.9024,0.8231,0.6184,1.0,0.7274,0.8201,0.808,0.8128,1,3,0.15,0.4,0.45,0.25,0.3,0.45,0.4,0.6
SIT00250,Site_Reliability_Engineer,Site Reliability Engineer (SRE),F,36-40,3,MSc,5.1,0.662,0.6959,0.9143,1.0,0.7448,1.0,0.8354,0.8877,0.8983,0.8941,1,3,0.15,0.4,0.45,0.25,0.3,0.45,0.4,0.6
SIT00251,Site_Reliability_Engineer,Site Reliability Engineer (SRE),M,22-25,2,BSc,7.1,0.43,0.8284,0.8412,0.9179,0.532,1.0,0.8793,0.8755,0.8725,0.8737,1,3,0.15,0.4,0.45,0.25,0.3,0.45,0.4,0.6
SIT00252,Site_Reliability_Engineer,Site Reliability Engineer (SRE),F,36-40,3,MSc,9.4,0.646,0.9788,0.9066,1.0,0.7384,1.0,0.7548,0.8504,0.9667,0.9202,1,3,0.15,0.4,0.45,0.25,0.3,0.45,0.4,0.6
SIT00253,Site_Reliability_Engineer,Site Reliability Engineer (SRE),F,26-30,2,BSc,5.5,0.733,0.8098,1.0,1.0,0.6532,1.0,0.9876,0.9424,0.9525,0.9485,1,3,0.15,0.4,0.45,0.25,0.3,0.45,0.4,0.6
SIT00254,Site_Reliability_Engineer,Site Reliability Engineer (SRE),F,31-35,2,BSc,4.2,0.574,0.7773,0.834,1.0,0.5896,1.0,0.9199,0.9024,0.8945,0.8977,1,3,0.15,0.4,0.45,0.25,0.3,0.45,0.4,0.6
SIT00255,Site_Reliability_Engineer,Site Reliability Engineer (SRE),M,26-30,2,BSc,4.0,0.625,0.8773,0.9449,0.9688,0.61,1.0,0.9613,0.9241,0.9388,0.9329,1,3,0.15,0.4,0.45,0.25,0.3,0.45,0.4,0.6
SIT00256,Site_Reliability_Engineer,Site Reliability Engineer (SRE),M,26-30,2,BSc,6.7,0.85,0.962,0.7973,1.0,0.7,1.0,0.8652,0.8943,0.9297,0.9155,1,3,0.15,0.4,0.45,0.25,0.3,0.45,0.4,0.6
SIT00257,Site_Reliability_Engineer,Site Reliability Engineer (SRE),M,31-35,3,MSc,6.9,0.573,0.9319,0.7845,1.0,0.7092,1.0,0.9438,0.9311,0.9183,0.9234,1,3,0.15,0.4,0.45,0.25,0.3,0.45,0.4,0.6
SIT00258,Site_Reliability_Engineer,Site Reliability Engineer (SRE),M,26-30,2,BSc,2.7,0.545,0.687,0.972,0.8989,0.578,0.675,0.7652,0.701,0.8679,0.8011,1,3,0.15,0.4,0.45,0.25,0.3,0.45,0.4,0.6
SIT00259,Site_Reliability_Engineer,Site Reliability Engineer (SRE),F,26-30,3,MSc,7.8,0.861,0.6668,0.7584,0.9838,0.8244,1.0,0.9158,0.9358,0.8369,0.8765,1,3,0.15,0.4,0.45,0.25,0.3,0.45,0.4,0.6
SIT00260,Site_Reliability_Engineer,Site Reliability Engineer (SRE),M,31-35,3,MSc,2.7,0.636,0.9527,0.6112,0.8967,0.7344,0.675,0.8071,0.7434,0.8251,0.7924,1,3,0.15,0.4,0.45,0.25,0.3,0.45,0.4,0.6
SIT00261,Site_Reliability_Engineer,Site Reliability Engineer (SRE),M,22-25,2,BSc,8.4,0.37,0.8324,0.875,1.0,0.508,1.0,1.0,0.9262,0.9206,0.9228,1,3,0.15,0.4,0.45,0.25,0.3,0.45,0.4,0.6
SIT00262,Site_Reliability_Engineer,Site Reliability Engineer (SRE),F,22-25,3,MSc,4.9,0.85,0.9081,0.9873,0.9315,0.82,1.0,0.8852,0.9213,0.9424,0.934,1,3,0.15,0.4,0.45,0.25,0.3,0.45,0.4,0.6
SIT00263,Site_Reliability_Engineer,Site Reliability Engineer (SRE),M,36-40,2,BSc,6.2,0.629,0.8098,0.6648,0.9134,0.6116,1.0,0.8209,0.8611,0.8129,0.8322,1,3,0.15,0.4,0.45,0.25,0.3,0.45,0.4,0.6
SIT00264,Site_Reliability_Engineer,Site Reliability Engineer (SRE),M,26-30,2,BSc,8.5,0.615,0.8579,0.8303,1.0,0.606,1.0,0.8225,0.861,0.9136,0.8926,1,3,0.15,0.4,0.45,0.25,0.3,0.45,0.4,0.6
SIT00265,Site_Reliability_Engineer,Site Reliability Engineer (SRE),F,41-45,2,BSc,7.4,0.643,0.6096,0.7663,0.8288,0.6172,1.0,0.9302,0.9112,0.7552,0.8176,1,3,0.15,0.4,0.45,0.25,0.3,0.45,0.4,0.6
SIT00266,Site_Reliability_Engineer,Site Reliability Engineer (SRE),M,31-35,2,BSc,2.6,0.866,0.9277,0.8938,0.8279,0.7064,0.65,0.7549,0.7057,0.8726,0.8058,1,3,0.15,0.4,0.45,0.25,0.3,0.45,0.4,0.6
SIT00267,Site_Reliability_Engineer,Site Reliability Engineer (SRE),F,36-40,2,BSc,6.2,0.72,1.0,0.8237,1.0,0.648,1.0,0.8763,0.8915,0.9471,0.9249,1,3,0.15,0.4,0.45,0.25,0.3,0.45,0.4,0.6
SIT00268,Site_Reliability_Engineer,Site Reliability Engineer (SRE),F,46+,3,MSc,4.8,0.846,0.8384,1.0,0.898,0.8184,1.0,0.7742,0.8712,0.9137,0.8967,1,3,0.15,0.4,0.45,0.25,0.3,0.45,0.4,0.6
SIT00269,Site_Reliability_Engineer,Site Reliability Engineer (SRE),M,36-40,2,BSc,12.0,0.897,0.9521,0.8761,1.0,0.7188,1.0,1.0,0.9578,0.9509,0.9537,1,3,0.15,0.4,0.45,0.25,0.3,0.45,0.4,0.6
SIT00270,Site_Reliability_Engineer,Site Reliability Engineer (SRE),F,22-25,3,MSc,5.7,0.573,0.8331,1.0,0.9712,0.7092,1.0,0.8935,0.9085,0.9453,0.9306,1,3,0.15,0.4,0.45,0.25,0.3,0.45,0.4,0.6
SIT00271,Site_Reliability_Engineer,Site Reliability Engineer (SRE),M,41-45,2,BSc,4.4,0.833,0.8802,0.8882,1.0,0.6932,1.0,0.782,0.8559,0.9365,0.9043,1,2,0.15,0.4,0.45,0.25,0.3,0.45,0.4,0.6
SIT00272,Site_Reliability_Engineer,Site Reliability Engineer (SRE),M,26-30,2,BSc,5.2,0.6,0.9188,0.915,1.0,0.6,1.0,0.7921,0.8464,0.9542,0.9111,1,3,0.15,0.4,0.45,0.25,0.3,0.45,0.4,0.6
SIT00273,Site_Reliability_Engineer,Site Reliability Engineer (SRE),M,26-30,4,PhD,5.5,0.606,0.8039,0.7213,0.9557,0.8424,1.0,0.7346,0.8569,0.8474,0.8512,1,3,0.15,0.4,0.45,0.25,0.3,0.45,0.4,0.6
SIT00274,Site_Reliability_Engineer,Site Reliability Engineer (SRE),F,31-35,2,BSc,9.1,0.675,0.9872,1.0,1.0,0.63,1.0,0.9766,0.934,0.9968,0.9717,1,3,0.15,0.4,0.45,0.25,0.3,0.45,0.4,0.6
SIT00275,Site_Reliability_Engineer,Site Reliability Engineer (SRE),F,22-25,2,BSc,4.4,0.7,0.7595,0.9413,1.0,0.64,1.0,0.8307,0.8698,0.9223,0.9013,1,3,0.15,0.4,0.45,0.25,0.3,0.45,0.4,0.6
SIT00276,Site_Reliability_Engineer,Site Reliability Engineer (SRE),F,31-35,2,BSc,7.3,0.738,0.898,0.811,1.0,0.6552,1.0,0.8415,0.877,0.9178,0.9015,1,3,0.15,0.4,0.45,0.25,0.3,0.45,0.4,0.6
SIT00277,Site_Reliability_Engineer,Site Reliability Engineer (SRE),F,26-30,2,BSc,5.2,0.547,0.7528,0.7756,0.9988,0.5788,1.0,0.7009,0.8022,0.8703,0.8431,1,3,0.15,0.4,0.45,0.25,0.3,0.45,0.4,0.6
SIT00278,Site_Reliability_Engineer,Site Reliability Engineer (SRE),F,22-25,2,BSc,9.6,0.568,0.9222,0.9021,1.0,0.5872,1.0,1.0,0.9381,0.9512,0.946,1,3,0.15,0.4,0.45,0.25,0.3,0.45,0.4,0.6
SIT00279,Site_Reliability_Engineer,Site Reliability Engineer (SRE),F,26-30,3,MSc,5.6,0.73,0.9732,0.8565,1.0,0.772,1.0,0.865,0.9051,0.9503,0.9322,1,3,0.15,0.4,0.45,0.25,0.3,0.45,0.4,0.6
SIT00280,Site_Reliability_Engineer,Site Reliability Engineer (SRE),M,22-25,2,BSc,3.5,0.574,0.78,0.6122,1.0,0.5896,0.875,0.7825,0.7906,0.8287,0.8135,1,3,0.15,0.4,0.45,0.25,0.3,0.45,0.4,0.6
SIT00281,Site_Reliability_Engineer,Site Reliability Engineer (SRE),F,26-30,2,BSc,2.3,0.649,0.7672,0.5881,0.8372,0.6196,0.575,0.6512,0.616,0.745,0.6934,1,3,0.15,0.4,0.45,0.25,0.3,0.45,0.4,0.6
SIT00282,Site_Reliability_Engineer,Site Reliability Engineer (SRE),M,36-40,2,BSc,6.3,0.676,0.9841,0.9703,0.9919,0.6304,1.0,0.9107,0.9044,0.9835,0.9519,1,3,0.15,0.4,0.45,0.25,0.3,0.45,0.4,0.6
SIT00283,Site_Reliability_Engineer,Site Reliability Engineer (SRE),F,31-35,2,BSc,6.2,0.678,0.9381,0.9999,1.0,0.6312,1.0,0.8672,0.8849,0.9845,0.9447,1,3,0.15,0.4,0.45,0.25,0.3,0.45,0.4,0.6
SIT00284,Site_Reliability_Engineer,Site Reliability Engineer (SRE),F,22-25,3,MSc,6.4,0.782,0.9173,0.673,1.0,0.7928,1.0,0.7224,0.844,0.8812,0.8663,1,3,0.15,0.4,0.45,0.25,0.3,0.45,0.4,0.6
SIT00285,Site_Reliability_Engineer,Site Reliability Engineer (SRE),M,31-35,3,MSc,6.5,0.792,1.0,0.8637,1.0,0.7968,1.0,0.7131,0.8404,0.9591,0.9116,1,3,0.15,0.4,0.45,0.25,0.3,0.45,0.4,0.6
SIT00286,Site_Reliability_Engineer,Site Reliability Engineer (SRE),M,26-30,3,MSc,3.8,0.739,0.9111,0.9782,1.0,0.7756,0.95,0.8249,0.8675,0.9712,0.9297,1,3,0.15,0.4,0.45,0.25,0.3,0.45,0.4,0.6
SIT00287,Site_Reliability_Engineer,Site Reliability Engineer (SRE),F,31-35,2,BSc,6.7,0.806,0.9397,1.0,0.8773,0.6824,1.0,0.8908,0.9032,0.9297,0.9191,1,3,0.15,0.4,0.45,0.25,0.3,0.45,0.4,0.6
SIT00288,Site_Reliability_Engineer,Site Reliability Engineer (SRE),F,22-25,4,PhD,10.5,0.844,1.0,1.0,0.9997,0.9376,1.0,0.9234,0.9562,0.9999,0.9824,1,3,0.15,0.4,0.45,0.25,0.3,0.45,0.4,0.6
SIT00289,Site_Reliability_Engineer,Site Reliability Engineer (SRE),F,26-30,2,BSc,8.8,0.591,0.7535,0.8214,1.0,0.5964,1.0,1.0,0.9395,0.8848,0.9067,1,3,0.15,0.4,0.45,0.25,0.3,0.45,0.4,0.6
SIT00290,Site_Reliability_Engineer,Site Reliability Engineer (SRE),M,41-45,2,BSc,4.3,0.782,0.8285,1.0,0.9605,0.6728,1.0,0.8844,0.8989,0.9394,0.9232,1,3,0.15,0.4,0.45,0.25,0.3,0.45,0.4,0.6
SIT00291,Site_Reliability_Engineer,Site Reliability Engineer (SRE),M,22-25,3,MSc,5.2,0.622,0.8066,0.7339,1.0,0.7288,1.0,0.8247,0.8804,0.8718,0.8752,1,3,0.15,0.4,0.45,0.25,0.3,0.45,0.4,0.6
SIT00292,Site_Reliability_Engineer,Site Reliability Engineer (SRE),F,26-30,3,MSc,3.7,0.828,0.9195,0.8214,0.7911,0.8112,0.925,0.6656,0.7912,0.8323,0.8159,1,2,0.15,0.4,0.45,0.25,0.3,0.45,0.4,0.6
SIT00293,Site_Reliability_Engineer,Site Reliability Engineer (SRE),F,26-30,3,MSc,4.7,0.851,0.8861,0.8497,1.0,0.8204,1.0,0.9191,0.9367,0.9264,0.9305,1,3,0.15,0.4,0.45,0.25,0.3,0.45,0.4,0.6
SIT00294,Site_Reliability_Engineer,Site Reliability Engineer (SRE),M,31-35,2,BSc,4.3,0.67,0.7805,0.9189,1.0,0.628,1.0,0.7375,0.8261,0.9208,0.8829,1,3,0.15,0.4,0.45,0.25,0.3,0.45,0.4,0.6
SIT00295,Site_Reliability_Engineer,Site Reliability Engineer (SRE),M,26-30,2,BSc,6.0,0.643,0.7954,0.6931,0.979,0.6172,1.0,0.9693,0.9288,0.8473,0.8799,1,3,0.15,0.4,0.45,0.25,0.3,0.45,0.4,0.6
SIT00296,Site_Reliability_Engineer,Site Reliability Engineer (SRE),M,31-35,3,MSc,4.2,0.753,0.8631,0.9397,1.0,0.7812,1.0,0.9268,0.9342,0.9477,0.9423,1,3,0.15,0.4,0.45,0.25,0.3,0.45,0.4,0.6
SIT00297,Site_Reliability_Engineer,Site Reliability Engineer (SRE),M,26-30,4,PhD,4.5,0.826,0.7323,0.8431,0.822,0.9304,1.0,0.7913,0.8956,0.8059,0.8418,1,3,0.15,0.4,0.45,0.25,0.3,0.45,0.4,0.6
SIT00298,Site_Reliability_Engineer,Site Reliability Engineer (SRE),M,26-30,4,PhD,9.1,0.767,0.7203,0.8279,0.9231,0.9068,1.0,0.9316,0.9552,0.8438,0.8884,1,3,0.15,0.4,0.45,0.25,0.3,0.45,0.4,0.6
SIT00299,Site_Reliability_Engineer,Site Reliability Engineer (SRE),F,26-30,3,MSc,8.8,0.482,0.7831,0.9994,1.0,0.6728,1.0,1.0,0.9509,0.9456,0.9477,1,2,0.15,0.4,0.45,0.25,0.3,0.45,0.4,0.6
SIT00300,Site_Reliability_Engineer,Site Reliability Engineer (SRE),F,26-30,3,MSc,2.5,0.629,0.6426,0.7101,0.9387,0.7316,0.625,0.6502,0.6523,0.7961,0.7386,1,2,0.15,0.4,0.45,0.25,0.3,0.45,0.4,0.6
SIT00301,Site_Reliability_Engineer,Site Reliability Engineer (SRE),F,36-40,2,BSc,8.8,0.879,0.7643,0.9314,1.0,0.7116,1.0,0.724,0.8325,0.9205,0.8853,1,3,0.15,0.4,0.45,0.25,0.3,0.45,0.4,0.6
SIT00302,Site_Reliability_Engineer,Site Reliability Engineer (SRE),M,36-40,2,BSc,5.4,0.421,0.801,0.9053,1.0,0.5284,1.0,1.0,0.9293,0.9218,0.9248,1,3,0.15,0.4,0.45,0.25,0.3,0.45,0.4,0.6
SIT00303,Site_Reliability_Engineer,Site Reliability Engineer (SRE),M,36-40,2,BSc,6.2,0.718,0.8871,0.8497,0.9233,0.6472,1.0,0.6842,0.805,0.8922,0.8573,1,2,0.15,0.4,0.45,0.25,0.3,0.45,0.4,0.6
SIT00304,Site_Reliability_Engineer,Site Reliability Engineer (SRE),F,26-30,2,BSc,2.6,0.687,0.7601,0.8003,0.73,0.6348,0.65,0.7461,0.691,0.7586,0.7316,1,2,0.15,0.4,0.45,0.25,0.3,0.45,0.4,0.6
SIT00305,Site_Reliability_Engineer,Site Reliability Engineer (SRE),F,36-40,3,MSc,6.4,0.627,1.0,0.8109,0.9906,0.7308,1.0,0.8812,0.9062,0.939,0.9259,1,3,0.15,0.4,0.45,0.25,0.3,0.45,0.4,0.6
SIT00306,Site_Reliability_Engineer,Site Reliability Engineer (SRE),F,31-35,4,PhD,4.6,0.779,0.9656,0.9314,0.9454,0.9116,1.0,0.952,0.9651,0.9463,0.9538,1,3,0.15,0.4,0.45,0.25,0.3,0.45,0.4,0.6
SIT00307,Site_Reliability_Engineer,Site Reliability Engineer (SRE),F,36-40,2,BSc,3.5,0.834,1.0,0.8763,1.0,0.6936,0.875,0.8249,0.8252,0.9629,0.9078,1,3,0.15,0.4,0.45,0.25,0.3,0.45,0.4,0.6
SIT00308,Site_Reliability_Engineer,Site Reliability Engineer (SRE),M,36-40,2,BSc,8.8,0.624,0.7156,0.8208,1.0,0.6096,1.0,0.9784,0.9317,0.8751,0.8977,1,3,0.15,0.4,0.45,0.25,0.3,0.45,0.4,0.6
SIT00309,Site_Reliability_Engineer,Site Reliability Engineer (SRE),F,31-35,2,BSc,0.3,0.7,0.902,0.7182,0.7327,0.64,0.075,0.8136,0.4921,0.7707,0.6593,0,0,0.15,0.4,0.45,0.25,0.3,0.45,0.4,0.6
SIT00310,Site_Reliability_Engineer,Site Reliability Engineer (SRE),M,36-40,2,BSc,4.0,0.598,1.0,0.9368,0.9145,0.5992,1.0,0.9638,0.9236,0.9426,0.935,1,2,0.15,0.4,0.45,0.25,0.3,0.45,0.4,0.6
SIT00311,Site_Reliability_Engineer,Site Reliability Engineer (SRE),M,31-35,3,MSc,8.7,0.802,0.9418,1.0,1.0,0.8008,1.0,0.9833,0.9626,0.9854,0.9763,1,3,0.15,0.4,0.45,0.25,0.3,0.45,0.4,0.6
SIT00312,Site_Reliability_Engineer,Site Reliability Engineer (SRE),F,31-35,2,BSc,0.1,0.751,0.9126,0.8069,1.0,0.6604,0.025,0.6861,0.4178,0.9202,0.7192,0,0,0.15,0.4,0.45,0.25,0.3,0.45,0.4,0.6
SIT00313,Site_Reliability_Engineer,Site Reliability Engineer (SRE),M,31-35,2,BSc,3.9,0.789,0.8184,0.6754,0.9243,0.6756,0.975,0.6572,0.7871,0.8232,0.8088,1,2,0.15,0.4,0.45,0.25,0.3,0.45,0.4,0.6
SIT00314,Site_Reliability_Engineer,Site Reliability Engineer (SRE),M,36-40,3,MSc,5.4,0.504,1.0,0.7994,1.0,0.6816,1.0,0.7783,0.8525,0.9398,0.9049,1,3,0.15,0.4,0.45,0.25,0.3,0.45,0.4,0.6
SIT00315,Site_Reliability_Engineer,Site Reliability Engineer (SRE),M,22-25,2,BSc,6.0,0.652,0.7815,0.9822,0.8644,0.6208,1.0,0.7662,0.8379,0.879,0.8626,1,3,0.15,0.4,0.45,0.25,0.3,0.45,0.4,0.6
SIT00316,Site_Reliability_Engineer,Site Reliability Engineer (SRE),F,31-35,3,MSc,2.8,0.806,0.7816,0.6617,0.8684,0.8024,0.7,0.7083,0.7191,0.7847,0.7585,1,3,0.15,0.4,0.45,0.25,0.3,0.45,0.4,0.6
SIT00317,Site_Reliability_Engineer,Site Reliability Engineer (SRE),F,26-30,4,PhD,5.6,0.771,0.958,1.0,1.0,0.9084,1.0,0.9608,0.9686,0.9895,0.9811,1,3,0.15,0.4,0.45,0.25,0.3,0.45,0.4,0.6
SIT00318,Site_Reliability_Engineer,Site Reliability Engineer (SRE),F,22-25,2,BSc,5.2,0.619,0.6286,0.8975,0.9063,0.6076,1.0,0.8116,0.8564,0.8342,0.8431,1,3,0.15,0.4,0.45,0.25,0.3,0.45,0.4,0.6
SIT00319,Site_Reliability_Engineer,Site Reliability Engineer (SRE),F,36-40,4,PhD,8.4,0.642,0.8761,0.9627,0.9997,0.8568,1.0,0.8922,0.93,0.9577,0.9466,1,3,0.15,0.4,0.45,0.25,0.3,0.45,0.4,0.6
SIT00320,Site_Reliability_Engineer,Site Reliability Engineer (SRE),F,31-35,2,BSc,7.4,0.684,0.8243,1.0,1.0,0.6336,1.0,0.8937,0.8972,0.9561,0.9325,1,3,0.15,0.4,0.45,0.25,0.3,0.45,0.4,0.6
SIT00321,Site_Reliability_Engineer,Site Reliability Engineer (SRE),F,46+,3,MSc,3.1,0.732,0.8329,0.6806,0.626,0.7728,0.775,0.6339,0.7112,0.6941,0.7009,1,2,0.15,0.4,0.45,0.25,0.3,0.45,0.4,0.6
SIT00322,Site_Reliability_Engineer,Site Reliability Engineer (SRE),M,31-35,2,BSc,5.8,0.539,0.9527,0.8157,1.0,0.5756,1.0,0.5527,0.7351,0.9329,0.8538,1,2,0.15,0.4,0.45,0.25,0.3,0.45,0.4,0.6
SIT00323,Site_Reliability_Engineer,Site Reliability Engineer (SRE),F,46+,3,MSc,5.6,0.71,0.6516,0.8291,1.0,0.764,1.0,0.9198,0.9285,0.8616,0.8884,1,3,0.15,0.4,0.45,0.25,0.3,0.45,0.4,0.6
SIT00324,Site_Reliability_Engineer,Site Reliability Engineer (SRE),F,22-25,2,BSc,5.3,0.79,0.967,0.7977,1.0,0.676,1.0,0.9439,0.9262,0.9311,0.9291,1,3,0.15,0.4,0.45,0.25,0.3,0.45,0.4,0.6
SIT00325,Site_Reliability_Engineer,Site Reliability Engineer (SRE),M,41-45,2,BSc,1.9,0.89,0.8504,0.7199,1.0,0.716,0.475,0.8254,0.6688,0.8786,0.7947,0,3,0.15,0.4,0.45,0.25,0.3,0.45,0.4,0.6
SIT00326,Site_Reliability_Engineer,Site Reliability Engineer (SRE),F,22-25,2,BSc,8.9,0.537,0.9151,0.8456,1.0,0.5748,1.0,0.752,0.8246,0.9325,0.8893,1,3,0.15,0.4,0.45,0.25,0.3,0.45,0.4,0.6
SIT00327,Site_Reliability_Engineer,Site Reliability Engineer (SRE),F,26-30,2,BSc,1.1,0.728,0.4196,0.829,1.0,0.6512,0.275,0.7858,0.5613,0.8036,0.7067,0,2,0.15,0.4,0.45,0.25,0.3,0.45,0.4,0.6
SIT00328,Site_Reliability_Engineer,Site Reliability Engineer (SRE),F,22-25,2,BSc,0.8,0.481,0.6019,0.6355,0.8342,0.5524,0.2,0.4956,0.3859,0.7165,0.5843,0,1,0.15,0.4,0.45,0.25,0.3,0.45,0.4,0.6
SIT00329,Site_Reliability_Engineer,Site Reliability Engineer (SRE),F,26-30,2,BSc,8.0,0.825,0.8519,1.0,1.0,0.69,1.0,0.8301,0.877,0.963,0.9286,1,3,0.15,0.4,0.45,0.25,0.3,0.45,0.4,0.6
SIT00330,Site_Reliability_Engineer,Site Reliability Engineer (SRE),M,26-30,3,MSc,0.6,0.595,0.7547,0.6313,0.9273,0.718,0.15,0.6774,0.4725,0.7954,0.6662,0,2,0.15,0.4,0.45,0.25,0.3,0.45,0.4,0.6
SIT00331,Site_Reliability_Engineer,Site Reliability Engineer (SRE),F,26-30,2,BSc,8.9,0.716,0.8522,0.918,1.0,0.6464,1.0,0.8067,0.86,0.9385,0.9071,1,3,0.15,0.4,0.45,0.25,0.3,0.45,0.4,0.6
SIT00332,Site_Reliability_Engineer,Site Reliability Engineer (SRE),M,31-35,3,MSc,7.8,0.834,0.9953,0.9145,0.8958,0.8136,1.0,0.8644,0.911,0.9263,0.9202,1,3,0.15,0.4,0.45,0.25,0.3,0.45,0.4,0.6
SIT00333,Site_Reliability_Engineer,Site Reliability Engineer (SRE),F,22-25,2,BSc,4.3,0.758,0.9086,0.9353,0.9492,0.6632,1.0,0.6767,0.804,0.9349,0.8825,1,2,0.15,0.4,0.45,0.25,0.3,0.45,0.4,0.6
SIT00334,Site_Reliability_Engineer,Site Reliability Engineer (SRE),F,31-35,3,MSc,3.0,0.727,0.6779,0.5888,0.8618,0.7708,0.75,0.6499,0.7081,0.7339,0.7236,1,2,0.15,0.4,0.45,0.25,0.3,0.45,0.4,0.6
SIT00335,Site_Reliability_Engineer,Site Reliability Engineer (SRE),F,26-30,3,MSc,4.8,0.756,0.7196,0.9029,1.0,0.7824,1.0,0.8483,0.8991,0.9008,0.9001,1,3,0.15,0.4,0.45,0.25,0.3,0.45,0.4,0.6
SIT00336,Site_Reliability_Engineer,Site Reliability Engineer (SRE),M,36-40,2,BSc,5.1,0.776,0.8343,0.7647,1.0,0.6704,1.0,0.8276,0.873,0.888,0.882,1,3,0.15,0.4,0.45,0.25,0.3,0.45,0.4,0.6
SIT00337,Site_Reliability_Engineer,Site Reliability Engineer (SRE),M,36-40,2,BSc,5.7,0.604,0.7133,0.912,0.9313,0.6016,1.0,0.6949,0.8029,0.871,0.8438,1,2,0.15,0.4,0.45,0.25,0.3,0.45,0.4,0.6
SIT00338,Site_Reliability_Engineer,Site Reliability Engineer (SRE),M,31-35,2,BSc,4.2,0.681,0.8639,1.0,0.9297,0.6324,1.0,0.774,0.8432,0.9343,0.8979,1,3,0.15,0.4,0.45,0.25,0.3,0.45,0.4,0.6
SIT00339,Site_Reliability_Engineer,Site Reliability Engineer (SRE),F,41-45,2,BSc,6.2,0.643,0.8837,1.0,0.9576,0.6172,1.0,0.97,0.9291,0.9518,0.9427,1,3,0.15,0.4,0.45,0.25,0.3,0.45,0.4,0.6
SIT00340,Site_Reliability_Engineer,Site Reliability Engineer (SRE),F,26-30,3,MSc,8.0,1.0,0.8656,0.8086,1.0,0.88,1.0,0.9038,0.9387,0.909,0.9209,1,3,0.15,0.4,0.45,0.25,0.3,0.45,0.4,0.6
SIT00341,Site_Reliability_Engineer,Site Reliability Engineer (SRE),M,36-40,2,BSc,12.7,0.692,0.9577,0.892,1.0,0.6368,1.0,0.8291,0.8686,0.957,0.9216,1,3,0.15,0.4,0.45,0.25,0.3,0.45,0.4,0.6
SIT00342,Site_Reliability_Engineer,Site Reliability Engineer (SRE),M,26-30,2,BSc,4.7,0.655,0.5788,0.6338,0.8928,0.622,1.0,0.696,0.8065,0.7366,0.7646,1,2,0.15,0.4,0.45,0.25,0.3,0.45,0.4,0.6
SIT00343,Site_Reliability_Engineer,Site Reliability Engineer (SRE),F,36-40,2,BSc,6.5,0.63,0.9011,0.9759,0.8383,0.612,1.0,0.9303,0.9104,0.8953,0.9013,1,3,0.15,0.4,0.45,0.25,0.3,0.45,0.4,0.6
SIT00344,Site_Reliability_Engineer,Site Reliability Engineer (SRE),F,36-40,2,BSc,5.7,0.435,0.757,0.8541,1.0,0.534,1.0,0.862,0.868,0.8955,0.8845,1,3,0.15,0.4,0.45,0.25,0.3,0.45,0.4,0.6
SIT00345,Site_Reliability_Engineer,Site Reliability Engineer (SRE),M,26-30,2,BSc,3.2,0.506,1.0,0.9633,0.8776,0.5624,0.8,0.6061,0.6771,0.9339,0.8312,1,2,0.15,0.4,0.45,0.25,0.3,0.45,0.4,0.6
SIT00346,Site_Reliability_Engineer,Site Reliability Engineer (SRE),F,36-40,3,MSc,3.3,0.838,0.8628,1.0,0.9207,0.8152,0.825,0.9459,0.8779,0.93,0.9092,1,3,0.15,0.4,0.45,0.25,0.3,0.45,0.4,0.6
SIT00347,Site_Reliability_Engineer,Site Reliability Engineer (SRE),M,22-25,3,MSc,1.8,0.795,0.9389,0.7232,0.8956,0.798,0.45,0.9296,0.718,0.8547,0.8,0,3,0.15,0.4,0.45,0.25,0.3,0.45,0.4,0.6
SIT00348,Site_Reliability_Engineer,Site Reliability Engineer (SRE),F,31-35,3,MSc,5.5,0.583,0.7832,0.8048,1.0,0.7132,1.0,0.8835,0.9046,0.8872,0.8942,1,3,0.15,0.4,0.45,0.25,0.3,0.45,0.4,0.6
SIT00349,Site_Reliability_Engineer,Site Reliability Engineer (SRE),F,31-35,2,BSc,8.2,0.671,0.9169,0.8185,1.0,0.6284,1.0,0.862,0.8822,0.9248,0.9078,1,3,0.15,0.4,0.45,0.25,0.3,0.45,0.4,0.6
SIT00350,Site_Reliability_Engineer,Site Reliability Engineer (SRE),F,26-30,2,BSc,4.8,0.7,1.0,0.822,1.0,0.64,1.0,0.7569,0.8366,0.9466,0.9026,1,3,0.15,0.4,0.45,0.25,0.3,0.45,0.4,0.6
SIT00351,Site_Reliability_Engineer,Site Reliability Engineer (SRE),M,26-30,3,MSc,6.0,0.824,0.8463,0.9898,1.0,0.8096,1.0,0.7976,0.8804,0.9585,0.9273,1,3,0.15,0.4,0.45,0.25,0.3,0.45,0.4,0.6
SIT00352,Site_Reliability_Engineer,Site Reliability Engineer (SRE),M,26-30,2,BSc,8.9,0.769,0.7412,0.6783,1.0,0.6676,1.0,0.7506,0.8379,0.8388,0.8384,1,3,0.15,0.4,0.45,0.25,0.3,0.45,0.4,0.6
SIT00353,Site_Reliability_Engineer,Site Reliability Engineer (SRE),M,31-35,3,MSc,5.3,0.755,0.9082,0.7983,1.0,0.782,1.0,0.8275,0.8897,0.9165,0.9058,1,3,0.15,0.4,0.45,0.25,0.3,0.45,0.4,0.6
SIT00354,Site_Reliability_Engineer,Site Reliability Engineer (SRE),F,41-45,2,BSc,4.7,0.676,0.8623,0.7287,0.9282,0.6304,1.0,0.7548,0.8342,0.8519,0.8448,1,3,0.15,0.4,0.45,0.25,0.3,0.45,0.4,0.6
SIT00355,Site_Reliability_Engineer,Site Reliability Engineer (SRE),F,26-30,4,PhD,6.9,0.667,0.8578,0.8248,1.0,0.8668,1.0,0.8286,0.9029,0.9119,0.9083,1,3,0.15,0.4,0.45,0.25,0.3,0.45,0.4,0.6
SIT00356,Site_Reliability_Engineer,Site Reliability Engineer (SRE),M,26-30,3,MSc,0.0,0.69,0.7218,0.7855,0.8004,0.756,0.0,0.7039,0.4302,0.7763,0.6379,0,0,0.15,0.4,0.45,0.25,0.3,0.45,0.4,0.6
SIT00357,Site_Reliability_Engineer,Site Reliability Engineer (SRE),F,31-35,2,BSc,3.9,0.892,0.8598,0.664,0.799,0.7168,0.975,0.951,0.9255,0.7737,0.8344,1,3,0.15,0.4,0.45,0.25,0.3,0.45,0.4,0.6
SIT00358,Site_Reliability_Engineer,Site Reliability Engineer (SRE),F,22-25,3,MSc,5.4,0.704,0.7046,1.0,1.0,0.7616,1.0,0.9557,0.9443,0.9262,0.9334,1,3,0.15,0.4,0.45,0.25,0.3,0.45,0.4,0.6
SIT00359,Site_Reliability_Engineer,Site Reliability Engineer (SRE),M,22-25,3,MSc,6.5,0.775,1.0,1.0,1.0,0.79,1.0,0.9131,0.9294,1.0,0.9718,1,3,0.15,0.4,0.45,0.25,0.3,0.45,0.4,0.6
SIT00360,Site_Reliability_Engineer,Site Reliability Engineer (SRE),F,26-30,2,BSc,2.4,0.723,0.8348,0.9532,0.7757,0.6492,0.6,0.845,0.7176,0.8437,0.7933,1,3,0.15,0.4,0.45,0.25,0.3,0.45,0.4,0.6
SIT00361,Site_Reliability_Engineer,Site Reliability Engineer (SRE),M,46+,2,BSc,3.1,0.587,0.7655,1.0,1.0,0.5948,0.775,0.8285,0.772,0.9414,0.8736,1,3,0.15,0.4,0.45,0.25,0.3,0.45,0.4,0.6
SIT00362,Site_Reliability_Engineer,Site Reliability Engineer (SRE),M,31-35,3,MSc,6.4,0.685,0.957,0.7668,0.8556,0.754,1.0,0.8574,0.8989,0.8543,0.8721,1,3,0.15,0.4,0.45,0.25,0.3,0.45,0.4,0.6
SIT00363,Site_Reliability_Engineer,Site Reliability Engineer (SRE),M,22-25,2,BSc,3.8,0.487,0.7627,0.5522,1.0,0.5548,0.95,0.4992,0.6879,0.8063,0.7589,1,2,0.15,0.4,0.45,0.25,0.3,0.45,0.4,0.6
SIT00364,Site_Reliability_Engineer,Site Reliability Engineer (SRE),M,26-30,2,BSc,6.4,0.549,0.7775,0.8993,1.0,0.5796,1.0,0.7643,0.8309,0.9142,0.8809,1,3,0.15,0.4,0.45,0.25,0.3,0.45,0.4,0.6
SIT00365,Site_Reliability_Engineer,Site Reliability Engineer (SRE),M,31-35,4,PhD,3.1,0.92,0.819,0.896,0.7555,0.968,0.775,0.8486,0.8371,0.8135,0.8229,1,3,0.15,0.4,0.45,0.25,0.3,0.45,0.4,0.6
SIT00366,Site_Reliability_Engineer,Site Reliability Engineer (SRE),M,22-25,1,Diploma,3.5,0.73,0.7718,0.8191,0.8744,0.532,0.875,0.5787,0.6902,0.8322,0.7754,0,0,0.15,0.4,0.45,0.25,0.3,0.45,0.4,0.6
SIT00367,Site_Reliability_Engineer,Site Reliability Engineer (SRE),F,31-35,2,BSc,3.5,0.598,0.9317,1.0,0.9231,0.5992,0.875,0.9004,0.8451,0.9483,0.907,1,3,0.15,0.4,0.45,0.25,0.3,0.45,0.4,0.6
SIT00368,Site_Reliability_Engineer,Site Reliability Engineer (SRE),F,22-25,2,BSc,5.4,0.541,0.9104,0.8414,0.9769,0.5764,1.0,0.9507,0.9143,0.9196,0.9175,1,3,0.15,0.4,0.45,0.25,0.3,0.45,0.4,0.6
SIT00369,Site_Reliability_Engineer,Site Reliability Engineer (SRE),F,22-25,3,MSc,8.4,0.761,0.8906,1.0,0.9931,0.7844,1.0,0.8958,0.9208,0.9695,0.95,1,3,0.15,0.4,0.45,0.25,0.3,0.45,0.4,0.6
SIT00370,Site_Reliability_Engineer,Site Reliability Engineer (SRE),M,26-30,2,BSc,8.1,0.654,0.896,1.0,1.0,0.6216,1.0,0.969,0.9293,0.974,0.9561,1,3,0.15,0.4,0.45,0.25,0.3,0.45,0.4,0.6
SIT00371,Site_Reliability_Engineer,Site Reliability Engineer (SRE),F,41-45,2,BSc,0.0,0.606,1.0,0.5418,1.0,0.6024,0.0,0.5364,0.3317,0.8625,0.6502,0,0,0.15,0.4,0.45,0.25,0.3,0.45,0.4,0.6
SIT00372,Site_Reliability_Engineer,Site Reliability Engineer (SRE),F,36-40,2,BSc,6.8,0.628,0.8713,0.7572,0.971,0.6112,1.0,0.9211,0.9062,0.8819,0.8916,1,3,0.15,0.4,0.45,0.25,0.3,0.45,0.4,0.6
SIT00373,Site_Reliability_Engineer,Site Reliability Engineer (SRE),M,26-30,3,MSc,6.7,0.697,1.0,0.9601,1.0,0.7588,1.0,1.0,0.9638,0.988,0.9783,1,3,0.15,0.4,0.45,0.25,0.3,0.45,0.4,0.6
SIT00374,Site_Reliability_Engineer,Site Reliability Engineer (SRE),M,36-40,3,MSc,3.3,0.693,0.9623,0.6151,0.9802,0.7572,0.825,0.6509,0.7365,0.8662,0.8143,1,1,0.15,0.4,0.45,0.25,0.3,0.45,0.4,0.6
SIT00375,Site_Reliability_Engineer,Site Reliability Engineer (SRE),F,31-35,2,BSc,0.0,0.641,0.5271,0.9066,0.9687,0.6164,0.0,0.5678,0.348,0.8397,0.643,0,0,0.15,0.4,0.45,0.25,0.3,0.45,0.4,0.6
SIT00376,Site_Reliability_Engineer,Site Reliability Engineer (SRE),M,36-40,3,MSc,6.3,0.809,1.0,0.7819,1.0,0.8036,1.0,0.9102,0.9301,0.9346,0.9328,1,3,0.15,0.4,0.45,0.25,0.3,0.45,0.4,0.6
SIT00377,Site_Reliability_Engineer,Site Reliability Engineer (SRE),F,22-25,3,MSc,6.9,0.623,0.7021,1.0,0.9795,0.7292,1.0,0.6933,0.8214,0.9163,0.8783,1,2,0.15,0.4,0.45,0.25,0.3,0.45,0.4,0.6
SIT00378,Site_Reliability_Engineer,Site Reliability Engineer (SRE),M,31-35,2,BSc,3.4,0.73,0.8945,0.9973,0.8659,0.652,0.85,0.8547,0.8224,0.9125,0.8765,1,3,0.15,0.4,0.45,0.25,0.3,0.45,0.4,0.6
SIT00379,Site_Reliability_Engineer,Site Reliability Engineer (SRE),F,41-45,2,BSc,4.9,0.715,0.8779,0.8266,1.0,0.646,1.0,1.0,0.9469,0.9175,0.9293,1,3,0.15,0.4,0.45,0.25,0.3,0.45,0.4,0.6
SIT00380,Site_Reliability_Engineer,Site Reliability Engineer (SRE),F,26-30,2,BSc,6.1,0.87,0.7864,0.8938,0.7889,0.708,1.0,0.7949,0.8639,0.8197,0.8374,1,3,0.15,0.4,0.45,0.25,0.3,0.45,0.4,0.6
SIT00381,Site_Reliability_Engineer,Site Reliability Engineer (SRE),M,41-45,2,BSc,4.6,0.794,0.7793,1.0,0.9589,0.6776,1.0,0.6296,0.785,0.9263,0.8698,1,2,0.15,0.4,0.45,0.25,0.3,0.45,0.4,0.6
SIT00382,Site_Reliability_Engineer,Site Reliability Engineer (SRE),F,22-25,2,BSc,6.8,0.822,0.8022,0.9645,1.0,0.6888,1.0,0.814,0.8696,0.9399,0.9118,1,3,0.15,0.4,0.45,0.25,0.3,0.45,0.4,0.6
SIT00383,Site_Reliability_Engineer,Site Reliability Engineer (SRE),M,26-30,2,BSc,5.2,0.679,0.921,0.9895,0.8936,0.6316,1.0,0.6675,0.7951,0.9292,0.8756,1,2,0.15,0.4,0.45,0.25,0.3,0.45,0.4,0.6
SIT00384,Site_Reliability_Engineer,Site Reliability Engineer (SRE),F,26-30,2,BSc,7.9,0.724,0.8486,0.9572,1.0,0.6496,1.0,0.9402,0.9205,0.9493,0.9378,1,3,0.15,0.4,0.45,0.25,0.3,0.45,0.4,0.6
SIT00385,Site_Reliability_Engineer,Site Reliability Engineer (SRE),M,36-40,1,Diploma,2.5,0.619,0.8879,0.7326,0.6864,0.4876,0.625,0.7006,0.6384,0.7506,0.7057,0,0,0.15,0.4,0.45,0.25,0.3,0.45,0.4,0.6
SIT00386,Site_Reliability_Engineer,Site Reliability Engineer (SRE),M,22-25,3,MSc,0.7,0.647,1.0,0.8924,1.0,0.7388,0.175,0.7677,0.5263,0.9677,0.7911,0,3,0.15,0.4,0.45,0.25,0.3,0.45,0.4,0.6
SIT00387,Site_Reliability_Engineer,Site Reliability Engineer (SRE),M,31-35,3,MSc,7.6,0.66,0.7574,1.0,0.8922,0.744,1.0,0.7693,0.8578,0.8908,0.8776,1,3,0.15,0.4,0.45,0.25,0.3,0.45,0.4,0.6
SIT00388,Site_Reliability_Engineer,Site Reliability Engineer (SRE),M,26-30,3,MSc,8.3,0.639,0.5863,0.8622,1.0,0.7356,1.0,0.8206,0.8796,0.8552,0.865,1,3,0.15,0.4,0.45,0.25,0.3,0.45,0.4,0.6
SIT00389,Site_Reliability_Engineer,Site Reliability Engineer (SRE),F,22-25,2,BSc,2.9,0.748,0.9651,1.0,0.9533,0.6592,0.725,0.7993,0.7486,0.9703,0.8816,1,3,0.15,0.4,0.45,0.25,0.3,0.45,0.4,0.6
SIT00390,Site_Reliability_Engineer,Site Reliability Engineer (SRE),M,22-25,3,MSc,7.5,0.6,1.0,0.8672,1.0,0.72,1.0,0.8815,0.9047,0.9602,0.938,1,3,0.15,0.4,0.45,0.25,0.3,0.45,0.4,0.6
SIT00391,Site_Reliability_Engineer,Site Reliability Engineer (SRE),M,26-30,3,MSc,5.6,0.627,0.6122,0.8006,1.0,0.7308,1.0,0.7311,0.8386,0.8432,0.8414,1,3,0.15,0.4,0.45,0.25,0.3,0.45,0.4,0.6
SIT00392,Site_Reliability_Engineer,Site Reliability Engineer (SRE),M,22-25,2,BSc,7.8,0.485,0.8055,0.9931,1.0,0.554,1.0,0.6962,0.7964,0.9493,0.8881,1,2,0.15,0.4,0.45,0.25,0.3,0.45,0.4,0.6
SIT00393,Site_Reliability_Engineer,Site Reliability Engineer (SRE),F,31-35,3,MSc,2.4,0.768,0.7819,0.893,1.0,0.7872,0.6,0.7317,0.6873,0.9134,0.823,1,2,0.15,0.4,0.45,0.25,0.3,0.45,0.4,0.6
SIT00394,Site_Reliability_Engineer,Site Reliability Engineer (SRE),M,22-25,3,MSc,8.9,0.824,0.8062,0.9553,1.0,0.8096,1.0,0.9604,0.9536,0.9381,0.9443,1,3,0.15,0.4,0.45,0.25,0.3,0.45,0.4,0.6
SIT00395,Site_Reliability_Engineer,Site Reliability Engineer (SRE),F,31-35,3,MSc,7.0,0.756,0.7389,0.9685,0.9166,0.7824,1.0,0.9103,0.927,0.8877,0.9034,1,3,0.15,0.4,0.45,0.25,0.3,0.45,0.4,0.6
SIT00396,Site_Reliability_Engineer,Site Reliability Engineer (SRE),M,22-25,3,MSc,6.4,0.781,1.0,0.882,0.9528,0.7924,1.0,0.8306,0.8926,0.9434,0.9231,1,3,0.15,0.4,0.45,0.25,0.3,0.45,0.4,0.6
SIT00397,Site_Reliability_Engineer,Site Reliability Engineer (SRE),M,41-45,2,BSc,1.2,0.536,0.9682,0.6579,1.0,0.5744,0.3,0.6901,0.5167,0.8894,0.7403,0,2,0.15,0.4,0.45,0.25,0.3,0.45,0.4,0.6
SIT00398,Site_Reliability_Engineer,Site Reliability Engineer (SRE),M,36-40,3,MSc,6.6,0.809,0.7613,0.8177,0.7439,0.8036,1.0,0.8135,0.8866,0.7704,0.8169,1,2,0.15,0.4,0.45,0.25,0.3,0.45,0.4,0.6
SIT00399,Site_Reliability_Engineer,Site Reliability Engineer (SRE),F,22-25,3,MSc,4.8,0.926,0.9771,0.8541,0.7037,0.8504,1.0,0.7559,0.8677,0.8172,0.8374,1,2,0.15,0.4,0.45,0.25,0.3,0.45,0.4,0.6
SIT00400,Site_Reliability_Engineer,Site Reliability Engineer (SRE),M,22-25,3,MSc,6.1,0.934,0.8737,0.9336,0.9998,0.8536,1.0,0.7535,0.8671,0.9484,0.9159,1,3,0.15,0.4,0.45,0.25,0.3,0.45,0.4,0.6
SIT00401,Site_Reliability_Engineer,Site Reliability Engineer (SRE),M,26-30,2,BSc,4.8,0.733,1.0,0.6951,1.0,0.6532,1.0,0.8485,0.8798,0.9085,0.897,1,3,0.15,0.4,0.45,0.25,0.3,0.45,0.4,0.6
SIT00402,Site_Reliability_Engineer,Site Reliability Engineer (SRE),M,26-30,2,BSc,7.6,0.765,1.0,0.9331,1.0,0.666,1.0,0.974,0.9382,0.9799,0.9632,1,3,0.15,0.4,0.45,0.25,0.3,0.45,0.4,0.6
SIT00403,Site_Reliability_Engineer,Site Reliability Engineer (SRE),M,26-30,2,BSc,5.0,0.627,0.77,0.9283,1.0,0.6108,1.0,0.8066,0.8546,0.921,0.8944,1,3,0.15,0.4,0.45,0.25,0.3,0.45,0.4,0.6
SIT00404,Site_Reliability_Engineer,Site Reliability Engineer (SRE),M,31-35,2,BSc,5.7,0.522,0.8027,0.9602,0.9093,0.5688,1.0,0.7146,0.8069,0.8979,0.8615,1,3,0.15,0.4,0.45,0.25,0.3,0.45,0.4,0.6
SIT00405,Site_Reliability_Engineer,Site Reliability Engineer (SRE),M,36-40,3,MSc,4.3,0.707,0.898,0.9389,1.0,0.7628,1.0,0.6891,0.8245,0.9562,0.9035,1,2,0.15,0.4,0.45,0.25,0.3,0.45,0.4,0.6
SIT00406,Site_Reliability_Engineer,Site Reliability Engineer (SRE),F,26-30,4,PhD,2.2,0.755,0.7808,0.6866,0.93,0.902,0.55,0.7023,0.6713,0.8197,0.7603,1,3,0.15,0.4,0.45,0.25,0.3,0.45,0.4,0.6
SIT00407,Site_Reliability_Engineer,Site Reliability Engineer (SRE),M,26-30,2,BSc,5.7,0.659,0.9117,0.8247,1.0,0.6236,1.0,0.9812,0.9351,0.9253,0.9292,1,3,0.15,0.4,0.45,0.25,0.3,0.45,0.4,0.6
SIT00408,Site_Reliability_Engineer,Site Reliability Engineer (SRE),M,36-40,2,BSc,6.7,0.747,0.8763,0.8816,0.8672,0.6588,1.0,0.766,0.8435,0.8738,0.8617,1,3,0.15,0.4,0.45,0.25,0.3,0.45,0.4,0.6
SIT00409,Site_Reliability_Engineer,Site Reliability Engineer (SRE),F,31-35,2,BSc,7.1,0.615,1.0,1.0,1.0,0.606,1.0,0.9621,0.9238,1.0,0.9695,1,3,0.15,0.4,0.45,0.25,0.3,0.45,0.4,0.6
SIT00410,Site_Reliability_Engineer,Site Reliability Engineer (SRE),M,36-40,2,BSc,7.7,0.645,0.6691,0.7106,0.8343,0.618,1.0,0.8986,0.8971,0.7559,0.8124,1,3,0.15,0.4,0.45,0.25,0.3,0.45,0.4,0.6
SIT00411,Site_Reliability_Engineer,Site Reliability Engineer (SRE),M,26-30,3,MSc,4.8,0.922,0.7823,0.8668,0.8327,0.8488,1.0,0.935,0.9481,0.8303,0.8774,1,2,0.15,0.4,0.45,0.25,0.3,0.45,0.4,0.6
SIT00412,Site_Reliability_Engineer,Site Reliability Engineer (SRE),F,26-30,4,PhD,3.3,0.969,1.0,0.8106,0.9268,0.9876,0.825,0.8357,0.8542,0.9102,0.8878,1,3,0.15,0.4,0.45,0.25,0.3,0.45,0.4,0.6
SIT00413,Site_Reliability_Engineer,Site Reliability Engineer (SRE),M,26-30,3,MSc,3.0,0.666,0.7632,0.8935,0.9912,0.7464,0.75,0.741,0.7454,0.9049,0.8411,1,3,0.15,0.4,0.45,0.25,0.3,0.45,0.4,0.6
SIT00414,Site_Reliability_Engineer,Site Reliability Engineer (SRE),M,26-30,3,MSc,4.0,0.605,0.7135,0.7995,0.8125,0.722,1.0,0.6493,0.8005,0.7838,0.7905,1,2,0.15,0.4,0.45,0.25,0.3,0.45,0.4,0.6
SIT00415,Site_Reliability_Engineer,Site Reliability Engineer (SRE),M,31-35,3,MSc,6.0,0.882,0.807,0.9007,0.9818,0.8328,1.0,0.8582,0.9111,0.9138,0.9127,1,3,0.15,0.4,0.45,0.25,0.3,0.45,0.4,0.6
SIT00416,Site_Reliability_Engineer,Site Reliability Engineer (SRE),M,22-25,2,BSc,4.0,0.774,0.7915,0.9642,0.9968,0.6696,1.0,0.8696,0.8918,0.9357,0.9181,1,3,0.15,0.4,0.45,0.25,0.3,0.45,0.4,0.6
SIT00417,Site_Reliability_Engineer,Site Reliability Engineer (SRE),F,22-25,1,Diploma,7.5,0.628,1.0,0.9241,0.957,0.4912,1.0,0.7818,0.8255,0.9579,0.9049,0,0,0.15,0.4,0.45,0.25,0.3,0.45,0.4,0.6
SIT00418,Site_Reliability_Engineer,Site Reliability Engineer (SRE),M,22-25,2,BSc,8.4,0.687,0.8663,0.7354,1.0,0.6348,1.0,0.9565,0.9256,0.8872,0.9026,1,3,0.15,0.4,0.45,0.25,0.3,0.45,0.4,0.6
SIT00419,Site_Reliability_Engineer,Site Reliability Engineer (SRE),M,41-45,2,BSc,0.7,0.521,0.8319,0.6858,0.8061,0.5684,0.175,0.7341,0.4856,0.7765,0.6601,0,1,0.15,0.4,0.45,0.25,0.3,0.45,0.4,0.6
SIT00420,Site_Reliability_Engineer,Site Reliability Engineer (SRE),F,31-35,2,BSc,3.8,0.809,0.7445,0.8112,1.0,0.6836,0.95,0.7101,0.8021,0.8795,0.8485,1,3,0.15,0.4,0.45,0.25,0.3,0.45,0.4,0.6
SIT00421,Site_Reliability_Engineer,Site Reliability Engineer (SRE),F,36-40,2,BSc,7.2,0.604,0.7651,0.7547,0.7528,0.6016,1.0,0.8527,0.874,0.7564,0.8034,1,3,0.15,0.4,0.45,0.25,0.3,0.45,0.4,0.6
SIT00422,Site_Reliability_Engineer,Site Reliability Engineer (SRE),M,36-40,2,BSc,0.7,0.537,1.0,0.7451,0.9094,0.5748,0.175,0.7724,0.5038,0.8828,0.7312,0,3,0.15,0.4,0.45,0.25,0.3,0.45,0.4,0.6
SIT00423,Site_Reliability_Engineer,Site Reliability Engineer (SRE),M,36-40,3,MSc,5.4,0.696,0.8273,0.9407,1.0,0.7584,1.0,0.7787,0.8642,0.939,0.9091,1,2,0.15,0.4,0.45,0.25,0.3,0.45,0.4,0.6
SIT00424,Site_Reliability_Engineer,Site Reliability Engineer (SRE),M,31-35,3,MSc,4.1,0.716,0.7461,0.9084,0.7742,0.7664,1.0,0.8629,0.9033,0.8074,0.8458,1,3,0.15,0.4,0.45,0.25,0.3,0.45,0.4,0.6
SIT00425,Site_Reliability_Engineer,Site Reliability Engineer (SRE),F,31-35,2,BSc,3.8,0.545,0.8526,0.8993,0.9077,0.578,0.95,0.7586,0.8081,0.8914,0.8581,1,3,0.15,0.4,0.45,0.25,0.3,0.45,0.4,0.6
SIT00426,Site_Reliability_Engineer,Site Reliability Engineer (SRE),F,26-30,2,BSc,2.7,0.763,0.8218,0.6809,0.8273,0.6652,0.675,0.9366,0.7913,0.782,0.7857,1,3,0.15,0.4,0.45,0.25,0.3,0.45,0.4,0.6
SIT00427,Site_Reliability_Engineer,Site Reliability Engineer (SRE),M,36-40,2,BSc,2.0,0.661,0.6803,0.7232,0.931,0.6244,0.5,0.7007,0.609,0.806,0.7272,1,3,0.15,0.4,0.45,0.25,0.3,0.45,0.4,0.6
SIT00428,Site_Reliability_Engineer,Site Reliability Engineer (SRE),F,22-25,2,BSc,5.5,0.574,0.6733,0.6407,0.8056,0.5896,1.0,0.8653,0.8778,0.7231,0.785,1,3,0.15,0.4,0.45,0.25,0.3,0.45,0.4,0.6
SIT00429,Site_Reliability_Engineer,Site Reliability Engineer (SRE),F,31-35,2,BSc,4.5,0.651,0.995,0.7559,0.9001,0.6204,1.0,0.8061,0.8558,0.8806,0.8707,1,3,0.15,0.4,0.45,0.25,0.3,0.45,0.4,0.6
SIT00430,Site_Reliability_Engineer,Site Reliability Engineer (SRE),F,31-35,3,MSc,6.3,0.789,0.7324,0.7623,1.0,0.7956,1.0,0.7648,0.8635,0.8618,0.8625,1,3,0.15,0.4,0.45,0.25,0.3,0.45,0.4,0.6
SIT00431,Site_Reliability_Engineer,Site Reliability Engineer (SRE),F,31-35,2,BSc,5.9,0.65,0.7944,0.8888,0.7649,0.62,1.0,0.7685,0.8388,0.8094,0.8212,1,3,0.15,0.4,0.45,0.25,0.3,0.45,0.4,0.6
SIT00432,Site_Reliability_Engineer,Site Reliability Engineer (SRE),F,26-30,3,MSc,7.3,0.749,0.928,0.8912,1.0,0.7796,1.0,0.8914,0.9181,0.9494,0.9369,1,3,0.15,0.4,0.45,0.25,0.3,0.45,0.4,0.6
SIT00433,Site_Reliability_Engineer,Site Reliability Engineer (SRE),M,31-35,2,BSc,9.5,0.744,0.8164,0.7871,1.0,0.6576,1.0,0.8214,0.8683,0.8902,0.8814,1,3,0.15,0.4,0.45,0.25,0.3,0.45,0.4,0.6
SIT00434,Site_Reliability_Engineer,Site Reliability Engineer (SRE),M,26-30,2,BSc,5.0,0.708,0.8507,0.8296,0.9463,0.6432,1.0,0.8852,0.8948,0.8874,0.8904,1,2,0.15,0.4,0.45,0.25,0.3,0.45,0.4,0.6
SIT00435,Site_Reliability_Engineer,Site Reliability Engineer (SRE),F,22-25,2,BSc,5.6,0.703,0.7201,0.7369,0.8127,0.6412,1.0,0.857,0.8818,0.7668,0.8128,1,3,0.15,0.4,0.45,0.25,0.3,0.45,0.4,0.6
SIT00436,Site_Reliability_Engineer,Site Reliability Engineer (SRE),F,26-30,3,MSc,0.0,0.945,0.7155,0.7723,0.808,0.858,0.0,0.5212,0.3632,0.7742,0.6098,0,0,0.15,0.4,0.45,0.25,0.3,0.45,0.4,0.6
SIT00437,Site_Reliability_Engineer,Site Reliability Engineer (SRE),M,26-30,3,MSc,5.9,0.532,0.9637,0.7369,1.0,0.6928,1.0,0.9753,0.9428,0.912,0.9243,1,3,0.15,0.4,0.45,0.25,0.3,0.45,0.4,0.6
SIT00438,Site_Reliability_Engineer,Site Reliability Engineer (SRE),M,22-25,3,MSc,5.0,0.699,0.7788,0.7702,0.8665,0.7596,1.0,0.7453,0.8493,0.8157,0.8291,1,3,0.15,0.4,0.45,0.25,0.3,0.45,0.4,0.6
SIT00439,Site_Reliability_Engineer,Site Reliability Engineer (SRE),F,31-35,4,PhD,4.6,0.757,0.8407,0.7144,1.0,0.9028,1.0,0.9365,0.9568,0.8745,0.9074,1,3,0.15,0.4,0.45,0.25,0.3,0.45,0.4,0.6
SIT00440,Site_Reliability_Engineer,Site Reliability Engineer (SRE),F,26-30,3,MSc,6.3,0.774,0.9555,0.8362,1.0,0.7896,1.0,0.8246,0.8895,0.9397,0.9196,1,3,0.15,0.4,0.45,0.25,0.3,0.45,0.4,0.6
SIT00441,Site_Reliability_Engineer,Site Reliability Engineer (SRE),F,22-25,2,BSc,7.3,0.647,0.8077,0.8881,0.9891,0.6188,1.0,0.8336,0.8679,0.9134,0.8952,1,3,0.15,0.4,0.45,0.25,0.3,0.45,0.4,0.6
SIT00442,Site_Reliability_Engineer,Site Reliability Engineer (SRE),F,31-35,2,BSc,5.1,0.782,0.7813,0.8269,0.8096,0.6728,1.0,0.8704,0.8926,0.8077,0.8417,1,2,0.15,0.4,0.45,0.25,0.3,0.45,0.4,0.6
SIT00443,Site_Reliability_Engineer,Site Reliability Engineer (SRE),M,36-40,2,BSc,5.3,0.882,0.7794,0.7557,0.8795,0.7128,1.0,0.7687,0.8528,0.8173,0.8315,1,3,0.15,0.4,0.45,0.25,0.3,0.45,0.4,0.6
SIT00444,Site_Reliability_Engineer,Site Reliability Engineer (SRE),M,26-30,3,MSc,12.8,0.629,1.0,1.0,1.0,0.7316,1.0,0.9295,0.928,1.0,0.9712,1,3,0.15,0.4,0.45,0.25,0.3,0.45,0.4,0.6
SIT00445,Site_Reliability_Engineer,Site Reliability Engineer (SRE),F,22-25,3,MSc,7.2,0.539,0.852,0.9071,0.9445,0.6956,1.0,0.6078,0.7779,0.9102,0.8573,1,2,0.15,0.4,0.45,0.25,0.3,0.45,0.4,0.6
SIT00446,Site_Reliability_Engineer,Site Reliability Engineer (SRE),M,22-25,4,PhD,10.3,0.811,0.9492,0.9234,1.0,0.9244,1.0,0.9382,0.9608,0.9643,0.9629,1,3,0.15,0.4,0.45,0.25,0.3,0.45,0.4,0.6
SIT00447,Site_Reliability_Engineer,Site Reliability Engineer (SRE),F,26-30,3,MSc,6.5,0.969,0.9719,1.0,0.9719,0.8676,1.0,0.982,0.972,0.9803,0.977,1,2,0.15,0.4,0.45,0.25,0.3,0.45,0.4,0.6
SIT00448,Site_Reliability_Engineer,Site Reliability Engineer (SRE),M,41-45,4,PhD,7.2,0.811,0.9933,1.0,1.0,0.9244,1.0,0.9018,0.9445,0.9983,0.9768,1,3,0.15,0.4,0.45,0.25,0.3,0.45,0.4,0.6
SIT00449,Site_Reliability_Engineer,Site Reliability Engineer (SRE),F,26-30,1,Diploma,5.1,0.398,0.7969,0.7984,0.8726,0.3992,1.0,0.7758,0.809,0.8314,0.8224,0,0,0.15,0.4,0.45,0.25,0.3,0.45,0.4,0.6
SIT00450,Site_Reliability_Engineer,Site Reliability Engineer (SRE),F,26-30,2,BSc,6.2,0.683,0.877,0.8055,1.0,0.6332,1.0,0.8203,0.8641,0.9109,0.8922,1,3,0.15,0.4,0.45,0.25,0.3,0.45,0.4,0.6
SIT00451,Site_Reliability_Engineer,Site Reliability Engineer (SRE),F,26-30,3,MSc,10.2,0.755,0.9775,0.9242,1.0,0.782,1.0,0.8262,0.8891,0.9716,0.9386,1,2,0.15,0.4,0.45,0.25,0.3,0.45,0.4,0.6
SIT00452,Site_Reliability_Engineer,Site Reliability Engineer (SRE),M,26-30,3,MSc,9.3,0.7,0.9684,0.9253,1.0,0.76,1.0,0.6692,0.8151,0.9697,0.9079,1,2,0.15,0.4,0.45,0.25,0.3,0.45,0.4,0.6
SIT00453,Site_Reliability_Engineer,Site Reliability Engineer (SRE),F,36-40,2,BSc,4.6,0.773,0.7236,0.8894,1.0,0.6692,1.0,0.8644,0.8894,0.8977,0.8944,1,3,0.15,0.4,0.45,0.25,0.3,0.45,0.4,0.6
SIT00454,Site_Reliability_Engineer,Site Reliability Engineer (SRE),F,46+,3,MSc,11.2,0.797,1.0,0.9008,1.0,0.7988,1.0,0.9896,0.9651,0.9702,0.9682,1,3,0.15,0.4,0.45,0.25,0.3,0.45,0.4,0.6
SIT00455,Site_Reliability_Engineer,Site Reliability Engineer (SRE),F,26-30,2,BSc,5.4,0.661,0.858,0.8056,0.9738,0.6244,1.0,0.7924,0.8502,0.8944,0.8767,1,3,0.15,0.4,0.45,0.25,0.3,0.45,0.4,0.6
SIT00456,Site_Reliability_Engineer,Site Reliability Engineer (SRE),M,22-25,2,BSc,5.3,0.662,0.7651,0.8134,1.0,0.6248,1.0,0.8593,0.8804,0.8853,0.8833,1,3,0.15,0.4,0.45,0.25,0.3,0.45,0.4,0.6
SIT00457,Site_Reliability_Engineer,Site Reliability Engineer (SRE),M,36-40,3,MSc,5.7,0.675,0.9769,0.8817,0.8912,0.75,1.0,0.7526,0.8512,0.9098,0.8864,1,3,0.15,0.4,0.45,0.25,0.3,0.45,0.4,0.6
SIT00458,Site_Reliability_Engineer,Site Reliability Engineer (SRE),M,46+,3,MSc,5.3,0.764,0.8709,1.0,1.0,0.7856,1.0,1.0,0.9678,0.9677,0.9677,1,3,0.15,0.4,0.45,0.25,0.3,0.45,0.4,0.6
SIT00459,Site_Reliability_Engineer,Site Reliability Engineer (SRE),F,22-25,2,BSc,4.0,0.444,0.7761,0.8525,1.0,0.5376,1.0,0.8256,0.8522,0.8998,0.8808,1,3,0.15,0.4,0.45,0.25,0.3,0.45,0.4,0.6
SIT00460,Site_Reliability_Engineer,Site Reliability Engineer (SRE),M,46+,3,MSc,4.7,0.547,0.7251,0.7705,0.8446,0.6988,1.0,0.7879,0.8594,0.7925,0.8193,1,3,0.15,0.4,0.45,0.25,0.3,0.45,0.4,0.6
SIT00461,Site_Reliability_Engineer,Site Reliability Engineer (SRE),F,26-30,3,MSc,2.3,0.65,0.9502,0.7054,0.8881,0.74,0.575,0.851,0.7239,0.8488,0.7988,1,3,0.15,0.4,0.45,0.25,0.3,0.45,0.4,0.6
SIT00462,Site_Reliability_Engineer,Site Reliability Engineer (SRE),F,41-45,2,BSc,8.0,0.687,0.8245,1.0,1.0,0.6348,1.0,0.9387,0.9176,0.9561,0.9407,1,3,0.15,0.4,0.45,0.25,0.3,0.45,0.4,0.6
SIT00463,Site_Reliability_Engineer,Site Reliability Engineer (SRE),M,22-25,3,MSc,0.0,0.661,0.7464,0.7653,0.9057,0.7444,0.0,0.7952,0.4695,0.8238,0.6821,0,0,0.15,0.4,0.45,0.25,0.3,0.45,0.4,0.6
SIT00464,Site_Reliability_Engineer,Site Reliability Engineer (SRE),F,36-40,3,MSc,5.4,0.804,1.0,0.765,0.9829,0.8016,1.0,0.8572,0.906,0.9218,0.9155,1,3,0.15,0.4,0.45,0.25,0.3,0.45,0.4,0.6
SIT00465,Site_Reliability_Engineer,Site Reliability Engineer (SRE),F,22-25,4,PhD,10.5,0.974,0.8597,0.7823,0.919,0.9896,1.0,1.0,0.9984,0.8632,0.9173,1,3,0.15,0.4,0.45,0.25,0.3,0.45,0.4,0.6
SIT00466,Site_Reliability_Engineer,Site Reliability Engineer (SRE),F,36-40,2,BSc,6.0,0.541,0.6741,0.7745,1.0,0.5764,1.0,0.9948,0.9341,0.8509,0.8842,1,3,0.15,0.4,0.45,0.25,0.3,0.45,0.4,0.6
SIT00467,Site_Reliability_Engineer,Site Reliability Engineer (SRE),M,41-45,2,BSc,5.4,0.706,0.8723,0.9546,0.9892,0.6424,1.0,0.7588,0.8378,0.9496,0.9049,1,3,0.15,0.4,0.45,0.25,0.3,0.45,0.4,0.6
SIT00468,Site_Reliability_Engineer,Site Reliability Engineer (SRE),M,41-45,4,PhD,6.9,0.634,0.9035,0.9507,0.8998,0.8536,1.0,1.0,0.978,0.916,0.9408,1,2,0.15,0.4,0.45,0.25,0.3,0.45,0.4,0.6
SIT00469,Site_Reliability_Engineer,Site Reliability Engineer (SRE),F,31-35,2,BSc,3.7,0.637,0.8732,0.8274,1.0,0.6148,0.925,0.6505,0.7549,0.9165,0.8519,1,2,0.15,0.4,0.45,0.25,0.3,0.45,0.4,0.6
SIT00470,Site_Reliability_Engineer,Site Reliability Engineer (SRE),F,36-40,2,BSc,10.0,0.712,0.9374,1.0,1.0,0.6448,1.0,0.9074,0.9051,0.9844,0.9527,1,3,0.15,0.4,0.45,0.25,0.3,0.45,0.4,0.6
SIT00471,Site_Reliability_Engineer,Site Reliability Engineer (SRE),M,26-30,2,BSc,8.0,0.568,0.7477,0.9181,1.0,0.5872,1.0,0.8749,0.8818,0.9124,0.9002,1,3,0.15,0.4,0.45,0.25,0.3,0.45,0.4,0.6
SIT00472,Site_Reliability_Engineer,Site Reliability Engineer (SRE),F,31-35,2,BSc,3.3,0.715,0.715,0.6784,0.9825,0.646,0.825,0.81,0.7914,0.8244,0.8112,1,3,0.15,0.4,0.45,0.25,0.3,0.45,0.4,0.6
SIT00473,Site_Reliability_Engineer,Site Reliability Engineer (SRE),F,41-45,2,BSc,4.7,0.711,0.8733,0.7702,0.8807,0.6444,1.0,0.9019,0.9025,0.8457,0.8684,1,3,0.15,0.4,0.45,0.25,0.3,0.45,0.4,0.6
SIT00474,Site_Reliability_Engineer,Site Reliability Engineer (SRE),M,26-30,2,BSc,5.5,0.854,0.6452,0.843,1.0,0.7016,1.0,0.6343,0.7907,0.8642,0.8348,1,1,0.15,0.4,0.45,0.25,0.3,0.45,0.4,0.6
SIT00475,Site_Reliability_Engineer,Site Reliability Engineer (SRE),F,26-30,2,BSc,8.5,0.79,0.8261,0.8255,1.0,0.676,1.0,0.8488,0.8834,0.9042,0.8959,1,3,0.15,0.4,0.45,0.25,0.3,0.45,0.4,0.6
SIT00476,Site_Reliability_Engineer,Site Reliability Engineer (SRE),M,26-30,2,BSc,4.3,0.851,0.8885,1.0,0.9645,0.7004,1.0,0.6514,0.7982,0.9561,0.8929,1,2,0.15,0.4,0.45,0.25,0.3,0.45,0.4,0.6
SIT00477,Site_Reliability_Engineer,Site Reliability Engineer (SRE),M,31-35,2,BSc,6.2,0.695,0.8098,0.859,1.0,0.638,1.0,0.9572,0.9264,0.9102,0.9167,1,3,0.15,0.4,0.45,0.25,0.3,0.45,0.4,0.6
SIT00478,Site_Reliability_Engineer,Site Reliability Engineer (SRE),M,31-35,2,BSc,2.0,0.771,0.8219,0.6673,0.9861,0.6684,0.5,0.8108,0.6651,0.8494,0.7757,1,3,0.15,0.4,0.45,0.25,0.3,0.45,0.4,0.6
SIT00479,Site_Reliability_Engineer,Site Reliability Engineer (SRE),M,26-30,4,PhD,4.5,0.81,0.9748,0.8224,0.9611,0.924,1.0,0.9091,0.9477,0.9229,0.9328,1,3,0.15,0.4,0.45,0.25,0.3,0.45,0.4,0.6
SIT00480,Site_Reliability_Engineer,Site Reliability Engineer (SRE),F,26-30,2,BSc,5.5,0.77,0.9851,0.6895,1.0,0.668,1.0,0.7024,0.8163,0.9031,0.8684,1,3,0.15,0.4,0.45,0.25,0.3,0.45,0.4,0.6
SIT00481,Site_Reliability_Engineer,Site Reliability Engineer (SRE),M,41-45,3,MSc,1.4,0.822,0.7079,0.9812,0.7723,0.8088,0.35,0.7237,0.587,0.8189,0.7261,0,3,0.15,0.4,0.45,0.25,0.3,0.45,0.4,0.6
SIT00482,Site_Reliability_Engineer,Site Reliability Engineer (SRE),M,31-35,2,BSc,3.7,0.619,0.8523,0.6524,0.8616,0.6076,0.925,0.4687,0.6721,0.7965,0.7467,1,1,0.15,0.4,0.45,0.25,0.3,0.45,0.4,0.6
SIT00483,Site_Reliability_Engineer,Site Reliability Engineer (SRE),M,41-45,3,MSc,6.1,0.766,0.9309,1.0,0.9281,0.7864,1.0,0.7728,0.8657,0.9504,0.9165,1,3,0.15,0.4,0.45,0.25,0.3,0.45,0.4,0.6
SIT00484,Site_Reliability_Engineer,Site Reliability Engineer (SRE),F,31-35,3,MSc,5.3,0.768,0.97,0.9844,0.7753,0.7872,1.0,0.9008,0.9234,0.8867,0.9014,1,3,0.15,0.4,0.45,0.25,0.3,0.45,0.4,0.6
SIT00485,Site_Reliability_Engineer,Site Reliability Engineer (SRE),F,46+,2,BSc,0.0,0.715,0.8813,0.7607,0.8132,0.646,0.0,0.7144,0.4184,0.8145,0.6561,0,0,0.15,0.4,0.45,0.25,0.3,0.45,0.4,0.6
SIT00486,Site_Reliability_Engineer,Site Reliability Engineer (SRE),M,26-30,2,BSc,1.0,0.78,0.7628,0.8365,0.9827,0.672,0.25,0.6829,0.5081,0.8839,0.7336,0,2,0.15,0.4,0.45,0.25,0.3,0.45,0.4,0.6
SIT00487,Site_Reliability_Engineer,Site Reliability Engineer (SRE),M,36-40,1,Diploma,9.5,0.436,0.748,0.9368,0.835,0.4144,1.0,0.8028,0.8234,0.8438,0.8356,0,0,0.15,0.4,0.45,0.25,0.3,0.45,0.4,0.6
SIT00488,Site_Reliability_Engineer,Site Reliability Engineer (SRE),M,41-45,2,BSc,3.4,0.664,0.6277,1.0,0.8727,0.6256,0.85,0.7208,0.7582,0.8496,0.813,1,3,0.15,0.4,0.45,0.25,0.3,0.45,0.4,0.6
SIT00489,Site_Reliability_Engineer,Site Reliability Engineer (SRE),F,22-25,2,BSc,7.1,0.923,1.0,0.7966,1.0,0.7292,1.0,0.9565,0.9398,0.939,0.9393,1,3,0.15,0.4,0.45,0.25,0.3,0.45,0.4,0.6
SIT00490,Site_Reliability_Engineer,Site Reliability Engineer (SRE),M,46+,2,BSc,7.8,0.527,0.7041,0.5863,0.8918,0.5708,1.0,0.8152,0.8525,0.7532,0.7929,1,3,0.15,0.4,0.45,0.25,0.3,0.45,0.4,0.6
SIT00491,Site_Reliability_Engineer,Site Reliability Engineer (SRE),F,36-40,2,BSc,5.8,0.738,0.8176,0.9749,1.0,0.6552,1.0,0.7788,0.8487,0.9469,0.9076,1,3,0.15,0.4,0.45,0.25,0.3,0.45,0.4,0.6
SIT00492,Site_Reliability_Engineer,Site Reliability Engineer (SRE),F,36-40,2,BSc,5.5,0.537,0.9364,1.0,1.0,0.5748,1.0,0.7765,0.8356,0.9841,0.9247,1,3,0.15,0.4,0.45,0.25,0.3,0.45,0.4,0.6
SIT00493,Site_Reliability_Engineer,Site Reliability Engineer (SRE),M,26-30,2,BSc,6.6,0.671,0.7475,1.0,1.0,0.6284,1.0,0.9915,0.9404,0.9369,0.9383,1,3,0.15,0.4,0.45,0.25,0.3,0.45,0.4,0.6
SIT00494,Site_Reliability_Engineer,Site Reliability Engineer (SRE),F,31-35,2,BSc,6.0,0.862,1.0,0.7109,1.0,0.7048,1.0,0.6927,0.8174,0.9133,0.8749,1,2,0.15,0.4,0.45,0.25,0.3,0.45,0.4,0.6
SIT00495,Site_Reliability_Engineer,Site Reliability Engineer (SRE),F,31-35,2,BSc,7.7,0.742,0.9408,1.0,0.8889,0.6568,1.0,0.7521,0.837,0.9352,0.8959,1,3,0.15,0.4,0.45,0.25,0.3,0.45,0.4,0.6
SIT00496,Site_Reliability_Engineer,Site Reliability Engineer (SRE),M,41-45,3,MSc,1.7,0.593,0.8638,0.7152,0.8335,0.7172,0.425,0.6968,0.5911,0.8056,0.7198,0,2,0.15,0.4,0.45,0.25,0.3,0.45,0.4,0.6
SIT00497,Site_Reliability_Engineer,Site Reliability Engineer (SRE),F,36-40,3,MSc,8.3,0.721,0.8677,0.8734,1.0,0.7684,1.0,0.7997,0.8751,0.9289,0.9074,1,3,0.15,0.4,0.45,0.25,0.3,0.45,0.4,0.6
SIT00498,Site_Reliability_Engineer,Site Reliability Engineer (SRE),M,26-30,2,BSc,3.0,0.753,0.7431,0.8735,0.8324,0.6612,0.75,0.7604,0.7414,0.8224,0.79,1,3,0.15,0.4,0.45,0.25,0.3,0.45,0.4,0.6
SIT00499,Site_Reliability_Engineer,Site Reliability Engineer (SRE),M,31-35,2,BSc,1.2,0.733,0.6498,0.7251,0.8639,0.6532,0.3,0.8598,0.6049,0.7687,0.7032,0,2,0.15,0.4,0.45,0.25,0.3,0.45,0.4,0.6
SIT00500,Site_Reliability_Engineer,Site Reliability Engineer (SRE),F,26-30,2,BSc,0.6,0.566,0.8262,0.8127,0.8844,0.5864,0.15,0.752,0.4864,0.8483,0.7035,0,2,0.15,0.4,0.45,0.25,0.3,0.45,0.4,0.6
SIT00501,Site_Reliability_Engineer,Site Reliability Engineer (SRE),F,22-25,2,BSc,4.6,0.566,0.7326,0.6218,0.9102,0.5864,1.0,0.723,0.8133,0.7793,0.7929,1,3,0.15,0.4,0.45,0.25,0.3,0.45,0.4,0.6
SIT00502,Site_Reliability_Engineer,Site Reliability Engineer (SRE),F,26-30,2,BSc,4.6,0.747,0.8073,0.7031,1.0,0.6588,1.0,0.8799,0.8948,0.8628,0.8756,1,3,0.15,0.4,0.45,0.25,0.3,0.45,0.4,0.6
SIT00503,Site_Reliability_Engineer,Site Reliability Engineer (SRE),F,31-35,2,BSc,2.6,0.618,0.8729,0.9836,0.8656,0.6072,0.65,0.9817,0.7928,0.9028,0.8588,1,3,0.15,0.4,0.45,0.25,0.3,0.45,0.4,0.6
SIT00504,Site_Reliability_Engineer,Site Reliability Engineer (SRE),F,31-35,2,BSc,6.0,0.718,1.0,1.0,1.0,0.6472,1.0,0.8768,0.8916,1.0,0.9566,1,3,0.15,0.4,0.45,0.25,0.3,0.45,0.4,0.6
SIT00505,Site_Reliability_Engineer,Site Reliability Engineer (SRE),M,31-35,2,BSc,3.7,0.712,0.6693,0.7559,1.0,0.6448,0.925,0.6169,0.7443,0.8441,0.8042,1,2,0.15,0.4,0.45,0.25,0.3,0.45,0.4,0.6
SIT00506,Site_Reliability_Engineer,Site Reliability Engineer (SRE),M,31-35,3,MSc,9.2,0.598,0.9687,1.0,1.0,0.7192,1.0,1.0,0.9579,0.9922,0.9785,1,2,0.15,0.4,0.45,0.25,0.3,0.45,0.4,0.6
SIT00507,Site_Reliability_Engineer,Site Reliability Engineer (SRE),M,31-35,4,PhD,5.5,0.732,0.7117,0.9814,0.9519,0.8928,1.0,0.7515,0.8721,0.9007,0.8893,1,3,0.15,0.4,0.45,0.25,0.3,0.45,0.4,0.6
SIT00508,Site_Reliability_Engineer,Site Reliability Engineer (SRE),M,31-35,3,MSc,7.5,0.833,0.9933,0.9425,1.0,0.8132,1.0,0.9771,0.9617,0.9811,0.9733,1,3,0.15,0.4,0.45,0.25,0.3,0.45,0.4,0.6
SIT00509,Site_Reliability_Engineer,Site Reliability Engineer (SRE),F,31-35,4,PhD,2.9,0.681,0.8749,1.0,0.9839,0.8724,0.725,0.7711,0.7679,0.9615,0.8841,1,3,0.15,0.4,0.45,0.25,0.3,0.45,0.4,0.6
SIT00510,Site_Reliability_Engineer,Site Reliability Engineer (SRE),M,36-40,3,MSc,4.4,0.865,0.6884,0.6971,1.0,0.826,1.0,0.7925,0.8805,0.8312,0.8509,1,3,0.15,0.4,0.45,0.25,0.3,0.45,0.4,0.6
SIT00511,Site_Reliability_Engineer,Site Reliability Engineer (SRE),F,31-35,3,MSc,10.4,0.669,1.0,0.926,1.0,0.7476,1.0,1.0,0.9621,0.9778,0.9715,1,3,0.15,0.4,0.45,0.25,0.3,0.45,0.4,0.6
SIT00512,Site_Reliability_Engineer,Site Reliability Engineer (SRE),M,22-25,3,MSc,10.9,0.86,0.8473,0.7289,1.0,0.824,1.0,0.6849,0.8318,0.8805,0.861,1,2,0.15,0.4,0.45,0.25,0.3,0.45,0.4,0.6
SIT00513,Site_Reliability_Engineer,Site Reliability Engineer (SRE),F,36-40,2,BSc,2.9,0.627,0.8839,0.8164,0.8957,0.6108,0.725,0.7251,0.7079,0.869,0.8046,1,3,0.15,0.4,0.45,0.25,0.3,0.45,0.4,0.6
SIT00514,Site_Reliability_Engineer,Site Reliability Engineer (SRE),F,26-30,2,BSc,5.4,0.772,1.0,0.9058,1.0,0.6688,1.0,0.7737,0.8485,0.9717,0.9224,1,2,0.15,0.4,0.45,0.25,0.3,0.45,0.4,0.6
SIT00515,Site_Reliability_Engineer,Site Reliability Engineer (SRE),F,22-25,2,BSc,4.9,0.927,0.8369,0.9903,0.8676,0.7308,1.0,0.7748,0.8583,0.8967,0.8813,1,3,0.15,0.4,0.45,0.25,0.3,0.45,0.4,0.6
SIT00516,Site_Reliability_Engineer,Site Reliability Engineer (SRE),M,46+,2,BSc,6.7,0.786,0.4197,0.8012,0.9877,0.6744,1.0,0.9173,0.9139,0.7897,0.8394,1,3,0.15,0.4,0.45,0.25,0.3,0.45,0.4,0.6
SIT00517,Site_Reliability_Engineer,Site Reliability Engineer (SRE),F,22-25,4,PhD,3.1,0.763,0.9343,1.0,0.9353,0.9052,0.775,0.8193,0.8145,0.9545,0.8985,1,3,0.15,0.4,0.45,0.25,0.3,0.45,0.4,0.6
SIT00518,Site_Reliability_Engineer,Site Reliability Engineer (SRE),F,26-30,2,BSc,2.4,0.746,0.8935,0.8468,0.7969,0.6584,0.6,0.7963,0.6971,0.836,0.7804,1,3,0.15,0.4,0.45,0.25,0.3,0.45,0.4,0.6
SIT00519,Site_Reliability_Engineer,Site Reliability Engineer (SRE),M,26-30,2,BSc,7.1,0.821,0.8746,0.9204,0.9309,0.6884,1.0,1.0,0.9533,0.9137,0.9295,1,3,0.15,0.4,0.45,0.25,0.3,0.45,0.4,0.6
SIT00520,Site_Reliability_Engineer,Site Reliability Engineer (SRE),M,31-35,4,PhD,3.7,0.822,0.7634,0.7463,1.0,0.9288,0.925,0.7995,0.8691,0.8647,0.8665,1,3,0.15,0.4,0.45,0.25,0.3,0.45,0.4,0.6
SIT00521,Site_Reliability_Engineer,Site Reliability Engineer (SRE),F,31-35,2,BSc,10.1,0.673,0.8158,1.0,1.0,0.6292,1.0,1.0,0.9444,0.954,0.9502,1,3,0.15,0.4,0.45,0.25,0.3,0.45,0.4,0.6
SIT00522,Site_Reliability_Engineer,Site Reliability Engineer (SRE),F,26-30,3,MSc,10.7,0.727,0.9371,0.9883,1.0,0.7708,1.0,1.0,0.9656,0.9808,0.9747,1,3,0.15,0.4,0.45,0.25,0.3,0.45,0.4,0.6
SIT00523,Site_Reliability_Engineer,Site Reliability Engineer (SRE),M,26-30,3,MSc,5.3,0.543,0.7494,0.7805,1.0,0.6972,1.0,0.8192,0.8732,0.8715,0.8722,1,3,0.15,0.4,0.45,0.25,0.3,0.45,0.4,0.6
SIT00524,Site_Reliability_Engineer,Site Reliability Engineer (SRE),M,22-25,2,BSc,9.1,0.532,0.9856,1.0,1.0,0.5728,1.0,0.9606,0.9182,0.9964,0.9651,1,3,0.15,0.4,0.45,0.25,0.3,0.45,0.4,0.6
SIT00525,Site_Reliability_Engineer,Site Reliability Engineer (SRE),M,31-35,2,BSc,7.9,0.717,0.8663,1.0,1.0,0.6468,1.0,0.8523,0.8806,0.9666,0.9322,1,3,0.15,0.4,0.45,0.25,0.3,0.45,0.4,0.6
SIT00526,Site_Reliability_Engineer,Site Reliability Engineer (SRE),M,22-25,2,BSc,5.7,0.69,0.8461,1.0,1.0,0.636,1.0,0.8025,0.8565,0.9615,0.9195,1,3,0.15,0.4,0.45,0.25,0.3,0.45,0.4,0.6
SIT00527,Site_Reliability_Engineer,Site Reliability Engineer (SRE),M,31-35,3,MSc,6.7,0.7,0.8078,1.0,1.0,0.76,1.0,0.7257,0.8406,0.952,0.9074,1,3,0.15,0.4,0.45,0.25,0.3,0.45,0.4,0.6
SIT00528,Site_Reliability_Engineer,Site Reliability Engineer (SRE),M,26-30,2,BSc,5.6,0.774,0.8351,1.0,0.9684,0.6696,1.0,0.7306,0.8292,0.9446,0.8984,1,3,0.15,0.4,0.45,0.25,0.3,0.45,0.4,0.6
SIT00529,Site_Reliability_Engineer,Site Reliability Engineer (SRE),F,31-35,2,BSc,7.5,0.601,0.958,0.9666,1.0,0.6004,1.0,0.9682,0.9258,0.9795,0.958,1,3,0.15,0.4,0.45,0.25,0.3,0.45,0.4,0.6
SIT00530,Site_Reliability_Engineer,Site Reliability Engineer (SRE),F,26-30,2,BSc,9.4,0.558,0.6768,0.8324,1.0,0.5832,1.0,0.8604,0.8747,0.8689,0.8712,1,3,0.15,0.4,0.45,0.25,0.3,0.45,0.4,0.6
SIT00531,Site_Reliability_Engineer,Site Reliability Engineer (SRE),F,41-45,2,BSc,0.0,0.569,0.8038,0.8111,0.9279,0.5876,0.0,0.5144,0.3196,0.8618,0.6449,0,0,0.15,0.4,0.45,0.25,0.3,0.45,0.4,0.6
SIT00532,Site_Reliability_Engineer,Site Reliability Engineer (SRE),M,36-40,2,BSc,3.0,0.805,0.8891,0.915,1.0,0.682,0.75,0.7742,0.7507,0.9468,0.8684,1,3,0.15,0.4,0.45,0.25,0.3,0.45,0.4,0.6
SIT00533,Site_Reliability_Engineer,Site Reliability Engineer (SRE),M,26-30,3,MSc,5.3,0.798,0.8996,0.9411,0.953,0.7992,1.0,0.8581,0.906,0.9361,0.9241,1,3,0.15,0.4,0.45,0.25,0.3,0.45,0.4,0.6
SIT00534,Site_Reliability_Engineer,Site Reliability Engineer (SRE),F,22-25,2,BSc,5.6,0.608,0.8405,0.6945,1.0,0.6032,1.0,0.7539,0.8297,0.8685,0.853,1,3,0.15,0.4,0.45,0.25,0.3,0.45,0.4,0.6
SIT00535,Site_Reliability_Engineer,Site Reliability Engineer (SRE),F,36-40,2,BSc,5.9,0.604,0.8325,0.9259,1.0,0.6016,1.0,1.0,0.9402,0.9359,0.9376,1,3,0.15,0.4,0.45,0.25,0.3,0.45,0.4,0.6
SIT00536,Site_Reliability_Engineer,Site Reliability Engineer (SRE),M,31-35,3,MSc,6.1,0.648,0.8963,0.9101,1.0,0.7392,1.0,0.8267,0.8829,0.9471,0.9214,1,3,0.15,0.4,0.45,0.25,0.3,0.45,0.4,0.6
SIT00537,Site_Reliability_Engineer,Site Reliability Engineer (SRE),M,22-25,3,MSc,8.0,0.809,0.8159,0.9765,1.0,0.8036,1.0,0.7457,0.8561,0.9469,0.9106,1,3,0.15,0.4,0.45,0.25,0.3,0.45,0.4,0.6
SIT00538,Site_Reliability_Engineer,Site Reliability Engineer (SRE),M,26-30,3,MSc,5.6,0.757,0.7547,0.7393,0.788,0.7828,1.0,0.7926,0.8741,0.7651,0.8087,1,3,0.15,0.4,0.45,0.25,0.3,0.45,0.4,0.6
SIT00539,Site_Reliability_Engineer,Site Reliability Engineer (SRE),F,41-45,2,BSc,8.4,0.729,0.9585,1.0,0.9397,0.6516,1.0,0.7544,0.8372,0.9625,0.9124,1,3,0.15,0.4,0.45,0.25,0.3,0.45,0.4,0.6
SIT00540,Site_Reliability_Engineer,Site Reliability Engineer (SRE),M,26-30,1,Diploma,5.7,0.667,0.7536,0.6779,0.9748,0.5068,1.0,0.6984,0.7903,0.8304,0.8144,0,0,0.15,0.4,0.45,0.25,0.3,0.45,0.4,0.6
SIT00541,Site_Reliability_Engineer,Site Reliability Engineer (SRE),F,31-35,2,BSc,7.0,0.756,0.8613,0.9676,1.0,0.6624,1.0,0.9472,0.9256,0.9556,0.9436,1,3,0.15,0.4,0.45,0.25,0.3,0.45,0.4,0.6
SIT00542,Site_Reliability_Engineer,Site Reliability Engineer (SRE),M,31-35,2,BSc,6.9,0.544,0.9319,0.9437,1.0,0.5776,1.0,0.8078,0.8501,0.9661,0.9197,1,3,0.15,0.4,0.45,0.25,0.3,0.45,0.4,0.6
SIT00543,Site_Reliability_Engineer,Site Reliability Engineer (SRE),F,26-30,2,BSc,6.9,0.662,0.7016,0.8609,1.0,0.6248,1.0,0.7878,0.8482,0.8837,0.8695,1,3,0.15,0.4,0.45,0.25,0.3,0.45,0.4,0.6
SIT00544,Site_Reliability_Engineer,Site Reliability Engineer (SRE),M,26-30,3,MSc,5.3,0.782,0.7975,0.5572,1.0,0.7928,1.0,0.8855,0.9174,0.8165,0.8569,1,3,0.15,0.4,0.45,0.25,0.3,0.45,0.4,0.6
SIT00545,Site_Reliability_Engineer,Site Reliability Engineer (SRE),F,41-45,4,PhD,6.8,0.902,1.0,0.8598,0.9929,0.9608,1.0,0.9481,0.9708,0.9547,0.9611,1,3,0.15,0.4,0.45,0.25,0.3,0.45,0.4,0.6
SIT00546,Site_Reliability_Engineer,Site Reliability Engineer (SRE),M,22-25,2,BSc,5.1,0.67,0.7942,0.7718,1.0,0.628,1.0,0.8579,0.8803,0.8801,0.8802,1,3,0.15,0.4,0.45,0.25,0.3,0.45,0.4,0.6
SIT00547,Site_Reliability_Engineer,Site Reliability Engineer (SRE),F,22-25,2,BSc,1.5,0.65,0.8487,0.9959,0.8621,0.62,0.375,0.7994,0.6027,0.8989,0.7804,0,3,0.15,0.4,0.45,0.25,0.3,0.45,0.4,0.6
SIT00548,Site_Reliability_Engineer,Site Reliability Engineer (SRE),M,46+,2,BSc,2.1,0.671,0.7594,0.8337,0.9,0.6284,0.525,0.7872,0.6585,0.845,0.7704,1,3,0.15,0.4,0.45,0.25,0.3,0.45,0.4,0.6
SIT00549,Site_Reliability_Engineer,Site Reliability Engineer (SRE),F,36-40,4,PhD,2.4,0.789,0.9697,0.8478,0.939,0.9156,0.6,0.8375,0.7542,0.9193,0.8533,1,3,0.15,0.4,0.45,0.25,0.3,0.45,0.4,0.6
SIT00550,Site_Reliability_Engineer,Site Reliability Engineer (SRE),F,26-30,3,MSc,8.0,0.8,0.7901,1.0,1.0,0.8,1.0,0.9232,0.9354,0.9475,0.9427,1,3,0.15,0.4,0.45,0.25,0.3,0.45,0.4,0.6
SIT00551,Site_Reliability_Engineer,Site Reliability Engineer (SRE),F,26-30,2,BSc,7.1,0.776,0.881,0.9864,1.0,0.6704,1.0,0.7002,0.8156,0.9662,0.906,1,3,0.15,0.4,0.45,0.25,0.3,0.45,0.4,0.6
SIT00552,Site_Reliability_Engineer,Site Reliability Engineer (SRE),M,22-25,4,PhD,4.3,0.879,0.7345,1.0,0.9802,0.9516,1.0,0.9116,0.953,0.9247,0.936,1,3,0.15,0.4,0.45,0.25,0.3,0.45,0.4,0.6
SIT00553,Site_Reliability_Engineer,Site Reliability Engineer (SRE),M,31-35,2,BSc,6.5,0.485,0.8385,0.9486,1.0,0.554,1.0,0.9666,0.9181,0.9442,0.9338,1,3,0.15,0.4,0.45,0.25,0.3,0.45,0.4,0.6
SIT00554,Site_Reliability_Engineer,Site Reliability Engineer (SRE),M,31-35,3,MSc,7.9,0.738,0.8505,0.9838,1.0,0.7752,1.0,0.8622,0.9043,0.9578,0.9364,1,3,0.15,0.4,0.45,0.25,0.3,0.45,0.4,0.6
SIT00555,Site_Reliability_Engineer,Site Reliability Engineer (SRE),M,31-35,3,MSc,6.7,0.877,0.8018,0.9161,0.9513,0.8308,1.0,0.8221,0.8946,0.9034,0.8999,1,3,0.15,0.4,0.45,0.25,0.3,0.45,0.4,0.6
SIT00556,Site_Reliability_Engineer,Site Reliability Engineer (SRE),M,26-30,2,BSc,4.8,0.493,0.9749,0.938,0.9463,0.5572,1.0,0.8896,0.8839,0.951,0.9242,1,3,0.15,0.4,0.45,0.25,0.3,0.45,0.4,0.6
SIT00557,Site_Reliability_Engineer,Site Reliability Engineer (SRE),M,31-35,2,BSc,0.6,0.613,1.0,0.7997,1.0,0.6052,0.15,0.7145,0.4723,0.9399,0.7529,0,3,0.15,0.4,0.45,0.25,0.3,0.45,0.4,0.6
SIT00558,Site_Reliability_Engineer,Site Reliability Engineer (SRE),F,22-25,2,BSc,4.4,0.703,0.9708,0.8975,1.0,0.6412,1.0,0.9819,0.938,0.962,0.9524,1,3,0.15,0.4,0.45,0.25,0.3,0.45,0.4,0.6
SIT00559,Site_Reliability_Engineer,Site Reliability Engineer (SRE),M,22-25,2,BSc,5.5,0.629,0.8701,0.8801,0.8844,0.6116,1.0,0.8021,0.8527,0.8795,0.8688,1,3,0.15,0.4,0.45,0.25,0.3,0.45,0.4,0.6
SIT00560,Site_Reliability_Engineer,Site Reliability Engineer (SRE),F,31-35,2,BSc,7.3,0.711,0.9867,0.895,1.0,0.6444,1.0,1.0,0.9467,0.9652,0.9578,1,3,0.15,0.4,0.45,0.25,0.3,0.45,0.4,0.6
SIT00561,Site_Reliability_Engineer,Site Reliability Engineer (SRE),M,41-45,2,BSc,7.3,0.498,0.7512,1.0,0.9665,0.5592,1.0,0.78,0.8349,0.9227,0.8876,1,3,0.15,0.4,0.45,0.25,0.3,0.45,0.4,0.6
SIT00562,Site_Reliability_Engineer,Site Reliability Engineer (SRE),M,26-30,2,BSc,3.6,0.708,0.9031,0.9043,1.0,0.6432,0.9,0.7912,0.8125,0.9471,0.8933,1,3,0.15,0.4,0.45,0.25,0.3,0.45,0.4,0.6
SIT00563,Site_Reliability_Engineer,Site Reliability Engineer (SRE),M,26-30,2,BSc,5.8,0.686,0.8658,0.8963,0.9709,0.6344,1.0,0.8987,0.8996,0.9222,0.9132,1,3,0.15,0.4,0.45,0.25,0.3,0.45,0.4,0.6
SIT00564,Site_Reliability_Engineer,Site Reliability Engineer (SRE),M,41-45,2,BSc,6.5,0.781,0.9288,0.9583,0.9674,0.6724,1.0,0.7583,0.8421,0.955,0.9098,1,2,0.15,0.4,0.45,0.25,0.3,0.45,0.4,0.6
SIT00565,Site_Reliability_Engineer,Site Reliability Engineer (SRE),M,26-30,3,MSc,6.8,0.821,0.9241,0.8983,1.0,0.8084,1.0,0.7445,0.8563,0.9505,0.9128,1,3,0.15,0.4,0.45,0.25,0.3,0.45,0.4,0.6
SIT00566,Site_Reliability_Engineer,Site Reliability Engineer (SRE),M,36-40,2,BSc,6.4,0.5,0.8314,0.7169,0.8948,0.56,1.0,0.7261,0.8107,0.8256,0.8196,1,3,0.15,0.4,0.45,0.25,0.3,0.45,0.4,0.6
SIT00567,Site_Reliability_Engineer,Site Reliability Engineer (SRE),F,26-30,2,BSc,2.7,0.703,0.8794,0.8506,0.6825,0.6412,0.675,0.6618,0.664,0.7822,0.7349,1,2,0.15,0.4,0.45,0.25,0.3,0.45,0.4,0.6
SIT00568,Site_Reliability_Engineer,Site Reliability Engineer (SRE),F,41-45,2,BSc,5.7,0.74,0.9792,1.0,1.0,0.656,1.0,0.9173,0.9112,0.9948,0.9614,1,3,0.15,0.4,0.45,0.25,0.3,0.45,0.4,0.6
SIT00569,Site_Reliability_Engineer,Site Reliability Engineer (SRE),M,22-25,2,BSc,8.0,0.719,0.7332,0.8769,1.0,0.6476,1.0,0.9859,0.9408,0.8964,0.9142,1,3,0.15,0.4,0.45,0.25,0.3,0.45,0.4,0.6
SIT00570,Site_Reliability_Engineer,Site Reliability Engineer (SRE),M,31-35,2,BSc,5.7,0.679,0.8164,1.0,1.0,0.6316,1.0,0.9557,0.9248,0.9541,0.9424,1,3,0.15,0.4,0.45,0.25,0.3,0.45,0.4,0.6
SIT00571,Site_Reliability_Engineer,Site Reliability Engineer (SRE),M,46+,3,MSc,6.6,0.569,0.901,0.9274,1.0,0.7076,1.0,0.9885,0.951,0.9535,0.9525,1,3,0.15,0.4,0.45,0.25,0.3,0.45,0.4,0.6
SIT00572,Site_Reliability_Engineer,Site Reliability Engineer (SRE),M,36-40,3,MSc,4.2,0.587,0.7608,0.9501,1.0,0.7148,1.0,0.7538,0.8464,0.9252,0.8937,1,3,0.15,0.4,0.45,0.25,0.3,0.45,0.4,0.6
SIT00573,Site_Reliability_Engineer,Site Reliability Engineer (SRE),M,46+,4,PhD,4.1,1.0,0.7116,0.7771,0.8756,1.0,1.0,0.7316,0.8792,0.8051,0.8347,1,3,0.15,0.4,0.45,0.25,0.3,0.45,0.4,0.6
SIT00574,Site_Reliability_Engineer,Site Reliability Engineer (SRE),M,26-30,1,Diploma,4.2,0.498,0.7688,0.6787,1.0,0.4392,1.0,0.6564,0.7613,0.8458,0.812,0,0,0.15,0.4,0.45,0.25,0.3,0.45,0.4,0.6
SIT00575,Site_Reliability_Engineer,Site Reliability Engineer (SRE),F,26-30,2,BSc,3.2,0.688,1.0,0.764,1.0,0.6352,0.8,0.803,0.7766,0.9292,0.8682,1,3,0.15,0.4,0.45,0.25,0.3,0.45,0.4,0.6
SIT00576,Site_Reliability_Engineer,Site Reliability Engineer (SRE),F,22-25,2,BSc,9.9,0.97,0.9551,1.0,1.0,0.748,1.0,1.0,0.9622,0.9888,0.9782,1,3,0.15,0.4,0.45,0.25,0.3,0.45,0.4,0.6
SIT00577,Site_Reliability_Engineer,Site Reliability Engineer (SRE),F,26-30,2,BSc,6.1,0.629,0.9271,0.8845,0.9346,0.6116,1.0,0.7133,0.8127,0.9177,0.8757,1,3,0.15,0.4,0.45,0.25,0.3,0.45,0.4,0.6
SIT00578,Site_Reliability_Engineer,Site Reliability Engineer (SRE),M,36-40,2,BSc,7.5,0.687,0.7364,0.9366,1.0,0.6348,1.0,0.887,0.8944,0.9151,0.9068,1,3,0.15,0.4,0.45,0.25,0.3,0.45,0.4,0.6
SIT00579,Site_Reliability_Engineer,Site Reliability Engineer (SRE),M,31-35,2,BSc,5.9,0.597,0.9567,0.9976,1.0,0.5988,1.0,0.9786,0.9302,0.9885,0.9652,1,3,0.15,0.4,0.45,0.25,0.3,0.45,0.4,0.6
SIT00580,Site_Reliability_Engineer,Site Reliability Engineer (SRE),F,31-35,2,BSc,9.0,0.632,0.6349,0.8836,1.0,0.6128,1.0,0.6599,0.7889,0.8738,0.8398,1,2,0.15,0.4,0.45,0.25,0.3,0.45,0.4,0.6
SIT00581,Site_Reliability_Engineer,Site Reliability Engineer (SRE),F,36-40,1,Diploma,7.0,0.603,0.5739,0.9288,1.0,0.4812,1.0,0.6447,0.7623,0.8721,0.8282,0,0,0.15,0.4,0.45,0.25,0.3,0.45,0.4,0.6
SIT00582,Site_Reliability_Engineer,Site Reliability Engineer (SRE),M,22-25,1,Diploma,7.5,0.629,0.8275,1.0,0.9903,0.4916,1.0,0.9707,0.9106,0.9525,0.9357,0,0,0.15,0.4,0.45,0.25,0.3,0.45,0.4,0.6
SIT00583,Site_Reliability_Engineer,Site Reliability Engineer (SRE),F,26-30,2,BSc,0.7,0.734,0.9397,0.7719,0.5302,0.6536,0.175,0.6926,0.4797,0.7051,0.6149,0,1,0.15,0.4,0.45,0.25,0.3,0.45,0.4,0.6
SIT00584,Site_Reliability_Engineer,Site Reliability Engineer (SRE),M,26-30,2,BSc,6.6,0.424,0.6866,0.8098,1.0,0.5296,1.0,0.7701,0.826,0.8646,0.8492,1,3,0.15,0.4,0.45,0.25,0.3,0.45,0.4,0.6
SIT00585,Site_Reliability_Engineer,Site Reliability Engineer (SRE),M,31-35,2,BSc,3.9,0.786,0.7765,0.973,1.0,0.6744,0.975,1.0,0.9412,0.936,0.9381,1,3,0.15,0.4,0.45,0.25,0.3,0.45,0.4,0.6
SIT00586,Site_Reliability_Engineer,Site Reliability Engineer (SRE),M,36-40,2,BSc,4.0,0.752,0.8664,0.9448,1.0,0.6608,1.0,0.7994,0.8589,0.95,0.9136,1,3,0.15,0.4,0.45,0.25,0.3,0.45,0.4,0.6
SIT00587,Site_Reliability_Engineer,Site Reliability Engineer (SRE),F,31-35,2,BSc,4.5,0.836,0.6377,0.895,0.9491,0.6944,1.0,0.7131,0.8251,0.855,0.843,1,3,0.15,0.4,0.45,0.25,0.3,0.45,0.4,0.6
SIT00588,Site_Reliability_Engineer,Site Reliability Engineer (SRE),M,26-30,3,MSc,13.8,0.958,0.9076,1.0,1.0,0.8632,1.0,0.9188,0.9429,0.9769,0.9633,1,3,0.15,0.4,0.45,0.25,0.3,0.45,0.4,0.6
SIT00589,Site_Reliability_Engineer,Site Reliability Engineer (SRE),F,26-30,2,BSc,5.5,0.63,0.7668,0.9661,1.0,0.612,1.0,0.8338,0.867,0.9315,0.9057,1,3,0.15,0.4,0.45,0.25,0.3,0.45,0.4,0.6
SIT00590,Site_Reliability_Engineer,Site Reliability Engineer (SRE),M,26-30,3,MSc,2.6,0.788,0.9057,0.9026,0.8321,0.7952,0.65,0.6972,0.693,0.8716,0.8002,1,2,0.15,0.4,0.45,0.25,0.3,0.45,0.4,0.6
SIT00591,Site_Reliability_Engineer,Site Reliability Engineer (SRE),M,31-35,2,BSc,3.7,0.874,0.8156,0.8844,1.0,0.7096,0.925,0.8829,0.8737,0.9192,0.901,1,3,0.15,0.4,0.45,0.25,0.3,0.45,0.4,0.6
SIT00592,Site_Reliability_Engineer,Site Reliability Engineer (SRE),F,31-35,3,MSc,4.3,0.679,0.7574,0.8806,0.8404,0.7516,1.0,0.6501,0.8053,0.8317,0.8211,1,2,0.15,0.4,0.45,0.25,0.3,0.45,0.4,0.6
SIT00593,Site_Reliability_Engineer,Site Reliability Engineer (SRE),M,26-30,2,BSc,5.6,0.678,0.7837,0.8106,0.9404,0.6312,1.0,0.8711,0.8867,0.8623,0.8721,1,3,0.15,0.4,0.45,0.25,0.3,0.45,0.4,0.6
SIT00594,Site_Reliability_Engineer,Site Reliability Engineer (SRE),M,26-30,1,Diploma,2.6,0.64,0.7854,0.8453,1.0,0.496,0.65,0.6722,0.6369,0.8999,0.7947,0,0,0.15,0.4,0.45,0.25,0.3,0.45,0.4,0.6
SIT00595,Site_Reliability_Engineer,Site Reliability Engineer (SRE),F,26-30,3,MSc,3.5,0.821,0.9477,0.8378,0.8882,0.8084,0.875,0.5615,0.7239,0.888,0.8224,1,2,0.15,0.4,0.45,0.25,0.3,0.45,0.4,0.6
SIT00596,Site_Reliability_Engineer,Site Reliability Engineer (SRE),M,31-35,3,MSc,7.4,0.67,0.8789,0.8927,1.0,0.748,1.0,0.8244,0.8832,0.9375,0.9158,1,3,0.15,0.4,0.45,0.25,0.3,0.45,0.4,0.6
SIT00597,Site_Reliability_Engineer,Site Reliability Engineer (SRE),M,26-30,2,BSc,7.4,0.752,0.8133,0.7587,1.0,0.6608,1.0,0.71,0.8186,0.8809,0.856,1,3,0.15,0.4,0.45,0.25,0.3,0.45,0.4,0.6
SIT00598,Site_Reliability_Engineer,Site Reliability Engineer (SRE),M,31-35,2,BSc,3.0,0.635,0.5724,0.9049,1.0,0.614,0.75,0.7706,0.7389,0.8646,0.8143,1,3,0.15,0.4,0.45,0.25,0.3,0.45,0.4,0.6
SIT00599,Site_Reliability_Engineer,Site Reliability Engineer (SRE),F,46+,3,MSc,4.1,0.662,0.8358,0.8848,0.9997,0.7448,1.0,0.8069,0.8748,0.9243,0.9045,1,3,0.15,0.4,0.45,0.25,0.3,0.45,0.4,0.6
SIT00600,Site_Reliability_Engineer,Site Reliability Engineer (SRE),F,31-35,2,BSc,0.0,0.63,0.8691,0.7315,1.0,0.612,0.0,0.5798,0.3527,0.8867,0.6731,0,0,0.15,0.4,0.45,0.25,0.3,0.45,0.4,0.6
