candidate_id,job_role,job_role_display,gender,age_group,edu_level,edu_level_name,years_experience,edu_relevance,P_mcq,P_desc,P_code,S_edu,S_exp,S_skill,S_cv,S_int,CSS,passed_hard_filter,relevance_label,w_edu,w_exp,w_skill,w_mcq,w_desc,w_code,W_CV,W_INT
EMB00001,Embedded_Systems_Engineer,Embedded Systems Engineer,F,36-40,4,PhD,6.0,0.86,0.9684,1.0,0.9538,0.944,1.0,0.906,0.9465,0.9713,0.9614,1,3,0.2,0.35,0.45,0.25,0.3,0.45,0.4,0.6
EMB00002,Embedded_Systems_Engineer,Embedded Systems Engineer,M,36-40,2,BSc,1.7,0.766,0.6773,0.9783,0.6323,0.6664,0.5667,0.7323,0.6612,0.7473,0.7129,1,2,0.2,0.35,0.45,0.25,0.3,0.45,0.4,0.6
EMB00003,Embedded_Systems_Engineer,Embedded Systems Engineer,M,36-40,3,MSc,0.0,0.773,0.9573,0.8832,1.0,0.7892,0.0,0.7975,0.5167,0.9543,0.7793,0,0,0.2,0.35,0.45,0.25,0.3,0.45,0.4,0.6
EMB00004,Embedded_Systems_Engineer,Embedded Systems Engineer,M,22-25,2,BSc,10.0,0.806,0.7341,1.0,1.0,0.6824,1.0,0.7766,0.8359,0.9335,0.8945,1,3,0.2,0.35,0.45,0.25,0.3,0.45,0.4,0.6
EMB00005,Embedded_Systems_Engineer,Embedded Systems Engineer,F,36-40,2,BSc,7.3,0.639,0.8415,0.71,1.0,0.6156,1.0,0.7322,0.8026,0.8734,0.8451,1,3,0.2,0.35,0.45,0.25,0.3,0.45,0.4,0.6
EMB00006,Embedded_Systems_Engineer,Embedded Systems Engineer,M,31-35,2,BSc,3.5,0.684,0.7713,0.7006,0.8472,0.6336,1.0,0.47,0.6882,0.7842,0.7458,1,1,0.2,0.35,0.45,0.25,0.3,0.45,0.4,0.6
EMB00007,Embedded_Systems_Engineer,Embedded Systems Engineer,F,22-25,3,MSc,6.0,0.676,0.8159,0.7584,0.8474,0.7504,1.0,1.0,0.9501,0.8128,0.8677,1,3,0.2,0.35,0.45,0.25,0.3,0.45,0.4,0.6
EMB00008,Embedded_Systems_Engineer,Embedded Systems Engineer,F,26-30,3,MSc,5.5,0.754,0.8436,0.9389,0.9939,0.7816,1.0,0.716,0.8285,0.9398,0.8953,1,3,0.2,0.35,0.45,0.25,0.3,0.45,0.4,0.6
EMB00009,Embedded_Systems_Engineer,Embedded Systems Engineer,M,22-25,2,BSc,3.0,0.54,0.8667,0.7407,0.8059,0.576,1.0,0.7283,0.7929,0.8015,0.7981,1,3,0.2,0.35,0.45,0.25,0.3,0.45,0.4,0.6
EMB00010,Embedded_Systems_Engineer,Embedded Systems Engineer,F,36-40,2,BSc,5.8,0.8,0.604,0.8946,0.903,0.68,1.0,0.5851,0.7493,0.8257,0.7951,1,2,0.2,0.35,0.45,0.25,0.3,0.45,0.4,0.6
EMB00011,Embedded_Systems_Engineer,Embedded Systems Engineer,M,22-25,2,BSc,2.3,0.612,0.7035,0.4547,0.8897,0.6048,0.7667,0.5806,0.6506,0.7127,0.6879,1,2,0.2,0.35,0.45,0.25,0.3,0.45,0.4,0.6
EMB00012,Embedded_Systems_Engineer,Embedded Systems Engineer,F,22-25,3,MSc,3.2,0.841,0.9238,0.8266,1.0,0.8164,1.0,0.5858,0.7769,0.9289,0.8681,1,2,0.2,0.35,0.45,0.25,0.3,0.45,0.4,0.6
EMB00013,Embedded_Systems_Engineer,Embedded Systems Engineer,F,36-40,3,MSc,3.9,0.708,0.7416,0.7407,1.0,0.7632,1.0,0.6836,0.8103,0.8576,0.8387,1,2,0.2,0.35,0.45,0.25,0.3,0.45,0.4,0.6
EMB00014,Embedded_Systems_Engineer,Embedded Systems Engineer,F,31-35,2,BSc,1.8,0.585,0.7892,0.9489,0.8185,0.594,0.6,0.8509,0.7117,0.8503,0.7949,1,3,0.2,0.35,0.45,0.25,0.3,0.45,0.4,0.6
EMB00015,Embedded_Systems_Engineer,Embedded Systems Engineer,M,46+,2,BSc,9.4,0.622,0.9056,0.9482,1.0,0.6088,1.0,0.9594,0.9035,0.9609,0.9379,1,3,0.2,0.35,0.45,0.25,0.3,0.45,0.4,0.6
EMB00016,Embedded_Systems_Engineer,Embedded Systems Engineer,F,26-30,3,MSc,5.0,0.692,0.8266,0.5956,0.8237,0.7568,1.0,0.7121,0.8218,0.756,0.7823,1,3,0.2,0.35,0.45,0.25,0.3,0.45,0.4,0.6
EMB00017,Embedded_Systems_Engineer,Embedded Systems Engineer,F,31-35,2,BSc,2.9,0.627,0.9646,0.6935,1.0,0.6108,0.9667,0.6617,0.7583,0.8992,0.8428,1,2,0.2,0.35,0.45,0.25,0.3,0.45,0.4,0.6
EMB00018,Embedded_Systems_Engineer,Embedded Systems Engineer,M,26-30,2,BSc,2.5,0.852,0.9427,1.0,1.0,0.7008,0.8333,0.8498,0.8142,0.9857,0.9171,1,3,0.2,0.35,0.45,0.25,0.3,0.45,0.4,0.6
EMB00019,Embedded_Systems_Engineer,Embedded Systems Engineer,F,31-35,3,MSc,0.0,0.621,0.6759,0.799,0.7064,0.7284,0.0,0.5145,0.3772,0.7266,0.5868,0,0,0.2,0.35,0.45,0.25,0.3,0.45,0.4,0.6
EMB00020,Embedded_Systems_Engineer,Embedded Systems Engineer,M,22-25,1,Diploma,5.2,0.491,1.0,0.8629,0.9902,0.4364,1.0,0.8643,0.8262,0.9545,0.9032,0,0,0.2,0.35,0.45,0.25,0.3,0.45,0.4,0.6
EMB00021,Embedded_Systems_Engineer,Embedded Systems Engineer,M,31-35,2,BSc,9.3,0.682,0.9324,0.6841,0.9546,0.6328,1.0,0.8975,0.8804,0.8679,0.8729,1,3,0.2,0.35,0.45,0.25,0.3,0.45,0.4,0.6
EMB00022,Embedded_Systems_Engineer,Embedded Systems Engineer,F,31-35,2,BSc,10.4,0.492,0.9294,0.9389,0.8656,0.5568,1.0,0.5993,0.731,0.9035,0.8345,1,2,0.2,0.35,0.45,0.25,0.3,0.45,0.4,0.6
EMB00023,Embedded_Systems_Engineer,Embedded Systems Engineer,F,31-35,3,MSc,5.0,0.762,0.7554,0.8596,0.9468,0.7848,1.0,0.9202,0.921,0.8728,0.8921,1,3,0.2,0.35,0.45,0.25,0.3,0.45,0.4,0.6
EMB00024,Embedded_Systems_Engineer,Embedded Systems Engineer,M,22-25,4,PhD,11.5,0.652,1.0,1.0,1.0,0.8608,1.0,1.0,0.9722,1.0,0.9889,1,3,0.2,0.35,0.45,0.25,0.3,0.45,0.4,0.6
EMB00025,Embedded_Systems_Engineer,Embedded Systems Engineer,F,26-30,2,BSc,2.4,0.691,0.8553,0.6079,0.8465,0.6364,0.8,0.6337,0.6924,0.7771,0.7432,1,3,0.2,0.35,0.45,0.25,0.3,0.45,0.4,0.6
EMB00026,Embedded_Systems_Engineer,Embedded Systems Engineer,F,31-35,2,BSc,8.3,0.695,0.906,0.9306,0.9521,0.638,1.0,0.9025,0.8837,0.9341,0.9139,1,3,0.2,0.35,0.45,0.25,0.3,0.45,0.4,0.6
EMB00027,Embedded_Systems_Engineer,Embedded Systems Engineer,M,36-40,2,BSc,3.9,0.707,0.6643,0.6039,0.7665,0.6428,1.0,0.5947,0.7462,0.6922,0.7138,1,2,0.2,0.35,0.45,0.25,0.3,0.45,0.4,0.6
EMB00028,Embedded_Systems_Engineer,Embedded Systems Engineer,M,26-30,2,BSc,5.2,0.689,0.8368,0.9303,0.9342,0.6356,1.0,0.6562,0.7724,0.9087,0.8542,1,2,0.2,0.35,0.45,0.25,0.3,0.45,0.4,0.6
EMB00029,Embedded_Systems_Engineer,Embedded Systems Engineer,M,41-45,3,MSc,3.8,0.802,0.7834,0.7939,0.9091,0.8008,1.0,0.6652,0.8095,0.8431,0.8297,1,2,0.2,0.35,0.45,0.25,0.3,0.45,0.4,0.6
EMB00030,Embedded_Systems_Engineer,Embedded Systems Engineer,F,36-40,4,PhD,2.9,0.735,0.7832,0.8429,0.9405,0.894,0.9667,0.6306,0.8009,0.8719,0.8435,1,2,0.2,0.35,0.45,0.25,0.3,0.45,0.4,0.6
EMB00031,Embedded_Systems_Engineer,Embedded Systems Engineer,F,26-30,3,MSc,11.8,0.674,0.9293,0.9679,1.0,0.7496,1.0,0.7984,0.8592,0.9727,0.9273,1,3,0.2,0.35,0.45,0.25,0.3,0.45,0.4,0.6
EMB00032,Embedded_Systems_Engineer,Embedded Systems Engineer,M,31-35,3,MSc,5.9,0.61,0.8773,0.9841,1.0,0.724,1.0,0.9234,0.9103,0.9646,0.9429,1,3,0.2,0.35,0.45,0.25,0.3,0.45,0.4,0.6
EMB00033,Embedded_Systems_Engineer,Embedded Systems Engineer,M,22-25,3,MSc,8.5,0.719,0.8338,0.743,1.0,0.7676,1.0,0.8175,0.8714,0.8814,0.8774,1,3,0.2,0.35,0.45,0.25,0.3,0.45,0.4,0.6
EMB00034,Embedded_Systems_Engineer,Embedded Systems Engineer,M,36-40,2,BSc,5.2,0.729,0.6198,0.9534,0.8169,0.6516,1.0,0.8556,0.8653,0.8086,0.8313,1,3,0.2,0.35,0.45,0.25,0.3,0.45,0.4,0.6
EMB00035,Embedded_Systems_Engineer,Embedded Systems Engineer,M,22-25,4,PhD,2.7,1.0,0.7357,0.6395,0.8272,1.0,0.9,0.7955,0.873,0.748,0.798,1,3,0.2,0.35,0.45,0.25,0.3,0.45,0.4,0.6
EMB00036,Embedded_Systems_Engineer,Embedded Systems Engineer,M,26-30,4,PhD,2.6,0.897,0.6649,0.6818,1.0,0.9588,0.8667,0.8371,0.8718,0.8208,0.8412,1,3,0.2,0.35,0.45,0.25,0.3,0.45,0.4,0.6
EMB00037,Embedded_Systems_Engineer,Embedded Systems Engineer,F,22-25,4,PhD,3.0,0.9,1.0,0.7133,1.0,0.96,1.0,0.9268,0.9591,0.914,0.932,1,3,0.2,0.35,0.45,0.25,0.3,0.45,0.4,0.6
EMB00038,Embedded_Systems_Engineer,Embedded Systems Engineer,F,31-35,3,MSc,8.0,0.661,0.8952,0.796,1.0,0.7444,1.0,0.7749,0.8476,0.9126,0.8866,1,3,0.2,0.35,0.45,0.25,0.3,0.45,0.4,0.6
EMB00039,Embedded_Systems_Engineer,Embedded Systems Engineer,F,26-30,2,BSc,5.6,0.584,0.7121,0.7272,0.923,0.5936,1.0,0.7936,0.8258,0.8115,0.8172,1,3,0.2,0.35,0.45,0.25,0.3,0.45,0.4,0.6
EMB00040,Embedded_Systems_Engineer,Embedded Systems Engineer,F,22-25,2,BSc,6.4,0.544,0.7748,0.9547,1.0,0.5776,1.0,0.7944,0.823,0.9301,0.8873,1,3,0.2,0.35,0.45,0.25,0.3,0.45,0.4,0.6
EMB00041,Embedded_Systems_Engineer,Embedded Systems Engineer,F,26-30,3,MSc,5.4,0.634,0.8965,1.0,0.9957,0.7336,1.0,0.654,0.791,0.9722,0.8997,1,2,0.2,0.35,0.45,0.25,0.3,0.45,0.4,0.6
EMB00042,Embedded_Systems_Engineer,Embedded Systems Engineer,F,31-35,2,BSc,6.5,0.752,0.721,0.9032,0.9786,0.6608,1.0,0.793,0.839,0.8916,0.8706,1,3,0.2,0.35,0.45,0.25,0.3,0.45,0.4,0.6
EMB00043,Embedded_Systems_Engineer,Embedded Systems Engineer,F,22-25,3,MSc,3.0,0.742,0.9918,0.9069,0.9728,0.7768,1.0,1.0,0.9554,0.9578,0.9568,1,3,0.2,0.35,0.45,0.25,0.3,0.45,0.4,0.6
EMB00044,Embedded_Systems_Engineer,Embedded Systems Engineer,F,46+,3,MSc,3.2,0.733,1.0,0.9595,1.0,0.7732,1.0,0.7419,0.8385,0.9878,0.9281,1,3,0.2,0.35,0.45,0.25,0.3,0.45,0.4,0.6
EMB00045,Embedded_Systems_Engineer,Embedded Systems Engineer,F,22-25,4,PhD,4.1,0.905,0.8481,0.6569,0.8629,0.962,1.0,0.8345,0.9179,0.7974,0.8456,1,3,0.2,0.35,0.45,0.25,0.3,0.45,0.4,0.6
EMB00046,Embedded_Systems_Engineer,Embedded Systems Engineer,F,46+,2,BSc,8.1,0.829,0.6191,0.9171,1.0,0.6916,1.0,0.7952,0.8462,0.8799,0.8664,1,3,0.2,0.35,0.45,0.25,0.3,0.45,0.4,0.6
EMB00047,Embedded_Systems_Engineer,Embedded Systems Engineer,M,22-25,2,BSc,0.0,0.714,1.0,0.7613,0.7201,0.6456,0.0,0.653,0.423,0.8024,0.6506,0,0,0.2,0.35,0.45,0.25,0.3,0.45,0.4,0.6
EMB00048,Embedded_Systems_Engineer,Embedded Systems Engineer,F,26-30,3,MSc,3.2,0.632,0.8214,0.7947,0.915,0.7328,1.0,0.8472,0.8778,0.8555,0.8644,1,3,0.2,0.35,0.45,0.25,0.3,0.45,0.4,0.6
EMB00049,Embedded_Systems_Engineer,Embedded Systems Engineer,M,22-25,3,MSc,6.7,0.837,0.9322,0.8167,1.0,0.8148,1.0,0.7394,0.8457,0.9281,0.8951,1,3,0.2,0.35,0.45,0.25,0.3,0.45,0.4,0.6
EMB00050,Embedded_Systems_Engineer,Embedded Systems Engineer,F,26-30,3,MSc,2.6,0.777,0.767,0.5157,0.9915,0.7908,0.8667,0.7548,0.8012,0.7926,0.796,1,3,0.2,0.35,0.45,0.25,0.3,0.45,0.4,0.6
EMB00051,Embedded_Systems_Engineer,Embedded Systems Engineer,M,31-35,4,PhD,6.5,0.975,0.9445,0.7948,1.0,0.99,1.0,0.9622,0.981,0.9246,0.9472,1,2,0.2,0.35,0.45,0.25,0.3,0.45,0.4,0.6
EMB00052,Embedded_Systems_Engineer,Embedded Systems Engineer,F,36-40,3,MSc,2.8,0.712,0.7772,0.8889,0.9716,0.7648,0.9333,0.9716,0.9168,0.8982,0.9056,1,3,0.2,0.35,0.45,0.25,0.3,0.45,0.4,0.6
EMB00053,Embedded_Systems_Engineer,Embedded Systems Engineer,F,22-25,2,BSc,4.0,0.698,0.9205,0.7201,0.9555,0.6392,1.0,0.7701,0.8244,0.8761,0.8554,1,3,0.2,0.35,0.45,0.25,0.3,0.45,0.4,0.6
EMB00054,Embedded_Systems_Engineer,Embedded Systems Engineer,F,31-35,3,MSc,3.0,0.647,0.7662,0.7165,0.8884,0.7388,1.0,0.8865,0.8967,0.8063,0.8425,1,3,0.2,0.35,0.45,0.25,0.3,0.45,0.4,0.6
EMB00055,Embedded_Systems_Engineer,Embedded Systems Engineer,M,26-30,2,BSc,5.2,0.591,0.803,0.8297,0.8069,0.5964,1.0,0.7258,0.7959,0.8128,0.806,1,3,0.2,0.35,0.45,0.25,0.3,0.45,0.4,0.6
EMB00056,Embedded_Systems_Engineer,Embedded Systems Engineer,F,22-25,3,MSc,5.9,0.752,0.9461,0.8076,1.0,0.7808,1.0,0.7119,0.8265,0.9288,0.8879,1,3,0.2,0.35,0.45,0.25,0.3,0.45,0.4,0.6
EMB00057,Embedded_Systems_Engineer,Embedded Systems Engineer,M,31-35,3,MSc,7.2,0.779,0.7505,0.9465,1.0,0.7916,1.0,0.7724,0.8559,0.9216,0.8953,1,3,0.2,0.35,0.45,0.25,0.3,0.45,0.4,0.6
EMB00058,Embedded_Systems_Engineer,Embedded Systems Engineer,F,22-25,2,BSc,4.1,0.648,0.6469,0.8001,0.9356,0.6192,1.0,0.6564,0.7692,0.8228,0.8014,1,1,0.2,0.35,0.45,0.25,0.3,0.45,0.4,0.6
EMB00059,Embedded_Systems_Engineer,Embedded Systems Engineer,F,26-30,2,BSc,5.7,0.737,0.6824,0.9074,0.9612,0.6548,1.0,0.8522,0.8644,0.8754,0.871,1,3,0.2,0.35,0.45,0.25,0.3,0.45,0.4,0.6
EMB00060,Embedded_Systems_Engineer,Embedded Systems Engineer,M,26-30,3,MSc,1.6,0.681,0.9084,0.9929,1.0,0.7524,0.5333,0.8879,0.7367,0.975,0.8797,1,3,0.2,0.35,0.45,0.25,0.3,0.45,0.4,0.6
EMB00061,Embedded_Systems_Engineer,Embedded Systems Engineer,F,22-25,3,MSc,1.7,0.787,0.8868,0.8517,0.9637,0.7948,0.5667,0.7388,0.6898,0.9109,0.8225,1,3,0.2,0.35,0.45,0.25,0.3,0.45,0.4,0.6
EMB00062,Embedded_Systems_Engineer,Embedded Systems Engineer,F,36-40,4,PhD,4.8,0.795,1.0,0.7621,0.8412,0.918,1.0,0.8694,0.9248,0.8572,0.8842,1,3,0.2,0.35,0.45,0.25,0.3,0.45,0.4,0.6
EMB00063,Embedded_Systems_Engineer,Embedded Systems Engineer,F,36-40,2,BSc,4.0,0.66,0.5472,0.6767,0.9418,0.624,1.0,0.5031,0.7012,0.7636,0.7386,1,1,0.2,0.35,0.45,0.25,0.3,0.45,0.4,0.6
EMB00064,Embedded_Systems_Engineer,Embedded Systems Engineer,F,36-40,2,BSc,1.5,0.691,0.452,0.6803,0.7549,0.6364,0.5,0.6214,0.5819,0.6568,0.6268,1,1,0.2,0.35,0.45,0.25,0.3,0.45,0.4,0.6
EMB00065,Embedded_Systems_Engineer,Embedded Systems Engineer,F,31-35,3,MSc,1.0,0.814,0.8986,0.8255,0.9676,0.8056,0.3333,0.7747,0.6264,0.9077,0.7952,0,3,0.2,0.35,0.45,0.25,0.3,0.45,0.4,0.6
EMB00066,Embedded_Systems_Engineer,Embedded Systems Engineer,F,22-25,3,MSc,5.1,0.904,0.8706,0.784,1.0,0.8416,1.0,0.8506,0.9011,0.9028,0.9021,1,3,0.2,0.35,0.45,0.25,0.3,0.45,0.4,0.6
EMB00067,Embedded_Systems_Engineer,Embedded Systems Engineer,M,26-30,4,PhD,2.1,0.649,0.8752,0.8767,0.8491,0.8596,0.7,0.5788,0.6774,0.8639,0.7893,1,1,0.2,0.35,0.45,0.25,0.3,0.45,0.4,0.6
EMB00068,Embedded_Systems_Engineer,Embedded Systems Engineer,F,31-35,3,MSc,5.8,0.953,0.7318,0.6738,0.9868,0.8612,1.0,0.8923,0.9238,0.8292,0.867,1,3,0.2,0.35,0.45,0.25,0.3,0.45,0.4,0.6
EMB00069,Embedded_Systems_Engineer,Embedded Systems Engineer,M,22-25,4,PhD,9.5,0.806,0.8199,0.8816,1.0,0.9224,1.0,0.7377,0.8664,0.9195,0.8983,1,3,0.2,0.35,0.45,0.25,0.3,0.45,0.4,0.6
EMB00070,Embedded_Systems_Engineer,Embedded Systems Engineer,M,26-30,3,MSc,5.0,0.787,0.9821,0.9056,0.8376,0.7948,1.0,0.5671,0.7642,0.8941,0.8421,1,2,0.2,0.35,0.45,0.25,0.3,0.45,0.4,0.6
EMB00071,Embedded_Systems_Engineer,Embedded Systems Engineer,F,36-40,2,BSc,6.9,0.883,0.9515,0.7801,1.0,0.7132,1.0,0.8184,0.8609,0.9219,0.8975,1,3,0.2,0.35,0.45,0.25,0.3,0.45,0.4,0.6
EMB00072,Embedded_Systems_Engineer,Embedded Systems Engineer,F,31-35,2,BSc,5.9,0.706,0.8007,0.742,0.8653,0.6424,1.0,0.6858,0.7871,0.8122,0.8022,1,2,0.2,0.35,0.45,0.25,0.3,0.45,0.4,0.6
EMB00073,Embedded_Systems_Engineer,Embedded Systems Engineer,F,31-35,3,MSc,3.8,0.541,1.0,0.8047,0.949,0.6964,1.0,0.6887,0.7992,0.9185,0.8708,1,2,0.2,0.35,0.45,0.25,0.3,0.45,0.4,0.6
EMB00074,Embedded_Systems_Engineer,Embedded Systems Engineer,M,26-30,3,MSc,3.4,0.778,0.9579,0.6966,1.0,0.7912,1.0,0.8177,0.8762,0.8985,0.8896,1,3,0.2,0.35,0.45,0.25,0.3,0.45,0.4,0.6
EMB00075,Embedded_Systems_Engineer,Embedded Systems Engineer,M,22-25,3,MSc,8.3,0.56,0.8535,0.9032,1.0,0.704,1.0,1.0,0.9408,0.9343,0.9369,1,3,0.2,0.35,0.45,0.25,0.3,0.45,0.4,0.6
EMB00076,Embedded_Systems_Engineer,Embedded Systems Engineer,F,26-30,2,BSc,4.4,0.762,0.9279,0.7567,1.0,0.6648,1.0,0.6713,0.785,0.909,0.8594,1,2,0.2,0.35,0.45,0.25,0.3,0.45,0.4,0.6
EMB00077,Embedded_Systems_Engineer,Embedded Systems Engineer,F,22-25,3,MSc,0.0,0.767,0.8004,0.9155,0.7197,0.7868,0.0,0.7282,0.485,0.7986,0.6732,0,0,0.2,0.35,0.45,0.25,0.3,0.45,0.4,0.6
EMB00078,Embedded_Systems_Engineer,Embedded Systems Engineer,F,26-30,3,MSc,6.6,0.677,0.9104,0.7108,1.0,0.7508,1.0,0.6546,0.7947,0.8908,0.8524,1,2,0.2,0.35,0.45,0.25,0.3,0.45,0.4,0.6
EMB00079,Embedded_Systems_Engineer,Embedded Systems Engineer,M,31-35,2,BSc,2.9,0.658,0.8942,0.699,0.9023,0.6232,0.9667,0.7047,0.7801,0.8393,0.8156,1,3,0.2,0.35,0.45,0.25,0.3,0.45,0.4,0.6
EMB00080,Embedded_Systems_Engineer,Embedded Systems Engineer,F,31-35,3,MSc,3.9,0.638,1.0,0.8483,1.0,0.7352,1.0,0.7937,0.8542,0.9545,0.9144,1,3,0.2,0.35,0.45,0.25,0.3,0.45,0.4,0.6
EMB00081,Embedded_Systems_Engineer,Embedded Systems Engineer,F,26-30,2,BSc,7.2,0.771,0.8582,0.7932,0.9854,0.6684,1.0,0.8092,0.8478,0.8959,0.8767,1,3,0.2,0.35,0.45,0.25,0.3,0.45,0.4,0.6
EMB00082,Embedded_Systems_Engineer,Embedded Systems Engineer,F,36-40,3,MSc,4.1,0.647,0.8938,0.8628,0.8508,0.7388,1.0,0.8301,0.8713,0.8652,0.8676,1,3,0.2,0.35,0.45,0.25,0.3,0.45,0.4,0.6
EMB00083,Embedded_Systems_Engineer,Embedded Systems Engineer,M,26-30,2,BSc,4.7,0.801,0.9288,0.6893,0.7561,0.6804,1.0,0.9295,0.9044,0.7792,0.8293,1,3,0.2,0.35,0.45,0.25,0.3,0.45,0.4,0.6
EMB00084,Embedded_Systems_Engineer,Embedded Systems Engineer,F,22-25,3,MSc,6.1,0.575,0.6442,0.8358,1.0,0.71,1.0,0.606,0.7647,0.8618,0.823,1,2,0.2,0.35,0.45,0.25,0.3,0.45,0.4,0.6
EMB00085,Embedded_Systems_Engineer,Embedded Systems Engineer,F,22-25,2,BSc,3.9,0.649,0.7469,0.7239,0.9969,0.6196,1.0,0.7634,0.8175,0.8525,0.8385,1,3,0.2,0.35,0.45,0.25,0.3,0.45,0.4,0.6
EMB00086,Embedded_Systems_Engineer,Embedded Systems Engineer,M,26-30,3,MSc,3.4,0.761,0.9025,0.9079,0.8921,0.7844,1.0,0.7646,0.8509,0.8994,0.88,1,3,0.2,0.35,0.45,0.25,0.3,0.45,0.4,0.6
EMB00087,Embedded_Systems_Engineer,Embedded Systems Engineer,F,22-25,3,MSc,6.8,0.896,0.9134,0.9679,0.9582,0.8384,1.0,0.7242,0.8436,0.9499,0.9074,1,3,0.2,0.35,0.45,0.25,0.3,0.45,0.4,0.6
EMB00088,Embedded_Systems_Engineer,Embedded Systems Engineer,M,31-35,2,BSc,1.8,0.635,0.6459,0.5289,0.7627,0.614,0.6,0.6141,0.6091,0.6634,0.6417,1,3,0.2,0.35,0.45,0.25,0.3,0.45,0.4,0.6
EMB00089,Embedded_Systems_Engineer,Embedded Systems Engineer,F,22-25,2,BSc,4.1,0.686,0.9046,0.9149,0.7375,0.6344,1.0,0.7454,0.8123,0.8325,0.8244,1,2,0.2,0.35,0.45,0.25,0.3,0.45,0.4,0.6
EMB00090,Embedded_Systems_Engineer,Embedded Systems Engineer,F,46+,3,MSc,8.4,0.648,0.9421,1.0,0.9914,0.7392,1.0,0.9589,0.9293,0.9817,0.9607,1,3,0.2,0.35,0.45,0.25,0.3,0.45,0.4,0.6
EMB00091,Embedded_Systems_Engineer,Embedded Systems Engineer,F,31-35,3,MSc,7.2,0.771,0.9937,0.7659,1.0,0.7884,1.0,0.8788,0.9031,0.9282,0.9182,1,3,0.2,0.35,0.45,0.25,0.3,0.45,0.4,0.6
EMB00092,Embedded_Systems_Engineer,Embedded Systems Engineer,M,36-40,2,BSc,1.0,0.662,0.7833,0.7408,1.0,0.6248,0.3333,0.7317,0.5709,0.8681,0.7492,0,3,0.2,0.35,0.45,0.25,0.3,0.45,0.4,0.6
EMB00093,Embedded_Systems_Engineer,Embedded Systems Engineer,M,31-35,4,PhD,3.4,0.737,1.0,0.8023,0.8965,0.8948,1.0,0.9876,0.9734,0.8941,0.9258,1,3,0.2,0.35,0.45,0.25,0.3,0.45,0.4,0.6
EMB00094,Embedded_Systems_Engineer,Embedded Systems Engineer,M,31-35,3,MSc,7.7,0.774,0.7733,0.8812,0.9526,0.7896,1.0,0.9068,0.916,0.8864,0.8982,1,3,0.2,0.35,0.45,0.25,0.3,0.45,0.4,0.6
EMB00095,Embedded_Systems_Engineer,Embedded Systems Engineer,F,36-40,1,Diploma,8.6,0.403,0.8276,0.9819,0.8884,0.4012,1.0,0.7678,0.7757,0.9012,0.851,0,0,0.2,0.35,0.45,0.25,0.3,0.45,0.4,0.6
EMB00096,Embedded_Systems_Engineer,Embedded Systems Engineer,M,26-30,2,BSc,4.9,0.562,0.8609,0.8077,0.8971,0.5848,1.0,0.9151,0.8788,0.8612,0.8682,1,3,0.2,0.35,0.45,0.25,0.3,0.45,0.4,0.6
EMB00097,Embedded_Systems_Engineer,Embedded Systems Engineer,F,36-40,3,MSc,8.6,0.756,0.8187,0.9871,0.9976,0.7824,1.0,1.0,0.9565,0.9497,0.9524,1,3,0.2,0.35,0.45,0.25,0.3,0.45,0.4,0.6
EMB00098,Embedded_Systems_Engineer,Embedded Systems Engineer,F,31-35,2,BSc,4.6,0.547,0.9647,0.9798,1.0,0.5788,1.0,0.904,0.8726,0.9851,0.9401,1,3,0.2,0.35,0.45,0.25,0.3,0.45,0.4,0.6
EMB00099,Embedded_Systems_Engineer,Embedded Systems Engineer,M,26-30,3,MSc,9.2,0.749,0.8728,0.7218,1.0,0.7796,1.0,0.9327,0.9256,0.8847,0.9011,1,3,0.2,0.35,0.45,0.25,0.3,0.45,0.4,0.6
EMB00100,Embedded_Systems_Engineer,Embedded Systems Engineer,M,31-35,1,Diploma,3.2,0.567,0.7748,0.7864,0.7885,0.4668,1.0,0.7369,0.775,0.7844,0.7806,0,0,0.2,0.35,0.45,0.25,0.3,0.45,0.4,0.6
EMB00101,Embedded_Systems_Engineer,Embedded Systems Engineer,F,26-30,3,MSc,3.1,0.848,0.8673,0.6824,0.9426,0.8192,1.0,0.7501,0.8514,0.8457,0.848,1,3,0.2,0.35,0.45,0.25,0.3,0.45,0.4,0.6
EMB00102,Embedded_Systems_Engineer,Embedded Systems Engineer,F,26-30,3,MSc,9.0,0.84,0.7432,0.7261,1.0,0.816,1.0,0.7702,0.8598,0.8536,0.8561,1,3,0.2,0.35,0.45,0.25,0.3,0.45,0.4,0.6
EMB00103,Embedded_Systems_Engineer,Embedded Systems Engineer,F,26-30,2,BSc,4.3,0.661,0.8064,0.8993,0.8461,0.6244,1.0,0.7724,0.8225,0.8521,0.8403,1,3,0.2,0.35,0.45,0.25,0.3,0.45,0.4,0.6
EMB00104,Embedded_Systems_Engineer,Embedded Systems Engineer,M,31-35,2,BSc,5.0,0.759,0.9416,0.6656,0.8928,0.6636,1.0,0.5096,0.712,0.8368,0.7869,1,1,0.2,0.35,0.45,0.25,0.3,0.45,0.4,0.6
EMB00105,Embedded_Systems_Engineer,Embedded Systems Engineer,F,31-35,2,BSc,8.2,0.691,0.8173,0.9134,0.9389,0.6364,1.0,0.6597,0.7741,0.9008,0.8501,1,2,0.2,0.35,0.45,0.25,0.3,0.45,0.4,0.6
EMB00106,Embedded_Systems_Engineer,Embedded Systems Engineer,F,26-30,2,BSc,4.8,0.708,0.9273,0.9573,1.0,0.6432,1.0,0.8658,0.8682,0.969,0.9287,1,2,0.2,0.35,0.45,0.25,0.3,0.45,0.4,0.6
EMB00107,Embedded_Systems_Engineer,Embedded Systems Engineer,F,31-35,2,BSc,8.4,0.545,0.6291,0.8403,1.0,0.578,1.0,0.6971,0.7793,0.8594,0.8274,1,2,0.2,0.35,0.45,0.25,0.3,0.45,0.4,0.6
EMB00108,Embedded_Systems_Engineer,Embedded Systems Engineer,F,22-25,3,MSc,11.6,0.769,0.9034,0.743,1.0,0.7876,1.0,1.0,0.9575,0.8987,0.9222,1,3,0.2,0.35,0.45,0.25,0.3,0.45,0.4,0.6
EMB00109,Embedded_Systems_Engineer,Embedded Systems Engineer,M,26-30,2,BSc,2.8,0.76,0.7839,0.8758,1.0,0.664,0.9333,0.6825,0.7666,0.9087,0.8519,1,2,0.2,0.35,0.45,0.25,0.3,0.45,0.4,0.6
EMB00110,Embedded_Systems_Engineer,Embedded Systems Engineer,F,22-25,2,BSc,5.1,0.712,0.9304,0.836,0.902,0.6448,1.0,0.7125,0.7996,0.8893,0.8534,1,3,0.2,0.35,0.45,0.25,0.3,0.45,0.4,0.6
EMB00111,Embedded_Systems_Engineer,Embedded Systems Engineer,M,22-25,3,MSc,5.6,0.747,0.7237,0.8152,0.7926,0.7788,1.0,0.8269,0.8779,0.7822,0.8205,1,3,0.2,0.35,0.45,0.25,0.3,0.45,0.4,0.6
EMB00112,Embedded_Systems_Engineer,Embedded Systems Engineer,M,36-40,2,BSc,2.7,0.581,0.958,0.9666,0.9755,0.5924,0.9,0.9744,0.872,0.9685,0.9299,1,3,0.2,0.35,0.45,0.25,0.3,0.45,0.4,0.6
EMB00113,Embedded_Systems_Engineer,Embedded Systems Engineer,M,26-30,4,PhD,6.7,0.854,0.9008,0.7047,1.0,0.9416,1.0,1.0,0.9883,0.8866,0.9273,1,3,0.2,0.35,0.45,0.25,0.3,0.45,0.4,0.6
EMB00114,Embedded_Systems_Engineer,Embedded Systems Engineer,M,26-30,2,BSc,6.1,0.473,0.9196,0.8202,0.7978,0.5492,1.0,0.7918,0.8161,0.835,0.8274,1,2,0.2,0.35,0.45,0.25,0.3,0.45,0.4,0.6
EMB00115,Embedded_Systems_Engineer,Embedded Systems Engineer,M,26-30,2,BSc,4.1,0.742,0.7862,0.7138,0.9426,0.6568,1.0,0.7772,0.8311,0.8349,0.8334,1,3,0.2,0.35,0.45,0.25,0.3,0.45,0.4,0.6
EMB00116,Embedded_Systems_Engineer,Embedded Systems Engineer,F,31-35,4,PhD,6.7,0.787,1.0,0.7455,1.0,0.9148,1.0,0.8772,0.9277,0.9237,0.9253,1,3,0.2,0.35,0.45,0.25,0.3,0.45,0.4,0.6
EMB00117,Embedded_Systems_Engineer,Embedded Systems Engineer,M,22-25,4,PhD,7.0,0.828,0.958,0.7769,1.0,0.9312,1.0,0.8379,0.9133,0.9226,0.9189,1,3,0.2,0.35,0.45,0.25,0.3,0.45,0.4,0.6
EMB00118,Embedded_Systems_Engineer,Embedded Systems Engineer,M,26-30,3,MSc,4.3,0.881,0.8099,0.87,1.0,0.8324,1.0,0.5716,0.7737,0.9135,0.8576,1,2,0.2,0.35,0.45,0.25,0.3,0.45,0.4,0.6
EMB00119,Embedded_Systems_Engineer,Embedded Systems Engineer,F,31-35,1,Diploma,6.2,0.673,0.6143,0.8471,1.0,0.5092,1.0,0.8048,0.814,0.8577,0.8402,0,0,0.2,0.35,0.45,0.25,0.3,0.45,0.4,0.6
EMB00120,Embedded_Systems_Engineer,Embedded Systems Engineer,M,36-40,2,BSc,6.2,0.763,0.7574,0.9562,1.0,0.6652,1.0,0.8706,0.8748,0.9262,0.9056,1,3,0.2,0.35,0.45,0.25,0.3,0.45,0.4,0.6
EMB00121,Embedded_Systems_Engineer,Embedded Systems Engineer,M,22-25,3,MSc,8.3,0.388,0.7952,0.9527,1.0,0.6352,1.0,1.0,0.927,0.9346,0.9316,1,3,0.2,0.35,0.45,0.25,0.3,0.45,0.4,0.6
EMB00122,Embedded_Systems_Engineer,Embedded Systems Engineer,F,46+,4,PhD,4.3,0.835,0.9984,0.9303,1.0,0.934,1.0,0.9911,0.9828,0.9787,0.9803,1,3,0.2,0.35,0.45,0.25,0.3,0.45,0.4,0.6
EMB00123,Embedded_Systems_Engineer,Embedded Systems Engineer,F,36-40,2,BSc,5.5,0.578,0.7424,0.881,1.0,0.5912,1.0,0.6829,0.7755,0.8999,0.8501,1,2,0.2,0.35,0.45,0.25,0.3,0.45,0.4,0.6
EMB00124,Embedded_Systems_Engineer,Embedded Systems Engineer,F,31-35,2,BSc,4.2,0.601,0.7951,0.6875,1.0,0.6004,1.0,0.7832,0.8225,0.855,0.842,1,2,0.2,0.35,0.45,0.25,0.3,0.45,0.4,0.6
EMB00125,Embedded_Systems_Engineer,Embedded Systems Engineer,F,26-30,3,MSc,5.7,0.699,0.5991,0.8091,0.9752,0.7596,1.0,0.7113,0.822,0.8313,0.8276,1,3,0.2,0.35,0.45,0.25,0.3,0.45,0.4,0.6
EMB00126,Embedded_Systems_Engineer,Embedded Systems Engineer,F,41-45,2,BSc,5.0,0.785,0.7061,0.7392,0.8405,0.674,1.0,0.8603,0.8719,0.7765,0.8147,1,3,0.2,0.35,0.45,0.25,0.3,0.45,0.4,0.6
EMB00127,Embedded_Systems_Engineer,Embedded Systems Engineer,M,26-30,3,MSc,7.8,0.682,0.7978,0.8827,0.9704,0.7528,1.0,0.8525,0.8842,0.9009,0.8942,1,3,0.2,0.35,0.45,0.25,0.3,0.45,0.4,0.6
EMB00128,Embedded_Systems_Engineer,Embedded Systems Engineer,M,22-25,2,BSc,0.0,0.642,0.5674,0.5622,0.8727,0.6168,0.0,0.7073,0.4416,0.7032,0.5986,0,0,0.2,0.35,0.45,0.25,0.3,0.45,0.4,0.6
EMB00129,Embedded_Systems_Engineer,Embedded Systems Engineer,M,31-35,2,BSc,3.9,0.563,0.7824,0.8013,1.0,0.5852,1.0,0.569,0.7231,0.886,0.8208,1,2,0.2,0.35,0.45,0.25,0.3,0.45,0.4,0.6
EMB00130,Embedded_Systems_Engineer,Embedded Systems Engineer,F,26-30,4,PhD,4.1,0.966,0.9343,0.8898,0.9189,0.9864,1.0,0.9933,0.9943,0.914,0.9461,1,3,0.2,0.35,0.45,0.25,0.3,0.45,0.4,0.6
EMB00131,Embedded_Systems_Engineer,Embedded Systems Engineer,F,31-35,3,MSc,8.2,0.658,0.7494,0.8224,0.9215,0.7432,1.0,0.8328,0.8734,0.8487,0.8586,1,3,0.2,0.35,0.45,0.25,0.3,0.45,0.4,0.6
EMB00132,Embedded_Systems_Engineer,Embedded Systems Engineer,F,22-25,2,BSc,4.9,0.879,0.8045,0.7494,0.86,0.7116,1.0,0.7342,0.8227,0.8129,0.8168,1,3,0.2,0.35,0.45,0.25,0.3,0.45,0.4,0.6
EMB00133,Embedded_Systems_Engineer,Embedded Systems Engineer,M,26-30,3,MSc,1.8,0.843,0.8151,0.9571,0.8929,0.8172,0.6,0.8665,0.7634,0.8927,0.841,1,3,0.2,0.35,0.45,0.25,0.3,0.45,0.4,0.6
EMB00134,Embedded_Systems_Engineer,Embedded Systems Engineer,F,46+,3,MSc,10.9,0.574,0.8198,0.7015,1.0,0.7096,1.0,0.759,0.8335,0.8654,0.8526,1,3,0.2,0.35,0.45,0.25,0.3,0.45,0.4,0.6
EMB00135,Embedded_Systems_Engineer,Embedded Systems Engineer,M,26-30,3,MSc,3.7,0.753,1.0,0.8856,0.9317,0.7812,1.0,0.7946,0.8638,0.9349,0.9065,1,3,0.2,0.35,0.45,0.25,0.3,0.45,0.4,0.6
EMB00136,Embedded_Systems_Engineer,Embedded Systems Engineer,M,46+,2,BSc,3.3,0.71,0.8477,0.9913,1.0,0.644,1.0,0.7472,0.815,0.9593,0.9016,1,3,0.2,0.35,0.45,0.25,0.3,0.45,0.4,0.6
EMB00137,Embedded_Systems_Engineer,Embedded Systems Engineer,F,26-30,2,BSc,4.0,0.607,0.8843,0.724,1.0,0.6028,1.0,0.7215,0.7952,0.8883,0.8511,1,3,0.2,0.35,0.45,0.25,0.3,0.45,0.4,0.6
EMB00138,Embedded_Systems_Engineer,Embedded Systems Engineer,M,31-35,2,BSc,1.1,0.623,0.8773,0.7649,0.945,0.6092,0.3667,0.8524,0.6338,0.874,0.7779,0,3,0.2,0.35,0.45,0.25,0.3,0.45,0.4,0.6
EMB00139,Embedded_Systems_Engineer,Embedded Systems Engineer,F,26-30,3,MSc,5.6,0.65,0.8606,0.6496,1.0,0.74,1.0,0.6381,0.7851,0.86,0.83,1,2,0.2,0.35,0.45,0.25,0.3,0.45,0.4,0.6
EMB00140,Embedded_Systems_Engineer,Embedded Systems Engineer,F,31-35,3,MSc,3.4,0.735,0.7412,0.7082,0.8067,0.774,1.0,0.6636,0.8034,0.7608,0.7778,1,2,0.2,0.35,0.45,0.25,0.3,0.45,0.4,0.6
EMB00141,Embedded_Systems_Engineer,Embedded Systems Engineer,F,26-30,4,PhD,1.4,0.973,0.8577,0.694,0.8964,0.9892,0.4667,0.7224,0.6863,0.826,0.7701,0,3,0.2,0.35,0.45,0.25,0.3,0.45,0.4,0.6
EMB00142,Embedded_Systems_Engineer,Embedded Systems Engineer,M,36-40,2,BSc,4.2,0.823,0.7478,0.7516,1.0,0.6892,1.0,0.8075,0.8512,0.8624,0.8579,1,3,0.2,0.35,0.45,0.25,0.3,0.45,0.4,0.6
EMB00143,Embedded_Systems_Engineer,Embedded Systems Engineer,F,26-30,2,BSc,7.6,0.652,0.8598,0.9492,1.0,0.6208,1.0,0.6523,0.7677,0.9497,0.8769,1,2,0.2,0.35,0.45,0.25,0.3,0.45,0.4,0.6
EMB00144,Embedded_Systems_Engineer,Embedded Systems Engineer,M,31-35,3,MSc,2.7,0.752,0.967,0.6192,1.0,0.7808,0.9,0.6323,0.7557,0.8775,0.8288,1,2,0.2,0.35,0.45,0.25,0.3,0.45,0.4,0.6
EMB00145,Embedded_Systems_Engineer,Embedded Systems Engineer,F,26-30,2,BSc,2.9,0.444,0.9967,0.6638,0.997,0.5376,0.9667,0.7377,0.7778,0.897,0.8493,1,3,0.2,0.35,0.45,0.25,0.3,0.45,0.4,0.6
EMB00146,Embedded_Systems_Engineer,Embedded Systems Engineer,F,22-25,3,MSc,5.8,0.752,1.0,0.6739,1.0,0.7808,1.0,0.8765,0.9006,0.9022,0.9016,1,3,0.2,0.35,0.45,0.25,0.3,0.45,0.4,0.6
EMB00147,Embedded_Systems_Engineer,Embedded Systems Engineer,M,36-40,1,Diploma,8.0,0.445,0.9232,0.7173,1.0,0.418,1.0,0.9437,0.8583,0.896,0.8809,0,0,0.2,0.35,0.45,0.25,0.3,0.45,0.4,0.6
EMB00148,Embedded_Systems_Engineer,Embedded Systems Engineer,M,22-25,4,PhD,7.3,0.836,0.7088,0.9614,1.0,0.9344,1.0,0.9901,0.9824,0.9156,0.9423,1,3,0.2,0.35,0.45,0.25,0.3,0.45,0.4,0.6
EMB00149,Embedded_Systems_Engineer,Embedded Systems Engineer,M,26-30,4,PhD,3.4,0.927,0.7842,0.6554,0.9356,0.9708,1.0,0.7146,0.8657,0.8137,0.8345,1,3,0.2,0.35,0.45,0.25,0.3,0.45,0.4,0.6
EMB00150,Embedded_Systems_Engineer,Embedded Systems Engineer,M,36-40,4,PhD,0.5,0.724,0.9333,0.7841,1.0,0.8896,0.1667,0.8923,0.6378,0.9186,0.8063,0,3,0.2,0.35,0.45,0.25,0.3,0.45,0.4,0.6
EMB00151,Embedded_Systems_Engineer,Embedded Systems Engineer,F,41-45,2,BSc,4.3,0.557,0.9644,0.6674,0.6811,0.5828,1.0,0.5602,0.7187,0.7478,0.7362,1,1,0.2,0.35,0.45,0.25,0.3,0.45,0.4,0.6
EMB00152,Embedded_Systems_Engineer,Embedded Systems Engineer,F,31-35,4,PhD,11.7,0.907,0.8265,0.7575,0.9017,0.9628,1.0,0.7183,0.8658,0.8396,0.8501,1,3,0.2,0.35,0.45,0.25,0.3,0.45,0.4,0.6
EMB00153,Embedded_Systems_Engineer,Embedded Systems Engineer,F,26-30,2,BSc,4.3,0.767,0.9437,0.7374,1.0,0.6668,1.0,0.8129,0.8492,0.9071,0.8839,1,3,0.2,0.35,0.45,0.25,0.3,0.45,0.4,0.6
EMB00154,Embedded_Systems_Engineer,Embedded Systems Engineer,M,36-40,2,BSc,2.9,0.715,0.8355,0.85,1.0,0.646,0.9667,0.868,0.8581,0.9139,0.8916,1,3,0.2,0.35,0.45,0.25,0.3,0.45,0.4,0.6
EMB00155,Embedded_Systems_Engineer,Embedded Systems Engineer,M,41-45,2,BSc,2.9,0.727,1.0,0.9069,0.9467,0.6508,0.9667,0.8459,0.8492,0.9481,0.9085,1,3,0.2,0.35,0.45,0.25,0.3,0.45,0.4,0.6
EMB00156,Embedded_Systems_Engineer,Embedded Systems Engineer,M,26-30,1,Diploma,4.8,0.525,0.9435,0.9563,1.0,0.45,1.0,0.7507,0.7778,0.9728,0.8948,0,0,0.2,0.35,0.45,0.25,0.3,0.45,0.4,0.6
EMB00157,Embedded_Systems_Engineer,Embedded Systems Engineer,M,26-30,3,MSc,1.4,0.847,0.804,0.8257,0.998,0.8188,0.4667,0.656,0.6223,0.8978,0.7876,0,2,0.2,0.35,0.45,0.25,0.3,0.45,0.4,0.6
EMB00158,Embedded_Systems_Engineer,Embedded Systems Engineer,F,26-30,2,BSc,5.5,0.542,0.8726,0.8709,1.0,0.5768,1.0,0.8711,0.8574,0.9294,0.9006,1,3,0.2,0.35,0.45,0.25,0.3,0.45,0.4,0.6
EMB00159,Embedded_Systems_Engineer,Embedded Systems Engineer,F,22-25,3,MSc,4.1,0.756,0.7943,0.6157,0.9277,0.7824,1.0,0.71,0.826,0.8007,0.8108,1,3,0.2,0.35,0.45,0.25,0.3,0.45,0.4,0.6
EMB00160,Embedded_Systems_Engineer,Embedded Systems Engineer,F,22-25,2,BSc,8.2,0.724,0.7622,0.705,0.9659,0.6496,1.0,0.8056,0.8424,0.8367,0.839,1,3,0.2,0.35,0.45,0.25,0.3,0.45,0.4,0.6
EMB00161,Embedded_Systems_Engineer,Embedded Systems Engineer,M,26-30,3,MSc,3.1,0.917,1.0,0.8799,0.9204,0.8468,1.0,0.8764,0.9137,0.9282,0.9224,1,3,0.2,0.35,0.45,0.25,0.3,0.45,0.4,0.6
EMB00162,Embedded_Systems_Engineer,Embedded Systems Engineer,F,22-25,4,PhD,0.5,0.793,0.82,0.6862,0.7954,0.9172,0.1667,0.6557,0.5369,0.7688,0.676,0,2,0.2,0.35,0.45,0.25,0.3,0.45,0.4,0.6
EMB00163,Embedded_Systems_Engineer,Embedded Systems Engineer,M,31-35,2,BSc,4.1,0.547,0.7928,0.9362,0.9822,0.5788,1.0,0.5514,0.7139,0.921,0.8382,1,3,0.2,0.35,0.45,0.25,0.3,0.45,0.4,0.6
EMB00164,Embedded_Systems_Engineer,Embedded Systems Engineer,M,22-25,2,BSc,10.2,0.801,1.0,0.8875,0.9553,0.6804,1.0,0.998,0.9352,0.9461,0.9417,1,3,0.2,0.35,0.45,0.25,0.3,0.45,0.4,0.6
EMB00165,Embedded_Systems_Engineer,Embedded Systems Engineer,M,22-25,2,BSc,2.0,0.625,0.821,0.7314,0.9586,0.61,0.6667,0.7268,0.6824,0.856,0.7866,1,3,0.2,0.35,0.45,0.25,0.3,0.45,0.4,0.6
EMB00166,Embedded_Systems_Engineer,Embedded Systems Engineer,M,22-25,3,MSc,3.7,0.738,0.8275,0.8159,1.0,0.7752,1.0,0.7071,0.8232,0.9016,0.8702,1,3,0.2,0.35,0.45,0.25,0.3,0.45,0.4,0.6
EMB00167,Embedded_Systems_Engineer,Embedded Systems Engineer,M,26-30,3,MSc,4.4,0.854,0.8967,0.931,1.0,0.8216,1.0,0.7387,0.8467,0.9535,0.9108,1,3,0.2,0.35,0.45,0.25,0.3,0.45,0.4,0.6
EMB00168,Embedded_Systems_Engineer,Embedded Systems Engineer,M,36-40,2,BSc,2.9,0.56,0.8441,0.522,0.9921,0.584,0.9667,0.8423,0.8342,0.8141,0.8221,1,3,0.2,0.35,0.45,0.25,0.3,0.45,0.4,0.6
EMB00169,Embedded_Systems_Engineer,Embedded Systems Engineer,M,31-35,2,BSc,3.3,0.712,1.0,0.6795,0.8324,0.6448,1.0,0.763,0.8223,0.8284,0.826,1,2,0.2,0.35,0.45,0.25,0.3,0.45,0.4,0.6
EMB00170,Embedded_Systems_Engineer,Embedded Systems Engineer,F,22-25,4,PhD,8.0,0.976,0.8895,0.9236,0.955,0.9904,1.0,1.0,0.9981,0.9292,0.9568,1,3,0.2,0.35,0.45,0.25,0.3,0.45,0.4,0.6
EMB00171,Embedded_Systems_Engineer,Embedded Systems Engineer,F,22-25,2,BSc,9.7,0.751,0.8131,1.0,0.7857,0.6604,1.0,0.7021,0.798,0.8568,0.8333,1,3,0.2,0.35,0.45,0.25,0.3,0.45,0.4,0.6
EMB00172,Embedded_Systems_Engineer,Embedded Systems Engineer,M,31-35,2,BSc,2.9,0.684,0.9141,0.9114,0.9339,0.6336,0.9667,0.8109,0.83,0.9222,0.8853,1,3,0.2,0.35,0.45,0.25,0.3,0.45,0.4,0.6
EMB00173,Embedded_Systems_Engineer,Embedded Systems Engineer,F,26-30,3,MSc,4.6,0.635,0.7511,0.8138,1.0,0.734,1.0,0.8912,0.8978,0.8819,0.8883,1,3,0.2,0.35,0.45,0.25,0.3,0.45,0.4,0.6
EMB00174,Embedded_Systems_Engineer,Embedded Systems Engineer,F,41-45,3,MSc,9.7,0.543,0.8495,0.8422,0.9178,0.6972,1.0,0.909,0.8985,0.878,0.8862,1,3,0.2,0.35,0.45,0.25,0.3,0.45,0.4,0.6
EMB00175,Embedded_Systems_Engineer,Embedded Systems Engineer,F,36-40,2,BSc,6.6,0.707,0.753,0.6424,0.9063,0.6428,1.0,0.7285,0.8064,0.7888,0.7958,1,3,0.2,0.35,0.45,0.25,0.3,0.45,0.4,0.6
EMB00176,Embedded_Systems_Engineer,Embedded Systems Engineer,M,31-35,2,BSc,4.0,0.641,1.0,0.9494,1.0,0.6164,1.0,0.7651,0.8176,0.9848,0.9179,1,3,0.2,0.35,0.45,0.25,0.3,0.45,0.4,0.6
EMB00177,Embedded_Systems_Engineer,Embedded Systems Engineer,M,26-30,2,BSc,4.7,0.498,0.8549,0.835,1.0,0.5592,1.0,0.6262,0.7436,0.9142,0.846,1,2,0.2,0.35,0.45,0.25,0.3,0.45,0.4,0.6
EMB00178,Embedded_Systems_Engineer,Embedded Systems Engineer,M,26-30,3,MSc,2.3,0.696,1.0,0.8921,0.9596,0.7584,0.7667,0.8327,0.7947,0.9495,0.8876,1,3,0.2,0.35,0.45,0.25,0.3,0.45,0.4,0.6
EMB00179,Embedded_Systems_Engineer,Embedded Systems Engineer,M,26-30,2,BSc,4.7,0.597,0.9029,0.717,1.0,0.5988,1.0,0.803,0.8311,0.8908,0.8669,1,3,0.2,0.35,0.45,0.25,0.3,0.45,0.4,0.6
EMB00180,Embedded_Systems_Engineer,Embedded Systems Engineer,M,31-35,2,BSc,3.5,0.707,0.8324,0.8274,1.0,0.6428,1.0,0.7769,0.8282,0.9063,0.8751,1,3,0.2,0.35,0.45,0.25,0.3,0.45,0.4,0.6
EMB00181,Embedded_Systems_Engineer,Embedded Systems Engineer,F,31-35,3,MSc,4.9,0.732,1.0,0.809,1.0,0.7728,1.0,0.8582,0.8907,0.9427,0.9219,1,3,0.2,0.35,0.45,0.25,0.3,0.45,0.4,0.6
EMB00182,Embedded_Systems_Engineer,Embedded Systems Engineer,M,26-30,3,MSc,2.7,0.699,0.9183,0.6637,1.0,0.7596,0.9,0.9154,0.8789,0.8787,0.8788,1,3,0.2,0.35,0.45,0.25,0.3,0.45,0.4,0.6
EMB00183,Embedded_Systems_Engineer,Embedded Systems Engineer,F,26-30,3,MSc,7.5,0.755,0.9581,0.7535,1.0,0.782,1.0,1.0,0.9564,0.9156,0.9319,1,3,0.2,0.35,0.45,0.25,0.3,0.45,0.4,0.6
EMB00184,Embedded_Systems_Engineer,Embedded Systems Engineer,F,22-25,2,BSc,0.5,0.599,0.7455,0.7386,0.9117,0.5996,0.1667,0.8268,0.5503,0.8182,0.711,0,2,0.2,0.35,0.45,0.25,0.3,0.45,0.4,0.6
EMB00185,Embedded_Systems_Engineer,Embedded Systems Engineer,F,41-45,3,MSc,11.0,0.752,0.9355,0.9306,1.0,0.7808,1.0,0.9299,0.9246,0.9631,0.9477,1,3,0.2,0.35,0.45,0.25,0.3,0.45,0.4,0.6
EMB00186,Embedded_Systems_Engineer,Embedded Systems Engineer,F,22-25,2,BSc,2.7,0.739,0.8749,0.8644,0.6367,0.6556,0.9,0.7329,0.7759,0.7646,0.7691,1,2,0.2,0.35,0.45,0.25,0.3,0.45,0.4,0.6
EMB00187,Embedded_Systems_Engineer,Embedded Systems Engineer,M,22-25,3,MSc,11.2,0.691,0.6425,0.8229,1.0,0.7564,1.0,0.5511,0.7493,0.8575,0.8142,1,2,0.2,0.35,0.45,0.25,0.3,0.45,0.4,0.6
EMB00188,Embedded_Systems_Engineer,Embedded Systems Engineer,F,22-25,2,BSc,4.4,0.673,0.8015,0.8216,0.9371,0.6292,1.0,0.6661,0.7756,0.8686,0.8314,1,2,0.2,0.35,0.45,0.25,0.3,0.45,0.4,0.6
EMB00189,Embedded_Systems_Engineer,Embedded Systems Engineer,M,26-30,2,BSc,2.7,0.727,0.7551,0.7596,0.9009,0.6508,0.9,0.5406,0.6884,0.8221,0.7686,1,1,0.2,0.35,0.45,0.25,0.3,0.45,0.4,0.6
EMB00190,Embedded_Systems_Engineer,Embedded Systems Engineer,F,31-35,2,BSc,3.7,0.599,0.8817,0.9065,0.7532,0.5996,1.0,0.6257,0.7515,0.8313,0.7994,1,2,0.2,0.35,0.45,0.25,0.3,0.45,0.4,0.6
EMB00191,Embedded_Systems_Engineer,Embedded Systems Engineer,M,26-30,3,MSc,6.8,0.743,0.918,1.0,1.0,0.7772,1.0,0.9887,0.9504,0.9795,0.9679,1,3,0.2,0.35,0.45,0.25,0.3,0.45,0.4,0.6
EMB00192,Embedded_Systems_Engineer,Embedded Systems Engineer,M,31-35,3,MSc,7.9,0.739,0.9479,0.6088,1.0,0.7756,1.0,0.7502,0.8427,0.8696,0.8588,1,3,0.2,0.35,0.45,0.25,0.3,0.45,0.4,0.6
EMB00193,Embedded_Systems_Engineer,Embedded Systems Engineer,M,36-40,3,MSc,2.6,0.676,0.723,0.6953,0.9262,0.7504,0.8667,0.6079,0.727,0.8061,0.7745,1,2,0.2,0.35,0.45,0.25,0.3,0.45,0.4,0.6
EMB00194,Embedded_Systems_Engineer,Embedded Systems Engineer,M,41-45,2,BSc,6.0,0.79,0.8058,0.9663,0.9355,0.676,1.0,0.7897,0.8406,0.9123,0.8836,1,3,0.2,0.35,0.45,0.25,0.3,0.45,0.4,0.6
EMB00195,Embedded_Systems_Engineer,Embedded Systems Engineer,F,26-30,2,BSc,3.3,0.782,0.8932,0.6298,0.8173,0.6728,1.0,0.6285,0.7674,0.78,0.775,1,2,0.2,0.35,0.45,0.25,0.3,0.45,0.4,0.6
EMB00196,Embedded_Systems_Engineer,Embedded Systems Engineer,F,31-35,3,MSc,6.1,0.787,0.9489,0.7801,0.8838,0.7948,1.0,0.8424,0.888,0.869,0.8766,1,3,0.2,0.35,0.45,0.25,0.3,0.45,0.4,0.6
EMB00197,Embedded_Systems_Engineer,Embedded Systems Engineer,M,41-45,3,MSc,5.0,0.83,1.0,0.6289,0.6919,0.812,1.0,0.6209,0.7918,0.75,0.7667,1,2,0.2,0.35,0.45,0.25,0.3,0.45,0.4,0.6
EMB00198,Embedded_Systems_Engineer,Embedded Systems Engineer,F,36-40,2,BSc,10.2,0.52,0.9136,1.0,0.9918,0.568,1.0,0.8255,0.8351,0.9747,0.9189,1,3,0.2,0.35,0.45,0.25,0.3,0.45,0.4,0.6
EMB00199,Embedded_Systems_Engineer,Embedded Systems Engineer,M,31-35,2,BSc,6.9,0.494,0.7825,0.7407,1.0,0.5576,1.0,0.8527,0.8452,0.8678,0.8588,1,3,0.2,0.35,0.45,0.25,0.3,0.45,0.4,0.6
EMB00200,Embedded_Systems_Engineer,Embedded Systems Engineer,F,31-35,4,PhD,4.5,0.77,0.8399,1.0,0.8025,0.908,1.0,0.8171,0.8993,0.8711,0.8824,1,3,0.2,0.35,0.45,0.25,0.3,0.45,0.4,0.6
EMB00201,Embedded_Systems_Engineer,Embedded Systems Engineer,M,22-25,3,MSc,7.8,0.78,0.728,0.695,1.0,0.792,1.0,0.8283,0.8811,0.8405,0.8567,1,3,0.2,0.35,0.45,0.25,0.3,0.45,0.4,0.6
EMB00202,Embedded_Systems_Engineer,Embedded Systems Engineer,F,41-45,3,MSc,1.3,0.779,0.788,0.8296,1.0,0.7916,0.4333,0.8065,0.6729,0.8959,0.8067,0,3,0.2,0.35,0.45,0.25,0.3,0.45,0.4,0.6
EMB00203,Embedded_Systems_Engineer,Embedded Systems Engineer,M,31-35,3,MSc,6.7,0.778,0.8726,0.9236,0.8826,0.7912,1.0,0.7188,0.8317,0.8924,0.8681,1,3,0.2,0.35,0.45,0.25,0.3,0.45,0.4,0.6
EMB00204,Embedded_Systems_Engineer,Embedded Systems Engineer,F,31-35,4,PhD,6.5,0.749,0.8008,0.8598,1.0,0.8996,1.0,0.833,0.9048,0.9081,0.9068,1,3,0.2,0.35,0.45,0.25,0.3,0.45,0.4,0.6
EMB00205,Embedded_Systems_Engineer,Embedded Systems Engineer,F,26-30,2,BSc,0.0,0.855,0.8309,0.7828,0.8895,0.702,0.0,0.6509,0.4333,0.8428,0.679,0,0,0.2,0.35,0.45,0.25,0.3,0.45,0.4,0.6
EMB00206,Embedded_Systems_Engineer,Embedded Systems Engineer,F,41-45,2,BSc,1.3,0.789,0.651,0.8442,0.7395,0.6756,0.4333,0.5237,0.5224,0.7488,0.6582,0,1,0.2,0.35,0.45,0.25,0.3,0.45,0.4,0.6
EMB00207,Embedded_Systems_Engineer,Embedded Systems Engineer,F,26-30,3,MSc,4.9,0.766,0.818,0.7324,1.0,0.7864,1.0,0.8468,0.8883,0.8742,0.8798,1,3,0.2,0.35,0.45,0.25,0.3,0.45,0.4,0.6
EMB00208,Embedded_Systems_Engineer,Embedded Systems Engineer,F,31-35,4,PhD,3.6,0.903,0.7984,0.9162,1.0,0.9612,1.0,0.55,0.7897,0.9245,0.8706,1,3,0.2,0.35,0.45,0.25,0.3,0.45,0.4,0.6
EMB00209,Embedded_Systems_Engineer,Embedded Systems Engineer,M,31-35,2,BSc,6.2,0.516,0.8916,0.9795,1.0,0.5664,1.0,0.7906,0.819,0.9667,0.9076,1,3,0.2,0.35,0.45,0.25,0.3,0.45,0.4,0.6
EMB00210,Embedded_Systems_Engineer,Embedded Systems Engineer,M,41-45,4,PhD,5.4,0.791,0.8043,0.6053,0.8271,0.9164,1.0,0.8497,0.9156,0.7549,0.8192,1,3,0.2,0.35,0.45,0.25,0.3,0.45,0.4,0.6
EMB00211,Embedded_Systems_Engineer,Embedded Systems Engineer,F,26-30,2,BSc,7.6,0.739,1.0,1.0,1.0,0.6556,1.0,0.8999,0.8861,1.0,0.9544,1,3,0.2,0.35,0.45,0.25,0.3,0.45,0.4,0.6
EMB00212,Embedded_Systems_Engineer,Embedded Systems Engineer,F,22-25,3,MSc,5.1,0.704,0.9657,0.9153,1.0,0.7616,1.0,0.9541,0.9317,0.966,0.9523,1,3,0.2,0.35,0.45,0.25,0.3,0.45,0.4,0.6
EMB00213,Embedded_Systems_Engineer,Embedded Systems Engineer,F,41-45,3,MSc,7.7,0.952,0.8485,0.8091,1.0,0.8608,1.0,0.8942,0.9245,0.9049,0.9127,1,3,0.2,0.35,0.45,0.25,0.3,0.45,0.4,0.6
EMB00214,Embedded_Systems_Engineer,Embedded Systems Engineer,M,46+,3,MSc,1.8,0.659,0.8582,0.5932,0.9362,0.7436,0.6,0.714,0.68,0.8138,0.7603,1,3,0.2,0.35,0.45,0.25,0.3,0.45,0.4,0.6
EMB00215,Embedded_Systems_Engineer,Embedded Systems Engineer,M,36-40,3,MSc,9.0,0.794,0.7153,0.7381,1.0,0.7976,1.0,0.9165,0.9219,0.8503,0.8789,1,3,0.2,0.35,0.45,0.25,0.3,0.45,0.4,0.6
EMB00216,Embedded_Systems_Engineer,Embedded Systems Engineer,M,26-30,3,MSc,7.6,0.885,1.0,0.9643,1.0,0.834,1.0,0.78,0.8678,0.9893,0.9407,1,3,0.2,0.35,0.45,0.25,0.3,0.45,0.4,0.6
EMB00217,Embedded_Systems_Engineer,Embedded Systems Engineer,M,26-30,3,MSc,4.8,0.771,0.9616,0.7725,1.0,0.7884,1.0,0.6954,0.8206,0.9222,0.8816,1,2,0.2,0.35,0.45,0.25,0.3,0.45,0.4,0.6
EMB00218,Embedded_Systems_Engineer,Embedded Systems Engineer,M,22-25,3,MSc,0.6,0.747,0.8821,0.7624,1.0,0.7788,0.2,0.8579,0.6118,0.8992,0.7842,0,3,0.2,0.35,0.45,0.25,0.3,0.45,0.4,0.6
EMB00219,Embedded_Systems_Engineer,Embedded Systems Engineer,F,26-30,2,BSc,0.7,0.732,0.8979,0.7924,0.8646,0.6528,0.2333,0.6294,0.4954,0.8513,0.7089,0,2,0.2,0.35,0.45,0.25,0.3,0.45,0.4,0.6
EMB00220,Embedded_Systems_Engineer,Embedded Systems Engineer,M,31-35,2,BSc,6.5,0.746,0.7378,0.8246,1.0,0.6584,1.0,0.725,0.8079,0.8818,0.8522,1,3,0.2,0.35,0.45,0.25,0.3,0.45,0.4,0.6
EMB00221,Embedded_Systems_Engineer,Embedded Systems Engineer,M,26-30,2,BSc,5.6,0.718,0.9349,0.8635,0.6757,0.6472,1.0,0.6491,0.7715,0.7968,0.7867,1,2,0.2,0.35,0.45,0.25,0.3,0.45,0.4,0.6
EMB00222,Embedded_Systems_Engineer,Embedded Systems Engineer,F,31-35,2,BSc,11.6,0.736,1.0,0.8952,1.0,0.6544,1.0,0.9938,0.9281,0.9686,0.9524,1,3,0.2,0.35,0.45,0.25,0.3,0.45,0.4,0.6
EMB00223,Embedded_Systems_Engineer,Embedded Systems Engineer,M,22-25,2,BSc,5.9,0.57,0.6573,0.6532,0.8888,0.588,1.0,0.6946,0.7802,0.7602,0.7682,1,2,0.2,0.35,0.45,0.25,0.3,0.45,0.4,0.6
EMB00224,Embedded_Systems_Engineer,Embedded Systems Engineer,M,26-30,2,BSc,3.4,0.763,0.768,0.763,0.9307,0.6652,1.0,0.6486,0.7749,0.8397,0.8138,1,2,0.2,0.35,0.45,0.25,0.3,0.45,0.4,0.6
EMB00225,Embedded_Systems_Engineer,Embedded Systems Engineer,M,22-25,2,BSc,3.4,0.776,0.7379,0.7031,0.8739,0.6704,1.0,0.8014,0.8447,0.7887,0.8111,1,3,0.2,0.35,0.45,0.25,0.3,0.45,0.4,0.6
EMB00226,Embedded_Systems_Engineer,Embedded Systems Engineer,M,26-30,4,PhD,4.4,0.905,0.8936,1.0,0.7097,0.962,1.0,0.939,0.9649,0.8428,0.8916,1,2,0.2,0.35,0.45,0.25,0.3,0.45,0.4,0.6
EMB00227,Embedded_Systems_Engineer,Embedded Systems Engineer,F,31-35,2,BSc,2.9,0.845,0.8488,0.989,0.7768,0.698,0.9667,0.6585,0.7743,0.8585,0.8248,1,2,0.2,0.35,0.45,0.25,0.3,0.45,0.4,0.6
EMB00228,Embedded_Systems_Engineer,Embedded Systems Engineer,F,31-35,2,BSc,8.3,0.619,0.7425,0.8394,1.0,0.6076,1.0,0.7308,0.8004,0.8874,0.8526,1,3,0.2,0.35,0.45,0.25,0.3,0.45,0.4,0.6
EMB00229,Embedded_Systems_Engineer,Embedded Systems Engineer,F,36-40,2,BSc,7.6,0.719,0.8956,0.9316,1.0,0.6476,1.0,0.7693,0.8257,0.9534,0.9023,1,3,0.2,0.35,0.45,0.25,0.3,0.45,0.4,0.6
EMB00230,Embedded_Systems_Engineer,Embedded Systems Engineer,F,26-30,2,BSc,2.1,0.778,0.9955,0.7033,0.7396,0.6712,0.7,0.7761,0.7285,0.7927,0.767,1,2,0.2,0.35,0.45,0.25,0.3,0.45,0.4,0.6
EMB00231,Embedded_Systems_Engineer,Embedded Systems Engineer,F,26-30,4,PhD,5.8,0.801,0.7849,1.0,1.0,0.9204,1.0,0.874,0.9274,0.9462,0.9387,1,3,0.2,0.35,0.45,0.25,0.3,0.45,0.4,0.6
EMB00232,Embedded_Systems_Engineer,Embedded Systems Engineer,F,31-35,3,MSc,1.9,0.881,1.0,0.8617,1.0,0.8324,0.6333,0.6582,0.6843,0.9585,0.8488,1,2,0.2,0.35,0.45,0.25,0.3,0.45,0.4,0.6
EMB00233,Embedded_Systems_Engineer,Embedded Systems Engineer,F,26-30,3,MSc,7.9,0.773,0.9635,0.8477,1.0,0.7892,1.0,0.9913,0.9539,0.9452,0.9487,1,3,0.2,0.35,0.45,0.25,0.3,0.45,0.4,0.6
EMB00234,Embedded_Systems_Engineer,Embedded Systems Engineer,M,26-30,3,MSc,4.0,0.606,0.7854,0.9152,0.8489,0.7224,1.0,0.6815,0.8012,0.8529,0.8322,1,2,0.2,0.35,0.45,0.25,0.3,0.45,0.4,0.6
EMB00235,Embedded_Systems_Engineer,Embedded Systems Engineer,M,22-25,3,MSc,8.3,0.774,0.8596,0.7644,0.956,0.7896,1.0,0.7007,0.8232,0.8744,0.8539,1,3,0.2,0.35,0.45,0.25,0.3,0.45,0.4,0.6
EMB00236,Embedded_Systems_Engineer,Embedded Systems Engineer,M,22-25,2,BSc,4.1,0.65,0.913,0.8647,0.7661,0.62,1.0,0.6517,0.7673,0.8324,0.8064,1,2,0.2,0.35,0.45,0.25,0.3,0.45,0.4,0.6
EMB00237,Embedded_Systems_Engineer,Embedded Systems Engineer,M,31-35,4,PhD,3.3,0.85,0.7707,0.7574,1.0,0.94,1.0,0.6911,0.849,0.8699,0.8615,1,2,0.2,0.35,0.45,0.25,0.3,0.45,0.4,0.6
EMB00238,Embedded_Systems_Engineer,Embedded Systems Engineer,M,22-25,2,BSc,1.5,0.672,0.4974,0.5541,0.6961,0.6288,0.5,0.4859,0.5194,0.6038,0.57,1,1,0.2,0.35,0.45,0.25,0.3,0.45,0.4,0.6
EMB00239,Embedded_Systems_Engineer,Embedded Systems Engineer,F,41-45,2,BSc,3.7,0.647,0.5853,0.7318,0.8191,0.6188,1.0,0.6077,0.7472,0.7345,0.7396,1,2,0.2,0.35,0.45,0.25,0.3,0.45,0.4,0.6
EMB00240,Embedded_Systems_Engineer,Embedded Systems Engineer,M,26-30,2,BSc,5.7,0.711,1.0,0.9419,1.0,0.6444,1.0,0.7557,0.8189,0.9826,0.9171,1,3,0.2,0.35,0.45,0.25,0.3,0.45,0.4,0.6
EMB00241,Embedded_Systems_Engineer,Embedded Systems Engineer,M,36-40,2,BSc,2.6,0.807,0.8222,0.6648,1.0,0.6828,0.8667,0.8878,0.8394,0.855,0.8488,1,3,0.2,0.35,0.45,0.25,0.3,0.45,0.4,0.6
EMB00242,Embedded_Systems_Engineer,Embedded Systems Engineer,F,26-30,2,BSc,5.9,0.714,0.8313,0.9973,1.0,0.6456,1.0,0.9892,0.9243,0.957,0.9439,1,3,0.2,0.35,0.45,0.25,0.3,0.45,0.4,0.6
EMB00243,Embedded_Systems_Engineer,Embedded Systems Engineer,F,31-35,3,MSc,5.2,0.768,0.8201,0.9535,0.9129,0.7872,1.0,0.6559,0.8026,0.9019,0.8622,1,2,0.2,0.35,0.45,0.25,0.3,0.45,0.4,0.6
EMB00244,Embedded_Systems_Engineer,Embedded Systems Engineer,M,26-30,2,BSc,3.9,0.765,0.9345,0.7836,1.0,0.666,1.0,0.7197,0.8071,0.9187,0.8741,1,3,0.2,0.35,0.45,0.25,0.3,0.45,0.4,0.6
EMB00245,Embedded_Systems_Engineer,Embedded Systems Engineer,M,26-30,3,MSc,7.6,0.578,0.7284,1.0,1.0,0.7112,1.0,0.851,0.8752,0.9321,0.9093,1,3,0.2,0.35,0.45,0.25,0.3,0.45,0.4,0.6
EMB00246,Embedded_Systems_Engineer,Embedded Systems Engineer,F,46+,2,BSc,5.4,0.615,0.7357,0.769,0.9698,0.606,1.0,0.8654,0.8606,0.851,0.8548,1,3,0.2,0.35,0.45,0.25,0.3,0.45,0.4,0.6
EMB00247,Embedded_Systems_Engineer,Embedded Systems Engineer,F,26-30,3,MSc,7.3,0.711,0.8284,1.0,1.0,0.7644,1.0,0.8835,0.9005,0.9571,0.9345,1,2,0.2,0.35,0.45,0.25,0.3,0.45,0.4,0.6
EMB00248,Embedded_Systems_Engineer,Embedded Systems Engineer,F,26-30,4,PhD,3.9,0.707,0.7094,0.84,0.9521,0.8828,1.0,0.9953,0.9744,0.8578,0.9044,1,3,0.2,0.35,0.45,0.25,0.3,0.45,0.4,0.6
EMB00249,Embedded_Systems_Engineer,Embedded Systems Engineer,F,36-40,3,MSc,8.0,0.785,0.6666,0.8835,1.0,0.794,1.0,0.8588,0.8953,0.8817,0.8871,1,3,0.2,0.35,0.45,0.25,0.3,0.45,0.4,0.6
EMB00250,Embedded_Systems_Engineer,Embedded Systems Engineer,M,36-40,3,MSc,2.8,0.539,0.815,0.6303,0.9448,0.6956,0.9333,0.6713,0.7679,0.818,0.798,1,2,0.2,0.35,0.45,0.25,0.3,0.45,0.4,0.6
EMB00251,Embedded_Systems_Engineer,Embedded Systems Engineer,F,26-30,4,PhD,6.0,0.712,0.9922,0.7744,1.0,0.8848,1.0,0.9801,0.968,0.9304,0.9454,1,3,0.2,0.35,0.45,0.25,0.3,0.45,0.4,0.6
EMB00252,Embedded_Systems_Engineer,Embedded Systems Engineer,F,36-40,2,BSc,5.1,0.762,0.8553,0.9734,1.0,0.6648,1.0,0.757,0.8236,0.9558,0.9029,1,3,0.2,0.35,0.45,0.25,0.3,0.45,0.4,0.6
EMB00253,Embedded_Systems_Engineer,Embedded Systems Engineer,M,26-30,2,BSc,3.6,0.651,0.8009,0.7833,1.0,0.6204,1.0,0.7968,0.8326,0.8852,0.8642,1,3,0.2,0.35,0.45,0.25,0.3,0.45,0.4,0.6
EMB00254,Embedded_Systems_Engineer,Embedded Systems Engineer,F,26-30,3,MSc,5.9,0.752,0.7039,0.7212,1.0,0.7808,1.0,0.7598,0.8481,0.8423,0.8446,1,3,0.2,0.35,0.45,0.25,0.3,0.45,0.4,0.6
EMB00255,Embedded_Systems_Engineer,Embedded Systems Engineer,F,36-40,3,MSc,4.7,0.524,0.7352,0.8881,0.9505,0.6896,1.0,0.5938,0.7551,0.878,0.8288,1,3,0.2,0.35,0.45,0.25,0.3,0.45,0.4,0.6
EMB00256,Embedded_Systems_Engineer,Embedded Systems Engineer,F,36-40,2,BSc,9.1,0.809,0.8076,1.0,1.0,0.6836,1.0,0.9312,0.9058,0.9519,0.9335,1,3,0.2,0.35,0.45,0.25,0.3,0.45,0.4,0.6
EMB00257,Embedded_Systems_Engineer,Embedded Systems Engineer,M,31-35,2,BSc,1.9,0.713,0.6844,0.8303,0.9843,0.6452,0.6333,0.7547,0.6903,0.8631,0.794,1,3,0.2,0.35,0.45,0.25,0.3,0.45,0.4,0.6
EMB00258,Embedded_Systems_Engineer,Embedded Systems Engineer,M,31-35,2,BSc,11.1,0.584,0.9113,0.8444,1.0,0.5936,1.0,0.8146,0.8353,0.9311,0.8928,1,3,0.2,0.35,0.45,0.25,0.3,0.45,0.4,0.6
EMB00259,Embedded_Systems_Engineer,Embedded Systems Engineer,F,36-40,3,MSc,6.4,0.717,0.8348,0.8322,1.0,0.7668,1.0,0.9107,0.9132,0.9084,0.9103,1,3,0.2,0.35,0.45,0.25,0.3,0.45,0.4,0.6
EMB00260,Embedded_Systems_Engineer,Embedded Systems Engineer,F,26-30,2,BSc,7.7,0.708,0.817,0.7745,1.0,0.6432,1.0,0.7596,0.8205,0.8866,0.8602,1,3,0.2,0.35,0.45,0.25,0.3,0.45,0.4,0.6
EMB00261,Embedded_Systems_Engineer,Embedded Systems Engineer,F,31-35,2,BSc,7.2,0.627,0.7989,0.9341,1.0,0.6108,1.0,0.9128,0.8829,0.93,0.9112,1,3,0.2,0.35,0.45,0.25,0.3,0.45,0.4,0.6
EMB00262,Embedded_Systems_Engineer,Embedded Systems Engineer,M,22-25,2,BSc,2.1,0.641,0.7489,0.8442,1.0,0.6164,0.7,0.7349,0.699,0.8905,0.8139,1,3,0.2,0.35,0.45,0.25,0.3,0.45,0.4,0.6
EMB00263,Embedded_Systems_Engineer,Embedded Systems Engineer,F,22-25,2,BSc,5.8,0.78,0.6836,0.921,0.9873,0.672,1.0,0.7063,0.8022,0.8915,0.8558,1,3,0.2,0.35,0.45,0.25,0.3,0.45,0.4,0.6
EMB00264,Embedded_Systems_Engineer,Embedded Systems Engineer,F,22-25,2,BSc,5.0,0.458,0.825,0.6784,0.6875,0.5432,1.0,0.6826,0.7658,0.7191,0.7378,1,2,0.2,0.35,0.45,0.25,0.3,0.45,0.4,0.6
EMB00265,Embedded_Systems_Engineer,Embedded Systems Engineer,F,26-30,3,MSc,0.0,0.691,0.6264,0.7011,0.786,0.7564,0.0,0.562,0.4042,0.7206,0.594,0,0,0.2,0.35,0.45,0.25,0.3,0.45,0.4,0.6
EMB00266,Embedded_Systems_Engineer,Embedded Systems Engineer,F,41-45,2,BSc,4.5,0.66,0.8262,0.958,0.728,0.624,1.0,0.585,0.738,0.8216,0.7882,1,2,0.2,0.35,0.45,0.25,0.3,0.45,0.4,0.6
EMB00267,Embedded_Systems_Engineer,Embedded Systems Engineer,M,41-45,2,BSc,3.3,0.647,0.8719,0.7364,0.9083,0.6188,1.0,0.5984,0.743,0.8476,0.8058,1,2,0.2,0.35,0.45,0.25,0.3,0.45,0.4,0.6
EMB00268,Embedded_Systems_Engineer,Embedded Systems Engineer,M,46+,2,BSc,7.6,0.815,0.826,0.7399,1.0,0.686,1.0,0.9014,0.8928,0.8785,0.8842,1,3,0.2,0.35,0.45,0.25,0.3,0.45,0.4,0.6
EMB00269,Embedded_Systems_Engineer,Embedded Systems Engineer,M,22-25,2,BSc,3.6,0.56,0.9589,0.9517,1.0,0.584,1.0,0.763,0.8101,0.9752,0.9092,1,3,0.2,0.35,0.45,0.25,0.3,0.45,0.4,0.6
EMB00270,Embedded_Systems_Engineer,Embedded Systems Engineer,F,31-35,2,BSc,6.9,0.806,0.8519,0.7858,0.9335,0.6824,1.0,0.7653,0.8309,0.8688,0.8536,1,3,0.2,0.35,0.45,0.25,0.3,0.45,0.4,0.6
EMB00271,Embedded_Systems_Engineer,Embedded Systems Engineer,F,31-35,1,Diploma,8.1,0.637,0.8668,0.9747,1.0,0.4948,1.0,0.7666,0.7939,0.9591,0.893,0,0,0.2,0.35,0.45,0.25,0.3,0.45,0.4,0.6
EMB00272,Embedded_Systems_Engineer,Embedded Systems Engineer,F,31-35,3,MSc,5.6,0.701,0.9682,0.9089,1.0,0.7604,1.0,0.6282,0.7848,0.9647,0.8927,1,2,0.2,0.35,0.45,0.25,0.3,0.45,0.4,0.6
EMB00273,Embedded_Systems_Engineer,Embedded Systems Engineer,M,31-35,2,BSc,3.3,0.67,0.826,0.7275,0.7878,0.628,1.0,0.5575,0.7265,0.7793,0.7582,1,1,0.2,0.35,0.45,0.25,0.3,0.45,0.4,0.6
EMB00274,Embedded_Systems_Engineer,Embedded Systems Engineer,M,31-35,3,MSc,4.7,0.703,0.7272,0.7035,1.0,0.7612,1.0,0.823,0.8726,0.8428,0.8547,1,3,0.2,0.35,0.45,0.25,0.3,0.45,0.4,0.6
EMB00275,Embedded_Systems_Engineer,Embedded Systems Engineer,M,36-40,3,MSc,7.0,0.807,0.9347,1.0,1.0,0.8028,1.0,0.8782,0.9058,0.9837,0.9525,1,3,0.2,0.35,0.45,0.25,0.3,0.45,0.4,0.6
EMB00276,Embedded_Systems_Engineer,Embedded Systems Engineer,F,26-30,3,MSc,4.4,0.63,0.728,0.7422,0.8826,0.732,1.0,0.851,0.8793,0.8018,0.8328,1,3,0.2,0.35,0.45,0.25,0.3,0.45,0.4,0.6
EMB00277,Embedded_Systems_Engineer,Embedded Systems Engineer,M,36-40,2,BSc,5.3,0.8,0.8075,0.7992,0.8708,0.68,1.0,0.7066,0.804,0.8335,0.8217,1,3,0.2,0.35,0.45,0.25,0.3,0.45,0.4,0.6
EMB00278,Embedded_Systems_Engineer,Embedded Systems Engineer,F,22-25,2,BSc,4.2,0.631,1.0,1.0,1.0,0.6124,1.0,0.7471,0.8087,1.0,0.9235,1,3,0.2,0.35,0.45,0.25,0.3,0.45,0.4,0.6
EMB00279,Embedded_Systems_Engineer,Embedded Systems Engineer,M,26-30,4,PhD,5.6,0.749,0.9162,0.8632,0.9378,0.8996,1.0,0.8214,0.8995,0.91,0.9058,1,3,0.2,0.35,0.45,0.25,0.3,0.45,0.4,0.6
EMB00280,Embedded_Systems_Engineer,Embedded Systems Engineer,F,26-30,3,MSc,2.8,0.895,0.9748,0.7136,0.8006,0.838,0.9333,0.6292,0.7774,0.818,0.8018,1,2,0.2,0.35,0.45,0.25,0.3,0.45,0.4,0.6
EMB00281,Embedded_Systems_Engineer,Embedded Systems Engineer,M,22-25,3,MSc,3.8,0.682,0.9824,0.9583,0.8157,0.7528,1.0,0.6303,0.7842,0.9002,0.8538,1,2,0.2,0.35,0.45,0.25,0.3,0.45,0.4,0.6
EMB00282,Embedded_Systems_Engineer,Embedded Systems Engineer,M,22-25,2,BSc,4.1,0.631,0.7295,0.9022,0.9062,0.6124,1.0,0.8692,0.8636,0.8608,0.8619,1,3,0.2,0.35,0.45,0.25,0.3,0.45,0.4,0.6
EMB00283,Embedded_Systems_Engineer,Embedded Systems Engineer,M,26-30,3,MSc,6.1,0.879,0.9906,0.7945,0.865,0.8316,1.0,0.7432,0.8508,0.8752,0.8654,1,3,0.2,0.35,0.45,0.25,0.3,0.45,0.4,0.6
EMB00284,Embedded_Systems_Engineer,Embedded Systems Engineer,F,31-35,4,PhD,7.9,0.852,0.7679,0.9175,0.9871,0.9408,1.0,1.0,0.9882,0.9114,0.9421,1,3,0.2,0.35,0.45,0.25,0.3,0.45,0.4,0.6
EMB00285,Embedded_Systems_Engineer,Embedded Systems Engineer,F,36-40,2,BSc,2.7,0.837,0.8633,0.6083,0.8579,0.6948,0.9,0.5967,0.7225,0.7844,0.7596,1,2,0.2,0.35,0.45,0.25,0.3,0.45,0.4,0.6
EMB00286,Embedded_Systems_Engineer,Embedded Systems Engineer,F,36-40,3,MSc,7.1,0.762,0.8543,0.9086,0.8903,0.7848,1.0,0.8405,0.8852,0.8868,0.8862,1,3,0.2,0.35,0.45,0.25,0.3,0.45,0.4,0.6
EMB00287,Embedded_Systems_Engineer,Embedded Systems Engineer,F,31-35,3,MSc,3.4,0.678,0.7389,0.6328,0.9155,0.7512,1.0,0.7697,0.8466,0.7865,0.8105,1,3,0.2,0.35,0.45,0.25,0.3,0.45,0.4,0.6
EMB00288,Embedded_Systems_Engineer,Embedded Systems Engineer,M,31-35,3,MSc,4.9,0.875,0.8586,0.8148,1.0,0.83,1.0,0.7814,0.8676,0.9091,0.8925,1,3,0.2,0.35,0.45,0.25,0.3,0.45,0.4,0.6
EMB00289,Embedded_Systems_Engineer,Embedded Systems Engineer,M,26-30,4,PhD,12.9,0.731,0.9056,1.0,1.0,0.8924,1.0,0.9706,0.9652,0.9764,0.9719,1,3,0.2,0.35,0.45,0.25,0.3,0.45,0.4,0.6
EMB00290,Embedded_Systems_Engineer,Embedded Systems Engineer,F,36-40,3,MSc,3.9,0.834,0.898,0.7501,0.848,0.8136,1.0,0.9055,0.9202,0.8311,0.8667,1,3,0.2,0.35,0.45,0.25,0.3,0.45,0.4,0.6
EMB00291,Embedded_Systems_Engineer,Embedded Systems Engineer,M,22-25,3,MSc,5.3,0.865,0.9262,0.7779,0.789,0.826,1.0,0.597,0.7838,0.82,0.8055,1,2,0.2,0.35,0.45,0.25,0.3,0.45,0.4,0.6
EMB00292,Embedded_Systems_Engineer,Embedded Systems Engineer,F,31-35,2,BSc,6.0,0.657,0.8818,1.0,1.0,0.6228,1.0,0.9324,0.8941,0.9705,0.9399,1,3,0.2,0.35,0.45,0.25,0.3,0.45,0.4,0.6
EMB00293,Embedded_Systems_Engineer,Embedded Systems Engineer,F,31-35,2,BSc,7.7,0.664,0.8266,0.5354,0.883,0.6256,1.0,0.4994,0.6998,0.7646,0.7387,1,1,0.2,0.35,0.45,0.25,0.3,0.45,0.4,0.6
EMB00294,Embedded_Systems_Engineer,Embedded Systems Engineer,M,22-25,2,BSc,1.3,0.671,0.6315,0.7425,0.8163,0.6284,0.4333,0.7121,0.5978,0.748,0.6879,0,2,0.2,0.35,0.45,0.25,0.3,0.45,0.4,0.6
EMB00295,Embedded_Systems_Engineer,Embedded Systems Engineer,M,41-45,3,MSc,5.2,0.738,1.0,0.8499,0.9285,0.7752,1.0,0.7673,0.8503,0.9228,0.8938,1,3,0.2,0.35,0.45,0.25,0.3,0.45,0.4,0.6
EMB00296,Embedded_Systems_Engineer,Embedded Systems Engineer,M,26-30,2,BSc,8.9,0.72,0.8996,0.9516,0.9671,0.648,1.0,0.9132,0.8905,0.9456,0.9236,1,3,0.2,0.35,0.45,0.25,0.3,0.45,0.4,0.6
EMB00297,Embedded_Systems_Engineer,Embedded Systems Engineer,F,26-30,3,MSc,10.4,0.865,0.9657,0.847,0.966,0.826,1.0,0.9862,0.959,0.9302,0.9417,1,3,0.2,0.35,0.45,0.25,0.3,0.45,0.4,0.6
EMB00298,Embedded_Systems_Engineer,Embedded Systems Engineer,F,26-30,2,BSc,7.0,0.799,0.7955,0.8097,1.0,0.6796,1.0,1.0,0.9359,0.8918,0.9094,1,2,0.2,0.35,0.45,0.25,0.3,0.45,0.4,0.6
EMB00299,Embedded_Systems_Engineer,Embedded Systems Engineer,F,26-30,1,Diploma,6.1,0.53,0.8541,0.6789,0.9892,0.452,1.0,0.6008,0.7108,0.8623,0.8017,0,0,0.2,0.35,0.45,0.25,0.3,0.45,0.4,0.6
EMB00300,Embedded_Systems_Engineer,Embedded Systems Engineer,F,26-30,3,MSc,5.7,0.721,0.841,0.4608,0.8467,0.7684,1.0,0.7948,0.8613,0.7295,0.7822,1,3,0.2,0.35,0.45,0.25,0.3,0.45,0.4,0.6
EMB00301,Embedded_Systems_Engineer,Embedded Systems Engineer,F,31-35,2,BSc,2.7,0.775,0.8805,0.7638,0.982,0.67,0.9,0.8369,0.8256,0.8912,0.865,1,3,0.2,0.35,0.45,0.25,0.3,0.45,0.4,0.6
EMB00302,Embedded_Systems_Engineer,Embedded Systems Engineer,F,31-35,3,MSc,3.1,0.598,0.8783,0.8244,0.7315,0.7192,1.0,0.7899,0.8493,0.7961,0.8174,1,2,0.2,0.35,0.45,0.25,0.3,0.45,0.4,0.6
EMB00303,Embedded_Systems_Engineer,Embedded Systems Engineer,M,36-40,2,BSc,5.2,0.735,0.816,0.8073,0.9989,0.654,1.0,0.8908,0.8817,0.8957,0.8901,1,3,0.2,0.35,0.45,0.25,0.3,0.45,0.4,0.6
EMB00304,Embedded_Systems_Engineer,Embedded Systems Engineer,F,46+,3,MSc,9.3,0.687,0.8589,0.9721,1.0,0.7548,1.0,0.8415,0.8796,0.9564,0.9257,1,3,0.2,0.35,0.45,0.25,0.3,0.45,0.4,0.6
EMB00305,Embedded_Systems_Engineer,Embedded Systems Engineer,F,46+,2,BSc,4.5,0.63,0.844,0.8446,0.9185,0.612,1.0,0.6515,0.7656,0.8777,0.8329,1,1,0.2,0.35,0.45,0.25,0.3,0.45,0.4,0.6
EMB00306,Embedded_Systems_Engineer,Embedded Systems Engineer,F,22-25,2,BSc,2.6,0.737,0.7946,0.7939,0.8864,0.6548,0.8667,0.5593,0.686,0.8357,0.7758,1,2,0.2,0.35,0.45,0.25,0.3,0.45,0.4,0.6
EMB00307,Embedded_Systems_Engineer,Embedded Systems Engineer,M,22-25,2,BSc,4.9,0.878,0.8653,0.6334,0.9261,0.7112,1.0,0.7507,0.8301,0.8231,0.8259,1,3,0.2,0.35,0.45,0.25,0.3,0.45,0.4,0.6
EMB00308,Embedded_Systems_Engineer,Embedded Systems Engineer,M,31-35,3,MSc,4.4,0.617,0.8504,0.5659,1.0,0.7268,1.0,0.7928,0.8521,0.8324,0.8403,1,3,0.2,0.35,0.45,0.25,0.3,0.45,0.4,0.6
EMB00309,Embedded_Systems_Engineer,Embedded Systems Engineer,M,36-40,3,MSc,6.2,0.856,1.0,0.6834,0.9912,0.8224,1.0,0.8741,0.9078,0.9011,0.9038,1,3,0.2,0.35,0.45,0.25,0.3,0.45,0.4,0.6
EMB00310,Embedded_Systems_Engineer,Embedded Systems Engineer,F,36-40,3,MSc,7.6,0.862,0.9639,0.8599,1.0,0.8248,1.0,0.9243,0.9309,0.9489,0.9417,1,3,0.2,0.35,0.45,0.25,0.3,0.45,0.4,0.6
EMB00311,Embedded_Systems_Engineer,Embedded Systems Engineer,M,26-30,3,MSc,7.5,0.96,0.8624,0.7347,1.0,0.864,1.0,0.7315,0.852,0.886,0.8724,1,3,0.2,0.35,0.45,0.25,0.3,0.45,0.4,0.6
EMB00312,Embedded_Systems_Engineer,Embedded Systems Engineer,F,36-40,2,BSc,5.1,0.787,0.9528,0.7723,0.9697,0.6748,1.0,0.599,0.7545,0.9063,0.8456,1,2,0.2,0.35,0.45,0.25,0.3,0.45,0.4,0.6
EMB00313,Embedded_Systems_Engineer,Embedded Systems Engineer,F,36-40,2,BSc,4.6,0.582,0.9819,0.5994,0.8442,0.5928,1.0,0.6899,0.779,0.8052,0.7947,1,2,0.2,0.35,0.45,0.25,0.3,0.45,0.4,0.6
EMB00314,Embedded_Systems_Engineer,Embedded Systems Engineer,M,26-30,2,BSc,2.2,0.685,0.9173,0.683,0.92,0.634,0.7333,0.7653,0.7278,0.8482,0.8,1,3,0.2,0.35,0.45,0.25,0.3,0.45,0.4,0.6
EMB00315,Embedded_Systems_Engineer,Embedded Systems Engineer,M,26-30,2,BSc,4.7,0.44,0.7344,0.9549,0.8739,0.536,1.0,0.6683,0.7579,0.8633,0.8211,1,2,0.2,0.35,0.45,0.25,0.3,0.45,0.4,0.6
EMB00316,Embedded_Systems_Engineer,Embedded Systems Engineer,M,26-30,2,BSc,5.2,0.681,0.74,0.8822,1.0,0.6324,1.0,0.6434,0.766,0.8997,0.8462,1,2,0.2,0.35,0.45,0.25,0.3,0.45,0.4,0.6
EMB00317,Embedded_Systems_Engineer,Embedded Systems Engineer,M,31-35,2,BSc,8.8,0.694,0.8252,0.8476,1.0,0.6376,1.0,0.7441,0.8124,0.9106,0.8713,1,3,0.2,0.35,0.45,0.25,0.3,0.45,0.4,0.6
EMB00318,Embedded_Systems_Engineer,Embedded Systems Engineer,F,26-30,3,MSc,4.3,0.787,1.0,0.71,1.0,0.7948,1.0,0.838,0.8861,0.913,0.9022,1,3,0.2,0.35,0.45,0.25,0.3,0.45,0.4,0.6
EMB00319,Embedded_Systems_Engineer,Embedded Systems Engineer,M,36-40,3,MSc,5.0,0.757,0.9052,0.7904,1.0,0.7828,1.0,0.8076,0.87,0.9134,0.896,1,2,0.2,0.35,0.45,0.25,0.3,0.45,0.4,0.6
EMB00320,Embedded_Systems_Engineer,Embedded Systems Engineer,M,26-30,3,MSc,6.2,0.805,0.7215,0.7403,0.7924,0.802,1.0,0.8353,0.8863,0.759,0.8099,1,3,0.2,0.35,0.45,0.25,0.3,0.45,0.4,0.6
EMB00321,Embedded_Systems_Engineer,Embedded Systems Engineer,M,31-35,2,BSc,7.6,0.813,0.782,0.782,0.9321,0.6852,1.0,0.8776,0.882,0.8495,0.8625,1,3,0.2,0.35,0.45,0.25,0.3,0.45,0.4,0.6
EMB00322,Embedded_Systems_Engineer,Embedded Systems Engineer,F,36-40,2,BSc,1.6,0.711,0.6595,0.6716,0.8951,0.6444,0.5333,0.5587,0.567,0.7692,0.6883,1,2,0.2,0.35,0.45,0.25,0.3,0.45,0.4,0.6
EMB00323,Embedded_Systems_Engineer,Embedded Systems Engineer,M,41-45,2,BSc,0.9,0.617,0.9662,0.6251,0.6885,0.6068,0.3,0.6656,0.5259,0.7389,0.6537,0,2,0.2,0.35,0.45,0.25,0.3,0.45,0.4,0.6
EMB00324,Embedded_Systems_Engineer,Embedded Systems Engineer,F,36-40,4,PhD,1.7,0.746,0.9654,0.7161,0.9292,0.8984,0.5667,0.8139,0.7443,0.8743,0.8223,1,3,0.2,0.35,0.45,0.25,0.3,0.45,0.4,0.6
EMB00325,Embedded_Systems_Engineer,Embedded Systems Engineer,F,31-35,2,BSc,0.0,0.75,0.7885,0.9285,0.4989,0.66,0.0,0.5655,0.3865,0.7002,0.5747,0,0,0.2,0.35,0.45,0.25,0.3,0.45,0.4,0.6
EMB00326,Embedded_Systems_Engineer,Embedded Systems Engineer,M,31-35,4,PhD,6.9,0.908,0.7882,0.8377,0.9925,0.9632,1.0,0.7525,0.8813,0.895,0.8895,1,3,0.2,0.35,0.45,0.25,0.3,0.45,0.4,0.6
EMB00327,Embedded_Systems_Engineer,Embedded Systems Engineer,F,41-45,3,MSc,4.7,0.8,0.6001,0.7768,1.0,0.8,1.0,0.8786,0.9054,0.8331,0.862,1,3,0.2,0.35,0.45,0.25,0.3,0.45,0.4,0.6
EMB00328,Embedded_Systems_Engineer,Embedded Systems Engineer,F,26-30,3,MSc,2.6,0.767,0.7451,0.8017,0.9929,0.7868,0.8667,0.7958,0.8188,0.8736,0.8517,1,3,0.2,0.35,0.45,0.25,0.3,0.45,0.4,0.6
EMB00329,Embedded_Systems_Engineer,Embedded Systems Engineer,F,22-25,3,MSc,3.7,0.586,0.8048,0.7824,1.0,0.7144,1.0,0.8111,0.8579,0.8859,0.8747,1,3,0.2,0.35,0.45,0.25,0.3,0.45,0.4,0.6
EMB00330,Embedded_Systems_Engineer,Embedded Systems Engineer,F,22-25,2,BSc,4.1,0.888,0.95,0.6691,0.7862,0.7152,1.0,0.7487,0.83,0.792,0.8072,1,3,0.2,0.35,0.45,0.25,0.3,0.45,0.4,0.6
EMB00331,Embedded_Systems_Engineer,Embedded Systems Engineer,F,26-30,3,MSc,3.9,0.82,0.7486,0.8595,0.9131,0.808,1.0,0.6834,0.8191,0.8559,0.8412,1,2,0.2,0.35,0.45,0.25,0.3,0.45,0.4,0.6
EMB00332,Embedded_Systems_Engineer,Embedded Systems Engineer,M,22-25,3,MSc,5.1,0.758,0.7235,0.8317,0.8283,0.7832,1.0,0.5582,0.7578,0.8031,0.785,1,2,0.2,0.35,0.45,0.25,0.3,0.45,0.4,0.6
EMB00333,Embedded_Systems_Engineer,Embedded Systems Engineer,F,22-25,2,BSc,4.3,0.639,0.7691,0.7786,1.0,0.6156,1.0,0.8545,0.8576,0.8759,0.8686,1,3,0.2,0.35,0.45,0.25,0.3,0.45,0.4,0.6
EMB00334,Embedded_Systems_Engineer,Embedded Systems Engineer,F,41-45,2,BSc,7.2,0.694,0.9782,0.5261,1.0,0.6376,1.0,0.9104,0.8872,0.8524,0.8663,1,2,0.2,0.35,0.45,0.25,0.3,0.45,0.4,0.6
EMB00335,Embedded_Systems_Engineer,Embedded Systems Engineer,M,22-25,3,MSc,0.0,0.701,0.9175,0.8726,0.7059,0.7604,0.0,0.7064,0.47,0.8088,0.6733,0,0,0.2,0.35,0.45,0.25,0.3,0.45,0.4,0.6
EMB00336,Embedded_Systems_Engineer,Embedded Systems Engineer,M,41-45,1,Diploma,4.0,0.731,0.8582,0.7084,1.0,0.5324,1.0,0.7527,0.7952,0.8771,0.8443,0,0,0.2,0.35,0.45,0.25,0.3,0.45,0.4,0.6
EMB00337,Embedded_Systems_Engineer,Embedded Systems Engineer,F,26-30,4,PhD,8.4,0.918,0.6644,1.0,1.0,0.9672,1.0,0.9922,0.9899,0.9161,0.9456,1,3,0.2,0.35,0.45,0.25,0.3,0.45,0.4,0.6
EMB00338,Embedded_Systems_Engineer,Embedded Systems Engineer,F,26-30,2,BSc,0.7,0.628,0.8195,0.5883,1.0,0.6112,0.2333,0.6354,0.4898,0.8314,0.6948,0,1,0.2,0.35,0.45,0.25,0.3,0.45,0.4,0.6
EMB00339,Embedded_Systems_Engineer,Embedded Systems Engineer,M,31-35,3,MSc,9.9,0.562,0.8263,0.8202,1.0,0.7048,1.0,0.7848,0.8441,0.9026,0.8792,1,3,0.2,0.35,0.45,0.25,0.3,0.45,0.4,0.6
EMB00340,Embedded_Systems_Engineer,Embedded Systems Engineer,M,22-25,3,MSc,0.9,0.812,0.7568,0.7129,0.7984,0.8048,0.3,0.6385,0.5533,0.7623,0.6787,0,2,0.2,0.35,0.45,0.25,0.3,0.45,0.4,0.6
EMB00341,Embedded_Systems_Engineer,Embedded Systems Engineer,F,22-25,3,MSc,5.8,0.826,0.8695,0.8462,1.0,0.8104,1.0,0.7971,0.8708,0.9212,0.901,1,3,0.2,0.35,0.45,0.25,0.3,0.45,0.4,0.6
EMB00342,Embedded_Systems_Engineer,Embedded Systems Engineer,F,41-45,2,BSc,4.7,0.699,1.0,0.9063,0.9245,0.6396,1.0,0.707,0.7961,0.9379,0.8812,1,3,0.2,0.35,0.45,0.25,0.3,0.45,0.4,0.6
EMB00343,Embedded_Systems_Engineer,Embedded Systems Engineer,M,26-30,3,MSc,11.2,0.763,0.9677,0.9077,1.0,0.7852,1.0,0.7666,0.852,0.9642,0.9193,1,2,0.2,0.35,0.45,0.25,0.3,0.45,0.4,0.6
EMB00344,Embedded_Systems_Engineer,Embedded Systems Engineer,M,36-40,2,BSc,2.5,0.847,0.6819,0.7882,0.8758,0.6988,0.8333,0.7747,0.78,0.801,0.7926,1,3,0.2,0.35,0.45,0.25,0.3,0.45,0.4,0.6
EMB00345,Embedded_Systems_Engineer,Embedded Systems Engineer,F,31-35,3,MSc,0.6,0.677,0.8432,0.6727,0.8287,0.7508,0.2,0.6779,0.5252,0.7855,0.6814,0,2,0.2,0.35,0.45,0.25,0.3,0.45,0.4,0.6
EMB00346,Embedded_Systems_Engineer,Embedded Systems Engineer,M,31-35,3,MSc,7.9,0.786,0.917,0.9586,1.0,0.7944,1.0,0.8071,0.8721,0.9668,0.9289,1,3,0.2,0.35,0.45,0.25,0.3,0.45,0.4,0.6
EMB00347,Embedded_Systems_Engineer,Embedded Systems Engineer,M,22-25,3,MSc,1.5,0.731,0.7936,0.5841,0.8307,0.7724,0.5,0.5628,0.5827,0.7474,0.6815,1,3,0.2,0.35,0.45,0.25,0.3,0.45,0.4,0.6
EMB00348,Embedded_Systems_Engineer,Embedded Systems Engineer,F,26-30,3,MSc,4.3,0.712,0.8931,0.6728,1.0,0.7648,1.0,0.9021,0.9089,0.8751,0.8886,1,3,0.2,0.35,0.45,0.25,0.3,0.45,0.4,0.6
EMB00349,Embedded_Systems_Engineer,Embedded Systems Engineer,M,36-40,3,MSc,4.0,0.813,0.9039,0.6073,0.7897,0.8052,1.0,0.6779,0.8161,0.7635,0.7845,1,2,0.2,0.35,0.45,0.25,0.3,0.45,0.4,0.6
EMB00350,Embedded_Systems_Engineer,Embedded Systems Engineer,F,36-40,4,PhD,7.2,0.741,0.6404,0.8273,1.0,0.8964,1.0,0.7326,0.8589,0.8583,0.8585,1,3,0.2,0.35,0.45,0.25,0.3,0.45,0.4,0.6
EMB00351,Embedded_Systems_Engineer,Embedded Systems Engineer,M,41-45,3,MSc,8.5,0.834,0.9457,0.7666,0.9881,0.8136,1.0,0.9515,0.9409,0.911,0.923,1,3,0.2,0.35,0.45,0.25,0.3,0.45,0.4,0.6
EMB00352,Embedded_Systems_Engineer,Embedded Systems Engineer,M,26-30,2,BSc,5.3,0.824,0.7217,0.7394,0.9624,0.6896,1.0,0.718,0.811,0.8353,0.8256,1,3,0.2,0.35,0.45,0.25,0.3,0.45,0.4,0.6
EMB00353,Embedded_Systems_Engineer,Embedded Systems Engineer,F,26-30,3,MSc,11.2,0.616,0.779,1.0,1.0,0.7264,1.0,0.8907,0.8961,0.9447,0.9253,1,3,0.2,0.35,0.45,0.25,0.3,0.45,0.4,0.6
EMB00354,Embedded_Systems_Engineer,Embedded Systems Engineer,F,31-35,2,BSc,8.7,0.508,0.9802,1.0,1.0,0.5632,1.0,0.8399,0.8406,0.995,0.9332,1,3,0.2,0.35,0.45,0.25,0.3,0.45,0.4,0.6
EMB00355,Embedded_Systems_Engineer,Embedded Systems Engineer,F,22-25,3,MSc,5.4,0.75,0.7956,0.9803,0.9191,0.78,1.0,0.7887,0.8609,0.9066,0.8883,1,3,0.2,0.35,0.45,0.25,0.3,0.45,0.4,0.6
EMB00356,Embedded_Systems_Engineer,Embedded Systems Engineer,F,36-40,2,BSc,7.1,0.839,0.9213,0.8758,1.0,0.6956,1.0,0.5524,0.7377,0.9431,0.8609,1,2,0.2,0.35,0.45,0.25,0.3,0.45,0.4,0.6
EMB00357,Embedded_Systems_Engineer,Embedded Systems Engineer,M,22-25,3,MSc,5.8,0.65,0.8244,0.9542,0.9426,0.74,1.0,0.7911,0.854,0.9165,0.8915,1,3,0.2,0.35,0.45,0.25,0.3,0.45,0.4,0.6
EMB00358,Embedded_Systems_Engineer,Embedded Systems Engineer,F,31-35,3,MSc,9.6,0.776,0.9263,0.9026,1.0,0.7904,1.0,0.7239,0.8338,0.9524,0.905,1,3,0.2,0.35,0.45,0.25,0.3,0.45,0.4,0.6
EMB00359,Embedded_Systems_Engineer,Embedded Systems Engineer,M,31-35,2,BSc,7.7,0.644,0.7933,0.7265,0.9933,0.6176,1.0,0.8204,0.8427,0.8633,0.8551,1,3,0.2,0.35,0.45,0.25,0.3,0.45,0.4,0.6
EMB00360,Embedded_Systems_Engineer,Embedded Systems Engineer,F,31-35,3,MSc,2.1,0.739,0.7623,0.6691,0.9414,0.7756,0.7,0.6514,0.6932,0.8149,0.7662,1,2,0.2,0.35,0.45,0.25,0.3,0.45,0.4,0.6
EMB00361,Embedded_Systems_Engineer,Embedded Systems Engineer,M,36-40,2,BSc,4.9,0.669,0.8609,0.7468,1.0,0.6276,1.0,0.7949,0.8332,0.8893,0.8669,1,3,0.2,0.35,0.45,0.25,0.3,0.45,0.4,0.6
EMB00362,Embedded_Systems_Engineer,Embedded Systems Engineer,M,26-30,3,MSc,6.9,0.749,0.8583,0.8722,1.0,0.7796,1.0,0.8269,0.878,0.9262,0.9069,1,3,0.2,0.35,0.45,0.25,0.3,0.45,0.4,0.6
EMB00363,Embedded_Systems_Engineer,Embedded Systems Engineer,M,36-40,3,MSc,3.4,0.894,0.8126,0.7964,0.9059,0.8376,1.0,0.6887,0.8274,0.8497,0.8408,1,2,0.2,0.35,0.45,0.25,0.3,0.45,0.4,0.6
EMB00364,Embedded_Systems_Engineer,Embedded Systems Engineer,F,26-30,2,BSc,2.4,0.474,0.8055,0.8794,0.7857,0.5496,0.8,0.855,0.7747,0.8188,0.8012,1,3,0.2,0.35,0.45,0.25,0.3,0.45,0.4,0.6
EMB00365,Embedded_Systems_Engineer,Embedded Systems Engineer,F,26-30,3,MSc,3.6,0.839,0.6605,0.553,1.0,0.8156,1.0,0.9012,0.9187,0.781,0.8361,1,3,0.2,0.35,0.45,0.25,0.3,0.45,0.4,0.6
EMB00366,Embedded_Systems_Engineer,Embedded Systems Engineer,F,31-35,2,BSc,3.8,0.685,0.8172,0.7201,1.0,0.634,1.0,0.7595,0.8186,0.8703,0.8496,1,3,0.2,0.35,0.45,0.25,0.3,0.45,0.4,0.6
EMB00367,Embedded_Systems_Engineer,Embedded Systems Engineer,F,22-25,1,Diploma,3.7,0.571,0.8138,0.6569,1.0,0.4684,1.0,0.5925,0.7103,0.8505,0.7944,0,0,0.2,0.35,0.45,0.25,0.3,0.45,0.4,0.6
EMB00368,Embedded_Systems_Engineer,Embedded Systems Engineer,M,41-45,2,BSc,1.2,0.626,0.9901,0.8085,0.79,0.6104,0.4,0.6649,0.5613,0.8456,0.7319,0,2,0.2,0.35,0.45,0.25,0.3,0.45,0.4,0.6
EMB00369,Embedded_Systems_Engineer,Embedded Systems Engineer,M,26-30,2,BSc,8.1,0.573,0.9542,0.9214,0.9377,0.5892,1.0,1.0,0.9178,0.9369,0.9293,1,3,0.2,0.35,0.45,0.25,0.3,0.45,0.4,0.6
EMB00370,Embedded_Systems_Engineer,Embedded Systems Engineer,M,31-35,3,MSc,5.3,0.913,0.6993,0.6523,0.8222,0.8452,1.0,0.63,0.8025,0.7405,0.7653,1,3,0.2,0.35,0.45,0.25,0.3,0.45,0.4,0.6
EMB00371,Embedded_Systems_Engineer,Embedded Systems Engineer,F,36-40,2,BSc,8.8,0.718,0.9679,0.9162,1.0,0.6472,1.0,0.9362,0.9007,0.9668,0.9404,1,3,0.2,0.35,0.45,0.25,0.3,0.45,0.4,0.6
EMB00372,Embedded_Systems_Engineer,Embedded Systems Engineer,M,26-30,3,MSc,5.2,0.769,0.8564,0.8147,0.7733,0.7876,1.0,0.7749,0.8562,0.8065,0.8264,1,3,0.2,0.35,0.45,0.25,0.3,0.45,0.4,0.6
EMB00373,Embedded_Systems_Engineer,Embedded Systems Engineer,M,22-25,2,BSc,6.8,0.768,0.655,0.892,0.8714,0.6672,1.0,0.6098,0.7578,0.8235,0.7972,1,2,0.2,0.35,0.45,0.25,0.3,0.45,0.4,0.6
EMB00374,Embedded_Systems_Engineer,Embedded Systems Engineer,M,22-25,2,BSc,2.8,0.715,0.8128,1.0,1.0,0.646,0.9333,0.7894,0.8111,0.9532,0.8964,1,3,0.2,0.35,0.45,0.25,0.3,0.45,0.4,0.6
EMB00375,Embedded_Systems_Engineer,Embedded Systems Engineer,M,22-25,2,BSc,4.7,0.808,0.9348,0.7977,1.0,0.6832,1.0,0.8785,0.882,0.923,0.9066,1,3,0.2,0.35,0.45,0.25,0.3,0.45,0.4,0.6
EMB00376,Embedded_Systems_Engineer,Embedded Systems Engineer,M,36-40,2,BSc,5.7,0.887,0.7235,0.6475,0.9794,0.7148,1.0,0.7413,0.8265,0.8159,0.8201,1,3,0.2,0.35,0.45,0.25,0.3,0.45,0.4,0.6
EMB00377,Embedded_Systems_Engineer,Embedded Systems Engineer,M,31-35,3,MSc,9.9,0.645,0.8176,0.9531,1.0,0.738,1.0,0.8933,0.8996,0.9403,0.924,1,3,0.2,0.35,0.45,0.25,0.3,0.45,0.4,0.6
EMB00378,Embedded_Systems_Engineer,Embedded Systems Engineer,M,31-35,2,BSc,3.1,0.657,0.6461,0.4531,0.9149,0.6228,1.0,0.7332,0.8045,0.7092,0.7473,1,3,0.2,0.35,0.45,0.25,0.3,0.45,0.4,0.6
EMB00379,Embedded_Systems_Engineer,Embedded Systems Engineer,M,26-30,2,BSc,2.7,0.643,0.864,0.8537,1.0,0.6172,0.9,0.8666,0.8284,0.9221,0.8846,1,3,0.2,0.35,0.45,0.25,0.3,0.45,0.4,0.6
EMB00380,Embedded_Systems_Engineer,Embedded Systems Engineer,M,46+,2,BSc,2.7,0.64,0.8164,0.7333,0.9493,0.616,0.9,0.8513,0.8213,0.8513,0.8393,1,3,0.2,0.35,0.45,0.25,0.3,0.45,0.4,0.6
EMB00381,Embedded_Systems_Engineer,Embedded Systems Engineer,F,36-40,2,BSc,8.4,0.693,0.9288,0.6876,1.0,0.6372,1.0,0.8946,0.88,0.8885,0.8851,1,3,0.2,0.35,0.45,0.25,0.3,0.45,0.4,0.6
EMB00382,Embedded_Systems_Engineer,Embedded Systems Engineer,M,26-30,3,MSc,5.2,0.992,0.7993,0.7803,0.8285,0.8768,1.0,0.69,0.8359,0.8067,0.8184,1,3,0.2,0.35,0.45,0.25,0.3,0.45,0.4,0.6
EMB00383,Embedded_Systems_Engineer,Embedded Systems Engineer,M,36-40,2,BSc,4.2,0.625,1.0,0.9032,0.9777,0.61,1.0,0.6366,0.7585,0.9609,0.8799,1,2,0.2,0.35,0.45,0.25,0.3,0.45,0.4,0.6
EMB00384,Embedded_Systems_Engineer,Embedded Systems Engineer,F,26-30,3,MSc,5.5,0.821,1.0,0.8042,0.9607,0.8084,1.0,0.7911,0.8677,0.9236,0.9012,1,3,0.2,0.35,0.45,0.25,0.3,0.45,0.4,0.6
EMB00385,Embedded_Systems_Engineer,Embedded Systems Engineer,M,31-35,3,MSc,6.3,0.724,0.911,1.0,0.9316,0.7696,1.0,1.0,0.9539,0.947,0.9498,1,3,0.2,0.35,0.45,0.25,0.3,0.45,0.4,0.6
EMB00386,Embedded_Systems_Engineer,Embedded Systems Engineer,M,26-30,2,BSc,0.7,0.578,0.6522,0.6299,0.9699,0.5912,0.2333,0.5458,0.4455,0.7885,0.6513,0,1,0.2,0.35,0.45,0.25,0.3,0.45,0.4,0.6
EMB00387,Embedded_Systems_Engineer,Embedded Systems Engineer,M,31-35,3,MSc,6.2,0.786,1.0,0.9808,0.7901,0.7944,1.0,0.8394,0.8866,0.8998,0.8945,1,3,0.2,0.35,0.45,0.25,0.3,0.45,0.4,0.6
EMB00388,Embedded_Systems_Engineer,Embedded Systems Engineer,M,26-30,3,MSc,4.6,0.923,0.6258,0.9139,0.6569,0.8492,1.0,0.6304,0.8035,0.7262,0.7571,1,2,0.2,0.35,0.45,0.25,0.3,0.45,0.4,0.6
EMB00389,Embedded_Systems_Engineer,Embedded Systems Engineer,M,46+,3,MSc,6.6,0.676,1.0,0.7724,1.0,0.7504,1.0,0.8621,0.888,0.9317,0.9142,1,3,0.2,0.35,0.45,0.25,0.3,0.45,0.4,0.6
EMB00390,Embedded_Systems_Engineer,Embedded Systems Engineer,F,22-25,3,MSc,8.0,0.881,0.6986,0.8847,0.8751,0.8324,1.0,0.8368,0.893,0.8339,0.8575,1,3,0.2,0.35,0.45,0.25,0.3,0.45,0.4,0.6
EMB00391,Embedded_Systems_Engineer,Embedded Systems Engineer,M,26-30,2,BSc,1.4,0.592,0.903,0.7295,0.8759,0.5968,0.4667,0.8357,0.6588,0.8388,0.7668,0,2,0.2,0.35,0.45,0.25,0.3,0.45,0.4,0.6
EMB00392,Embedded_Systems_Engineer,Embedded Systems Engineer,F,31-35,3,MSc,7.9,0.75,0.9305,0.8784,1.0,0.78,1.0,1.0,0.956,0.9461,0.9501,1,3,0.2,0.35,0.45,0.25,0.3,0.45,0.4,0.6
EMB00393,Embedded_Systems_Engineer,Embedded Systems Engineer,M,22-25,2,BSc,2.9,0.611,0.7926,0.8462,0.9767,0.6044,0.9667,0.851,0.8422,0.8915,0.8718,1,3,0.2,0.35,0.45,0.25,0.3,0.45,0.4,0.6
EMB00394,Embedded_Systems_Engineer,Embedded Systems Engineer,M,26-30,2,BSc,3.5,0.617,0.6956,0.7536,0.7316,0.6068,1.0,0.6378,0.7584,0.7292,0.7409,1,2,0.2,0.35,0.45,0.25,0.3,0.45,0.4,0.6
EMB00395,Embedded_Systems_Engineer,Embedded Systems Engineer,M,36-40,3,MSc,4.0,0.823,0.6791,0.6534,0.9818,0.8092,1.0,0.5364,0.7532,0.8076,0.7858,1,1,0.2,0.35,0.45,0.25,0.3,0.45,0.4,0.6
EMB00396,Embedded_Systems_Engineer,Embedded Systems Engineer,F,22-25,3,MSc,2.2,0.716,0.8583,0.6907,0.9005,0.7664,0.7333,0.8725,0.8026,0.827,0.8172,1,3,0.2,0.35,0.45,0.25,0.3,0.45,0.4,0.6
EMB00397,Embedded_Systems_Engineer,Embedded Systems Engineer,M,31-35,2,BSc,6.1,0.616,1.0,0.6954,0.9684,0.6064,1.0,0.8491,0.8534,0.8944,0.878,1,3,0.2,0.35,0.45,0.25,0.3,0.45,0.4,0.6
EMB00398,Embedded_Systems_Engineer,Embedded Systems Engineer,F,36-40,2,BSc,4.6,0.682,0.6825,0.8708,0.8668,0.6328,1.0,0.6569,0.7722,0.8219,0.802,1,2,0.2,0.35,0.45,0.25,0.3,0.45,0.4,0.6
EMB00399,Embedded_Systems_Engineer,Embedded Systems Engineer,F,31-35,2,BSc,3.5,0.683,0.8159,0.8354,0.8251,0.6332,1.0,0.7451,0.8119,0.8259,0.8203,1,3,0.2,0.35,0.45,0.25,0.3,0.45,0.4,0.6
EMB00400,Embedded_Systems_Engineer,Embedded Systems Engineer,M,26-30,2,BSc,5.4,0.673,0.5769,0.7974,0.788,0.6292,1.0,0.733,0.8057,0.738,0.7651,1,3,0.2,0.35,0.45,0.25,0.3,0.45,0.4,0.6
EMB00401,Embedded_Systems_Engineer,Embedded Systems Engineer,M,31-35,3,MSc,6.3,0.61,0.7796,1.0,0.8862,0.724,1.0,0.6708,0.7967,0.8937,0.8549,1,2,0.2,0.35,0.45,0.25,0.3,0.45,0.4,0.6
EMB00402,Embedded_Systems_Engineer,Embedded Systems Engineer,F,31-35,3,MSc,4.4,0.767,0.869,0.9658,1.0,0.7868,1.0,0.816,0.8746,0.957,0.924,1,3,0.2,0.35,0.45,0.25,0.3,0.45,0.4,0.6
EMB00403,Embedded_Systems_Engineer,Embedded Systems Engineer,F,36-40,3,MSc,1.1,0.738,0.7543,0.6617,0.746,0.7752,0.3667,0.8079,0.6469,0.7228,0.6924,0,2,0.2,0.35,0.45,0.25,0.3,0.45,0.4,0.6
EMB00404,Embedded_Systems_Engineer,Embedded Systems Engineer,F,31-35,3,MSc,2.8,0.793,0.9102,0.818,1.0,0.7972,0.9333,0.6791,0.7917,0.9229,0.8704,1,2,0.2,0.35,0.45,0.25,0.3,0.45,0.4,0.6
EMB00405,Embedded_Systems_Engineer,Embedded Systems Engineer,F,31-35,3,MSc,3.6,0.762,1.0,0.8247,0.7738,0.7848,1.0,0.6206,0.7862,0.8456,0.8218,1,1,0.2,0.35,0.45,0.25,0.3,0.45,0.4,0.6
EMB00406,Embedded_Systems_Engineer,Embedded Systems Engineer,M,31-35,3,MSc,1.2,0.764,0.8324,0.5751,0.902,0.7856,0.4,0.611,0.5721,0.7865,0.7007,0,2,0.2,0.35,0.45,0.25,0.3,0.45,0.4,0.6
EMB00407,Embedded_Systems_Engineer,Embedded Systems Engineer,M,26-30,2,BSc,3.7,0.523,0.8315,0.7702,0.9292,0.5692,1.0,0.8492,0.846,0.8571,0.8527,1,3,0.2,0.35,0.45,0.25,0.3,0.45,0.4,0.6
EMB00408,Embedded_Systems_Engineer,Embedded Systems Engineer,F,36-40,2,BSc,8.6,0.688,0.7241,0.8168,0.8298,0.6352,1.0,0.7767,0.8266,0.7995,0.8103,1,3,0.2,0.35,0.45,0.25,0.3,0.45,0.4,0.6
EMB00409,Embedded_Systems_Engineer,Embedded Systems Engineer,F,26-30,2,BSc,8.6,0.654,0.7949,0.9893,1.0,0.6216,1.0,0.7492,0.8115,0.9455,0.8919,1,3,0.2,0.35,0.45,0.25,0.3,0.45,0.4,0.6
EMB00410,Embedded_Systems_Engineer,Embedded Systems Engineer,M,31-35,3,MSc,4.1,0.734,0.8106,0.8807,0.813,0.7736,1.0,0.7367,0.8362,0.8327,0.8341,1,3,0.2,0.35,0.45,0.25,0.3,0.45,0.4,0.6
EMB00411,Embedded_Systems_Engineer,Embedded Systems Engineer,M,46+,3,MSc,5.8,0.943,0.8481,0.7845,1.0,0.8572,1.0,0.8834,0.919,0.8974,0.906,1,3,0.2,0.35,0.45,0.25,0.3,0.45,0.4,0.6
EMB00412,Embedded_Systems_Engineer,Embedded Systems Engineer,M,41-45,3,MSc,7.5,0.831,0.978,0.8322,1.0,0.8124,1.0,0.7688,0.8584,0.9442,0.9099,1,3,0.2,0.35,0.45,0.25,0.3,0.45,0.4,0.6
EMB00413,Embedded_Systems_Engineer,Embedded Systems Engineer,F,22-25,3,MSc,4.2,0.77,1.0,0.847,1.0,0.788,1.0,0.6052,0.7799,0.9541,0.8844,1,2,0.2,0.35,0.45,0.25,0.3,0.45,0.4,0.6
EMB00414,Embedded_Systems_Engineer,Embedded Systems Engineer,F,46+,2,BSc,8.7,0.654,0.8894,0.8917,0.986,0.6216,1.0,0.4327,0.669,0.9336,0.8278,1,1,0.2,0.35,0.45,0.25,0.3,0.45,0.4,0.6
EMB00415,Embedded_Systems_Engineer,Embedded Systems Engineer,F,46+,2,BSc,2.7,0.731,0.8712,0.7202,0.9988,0.6524,0.9,0.7824,0.7976,0.8833,0.849,1,2,0.2,0.35,0.45,0.25,0.3,0.45,0.4,0.6
EMB00416,Embedded_Systems_Engineer,Embedded Systems Engineer,F,31-35,4,PhD,7.8,0.612,1.0,1.0,1.0,0.8448,1.0,0.8689,0.91,1.0,0.964,1,3,0.2,0.35,0.45,0.25,0.3,0.45,0.4,0.6
EMB00417,Embedded_Systems_Engineer,Embedded Systems Engineer,F,31-35,3,MSc,7.4,0.517,0.9954,0.8009,1.0,0.6868,1.0,0.7837,0.84,0.9391,0.8995,1,3,0.2,0.35,0.45,0.25,0.3,0.45,0.4,0.6
EMB00418,Embedded_Systems_Engineer,Embedded Systems Engineer,M,46+,3,MSc,3.9,0.566,0.537,0.7445,0.7793,0.7064,1.0,0.7469,0.8274,0.7083,0.7559,1,3,0.2,0.35,0.45,0.25,0.3,0.45,0.4,0.6
EMB00419,Embedded_Systems_Engineer,Embedded Systems Engineer,M,22-25,2,BSc,6.2,0.779,0.9182,0.9851,0.9275,0.6716,1.0,0.817,0.852,0.9425,0.9063,1,3,0.2,0.35,0.45,0.25,0.3,0.45,0.4,0.6
EMB00420,Embedded_Systems_Engineer,Embedded Systems Engineer,M,22-25,2,BSc,3.4,0.809,0.838,0.5651,1.0,0.6836,1.0,0.7354,0.8176,0.829,0.8244,1,3,0.2,0.35,0.45,0.25,0.3,0.45,0.4,0.6
EMB00421,Embedded_Systems_Engineer,Embedded Systems Engineer,M,31-35,2,BSc,5.7,0.563,0.845,0.8749,1.0,0.5852,1.0,0.6911,0.778,0.9237,0.8654,1,2,0.2,0.35,0.45,0.25,0.3,0.45,0.4,0.6
EMB00422,Embedded_Systems_Engineer,Embedded Systems Engineer,M,36-40,3,MSc,8.5,0.659,1.0,0.764,1.0,0.7436,1.0,0.8794,0.8944,0.9292,0.9153,1,3,0.2,0.35,0.45,0.25,0.3,0.45,0.4,0.6
EMB00423,Embedded_Systems_Engineer,Embedded Systems Engineer,M,22-25,2,BSc,3.8,0.794,0.8256,0.7869,0.8937,0.6776,1.0,0.7103,0.8052,0.8446,0.8288,1,3,0.2,0.35,0.45,0.25,0.3,0.45,0.4,0.6
EMB00424,Embedded_Systems_Engineer,Embedded Systems Engineer,F,22-25,2,BSc,3.7,0.664,0.6957,0.6719,0.8912,0.6256,1.0,0.7665,0.82,0.7765,0.7939,1,3,0.2,0.35,0.45,0.25,0.3,0.45,0.4,0.6
EMB00425,Embedded_Systems_Engineer,Embedded Systems Engineer,M,31-35,4,PhD,2.7,0.833,0.9333,0.856,0.844,0.9332,0.9,0.875,0.8954,0.8699,0.8801,1,3,0.2,0.35,0.45,0.25,0.3,0.45,0.4,0.6
EMB00426,Embedded_Systems_Engineer,Embedded Systems Engineer,F,22-25,3,MSc,7.7,0.82,0.706,0.7639,0.9834,0.808,1.0,0.8972,0.9153,0.8482,0.875,1,3,0.2,0.35,0.45,0.25,0.3,0.45,0.4,0.6
EMB00427,Embedded_Systems_Engineer,Embedded Systems Engineer,M,46+,3,MSc,7.0,0.638,0.7784,0.7168,0.9526,0.7352,1.0,0.8539,0.8813,0.8383,0.8555,1,3,0.2,0.35,0.45,0.25,0.3,0.45,0.4,0.6
EMB00428,Embedded_Systems_Engineer,Embedded Systems Engineer,M,22-25,3,MSc,3.4,0.748,0.4223,0.6865,0.8132,0.7792,1.0,0.6947,0.8185,0.6775,0.7339,1,2,0.2,0.35,0.45,0.25,0.3,0.45,0.4,0.6
EMB00429,Embedded_Systems_Engineer,Embedded Systems Engineer,M,46+,4,PhD,4.1,0.803,0.9832,0.907,0.993,0.9212,1.0,0.7574,0.8751,0.9647,0.9289,1,3,0.2,0.35,0.45,0.25,0.3,0.45,0.4,0.6
EMB00430,Embedded_Systems_Engineer,Embedded Systems Engineer,M,36-40,2,BSc,7.4,0.618,0.8485,0.9026,0.927,0.6072,1.0,0.701,0.7869,0.9001,0.8548,1,3,0.2,0.35,0.45,0.25,0.3,0.45,0.4,0.6
EMB00431,Embedded_Systems_Engineer,Embedded Systems Engineer,F,31-35,2,BSc,2.2,0.628,0.8547,0.8936,0.9998,0.6112,0.7333,0.7326,0.7086,0.9317,0.8425,1,3,0.2,0.35,0.45,0.25,0.3,0.45,0.4,0.6
EMB00432,Embedded_Systems_Engineer,Embedded Systems Engineer,F,36-40,2,BSc,2.4,0.632,0.845,0.6249,0.8545,0.6128,0.8,0.6048,0.6747,0.7832,0.7398,1,1,0.2,0.35,0.45,0.25,0.3,0.45,0.4,0.6
EMB00433,Embedded_Systems_Engineer,Embedded Systems Engineer,M,36-40,3,MSc,5.7,0.772,0.8309,0.798,0.889,0.7888,1.0,0.6947,0.8204,0.8472,0.8365,1,2,0.2,0.35,0.45,0.25,0.3,0.45,0.4,0.6
EMB00434,Embedded_Systems_Engineer,Embedded Systems Engineer,M,31-35,2,BSc,10.8,0.72,0.8697,0.8255,1.0,0.648,1.0,0.7762,0.8289,0.9151,0.8806,1,3,0.2,0.35,0.45,0.25,0.3,0.45,0.4,0.6
EMB00435,Embedded_Systems_Engineer,Embedded Systems Engineer,M,26-30,4,PhD,3.5,0.807,0.8488,0.6054,0.8904,0.9228,1.0,0.7377,0.8665,0.7945,0.8233,1,3,0.2,0.35,0.45,0.25,0.3,0.45,0.4,0.6
EMB00436,Embedded_Systems_Engineer,Embedded Systems Engineer,M,31-35,2,BSc,0.0,0.686,0.8078,0.7619,0.7004,0.6344,0.0,0.7526,0.4656,0.7457,0.6337,0,0,0.2,0.35,0.45,0.25,0.3,0.45,0.4,0.6
EMB00437,Embedded_Systems_Engineer,Embedded Systems Engineer,F,36-40,2,BSc,2.5,0.782,0.7527,0.7255,0.8275,0.6728,0.8333,0.5046,0.6533,0.7782,0.7282,1,1,0.2,0.35,0.45,0.25,0.3,0.45,0.4,0.6
EMB00438,Embedded_Systems_Engineer,Embedded Systems Engineer,F,26-30,2,BSc,4.0,0.528,0.771,0.7165,0.9275,0.5712,1.0,0.6668,0.7643,0.8251,0.8008,1,2,0.2,0.35,0.45,0.25,0.3,0.45,0.4,0.6
EMB00439,Embedded_Systems_Engineer,Embedded Systems Engineer,F,31-35,3,MSc,4.8,0.73,0.7998,0.9363,1.0,0.772,1.0,0.9046,0.9115,0.9308,0.9231,1,3,0.2,0.35,0.45,0.25,0.3,0.45,0.4,0.6
EMB00440,Embedded_Systems_Engineer,Embedded Systems Engineer,F,26-30,3,MSc,9.1,0.77,0.877,0.9089,1.0,0.788,1.0,0.7972,0.8663,0.9419,0.9117,1,3,0.2,0.35,0.45,0.25,0.3,0.45,0.4,0.6
EMB00441,Embedded_Systems_Engineer,Embedded Systems Engineer,M,26-30,1,Diploma,5.6,0.469,0.7067,0.9411,1.0,0.4276,1.0,0.7003,0.7507,0.909,0.8457,0,0,0.2,0.35,0.45,0.25,0.3,0.45,0.4,0.6
EMB00442,Embedded_Systems_Engineer,Embedded Systems Engineer,F,22-25,3,MSc,6.0,0.883,0.8306,0.874,0.8488,0.8332,1.0,0.7203,0.8408,0.8518,0.8474,1,3,0.2,0.35,0.45,0.25,0.3,0.45,0.4,0.6
EMB00443,Embedded_Systems_Engineer,Embedded Systems Engineer,F,41-45,2,BSc,4.1,0.544,0.9837,0.9093,1.0,0.5776,1.0,0.8887,0.8654,0.9687,0.9274,1,3,0.2,0.35,0.45,0.25,0.3,0.45,0.4,0.6
EMB00444,Embedded_Systems_Engineer,Embedded Systems Engineer,F,22-25,3,MSc,0.7,0.768,0.7902,0.8451,0.9158,0.7872,0.2333,0.5458,0.4847,0.8632,0.7118,0,1,0.2,0.35,0.45,0.25,0.3,0.45,0.4,0.6
EMB00445,Embedded_Systems_Engineer,Embedded Systems Engineer,F,22-25,2,BSc,4.8,0.737,0.812,0.902,0.9481,0.6548,1.0,0.8087,0.8449,0.9002,0.8781,1,3,0.2,0.35,0.45,0.25,0.3,0.45,0.4,0.6
EMB00446,Embedded_Systems_Engineer,Embedded Systems Engineer,M,36-40,3,MSc,7.9,0.663,0.8162,0.839,0.9339,0.7452,1.0,0.877,0.8937,0.876,0.8831,1,3,0.2,0.35,0.45,0.25,0.3,0.45,0.4,0.6
EMB00447,Embedded_Systems_Engineer,Embedded Systems Engineer,F,26-30,4,PhD,6.3,0.948,0.7886,0.9487,0.9043,0.9792,1.0,0.7594,0.8876,0.8887,0.8883,1,3,0.2,0.35,0.45,0.25,0.3,0.45,0.4,0.6
EMB00448,Embedded_Systems_Engineer,Embedded Systems Engineer,M,46+,4,PhD,10.8,0.694,0.81,0.8356,0.9326,0.8776,1.0,0.9899,0.971,0.8729,0.9121,1,3,0.2,0.35,0.45,0.25,0.3,0.45,0.4,0.6
EMB00449,Embedded_Systems_Engineer,Embedded Systems Engineer,F,36-40,2,BSc,3.5,0.763,0.7112,0.8734,1.0,0.6652,1.0,0.7287,0.811,0.8898,0.8583,1,3,0.2,0.35,0.45,0.25,0.3,0.45,0.4,0.6
EMB00450,Embedded_Systems_Engineer,Embedded Systems Engineer,M,26-30,2,BSc,2.9,0.737,0.6793,0.7213,0.7724,0.6548,0.9667,0.6424,0.7584,0.7338,0.7436,1,2,0.2,0.35,0.45,0.25,0.3,0.45,0.4,0.6
EMB00451,Embedded_Systems_Engineer,Embedded Systems Engineer,F,41-45,2,BSc,6.3,0.732,0.7721,0.8778,0.7418,0.6528,1.0,0.7331,0.8105,0.7902,0.7983,1,2,0.2,0.35,0.45,0.25,0.3,0.45,0.4,0.6
EMB00452,Embedded_Systems_Engineer,Embedded Systems Engineer,M,26-30,2,BSc,3.4,0.799,0.5534,0.7389,0.9107,0.6796,1.0,0.8926,0.8876,0.7698,0.8169,1,3,0.2,0.35,0.45,0.25,0.3,0.45,0.4,0.6
EMB00453,Embedded_Systems_Engineer,Embedded Systems Engineer,M,22-25,2,BSc,7.7,0.725,0.874,0.8968,1.0,0.65,1.0,0.925,0.8962,0.9375,0.921,1,3,0.2,0.35,0.45,0.25,0.3,0.45,0.4,0.6
EMB00454,Embedded_Systems_Engineer,Embedded Systems Engineer,M,41-45,3,MSc,6.3,0.728,0.8042,0.8833,1.0,0.7712,1.0,0.8483,0.886,0.916,0.904,1,2,0.2,0.35,0.45,0.25,0.3,0.45,0.4,0.6
EMB00455,Embedded_Systems_Engineer,Embedded Systems Engineer,F,26-30,2,BSc,8.3,0.812,0.7216,0.796,0.7577,0.6848,1.0,0.6804,0.7931,0.7602,0.7734,1,2,0.2,0.35,0.45,0.25,0.3,0.45,0.4,0.6
EMB00456,Embedded_Systems_Engineer,Embedded Systems Engineer,M,26-30,2,BSc,8.6,0.726,0.8431,0.9926,1.0,0.6504,1.0,0.9149,0.8918,0.9586,0.9319,1,3,0.2,0.35,0.45,0.25,0.3,0.45,0.4,0.6
EMB00457,Embedded_Systems_Engineer,Embedded Systems Engineer,F,22-25,3,MSc,1.2,0.89,0.9374,0.7319,0.8902,0.836,0.4,0.8908,0.7081,0.8545,0.7959,0,3,0.2,0.35,0.45,0.25,0.3,0.45,0.4,0.6
EMB00458,Embedded_Systems_Engineer,Embedded Systems Engineer,F,22-25,3,MSc,2.3,0.726,0.8771,0.8972,0.8412,0.7704,0.7667,0.7672,0.7677,0.867,0.8273,1,3,0.2,0.35,0.45,0.25,0.3,0.45,0.4,0.6
EMB00459,Embedded_Systems_Engineer,Embedded Systems Engineer,F,31-35,3,MSc,4.7,0.848,0.8534,0.9599,0.8966,0.8192,1.0,0.8013,0.8744,0.9048,0.8926,1,3,0.2,0.35,0.45,0.25,0.3,0.45,0.4,0.6
EMB00460,Embedded_Systems_Engineer,Embedded Systems Engineer,F,22-25,2,BSc,0.2,0.889,0.6208,0.8141,0.8975,0.7156,0.0667,0.7135,0.4875,0.8033,0.677,0,0,0.2,0.35,0.45,0.25,0.3,0.45,0.4,0.6
EMB00461,Embedded_Systems_Engineer,Embedded Systems Engineer,F,26-30,3,MSc,4.0,0.794,0.9151,0.8405,0.7109,0.7976,1.0,0.711,0.8295,0.8008,0.8123,1,1,0.2,0.35,0.45,0.25,0.3,0.45,0.4,0.6
EMB00462,Embedded_Systems_Engineer,Embedded Systems Engineer,M,36-40,2,BSc,4.5,0.872,0.9856,1.0,1.0,0.7088,1.0,0.9414,0.9154,0.9964,0.964,1,3,0.2,0.35,0.45,0.25,0.3,0.45,0.4,0.6
EMB00463,Embedded_Systems_Engineer,Embedded Systems Engineer,F,36-40,3,MSc,5.7,0.639,1.0,0.8096,0.8869,0.7356,1.0,0.6123,0.7727,0.892,0.8443,1,2,0.2,0.35,0.45,0.25,0.3,0.45,0.4,0.6
EMB00464,Embedded_Systems_Engineer,Embedded Systems Engineer,M,31-35,2,BSc,5.9,0.701,0.8051,0.882,1.0,0.6404,1.0,0.9718,0.9154,0.9159,0.9157,1,3,0.2,0.35,0.45,0.25,0.3,0.45,0.4,0.6
EMB00465,Embedded_Systems_Engineer,Embedded Systems Engineer,M,26-30,2,BSc,3.2,0.771,0.66,0.8372,1.0,0.6684,1.0,0.6533,0.7777,0.8662,0.8308,1,2,0.2,0.35,0.45,0.25,0.3,0.45,0.4,0.6
EMB00466,Embedded_Systems_Engineer,Embedded Systems Engineer,F,36-40,3,MSc,9.0,0.824,0.8972,0.9506,0.8036,0.8096,1.0,1.0,0.9619,0.8711,0.9074,1,2,0.2,0.35,0.45,0.25,0.3,0.45,0.4,0.6
EMB00467,Embedded_Systems_Engineer,Embedded Systems Engineer,M,26-30,2,BSc,4.2,0.824,0.8646,0.6918,0.683,0.6896,1.0,0.6433,0.7774,0.731,0.7496,1,2,0.2,0.35,0.45,0.25,0.3,0.45,0.4,0.6
EMB00468,Embedded_Systems_Engineer,Embedded Systems Engineer,F,22-25,3,MSc,6.3,0.785,0.7608,0.822,1.0,0.794,1.0,0.8362,0.8851,0.8868,0.8861,1,3,0.2,0.35,0.45,0.25,0.3,0.45,0.4,0.6
EMB00469,Embedded_Systems_Engineer,Embedded Systems Engineer,M,31-35,3,MSc,7.3,0.751,0.8891,0.6229,1.0,0.7804,1.0,0.8593,0.8928,0.8591,0.8726,1,3,0.2,0.35,0.45,0.25,0.3,0.45,0.4,0.6
EMB00470,Embedded_Systems_Engineer,Embedded Systems Engineer,M,26-30,3,MSc,1.2,0.716,0.5015,0.7574,0.9468,0.7664,0.4,0.6942,0.6057,0.7787,0.7095,0,2,0.2,0.35,0.45,0.25,0.3,0.45,0.4,0.6
EMB00471,Embedded_Systems_Engineer,Embedded Systems Engineer,M,41-45,2,BSc,3.4,0.66,0.9374,0.8575,0.879,0.624,1.0,0.6789,0.7803,0.8871,0.8444,1,2,0.2,0.35,0.45,0.25,0.3,0.45,0.4,0.6
EMB00472,Embedded_Systems_Engineer,Embedded Systems Engineer,F,31-35,2,BSc,6.0,0.817,0.6694,0.9297,1.0,0.6868,1.0,0.8518,0.8707,0.8963,0.8861,1,3,0.2,0.35,0.45,0.25,0.3,0.45,0.4,0.6
EMB00473,Embedded_Systems_Engineer,Embedded Systems Engineer,M,41-45,3,MSc,7.2,0.619,0.9669,0.7416,1.0,0.7276,1.0,0.9499,0.923,0.9142,0.9177,1,2,0.2,0.35,0.45,0.25,0.3,0.45,0.4,0.6
EMB00474,Embedded_Systems_Engineer,Embedded Systems Engineer,F,26-30,3,MSc,5.7,0.751,0.9399,0.8263,0.7715,0.7804,1.0,0.7934,0.8631,0.83,0.8432,1,3,0.2,0.35,0.45,0.25,0.3,0.45,0.4,0.6
EMB00475,Embedded_Systems_Engineer,Embedded Systems Engineer,F,31-35,2,BSc,3.7,0.637,0.6877,0.7413,0.9496,0.6148,1.0,0.5346,0.7135,0.8216,0.7784,1,1,0.2,0.35,0.45,0.25,0.3,0.45,0.4,0.6
EMB00476,Embedded_Systems_Engineer,Embedded Systems Engineer,M,26-30,3,MSc,4.8,0.875,0.6458,0.7395,0.9193,0.83,1.0,0.9606,0.9483,0.797,0.8575,1,3,0.2,0.35,0.45,0.25,0.3,0.45,0.4,0.6
EMB00477,Embedded_Systems_Engineer,Embedded Systems Engineer,M,31-35,2,BSc,0.9,0.596,0.9652,0.6718,0.9159,0.5984,0.3,0.7676,0.5701,0.855,0.741,0,3,0.2,0.35,0.45,0.25,0.3,0.45,0.4,0.6
EMB00478,Embedded_Systems_Engineer,Embedded Systems Engineer,M,26-30,2,BSc,4.4,0.69,0.9524,0.8896,1.0,0.636,1.0,0.7823,0.8292,0.955,0.9047,1,3,0.2,0.35,0.45,0.25,0.3,0.45,0.4,0.6
EMB00479,Embedded_Systems_Engineer,Embedded Systems Engineer,M,31-35,2,BSc,2.6,0.549,0.7792,0.7288,0.6979,0.5796,0.8667,0.8162,0.7866,0.7275,0.7511,1,2,0.2,0.35,0.45,0.25,0.3,0.45,0.4,0.6
EMB00480,Embedded_Systems_Engineer,Embedded Systems Engineer,F,31-35,1,Diploma,4.5,0.436,0.6836,0.7487,1.0,0.4144,1.0,0.6399,0.7208,0.8455,0.7956,0,0,0.2,0.35,0.45,0.25,0.3,0.45,0.4,0.6
EMB00481,Embedded_Systems_Engineer,Embedded Systems Engineer,M,31-35,4,PhD,9.8,0.773,0.8429,0.8579,0.964,0.9092,1.0,0.96,0.9638,0.9019,0.9267,1,3,0.2,0.35,0.45,0.25,0.3,0.45,0.4,0.6
EMB00482,Embedded_Systems_Engineer,Embedded Systems Engineer,F,31-35,2,BSc,5.6,0.693,0.6622,0.739,0.8102,0.6372,1.0,0.5936,0.7446,0.7518,0.7489,1,2,0.2,0.35,0.45,0.25,0.3,0.45,0.4,0.6
EMB00483,Embedded_Systems_Engineer,Embedded Systems Engineer,M,31-35,2,BSc,8.8,0.794,0.9672,1.0,0.9829,0.6776,1.0,0.8605,0.8727,0.9841,0.9395,1,3,0.2,0.35,0.45,0.25,0.3,0.45,0.4,0.6
EMB00484,Embedded_Systems_Engineer,Embedded Systems Engineer,F,22-25,2,BSc,5.4,0.812,0.8946,0.8518,0.9473,0.6848,1.0,0.9425,0.9111,0.9055,0.9077,1,3,0.2,0.35,0.45,0.25,0.3,0.45,0.4,0.6
EMB00485,Embedded_Systems_Engineer,Embedded Systems Engineer,F,26-30,3,MSc,5.3,0.721,1.0,0.7951,0.7946,0.7684,1.0,0.765,0.8479,0.8461,0.8468,1,2,0.2,0.35,0.45,0.25,0.3,0.45,0.4,0.6
EMB00486,Embedded_Systems_Engineer,Embedded Systems Engineer,M,36-40,3,MSc,6.3,0.891,0.7986,0.7106,1.0,0.8364,1.0,0.7343,0.8477,0.8628,0.8568,1,3,0.2,0.35,0.45,0.25,0.3,0.45,0.4,0.6
EMB00487,Embedded_Systems_Engineer,Embedded Systems Engineer,M,31-35,2,BSc,2.2,0.786,0.8646,0.8857,0.9034,0.6744,0.7333,0.6893,0.7017,0.8884,0.8137,1,2,0.2,0.35,0.45,0.25,0.3,0.45,0.4,0.6
EMB00488,Embedded_Systems_Engineer,Embedded Systems Engineer,F,31-35,3,MSc,11.5,0.865,0.9119,1.0,1.0,0.826,1.0,0.8935,0.9173,0.978,0.9537,1,3,0.2,0.35,0.45,0.25,0.3,0.45,0.4,0.6
EMB00489,Embedded_Systems_Engineer,Embedded Systems Engineer,M,26-30,4,PhD,6.3,0.922,0.8301,0.9154,0.9275,0.9688,1.0,0.8102,0.9083,0.8995,0.903,1,3,0.2,0.35,0.45,0.25,0.3,0.45,0.4,0.6
EMB00490,Embedded_Systems_Engineer,Embedded Systems Engineer,M,22-25,3,MSc,3.9,0.786,0.7758,0.8228,1.0,0.7944,1.0,0.7076,0.8273,0.8908,0.8654,1,3,0.2,0.35,0.45,0.25,0.3,0.45,0.4,0.6
EMB00491,Embedded_Systems_Engineer,Embedded Systems Engineer,M,31-35,3,MSc,6.6,0.896,0.7906,0.7435,1.0,0.8384,1.0,0.817,0.8853,0.8707,0.8765,1,2,0.2,0.35,0.45,0.25,0.3,0.45,0.4,0.6
EMB00492,Embedded_Systems_Engineer,Embedded Systems Engineer,M,36-40,3,MSc,10.9,0.82,0.82,0.7481,1.0,0.808,1.0,0.7685,0.8574,0.8794,0.8706,1,3,0.2,0.35,0.45,0.25,0.3,0.45,0.4,0.6
EMB00493,Embedded_Systems_Engineer,Embedded Systems Engineer,M,36-40,3,MSc,3.8,0.763,0.8019,1.0,1.0,0.7852,1.0,0.9283,0.9248,0.9505,0.9402,1,3,0.2,0.35,0.45,0.25,0.3,0.45,0.4,0.6
EMB00494,Embedded_Systems_Engineer,Embedded Systems Engineer,M,31-35,3,MSc,0.7,0.731,0.9068,0.6945,0.8939,0.7724,0.2333,0.7865,0.5901,0.8373,0.7384,0,3,0.2,0.35,0.45,0.25,0.3,0.45,0.4,0.6
EMB00495,Embedded_Systems_Engineer,Embedded Systems Engineer,F,36-40,3,MSc,0.0,0.881,0.8459,0.7316,0.6897,0.8324,0.0,0.5706,0.4233,0.7413,0.6141,0,0,0.2,0.35,0.45,0.25,0.3,0.45,0.4,0.6
EMB00496,Embedded_Systems_Engineer,Embedded Systems Engineer,F,26-30,2,BSc,5.2,0.534,0.7539,0.8061,0.912,0.5736,1.0,0.6621,0.7627,0.8407,0.8095,1,2,0.2,0.35,0.45,0.25,0.3,0.45,0.4,0.6
EMB00497,Embedded_Systems_Engineer,Embedded Systems Engineer,M,26-30,1,Diploma,0.6,0.486,0.8939,0.8504,0.8707,0.4344,0.2,0.7306,0.4857,0.8704,0.7165,0,0,0.2,0.35,0.45,0.25,0.3,0.45,0.4,0.6
EMB00498,Embedded_Systems_Engineer,Embedded Systems Engineer,F,36-40,2,BSc,6.9,0.736,0.6629,1.0,1.0,0.6544,1.0,0.8551,0.8657,0.9157,0.8957,1,3,0.2,0.35,0.45,0.25,0.3,0.45,0.4,0.6
EMB00499,Embedded_Systems_Engineer,Embedded Systems Engineer,F,31-35,2,BSc,7.1,0.86,0.9729,0.8524,1.0,0.704,1.0,0.9678,0.9263,0.9489,0.9399,1,3,0.2,0.35,0.45,0.25,0.3,0.45,0.4,0.6
EMB00500,Embedded_Systems_Engineer,Embedded Systems Engineer,M,41-45,3,MSc,6.1,0.901,0.7199,0.8344,1.0,0.8404,1.0,0.8413,0.8967,0.8803,0.8869,1,3,0.2,0.35,0.45,0.25,0.3,0.45,0.4,0.6
EMB00501,Embedded_Systems_Engineer,Embedded Systems Engineer,F,26-30,1,Diploma,7.6,0.547,0.9208,0.8082,1.0,0.4588,1.0,0.8004,0.8019,0.9227,0.8744,0,0,0.2,0.35,0.45,0.25,0.3,0.45,0.4,0.6
EMB00502,Embedded_Systems_Engineer,Embedded Systems Engineer,F,41-45,2,BSc,0.0,0.703,0.7168,0.6171,0.7745,0.6412,0.0,0.5754,0.3872,0.7129,0.5826,0,0,0.2,0.35,0.45,0.25,0.3,0.45,0.4,0.6
EMB00503,Embedded_Systems_Engineer,Embedded Systems Engineer,M,36-40,4,PhD,4.6,0.856,0.8896,0.8229,1.0,0.9424,1.0,0.9854,0.9819,0.9193,0.9443,1,3,0.2,0.35,0.45,0.25,0.3,0.45,0.4,0.6
EMB00504,Embedded_Systems_Engineer,Embedded Systems Engineer,F,22-25,4,PhD,7.6,0.85,0.8445,0.8573,0.9571,0.94,1.0,0.7363,0.8693,0.899,0.8871,1,3,0.2,0.35,0.45,0.25,0.3,0.45,0.4,0.6
EMB00505,Embedded_Systems_Engineer,Embedded Systems Engineer,M,22-25,2,BSc,3.7,0.663,0.9325,0.8043,0.989,0.6252,1.0,0.7694,0.8213,0.9195,0.8802,1,3,0.2,0.35,0.45,0.25,0.3,0.45,0.4,0.6
EMB00506,Embedded_Systems_Engineer,Embedded Systems Engineer,M,36-40,3,MSc,4.2,0.738,0.9483,0.7446,0.8671,0.7752,1.0,0.7602,0.8471,0.8507,0.8493,1,3,0.2,0.35,0.45,0.25,0.3,0.45,0.4,0.6
EMB00507,Embedded_Systems_Engineer,Embedded Systems Engineer,F,26-30,2,BSc,2.6,0.652,1.0,1.0,0.9382,0.6208,0.8667,0.8562,0.8128,0.9722,0.9084,1,3,0.2,0.35,0.45,0.25,0.3,0.45,0.4,0.6
EMB00508,Embedded_Systems_Engineer,Embedded Systems Engineer,F,22-25,2,BSc,5.2,0.65,0.9748,0.6738,1.0,0.62,1.0,0.8426,0.8532,0.8958,0.8788,1,3,0.2,0.35,0.45,0.25,0.3,0.45,0.4,0.6
EMB00509,Embedded_Systems_Engineer,Embedded Systems Engineer,M,41-45,3,MSc,9.8,0.614,1.0,1.0,1.0,0.7256,1.0,0.8352,0.871,1.0,0.9484,1,3,0.2,0.35,0.45,0.25,0.3,0.45,0.4,0.6
EMB00510,Embedded_Systems_Engineer,Embedded Systems Engineer,M,31-35,2,BSc,3.9,0.634,0.953,0.8466,0.9446,0.6136,1.0,0.852,0.8561,0.9173,0.8928,1,3,0.2,0.35,0.45,0.25,0.3,0.45,0.4,0.6
EMB00511,Embedded_Systems_Engineer,Embedded Systems Engineer,F,26-30,3,MSc,1.7,0.81,0.955,0.6345,1.0,0.804,0.5667,0.8399,0.7371,0.8791,0.8223,1,3,0.2,0.35,0.45,0.25,0.3,0.45,0.4,0.6
EMB00512,Embedded_Systems_Engineer,Embedded Systems Engineer,F,22-25,2,BSc,4.6,0.565,0.647,0.7839,0.8041,0.586,1.0,0.7526,0.8059,0.7588,0.7776,1,3,0.2,0.35,0.45,0.25,0.3,0.45,0.4,0.6
EMB00513,Embedded_Systems_Engineer,Embedded Systems Engineer,F,36-40,2,BSc,3.3,0.714,0.9511,0.829,0.9457,0.6456,1.0,0.9241,0.895,0.912,0.9052,1,3,0.2,0.35,0.45,0.25,0.3,0.45,0.4,0.6
EMB00514,Embedded_Systems_Engineer,Embedded Systems Engineer,F,31-35,3,MSc,6.7,0.712,0.6156,0.5777,1.0,0.7648,1.0,0.734,0.8333,0.7772,0.7996,1,3,0.2,0.35,0.45,0.25,0.3,0.45,0.4,0.6
EMB00515,Embedded_Systems_Engineer,Embedded Systems Engineer,F,26-30,3,MSc,3.3,0.627,0.8463,0.7061,1.0,0.7308,1.0,0.8191,0.8648,0.8734,0.87,1,3,0.2,0.35,0.45,0.25,0.3,0.45,0.4,0.6
EMB00516,Embedded_Systems_Engineer,Embedded Systems Engineer,F,36-40,2,BSc,4.4,0.696,0.8145,1.0,0.8804,0.6384,1.0,0.9929,0.9245,0.8998,0.9097,1,3,0.2,0.35,0.45,0.25,0.3,0.45,0.4,0.6
EMB00517,Embedded_Systems_Engineer,Embedded Systems Engineer,F,26-30,2,BSc,3.3,0.591,1.0,0.7403,0.9976,0.5964,1.0,0.7963,0.8276,0.921,0.8836,1,3,0.2,0.35,0.45,0.25,0.3,0.45,0.4,0.6
EMB00518,Embedded_Systems_Engineer,Embedded Systems Engineer,M,26-30,2,BSc,2.1,0.56,0.9937,0.5483,1.0,0.584,0.7,0.6665,0.6617,0.8629,0.7824,1,2,0.2,0.35,0.45,0.25,0.3,0.45,0.4,0.6
EMB00519,Embedded_Systems_Engineer,Embedded Systems Engineer,M,41-45,2,BSc,3.0,0.626,0.5796,0.7981,0.8862,0.6104,1.0,0.6947,0.7847,0.7831,0.7837,1,2,0.2,0.35,0.45,0.25,0.3,0.45,0.4,0.6
EMB00520,Embedded_Systems_Engineer,Embedded Systems Engineer,F,26-30,2,BSc,4.8,0.651,0.7884,0.8474,1.0,0.6204,1.0,0.6985,0.7884,0.9013,0.8561,1,2,0.2,0.35,0.45,0.25,0.3,0.45,0.4,0.6
EMB00521,Embedded_Systems_Engineer,Embedded Systems Engineer,F,26-30,4,PhD,6.3,0.892,0.9933,0.7238,1.0,0.9568,1.0,0.6916,0.8526,0.9155,0.8903,1,2,0.2,0.35,0.45,0.25,0.3,0.45,0.4,0.6
EMB00522,Embedded_Systems_Engineer,Embedded Systems Engineer,F,26-30,2,BSc,5.7,0.494,0.7582,0.9549,0.8614,0.5576,1.0,0.5423,0.7056,0.8637,0.8005,1,1,0.2,0.35,0.45,0.25,0.3,0.45,0.4,0.6
EMB00523,Embedded_Systems_Engineer,Embedded Systems Engineer,M,31-35,2,BSc,7.1,0.729,0.768,0.7332,1.0,0.6516,1.0,0.8698,0.8717,0.862,0.8659,1,3,0.2,0.35,0.45,0.25,0.3,0.45,0.4,0.6
EMB00524,Embedded_Systems_Engineer,Embedded Systems Engineer,F,36-40,2,BSc,4.4,0.763,0.8149,0.8321,1.0,0.6652,1.0,0.8176,0.851,0.9034,0.8824,1,3,0.2,0.35,0.45,0.25,0.3,0.45,0.4,0.6
EMB00525,Embedded_Systems_Engineer,Embedded Systems Engineer,F,46+,4,PhD,5.2,0.533,0.8442,0.7906,1.0,0.8132,1.0,0.7824,0.8647,0.8982,0.8848,1,3,0.2,0.35,0.45,0.25,0.3,0.45,0.4,0.6
EMB00526,Embedded_Systems_Engineer,Embedded Systems Engineer,F,26-30,2,BSc,4.2,0.838,0.6848,1.0,0.9325,0.6952,1.0,0.7746,0.8376,0.8908,0.8695,1,2,0.2,0.35,0.45,0.25,0.3,0.45,0.4,0.6
EMB00527,Embedded_Systems_Engineer,Embedded Systems Engineer,M,36-40,2,BSc,3.0,0.803,0.869,0.7985,0.8815,0.6812,1.0,0.6119,0.7616,0.8535,0.8167,1,2,0.2,0.35,0.45,0.25,0.3,0.45,0.4,0.6
EMB00528,Embedded_Systems_Engineer,Embedded Systems Engineer,F,26-30,2,BSc,3.8,0.68,1.0,0.7988,0.7384,0.632,1.0,0.6185,0.7547,0.8219,0.795,1,2,0.2,0.35,0.45,0.25,0.3,0.45,0.4,0.6
EMB00529,Embedded_Systems_Engineer,Embedded Systems Engineer,F,26-30,1,Diploma,6.5,0.655,0.908,0.8478,1.0,0.502,1.0,0.8785,0.8457,0.9313,0.8971,0,0,0.2,0.35,0.45,0.25,0.3,0.45,0.4,0.6
EMB00530,Embedded_Systems_Engineer,Embedded Systems Engineer,F,36-40,4,PhD,7.3,0.843,0.769,0.6806,0.9135,0.9372,1.0,0.7844,0.8904,0.8075,0.8407,1,2,0.2,0.35,0.45,0.25,0.3,0.45,0.4,0.6
EMB00531,Embedded_Systems_Engineer,Embedded Systems Engineer,M,36-40,2,BSc,4.7,0.71,0.7126,0.7782,0.8304,0.644,1.0,0.8208,0.8482,0.7853,0.8105,1,3,0.2,0.35,0.45,0.25,0.3,0.45,0.4,0.6
EMB00532,Embedded_Systems_Engineer,Embedded Systems Engineer,M,26-30,2,BSc,5.2,0.598,0.8583,0.8811,1.0,0.5992,1.0,0.8236,0.8405,0.9289,0.8935,1,3,0.2,0.35,0.45,0.25,0.3,0.45,0.4,0.6
EMB00533,Embedded_Systems_Engineer,Embedded Systems Engineer,M,26-30,2,BSc,6.0,0.722,0.8708,0.7862,1.0,0.6488,1.0,0.7865,0.8337,0.9036,0.8756,1,3,0.2,0.35,0.45,0.25,0.3,0.45,0.4,0.6
EMB00534,Embedded_Systems_Engineer,Embedded Systems Engineer,F,26-30,4,PhD,2.3,0.773,0.8261,0.8976,1.0,0.9092,0.7667,0.8774,0.845,0.9258,0.8935,1,3,0.2,0.35,0.45,0.25,0.3,0.45,0.4,0.6
EMB00535,Embedded_Systems_Engineer,Embedded Systems Engineer,M,22-25,3,MSc,4.5,0.648,0.9389,0.9656,1.0,0.7392,1.0,0.9761,0.9371,0.9744,0.9595,1,3,0.2,0.35,0.45,0.25,0.3,0.45,0.4,0.6
EMB00536,Embedded_Systems_Engineer,Embedded Systems Engineer,F,31-35,3,MSc,4.8,0.642,0.6987,0.7025,0.9674,0.7368,1.0,0.735,0.8281,0.8208,0.8237,1,3,0.2,0.35,0.45,0.25,0.3,0.45,0.4,0.6
EMB00537,Embedded_Systems_Engineer,Embedded Systems Engineer,M,22-25,2,BSc,4.2,0.549,0.6617,0.7809,1.0,0.5796,1.0,0.7367,0.7974,0.8497,0.8288,1,3,0.2,0.35,0.45,0.25,0.3,0.45,0.4,0.6
EMB00538,Embedded_Systems_Engineer,Embedded Systems Engineer,M,22-25,2,BSc,5.5,0.638,0.7976,0.8311,0.7687,0.6152,1.0,0.787,0.8272,0.7946,0.8076,1,3,0.2,0.35,0.45,0.25,0.3,0.45,0.4,0.6
EMB00539,Embedded_Systems_Engineer,Embedded Systems Engineer,M,26-30,4,PhD,2.6,0.8,0.8713,0.6575,0.9171,0.92,0.8667,0.7359,0.8185,0.8278,0.8241,1,2,0.2,0.35,0.45,0.25,0.3,0.45,0.4,0.6
EMB00540,Embedded_Systems_Engineer,Embedded Systems Engineer,M,22-25,2,BSc,4.7,0.84,0.7944,0.9149,1.0,0.696,1.0,0.7162,0.8115,0.9231,0.8785,1,3,0.2,0.35,0.45,0.25,0.3,0.45,0.4,0.6
EMB00541,Embedded_Systems_Engineer,Embedded Systems Engineer,F,31-35,2,BSc,3.3,0.694,0.8336,0.8334,1.0,0.6376,1.0,0.6847,0.7856,0.9084,0.8593,1,2,0.2,0.35,0.45,0.25,0.3,0.45,0.4,0.6
EMB00542,Embedded_Systems_Engineer,Embedded Systems Engineer,M,22-25,3,MSc,5.0,0.673,0.8092,0.9085,1.0,0.7492,1.0,0.9893,0.945,0.9248,0.9329,1,3,0.2,0.35,0.45,0.25,0.3,0.45,0.4,0.6
EMB00543,Embedded_Systems_Engineer,Embedded Systems Engineer,F,22-25,2,BSc,11.0,0.607,0.8957,0.7634,1.0,0.6028,1.0,0.8532,0.8545,0.9029,0.8835,1,3,0.2,0.35,0.45,0.25,0.3,0.45,0.4,0.6
EMB00544,Embedded_Systems_Engineer,Embedded Systems Engineer,F,26-30,3,MSc,6.8,0.653,0.9078,0.915,0.9259,0.7412,1.0,0.7865,0.8522,0.9181,0.8917,1,3,0.2,0.35,0.45,0.25,0.3,0.45,0.4,0.6
EMB00545,Embedded_Systems_Engineer,Embedded Systems Engineer,F,26-30,2,BSc,3.5,0.745,0.7678,0.7403,0.8873,0.658,1.0,0.6544,0.7761,0.8133,0.7984,1,2,0.2,0.35,0.45,0.25,0.3,0.45,0.4,0.6
EMB00546,Embedded_Systems_Engineer,Embedded Systems Engineer,F,36-40,4,PhD,9.3,0.732,0.8272,0.8608,1.0,0.8928,1.0,0.8723,0.9211,0.915,0.9174,1,3,0.2,0.35,0.45,0.25,0.3,0.45,0.4,0.6
EMB00547,Embedded_Systems_Engineer,Embedded Systems Engineer,M,26-30,3,MSc,8.3,0.73,0.884,1.0,0.9441,0.772,1.0,0.7647,0.8485,0.9458,0.9069,1,3,0.2,0.35,0.45,0.25,0.3,0.45,0.4,0.6
EMB00548,Embedded_Systems_Engineer,Embedded Systems Engineer,M,31-35,2,BSc,2.2,0.672,0.8318,0.893,1.0,0.6288,0.7333,0.7627,0.7256,0.9259,0.8458,1,3,0.2,0.35,0.45,0.25,0.3,0.45,0.4,0.6
EMB00549,Embedded_Systems_Engineer,Embedded Systems Engineer,M,26-30,2,BSc,0.6,0.601,0.8127,0.8906,0.9783,0.6004,0.2,0.7507,0.5279,0.9106,0.7575,0,3,0.2,0.35,0.45,0.25,0.3,0.45,0.4,0.6
EMB00550,Embedded_Systems_Engineer,Embedded Systems Engineer,M,31-35,3,MSc,3.8,0.781,0.9346,0.9442,1.0,0.7924,1.0,0.8941,0.9108,0.9669,0.9445,1,3,0.2,0.35,0.45,0.25,0.3,0.45,0.4,0.6
EMB00551,Embedded_Systems_Engineer,Embedded Systems Engineer,M,26-30,3,MSc,5.8,1.0,0.7621,0.9506,1.0,0.88,1.0,0.9011,0.9315,0.9257,0.928,1,3,0.2,0.35,0.45,0.25,0.3,0.45,0.4,0.6
EMB00552,Embedded_Systems_Engineer,Embedded Systems Engineer,F,22-25,2,BSc,3.2,0.857,0.7047,0.7815,1.0,0.7028,1.0,0.7798,0.8415,0.8606,0.853,1,3,0.2,0.35,0.45,0.25,0.3,0.45,0.4,0.6
EMB00553,Embedded_Systems_Engineer,Embedded Systems Engineer,F,31-35,2,BSc,2.5,0.756,0.813,0.759,0.6781,0.6624,0.8333,0.6857,0.7327,0.7361,0.7347,1,2,0.2,0.35,0.45,0.25,0.3,0.45,0.4,0.6
EMB00554,Embedded_Systems_Engineer,Embedded Systems Engineer,F,31-35,4,PhD,3.5,0.85,0.586,0.91,1.0,0.94,1.0,0.7216,0.8627,0.8695,0.8668,1,3,0.2,0.35,0.45,0.25,0.3,0.45,0.4,0.6
EMB00555,Embedded_Systems_Engineer,Embedded Systems Engineer,M,26-30,2,BSc,5.2,0.81,0.8403,0.6678,1.0,0.684,1.0,0.9012,0.8923,0.8604,0.8732,1,3,0.2,0.35,0.45,0.25,0.3,0.45,0.4,0.6
EMB00556,Embedded_Systems_Engineer,Embedded Systems Engineer,M,22-25,4,PhD,4.7,0.924,1.0,0.7036,0.9799,0.9696,1.0,0.854,0.9282,0.902,0.9125,1,3,0.2,0.35,0.45,0.25,0.3,0.45,0.4,0.6
EMB00557,Embedded_Systems_Engineer,Embedded Systems Engineer,M,22-25,3,MSc,7.3,0.59,0.9696,1.0,1.0,0.716,1.0,1.0,0.9432,0.9924,0.9727,1,3,0.2,0.35,0.45,0.25,0.3,0.45,0.4,0.6
EMB00558,Embedded_Systems_Engineer,Embedded Systems Engineer,M,22-25,3,MSc,3.9,0.626,1.0,0.9512,1.0,0.7304,1.0,0.9877,0.9405,0.9854,0.9674,1,3,0.2,0.35,0.45,0.25,0.3,0.45,0.4,0.6
EMB00559,Embedded_Systems_Engineer,Embedded Systems Engineer,F,31-35,2,BSc,3.2,0.525,0.7936,0.8617,0.9456,0.57,1.0,0.6045,0.736,0.8824,0.8238,1,2,0.2,0.35,0.45,0.25,0.3,0.45,0.4,0.6
EMB00560,Embedded_Systems_Engineer,Embedded Systems Engineer,M,22-25,3,MSc,4.2,0.859,0.6917,0.8119,0.9079,0.8236,1.0,0.7577,0.8557,0.825,0.8373,1,3,0.2,0.35,0.45,0.25,0.3,0.45,0.4,0.6
EMB00561,Embedded_Systems_Engineer,Embedded Systems Engineer,F,26-30,4,PhD,4.9,0.569,1.0,0.8459,0.8705,0.8276,1.0,0.8925,0.9171,0.8955,0.9041,1,3,0.2,0.35,0.45,0.25,0.3,0.45,0.4,0.6
EMB00562,Embedded_Systems_Engineer,Embedded Systems Engineer,M,22-25,2,BSc,5.3,0.654,0.8989,0.9692,0.9888,0.6216,1.0,0.8679,0.8649,0.9604,0.9222,1,3,0.2,0.35,0.45,0.25,0.3,0.45,0.4,0.6
EMB00563,Embedded_Systems_Engineer,Embedded Systems Engineer,M,41-45,4,PhD,7.2,0.791,0.7995,0.7064,1.0,0.9164,1.0,1.0,0.9833,0.8618,0.9104,1,3,0.2,0.35,0.45,0.25,0.3,0.45,0.4,0.6
EMB00564,Embedded_Systems_Engineer,Embedded Systems Engineer,F,31-35,3,MSc,5.4,0.872,0.6755,0.9433,1.0,0.8288,1.0,0.818,0.8839,0.9019,0.8947,1,3,0.2,0.35,0.45,0.25,0.3,0.45,0.4,0.6
EMB00565,Embedded_Systems_Engineer,Embedded Systems Engineer,M,22-25,3,MSc,6.8,0.782,0.7375,0.8654,0.7997,0.7928,1.0,0.9107,0.9184,0.8039,0.8497,1,3,0.2,0.35,0.45,0.25,0.3,0.45,0.4,0.6
EMB00566,Embedded_Systems_Engineer,Embedded Systems Engineer,M,26-30,3,MSc,7.1,0.708,0.8271,0.6836,0.8825,0.7632,1.0,0.6862,0.8114,0.809,0.81,1,2,0.2,0.35,0.45,0.25,0.3,0.45,0.4,0.6
EMB00567,Embedded_Systems_Engineer,Embedded Systems Engineer,F,26-30,3,MSc,1.4,0.749,0.9795,0.665,0.8325,0.7796,0.4667,0.7213,0.6439,0.819,0.749,0,3,0.2,0.35,0.45,0.25,0.3,0.45,0.4,0.6
EMB00568,Embedded_Systems_Engineer,Embedded Systems Engineer,M,26-30,2,BSc,4.8,0.733,0.8607,0.9577,0.7822,0.6532,1.0,0.8071,0.8438,0.8545,0.8502,1,3,0.2,0.35,0.45,0.25,0.3,0.45,0.4,0.6
EMB00569,Embedded_Systems_Engineer,Embedded Systems Engineer,F,31-35,4,PhD,6.4,1.0,0.9037,0.8533,1.0,1.0,1.0,0.9287,0.9679,0.9319,0.9463,1,2,0.2,0.35,0.45,0.25,0.3,0.45,0.4,0.6
EMB00570,Embedded_Systems_Engineer,Embedded Systems Engineer,M,26-30,2,BSc,9.1,0.723,0.8648,0.9673,1.0,0.6492,1.0,1.0,0.9298,0.9564,0.9458,1,3,0.2,0.35,0.45,0.25,0.3,0.45,0.4,0.6
EMB00571,Embedded_Systems_Engineer,Embedded Systems Engineer,F,22-25,3,MSc,3.2,0.662,0.9572,0.8573,1.0,0.7448,1.0,1.0,0.949,0.9465,0.9475,1,3,0.2,0.35,0.45,0.25,0.3,0.45,0.4,0.6
EMB00572,Embedded_Systems_Engineer,Embedded Systems Engineer,M,26-30,2,BSc,3.0,0.595,0.8313,0.5495,0.8542,0.598,1.0,0.5038,0.6963,0.7571,0.7328,1,2,0.2,0.35,0.45,0.25,0.3,0.45,0.4,0.6
EMB00573,Embedded_Systems_Engineer,Embedded Systems Engineer,F,31-35,3,MSc,5.8,0.823,0.7938,0.7241,1.0,0.8092,1.0,0.9699,0.9483,0.8657,0.8987,1,3,0.2,0.35,0.45,0.25,0.3,0.45,0.4,0.6
EMB00574,Embedded_Systems_Engineer,Embedded Systems Engineer,F,26-30,2,BSc,0.0,0.58,0.8989,0.6232,0.708,0.592,0.0,0.6713,0.4205,0.7303,0.6064,0,0,0.2,0.35,0.45,0.25,0.3,0.45,0.4,0.6
EMB00575,Embedded_Systems_Engineer,Embedded Systems Engineer,M,22-25,2,BSc,7.3,0.643,0.7273,1.0,1.0,0.6172,1.0,1.0,0.9234,0.9318,0.9284,1,3,0.2,0.35,0.45,0.25,0.3,0.45,0.4,0.6
EMB00576,Embedded_Systems_Engineer,Embedded Systems Engineer,M,22-25,2,BSc,4.0,0.626,1.0,0.6898,0.6459,0.6104,1.0,0.7272,0.7993,0.7476,0.7683,1,2,0.2,0.35,0.45,0.25,0.3,0.45,0.4,0.6
EMB00577,Embedded_Systems_Engineer,Embedded Systems Engineer,F,31-35,2,BSc,4.8,0.683,0.8366,0.8095,0.9015,0.6332,1.0,0.5086,0.7055,0.8577,0.7968,1,0,0.2,0.35,0.45,0.25,0.3,0.45,0.4,0.6
EMB00578,Embedded_Systems_Engineer,Embedded Systems Engineer,F,26-30,2,BSc,8.6,0.814,1.0,0.9073,1.0,0.6856,1.0,0.9115,0.8973,0.9722,0.9422,1,3,0.2,0.35,0.45,0.25,0.3,0.45,0.4,0.6
EMB00579,Embedded_Systems_Engineer,Embedded Systems Engineer,F,26-30,2,BSc,6.1,0.657,0.9276,0.9174,1.0,0.6228,1.0,0.7358,0.8057,0.9571,0.8965,1,3,0.2,0.35,0.45,0.25,0.3,0.45,0.4,0.6
EMB00580,Embedded_Systems_Engineer,Embedded Systems Engineer,F,22-25,2,BSc,6.0,0.723,0.9475,1.0,1.0,0.6492,1.0,0.9815,0.9215,0.9869,0.9607,1,3,0.2,0.35,0.45,0.25,0.3,0.45,0.4,0.6
EMB00581,Embedded_Systems_Engineer,Embedded Systems Engineer,F,41-45,1,Diploma,4.4,0.472,0.7269,0.8054,0.9102,0.4288,1.0,0.8076,0.7992,0.8329,0.8194,0,0,0.2,0.35,0.45,0.25,0.3,0.45,0.4,0.6
EMB00582,Embedded_Systems_Engineer,Embedded Systems Engineer,M,41-45,2,BSc,4.0,0.609,1.0,0.7963,0.9969,0.6036,1.0,0.7494,0.8079,0.9375,0.8857,1,3,0.2,0.35,0.45,0.25,0.3,0.45,0.4,0.6
EMB00583,Embedded_Systems_Engineer,Embedded Systems Engineer,M,22-25,3,MSc,7.2,0.79,0.6939,0.7173,0.9098,0.796,1.0,0.7232,0.8346,0.7981,0.8127,1,3,0.2,0.35,0.45,0.25,0.3,0.45,0.4,0.6
EMB00584,Embedded_Systems_Engineer,Embedded Systems Engineer,M,31-35,4,PhD,5.7,0.924,0.9548,0.7506,1.0,0.9696,1.0,0.9116,0.9541,0.9139,0.93,1,3,0.2,0.35,0.45,0.25,0.3,0.45,0.4,0.6
EMB00585,Embedded_Systems_Engineer,Embedded Systems Engineer,M,26-30,3,MSc,5.8,0.924,0.8875,0.9697,1.0,0.8496,1.0,0.8181,0.8881,0.9628,0.9329,1,3,0.2,0.35,0.45,0.25,0.3,0.45,0.4,0.6
EMB00586,Embedded_Systems_Engineer,Embedded Systems Engineer,F,31-35,2,BSc,11.7,0.69,1.0,0.969,0.9461,0.636,1.0,0.9264,0.8941,0.9664,0.9375,1,3,0.2,0.35,0.45,0.25,0.3,0.45,0.4,0.6
EMB00587,Embedded_Systems_Engineer,Embedded Systems Engineer,F,26-30,2,BSc,5.5,0.712,0.8608,0.8307,1.0,0.6448,1.0,1.0,0.929,0.9144,0.9202,1,3,0.2,0.35,0.45,0.25,0.3,0.45,0.4,0.6
EMB00588,Embedded_Systems_Engineer,Embedded Systems Engineer,F,22-25,2,BSc,10.9,0.696,0.842,0.9408,0.7948,0.6384,1.0,0.9137,0.8888,0.8504,0.8658,1,3,0.2,0.35,0.45,0.25,0.3,0.45,0.4,0.6
EMB00589,Embedded_Systems_Engineer,Embedded Systems Engineer,F,22-25,3,MSc,1.8,0.723,0.7485,0.604,0.9684,0.7692,0.6,0.8984,0.7681,0.8041,0.7897,1,3,0.2,0.35,0.45,0.25,0.3,0.45,0.4,0.6
EMB00590,Embedded_Systems_Engineer,Embedded Systems Engineer,F,36-40,3,MSc,5.6,0.875,0.9492,0.866,0.8981,0.83,1.0,0.8528,0.8998,0.9012,0.9006,1,3,0.2,0.35,0.45,0.25,0.3,0.45,0.4,0.6
EMB00591,Embedded_Systems_Engineer,Embedded Systems Engineer,F,36-40,2,BSc,3.2,0.572,0.7699,0.6691,1.0,0.5888,1.0,0.7178,0.7908,0.8432,0.8222,1,3,0.2,0.35,0.45,0.25,0.3,0.45,0.4,0.6
EMB00592,Embedded_Systems_Engineer,Embedded Systems Engineer,M,31-35,1,Diploma,2.0,0.475,0.7602,0.4426,0.8448,0.43,0.6667,0.6616,0.6171,0.703,0.6686,0,0,0.2,0.35,0.45,0.25,0.3,0.45,0.4,0.6
EMB00593,Embedded_Systems_Engineer,Embedded Systems Engineer,F,31-35,3,MSc,4.4,0.693,1.0,0.8351,0.9521,0.7572,1.0,0.6776,0.8064,0.929,0.88,1,2,0.2,0.35,0.45,0.25,0.3,0.45,0.4,0.6
EMB00594,Embedded_Systems_Engineer,Embedded Systems Engineer,M,36-40,2,BSc,8.1,0.64,0.7902,0.8589,0.8444,0.616,1.0,0.7354,0.8041,0.8352,0.8228,1,3,0.2,0.35,0.45,0.25,0.3,0.45,0.4,0.6
EMB00595,Embedded_Systems_Engineer,Embedded Systems Engineer,F,26-30,1,Diploma,7.7,0.585,0.738,0.8394,0.9385,0.474,1.0,0.5606,0.6971,0.8586,0.794,0,0,0.2,0.35,0.45,0.25,0.3,0.45,0.4,0.6
EMB00596,Embedded_Systems_Engineer,Embedded Systems Engineer,M,22-25,3,MSc,7.6,0.695,0.8664,0.7191,1.0,0.758,1.0,0.8005,0.8618,0.8823,0.8741,1,3,0.2,0.35,0.45,0.25,0.3,0.45,0.4,0.6
EMB00597,Embedded_Systems_Engineer,Embedded Systems Engineer,M,36-40,3,MSc,6.2,0.824,0.7825,0.9111,1.0,0.8096,1.0,0.8423,0.891,0.919,0.9078,1,2,0.2,0.35,0.45,0.25,0.3,0.45,0.4,0.6
EMB00598,Embedded_Systems_Engineer,Embedded Systems Engineer,M,36-40,2,BSc,4.1,0.675,0.8299,0.8738,0.9384,0.63,1.0,0.4662,0.6858,0.8919,0.8095,1,1,0.2,0.35,0.45,0.25,0.3,0.45,0.4,0.6
EMB00599,Embedded_Systems_Engineer,Embedded Systems Engineer,M,26-30,3,MSc,4.5,0.661,0.9435,0.7079,1.0,0.7444,1.0,0.8383,0.8761,0.8982,0.8894,1,3,0.2,0.35,0.45,0.25,0.3,0.45,0.4,0.6
EMB00600,Embedded_Systems_Engineer,Embedded Systems Engineer,M,31-35,4,PhD,4.3,0.827,0.5819,0.6525,1.0,0.9308,1.0,0.7367,0.8677,0.7912,0.8218,1,3,0.2,0.35,0.45,0.25,0.3,0.45,0.4,0.6
