candidate_id,job_role,job_role_display,gender,age_group,edu_level,edu_level_name,years_experience,edu_relevance,P_mcq,P_desc,P_code,S_edu,S_exp,S_skill,S_cv,S_int,CSS,passed_hard_filter,relevance_label,w_edu,w_exp,w_skill,w_mcq,w_desc,w_code,W_CV,W_INT
FE00001,Frontend_Developer,Frontend Developer,M,40+,2,BSc,1.2,0.8216,0.6043,0.5147,0.4202,0.6887,0.6,0.8225,0.7357,0.4854,0.5855,1,1,0.15,0.3,0.55,0.2,0.3,0.5,0.4,0.6
FE00002,Frontend_Developer,Frontend Developer,M,31-35,1,Diploma,3.6,0.809,0.471,0.5894,0.8616,0.5636,1.0,0.6186,0.7248,0.7018,0.711,0,2,0.15,0.3,0.55,0.2,0.3,0.5,0.4,0.6
FE00003,Frontend_Developer,Frontend Developer,M,22-25,3,MSc,4.0,0.5817,0.8696,0.4287,1.0,0.7127,1.0,0.5722,0.7216,0.8025,0.7701,1,2,0.15,0.3,0.55,0.2,0.3,0.5,0.4,0.6
FE00004,Frontend_Developer,Frontend Developer,F,26-30,2,BSc,6.4,0.7669,0.5378,0.7504,0.7235,0.6668,1.0,0.4759,0.6618,0.6944,0.6814,1,1,0.15,0.3,0.55,0.2,0.3,0.5,0.4,0.6
FE00005,Frontend_Developer,Frontend Developer,F,40+,2,BSc,0.0,0.5769,0.628,0.4731,0.4601,0.5908,0.0,0.5499,0.3911,0.4976,0.455,0,1,0.15,0.3,0.55,0.2,0.3,0.5,0.4,0.6
FE00006,Frontend_Developer,Frontend Developer,M,22-25,2,BSc,1.3,0.7229,0.7662,0.4726,0.678,0.6491,0.65,0.5051,0.5702,0.634,0.6085,1,1,0.15,0.3,0.55,0.2,0.3,0.5,0.4,0.6
FE00007,Frontend_Developer,Frontend Developer,M,31-35,3,MSc,3.3,0.5987,0.7922,0.6186,0.7878,0.7195,1.0,0.6217,0.7498,0.7379,0.7427,1,2,0.15,0.3,0.55,0.2,0.3,0.5,0.4,0.6
FE00008,Frontend_Developer,Frontend Developer,M,31-35,2,BSc,3.1,0.5814,0.5875,0.4191,0.6836,0.5926,1.0,0.7014,0.7747,0.585,0.6609,1,2,0.15,0.3,0.55,0.2,0.3,0.5,0.4,0.6
FE00009,Frontend_Developer,Frontend Developer,F,31-35,3,MSc,3.3,0.7521,0.5143,0.4765,0.6369,0.7808,1.0,0.7309,0.8191,0.5643,0.6662,1,2,0.15,0.3,0.55,0.2,0.3,0.5,0.4,0.6
FE00010,Frontend_Developer,Frontend Developer,M,31-35,2,BSc,2.9,0.5997,0.6064,0.5237,0.6496,0.5999,1.0,0.8235,0.8429,0.6032,0.6991,1,2,0.15,0.3,0.55,0.2,0.3,0.5,0.4,0.6
FE00011,Frontend_Developer,Frontend Developer,F,36-40,2,BSc,2.8,0.558,0.5795,0.5708,0.4725,0.5832,1.0,0.5794,0.7061,0.5234,0.5965,1,1,0.15,0.3,0.55,0.2,0.3,0.5,0.4,0.6
FE00012,Frontend_Developer,Frontend Developer,M,26-30,2,BSc,1.9,0.5633,0.622,0.7171,0.483,0.5853,0.95,0.5812,0.6925,0.581,0.6256,1,1,0.15,0.3,0.55,0.2,0.3,0.5,0.4,0.6
FE00013,Frontend_Developer,Frontend Developer,M,22-25,3,MSc,2.3,0.5432,0.7198,0.5256,0.7078,0.6973,1.0,0.5462,0.705,0.6556,0.6754,1,0,0.15,0.3,0.55,0.2,0.3,0.5,0.4,0.6
FE00014,Frontend_Developer,Frontend Developer,M,26-30,4,PhD,0.8,0.4498,0.7045,0.7139,0.6425,0.7799,0.4,0.7661,0.6583,0.6763,0.6691,0,2,0.15,0.3,0.55,0.2,0.3,0.5,0.4,0.6
FE00015,Frontend_Developer,Frontend Developer,F,36-40,2,BSc,3.6,0.8347,0.6933,0.7588,0.7849,0.6939,1.0,0.5999,0.734,0.7588,0.7489,1,2,0.15,0.3,0.55,0.2,0.3,0.5,0.4,0.6
FE00016,Frontend_Developer,Frontend Developer,F,40+,1,Diploma,2.4,0.2512,0.4766,0.5985,0.5628,0.3405,1.0,0.4664,0.6076,0.5563,0.5768,0,0,0.15,0.3,0.55,0.2,0.3,0.5,0.4,0.6
FE00017,Frontend_Developer,Frontend Developer,F,22-25,2,BSc,3.1,0.3614,0.67,0.4266,0.6637,0.5046,1.0,0.5309,0.6677,0.5938,0.6234,1,2,0.15,0.3,0.55,0.2,0.3,0.5,0.4,0.6
FE00018,Frontend_Developer,Frontend Developer,F,22-25,3,MSc,4.9,0.877,0.8438,0.7626,0.5951,0.8308,1.0,0.7221,0.8218,0.6951,0.7458,1,2,0.15,0.3,0.55,0.2,0.3,0.5,0.4,0.6
FE00019,Frontend_Developer,Frontend Developer,F,31-35,2,BSc,3.1,0.6844,0.6331,0.4108,0.6282,0.6338,1.0,0.474,0.6558,0.564,0.6007,1,1,0.15,0.3,0.55,0.2,0.3,0.5,0.4,0.6
FE00020,Frontend_Developer,Frontend Developer,M,22-25,2,BSc,3.5,0.5355,0.5135,0.5731,0.8521,0.5742,1.0,0.6075,0.7203,0.7007,0.7085,1,2,0.15,0.3,0.55,0.2,0.3,0.5,0.4,0.6
FE00021,Frontend_Developer,Frontend Developer,M,22-25,2,BSc,1.0,0.4158,0.6323,0.5414,0.4234,0.5263,0.5,0.6322,0.5767,0.5006,0.531,1,2,0.15,0.3,0.55,0.2,0.3,0.5,0.4,0.6
FE00022,Frontend_Developer,Frontend Developer,F,31-35,1,Diploma,6.5,0.6078,0.6903,0.5577,0.6819,0.4831,1.0,0.7247,0.7711,0.6463,0.6962,0,2,0.15,0.3,0.55,0.2,0.3,0.5,0.4,0.6
FE00023,Frontend_Developer,Frontend Developer,M,36-40,2,BSc,2.6,0.5479,0.7035,0.6425,0.8795,0.5792,1.0,0.6848,0.7635,0.7732,0.7693,1,2,0.15,0.3,0.55,0.2,0.3,0.5,0.4,0.6
FE00024,Frontend_Developer,Frontend Developer,F,22-25,3,MSc,0.2,0.2934,0.5974,0.3673,0.6021,0.5974,0.1,0.515,0.4029,0.5307,0.4796,0,1,0.15,0.3,0.55,0.2,0.3,0.5,0.4,0.6
FE00025,Frontend_Developer,Frontend Developer,M,36-40,3,MSc,3.1,0.6262,0.7715,0.4886,0.9077,0.7305,1.0,0.7577,0.8263,0.7547,0.7833,1,3,0.15,0.3,0.55,0.2,0.3,0.5,0.4,0.6
FE00026,Frontend_Developer,Frontend Developer,M,22-25,3,MSc,2.2,0.8707,0.8762,0.381,0.6249,0.8283,1.0,0.6795,0.7979,0.602,0.6804,1,2,0.15,0.3,0.55,0.2,0.3,0.5,0.4,0.6
FE00027,Frontend_Developer,Frontend Developer,F,40+,3,MSc,3.0,0.5403,0.499,0.4713,0.7897,0.6961,1.0,0.6994,0.7891,0.636,0.6972,1,3,0.15,0.3,0.55,0.2,0.3,0.5,0.4,0.6
FE00028,Frontend_Developer,Frontend Developer,F,26-30,4,PhD,5.2,0.7922,0.771,0.5031,0.6043,0.9169,1.0,0.8129,0.8846,0.6073,0.7182,1,2,0.15,0.3,0.55,0.2,0.3,0.5,0.4,0.6
FE00029,Frontend_Developer,Frontend Developer,F,26-30,2,BSc,4.6,0.7848,0.531,0.5342,0.687,0.6739,1.0,0.548,0.7025,0.61,0.647,1,1,0.15,0.3,0.55,0.2,0.3,0.5,0.4,0.6
FE00030,Frontend_Developer,Frontend Developer,F,22-25,2,BSc,5.6,0.7012,0.7952,0.6722,0.8896,0.6405,1.0,0.6115,0.7324,0.8055,0.7763,1,1,0.15,0.3,0.55,0.2,0.3,0.5,0.4,0.6
FE00031,Frontend_Developer,Frontend Developer,M,31-35,2,BSc,3.2,0.738,0.6726,0.6344,0.763,0.6552,1.0,0.6458,0.7535,0.7063,0.7252,1,2,0.15,0.3,0.55,0.2,0.3,0.5,0.4,0.6
FE00032,Frontend_Developer,Frontend Developer,F,26-30,3,MSc,2.8,0.196,0.7676,0.7058,0.5977,0.5584,1.0,0.5945,0.7107,0.6641,0.6827,1,2,0.15,0.3,0.55,0.2,0.3,0.5,0.4,0.6
FE00033,Frontend_Developer,Frontend Developer,M,36-40,2,BSc,0.0,0.611,0.7284,0.2553,0.5934,0.6044,0.0,0.6619,0.4547,0.519,0.4933,0,1,0.15,0.3,0.55,0.2,0.3,0.5,0.4,0.6
FE00034,Frontend_Developer,Frontend Developer,M,31-35,2,BSc,4.2,0.4951,0.7343,0.7028,0.7475,0.558,1.0,0.7364,0.7887,0.7315,0.7544,1,2,0.15,0.3,0.55,0.2,0.3,0.5,0.4,0.6
FE00035,Frontend_Developer,Frontend Developer,M,26-30,2,BSc,0.0,0.7228,0.674,0.5117,0.897,0.6491,0.0,0.5675,0.4095,0.7368,0.6059,0,2,0.15,0.3,0.55,0.2,0.3,0.5,0.4,0.6
FE00036,Frontend_Developer,Frontend Developer,M,22-25,3,MSc,7.1,0.7792,0.7483,0.6307,0.8693,0.7917,1.0,0.669,0.7867,0.7735,0.7788,1,2,0.15,0.3,0.55,0.2,0.3,0.5,0.4,0.6
FE00037,Frontend_Developer,Frontend Developer,F,31-35,2,BSc,1.0,0.5248,0.5805,0.5515,0.4683,0.5699,0.5,0.4178,0.4653,0.5157,0.4955,1,1,0.15,0.3,0.55,0.2,0.3,0.5,0.4,0.6
FE00038,Frontend_Developer,Frontend Developer,F,31-35,2,BSc,1.9,0.5422,0.5197,0.649,0.7289,0.5769,0.95,0.6617,0.7355,0.6631,0.6921,1,2,0.15,0.3,0.55,0.2,0.3,0.5,0.4,0.6
FE00039,Frontend_Developer,Frontend Developer,F,22-25,3,MSc,1.1,0.956,0.6867,0.5661,0.5674,0.8624,0.55,0.6285,0.64,0.5909,0.6105,1,3,0.15,0.3,0.55,0.2,0.3,0.5,0.4,0.6
FE00040,Frontend_Developer,Frontend Developer,M,26-30,2,BSc,3.2,0.6314,0.6822,0.661,0.725,0.6126,1.0,0.6156,0.7305,0.6972,0.7105,1,2,0.15,0.3,0.55,0.2,0.3,0.5,0.4,0.6
FE00041,Frontend_Developer,Frontend Developer,M,22-25,2,BSc,5.0,0.6858,0.637,0.7126,0.6271,0.6343,1.0,0.5079,0.6745,0.6547,0.6626,1,1,0.15,0.3,0.55,0.2,0.3,0.5,0.4,0.6
FE00042,Frontend_Developer,Frontend Developer,M,26-30,3,MSc,2.5,0.7469,0.5872,0.6171,0.6006,0.7788,1.0,0.4513,0.6651,0.6029,0.6278,1,1,0.15,0.3,0.55,0.2,0.3,0.5,0.4,0.6
FE00043,Frontend_Developer,Frontend Developer,M,26-30,2,BSc,1.7,0.4685,0.5817,0.6418,0.8913,0.5474,0.85,0.7867,0.7698,0.7545,0.7606,1,3,0.15,0.3,0.55,0.2,0.3,0.5,0.4,0.6
FE00044,Frontend_Developer,Frontend Developer,M,26-30,2,BSc,3.4,0.4668,0.7853,0.6768,0.7987,0.5467,1.0,0.7451,0.7918,0.7594,0.7724,1,3,0.15,0.3,0.55,0.2,0.3,0.5,0.4,0.6
FE00045,Frontend_Developer,Frontend Developer,F,26-30,2,BSc,4.6,0.5698,0.6638,0.5525,0.9782,0.5879,1.0,0.5284,0.6788,0.7876,0.7441,1,2,0.15,0.3,0.55,0.2,0.3,0.5,0.4,0.6
FE00046,Frontend_Developer,Frontend Developer,F,22-25,2,BSc,5.1,0.6056,0.5683,0.5397,0.78,0.6022,1.0,0.8327,0.8483,0.6656,0.7387,1,3,0.15,0.3,0.55,0.2,0.3,0.5,0.4,0.6
FE00047,Frontend_Developer,Frontend Developer,F,26-30,2,BSc,0.0,0.664,0.7235,0.2302,0.5853,0.6256,0.0,0.4533,0.3431,0.5064,0.4411,0,1,0.15,0.3,0.55,0.2,0.3,0.5,0.4,0.6
FE00048,Frontend_Developer,Frontend Developer,F,40+,2,BSc,0.6,0.6266,0.7648,0.422,0.9103,0.6106,0.3,0.5556,0.4872,0.7347,0.6357,0,2,0.15,0.3,0.55,0.2,0.3,0.5,0.4,0.6
FE00049,Frontend_Developer,Frontend Developer,F,22-25,2,BSc,5.6,0.7643,0.6685,0.7826,0.8382,0.6657,1.0,0.6698,0.7682,0.7876,0.7798,1,3,0.15,0.3,0.55,0.2,0.3,0.5,0.4,0.6
FE00050,Frontend_Developer,Frontend Developer,M,26-30,2,BSc,5.6,0.6509,0.7509,0.6812,0.6783,0.6204,1.0,0.5513,0.6963,0.6937,0.6947,1,2,0.15,0.3,0.55,0.2,0.3,0.5,0.4,0.6
FE00051,Frontend_Developer,Frontend Developer,M,22-25,2,BSc,4.3,0.5127,0.5554,0.7393,0.5927,0.5651,1.0,0.6495,0.742,0.6292,0.6743,1,2,0.15,0.3,0.55,0.2,0.3,0.5,0.4,0.6
FE00052,Frontend_Developer,Frontend Developer,M,31-35,2,BSc,4.6,0.6127,0.5425,0.694,0.6438,0.6051,1.0,0.5585,0.698,0.6386,0.6624,1,2,0.15,0.3,0.55,0.2,0.3,0.5,0.4,0.6
FE00053,Frontend_Developer,Frontend Developer,M,22-25,1,Diploma,4.6,0.5302,0.6933,0.537,0.6235,0.4521,1.0,0.6921,0.7484,0.6115,0.6663,0,2,0.15,0.3,0.55,0.2,0.3,0.5,0.4,0.6
FE00054,Frontend_Developer,Frontend Developer,M,26-30,2,BSc,1.2,0.6448,0.4784,0.4237,0.3133,0.6179,0.6,0.6107,0.6086,0.3794,0.4711,1,0,0.15,0.3,0.55,0.2,0.3,0.5,0.4,0.6
FE00055,Frontend_Developer,Frontend Developer,F,22-25,2,BSc,3.6,0.7034,0.6862,0.5875,0.729,0.6414,1.0,0.5599,0.7041,0.678,0.6884,1,2,0.15,0.3,0.55,0.2,0.3,0.5,0.4,0.6
FE00056,Frontend_Developer,Frontend Developer,F,22-25,2,BSc,5.0,0.5516,0.4634,0.8291,0.6299,0.5806,1.0,0.7973,0.8256,0.6564,0.7241,1,2,0.15,0.3,0.55,0.2,0.3,0.5,0.4,0.6
FE00057,Frontend_Developer,Frontend Developer,M,22-25,1,Diploma,2.7,0.5023,0.6664,0.6308,0.6063,0.4409,1.0,0.5069,0.6449,0.6257,0.6334,0,1,0.15,0.3,0.55,0.2,0.3,0.5,0.4,0.6
FE00058,Frontend_Developer,Frontend Developer,F,36-40,3,MSc,6.4,0.946,0.7816,0.5903,1.0,0.8584,1.0,0.83,0.8853,0.8334,0.8542,1,3,0.15,0.3,0.55,0.2,0.3,0.5,0.4,0.6
FE00059,Frontend_Developer,Frontend Developer,M,31-35,2,BSc,3.4,0.8262,0.5713,0.7134,0.8661,0.6905,1.0,0.8359,0.8633,0.7613,0.8021,1,3,0.15,0.3,0.55,0.2,0.3,0.5,0.4,0.6
FE00060,Frontend_Developer,Frontend Developer,M,26-30,2,BSc,3.2,0.6723,0.7859,0.5459,0.6735,0.6289,1.0,0.7311,0.7964,0.6577,0.7132,1,2,0.15,0.3,0.55,0.2,0.3,0.5,0.4,0.6
FE00061,Frontend_Developer,Frontend Developer,F,22-25,2,BSc,5.4,0.6625,0.7357,0.6267,0.7077,0.625,1.0,0.8107,0.8397,0.689,0.7493,1,2,0.15,0.3,0.55,0.2,0.3,0.5,0.4,0.6
FE00062,Frontend_Developer,Frontend Developer,F,36-40,2,BSc,1.8,0.6965,0.5927,0.5646,0.6028,0.6386,0.9,0.6273,0.7108,0.5893,0.6379,1,2,0.15,0.3,0.55,0.2,0.3,0.5,0.4,0.6
FE00063,Frontend_Developer,Frontend Developer,M,22-25,2,BSc,4.9,0.6602,0.6361,0.4868,0.8881,0.6241,1.0,0.6541,0.7534,0.7173,0.7317,1,2,0.15,0.3,0.55,0.2,0.3,0.5,0.4,0.6
FE00064,Frontend_Developer,Frontend Developer,M,36-40,2,BSc,4.1,0.6016,0.6993,0.5772,0.6126,0.6006,1.0,0.7358,0.7948,0.6193,0.6895,1,2,0.15,0.3,0.55,0.2,0.3,0.5,0.4,0.6
FE00065,Frontend_Developer,Frontend Developer,M,26-30,1,Diploma,5.1,0.2543,0.6882,0.6633,0.6222,0.3417,1.0,0.59,0.6758,0.6477,0.6589,0,2,0.15,0.3,0.55,0.2,0.3,0.5,0.4,0.6
FE00066,Frontend_Developer,Frontend Developer,M,26-30,2,BSc,0.6,0.5771,0.6157,0.5375,0.546,0.5908,0.3,0.5191,0.4641,0.5574,0.5201,0,1,0.15,0.3,0.55,0.2,0.3,0.5,0.4,0.6
FE00067,Frontend_Developer,Frontend Developer,F,22-25,2,BSc,0.6,0.2971,0.7412,0.6824,0.7475,0.4788,0.3,0.6097,0.4972,0.7267,0.6349,0,2,0.15,0.3,0.55,0.2,0.3,0.5,0.4,0.6
FE00068,Frontend_Developer,Frontend Developer,F,26-30,2,BSc,5.0,0.4507,0.9033,0.8491,0.8955,0.5403,1.0,0.8343,0.8399,0.8831,0.8658,1,3,0.15,0.3,0.55,0.2,0.3,0.5,0.4,0.6
FE00069,Frontend_Developer,Frontend Developer,F,22-25,2,BSc,3.5,0.3426,0.6052,0.6826,0.7361,0.497,1.0,0.621,0.7161,0.6939,0.7028,1,2,0.15,0.3,0.55,0.2,0.3,0.5,0.4,0.6
FE00070,Frontend_Developer,Frontend Developer,F,31-35,3,MSc,3.8,0.4112,0.5847,0.6482,0.5401,0.6445,1.0,0.5702,0.7103,0.5815,0.633,1,1,0.15,0.3,0.55,0.2,0.3,0.5,0.4,0.6
FE00071,Frontend_Developer,Frontend Developer,F,36-40,2,BSc,5.9,0.44,0.7392,0.7032,0.5193,0.536,1.0,0.6204,0.7216,0.6185,0.6597,1,1,0.15,0.3,0.55,0.2,0.3,0.5,0.4,0.6
FE00072,Frontend_Developer,Frontend Developer,M,31-35,2,BSc,2.6,0.6196,0.86,0.6878,0.7278,0.6078,1.0,0.747,0.802,0.7422,0.7661,1,2,0.15,0.3,0.55,0.2,0.3,0.5,0.4,0.6
FE00073,Frontend_Developer,Frontend Developer,M,26-30,2,BSc,2.9,0.5328,0.8098,0.6413,0.8092,0.5731,1.0,0.6277,0.7312,0.759,0.7479,1,2,0.15,0.3,0.55,0.2,0.3,0.5,0.4,0.6
FE00074,Frontend_Developer,Frontend Developer,F,31-35,2,BSc,4.7,0.7289,0.915,0.7843,0.7784,0.6516,1.0,0.9378,0.9135,0.8075,0.8499,1,3,0.15,0.3,0.55,0.2,0.3,0.5,0.4,0.6
FE00075,Frontend_Developer,Frontend Developer,M,26-30,2,BSc,4.0,0.7512,0.9362,0.5525,0.5696,0.6605,1.0,0.6173,0.7386,0.6378,0.6781,1,2,0.15,0.3,0.55,0.2,0.3,0.5,0.4,0.6
FE00076,Frontend_Developer,Frontend Developer,M,40+,2,BSc,4.5,0.6015,0.6278,0.4161,0.4988,0.6006,1.0,0.4783,0.6532,0.4998,0.5612,1,1,0.15,0.3,0.55,0.2,0.3,0.5,0.4,0.6
FE00077,Frontend_Developer,Frontend Developer,F,26-30,2,BSc,2.4,0.686,0.5824,0.6676,0.4187,0.6344,1.0,0.6785,0.7683,0.5261,0.623,1,1,0.15,0.3,0.55,0.2,0.3,0.5,0.4,0.6
FE00078,Frontend_Developer,Frontend Developer,F,26-30,3,MSc,0.0,0.4918,0.6279,0.4452,0.628,0.6767,0.0,0.5682,0.414,0.5732,0.5095,0,1,0.15,0.3,0.55,0.2,0.3,0.5,0.4,0.6
FE00079,Frontend_Developer,Frontend Developer,F,26-30,2,BSc,4.0,0.5417,0.566,0.6485,0.842,0.5767,1.0,0.7656,0.8076,0.7288,0.7603,1,3,0.15,0.3,0.55,0.2,0.3,0.5,0.4,0.6
FE00080,Frontend_Developer,Frontend Developer,M,22-25,3,MSc,3.3,0.6249,0.7953,0.2938,0.6632,0.73,1.0,0.5672,0.7215,0.5788,0.6359,1,1,0.15,0.3,0.55,0.2,0.3,0.5,0.4,0.6
FE00081,Frontend_Developer,Frontend Developer,M,22-25,2,BSc,1.5,0.6173,0.5464,0.4274,0.7228,0.6069,0.75,0.6219,0.6581,0.5989,0.6226,1,2,0.15,0.3,0.55,0.2,0.3,0.5,0.4,0.6
FE00082,Frontend_Developer,Frontend Developer,M,40+,1,Diploma,3.8,0.3484,0.7319,0.645,0.7229,0.3794,1.0,0.6224,0.6992,0.7013,0.7005,0,2,0.15,0.3,0.55,0.2,0.3,0.5,0.4,0.6
FE00083,Frontend_Developer,Frontend Developer,M,26-30,2,BSc,5.4,0.4624,0.8266,0.5711,0.721,0.545,1.0,0.618,0.7216,0.6971,0.7069,1,2,0.15,0.3,0.55,0.2,0.3,0.5,0.4,0.6
FE00084,Frontend_Developer,Frontend Developer,F,26-30,2,BSc,5.3,0.4979,0.6462,0.5108,0.4919,0.5592,1.0,0.5914,0.7091,0.5284,0.6007,1,2,0.15,0.3,0.55,0.2,0.3,0.5,0.4,0.6
FE00085,Frontend_Developer,Frontend Developer,F,26-30,2,BSc,3.7,0.7808,0.6745,0.5921,0.6429,0.6723,1.0,0.4879,0.6692,0.634,0.6481,1,1,0.15,0.3,0.55,0.2,0.3,0.5,0.4,0.6
FE00086,Frontend_Developer,Frontend Developer,F,26-30,2,BSc,2.0,0.3198,0.61,0.9655,0.6341,0.4879,1.0,0.7076,0.7623,0.7287,0.7421,1,2,0.15,0.3,0.55,0.2,0.3,0.5,0.4,0.6
FE00087,Frontend_Developer,Frontend Developer,M,31-35,2,BSc,0.3,0.3311,0.5675,0.4543,0.7164,0.4924,0.15,0.4129,0.346,0.608,0.5032,0,1,0.15,0.3,0.55,0.2,0.3,0.5,0.4,0.6
FE00088,Frontend_Developer,Frontend Developer,F,31-35,2,BSc,5.6,0.6129,0.7974,0.5757,0.8022,0.6051,1.0,0.6594,0.7534,0.7333,0.7413,1,2,0.15,0.3,0.55,0.2,0.3,0.5,0.4,0.6
FE00089,Frontend_Developer,Frontend Developer,M,26-30,3,MSc,5.7,0.7755,0.591,0.8513,0.7366,0.7902,1.0,0.7183,0.8136,0.7419,0.7706,1,2,0.15,0.3,0.55,0.2,0.3,0.5,0.4,0.6
FE00090,Frontend_Developer,Frontend Developer,M,26-30,3,MSc,4.1,0.5875,0.7576,0.6024,0.7275,0.715,1.0,0.7546,0.8223,0.696,0.7465,1,2,0.15,0.3,0.55,0.2,0.3,0.5,0.4,0.6
FE00091,Frontend_Developer,Frontend Developer,F,26-30,2,BSc,2.2,0.6045,0.6141,0.6563,0.5636,0.6018,1.0,0.6156,0.7288,0.6015,0.6524,1,2,0.15,0.3,0.55,0.2,0.3,0.5,0.4,0.6
FE00092,Frontend_Developer,Frontend Developer,F,31-35,2,BSc,3.0,0.5481,0.7913,0.6926,0.6686,0.5792,1.0,0.71,0.7774,0.7003,0.7311,1,2,0.15,0.3,0.55,0.2,0.3,0.5,0.4,0.6
FE00093,Frontend_Developer,Frontend Developer,F,22-25,2,BSc,2.0,0.5541,0.7721,0.4923,0.9222,0.5817,1.0,0.7831,0.818,0.7632,0.7851,1,3,0.15,0.3,0.55,0.2,0.3,0.5,0.4,0.6
FE00094,Frontend_Developer,Frontend Developer,F,36-40,3,MSc,2.9,0.494,0.6937,0.4016,0.7816,0.6776,1.0,0.8554,0.8721,0.65,0.7388,1,2,0.15,0.3,0.55,0.2,0.3,0.5,0.4,0.6
FE00095,Frontend_Developer,Frontend Developer,F,26-30,2,BSc,3.3,0.4062,0.8485,0.5432,0.641,0.5225,1.0,0.5495,0.6806,0.6531,0.6641,1,2,0.15,0.3,0.55,0.2,0.3,0.5,0.4,0.6
FE00096,Frontend_Developer,Frontend Developer,M,26-30,2,BSc,1.4,0.7548,0.6097,0.2742,0.8178,0.6619,0.7,0.617,0.6486,0.6131,0.6273,1,2,0.15,0.3,0.55,0.2,0.3,0.5,0.4,0.6
FE00097,Frontend_Developer,Frontend Developer,M,31-35,2,BSc,0.0,0.3816,0.6015,0.447,0.6605,0.5126,0.0,0.6444,0.4313,0.5847,0.5233,0,1,0.15,0.3,0.55,0.2,0.3,0.5,0.4,0.6
FE00098,Frontend_Developer,Frontend Developer,M,36-40,2,BSc,5.3,0.3875,0.5409,0.7835,0.8307,0.515,1.0,0.7078,0.7665,0.7586,0.7618,1,2,0.15,0.3,0.55,0.2,0.3,0.5,0.4,0.6
FE00099,Frontend_Developer,Frontend Developer,F,26-30,3,MSc,2.9,0.7428,0.5158,0.5288,0.8507,0.7771,1.0,0.569,0.7295,0.6871,0.7041,1,2,0.15,0.3,0.55,0.2,0.3,0.5,0.4,0.6
FE00100,Frontend_Developer,Frontend Developer,M,31-35,2,BSc,2.2,0.7517,0.5811,0.533,0.8644,0.6607,1.0,0.645,0.7538,0.7083,0.7265,1,1,0.15,0.3,0.55,0.2,0.3,0.5,0.4,0.6
FE00101,Frontend_Developer,Frontend Developer,M,31-35,2,BSc,2.3,0.8122,0.5631,0.5725,0.5943,0.6849,1.0,0.481,0.6673,0.5815,0.6158,1,1,0.15,0.3,0.55,0.2,0.3,0.5,0.4,0.6
FE00102,Frontend_Developer,Frontend Developer,M,36-40,2,BSc,1.5,0.629,0.7855,0.539,0.5377,0.6116,0.75,0.6835,0.6927,0.5876,0.6296,1,1,0.15,0.3,0.55,0.2,0.3,0.5,0.4,0.6
FE00103,Frontend_Developer,Frontend Developer,F,26-30,3,MSc,3.2,0.7276,0.8785,0.5831,0.6128,0.771,1.0,0.861,0.8892,0.657,0.7499,1,2,0.15,0.3,0.55,0.2,0.3,0.5,0.4,0.6
FE00104,Frontend_Developer,Frontend Developer,M,36-40,2,BSc,3.1,0.4958,0.6524,0.7979,0.5717,0.5583,1.0,0.7772,0.8112,0.6557,0.7179,1,2,0.15,0.3,0.55,0.2,0.3,0.5,0.4,0.6
FE00105,Frontend_Developer,Frontend Developer,M,26-30,2,BSc,3.8,0.4261,0.8851,0.7204,1.0,0.5304,1.0,0.6871,0.7574,0.8931,0.8388,1,2,0.15,0.3,0.55,0.2,0.3,0.5,0.4,0.6
FE00106,Frontend_Developer,Frontend Developer,F,31-35,2,BSc,3.5,0.5157,0.616,0.6594,0.8069,0.5663,1.0,0.5921,0.7106,0.7244,0.7189,1,2,0.15,0.3,0.55,0.2,0.3,0.5,0.4,0.6
FE00107,Frontend_Developer,Frontend Developer,M,26-30,2,BSc,2.5,0.4235,0.6185,0.7713,0.5938,0.5294,1.0,0.6662,0.7458,0.652,0.6895,1,2,0.15,0.3,0.55,0.2,0.3,0.5,0.4,0.6
FE00108,Frontend_Developer,Frontend Developer,M,40+,2,BSc,2.7,0.5327,0.6443,0.8337,0.7073,0.5731,1.0,0.5087,0.6658,0.7326,0.7059,1,1,0.15,0.3,0.55,0.2,0.3,0.5,0.4,0.6
FE00109,Frontend_Developer,Frontend Developer,M,31-35,2,BSc,1.8,0.1812,0.4799,0.6305,0.556,0.4325,0.9,0.6324,0.6827,0.5631,0.6109,1,2,0.15,0.3,0.55,0.2,0.3,0.5,0.4,0.6
FE00110,Frontend_Developer,Frontend Developer,M,22-25,2,BSc,0.3,0.7362,0.5634,0.694,0.6746,0.6545,0.15,0.5127,0.4251,0.6582,0.565,0,1,0.15,0.3,0.55,0.2,0.3,0.5,0.4,0.6
FE00111,Frontend_Developer,Frontend Developer,F,31-35,2,BSc,6.3,0.3565,0.6858,0.5282,0.8289,0.5026,1.0,0.5523,0.6792,0.7101,0.6977,1,1,0.15,0.3,0.55,0.2,0.3,0.5,0.4,0.6
FE00112,Frontend_Developer,Frontend Developer,M,22-25,2,BSc,1.7,0.603,0.5938,0.5226,0.8451,0.6012,0.85,0.5686,0.6579,0.6981,0.682,1,2,0.15,0.3,0.55,0.2,0.3,0.5,0.4,0.6
FE00113,Frontend_Developer,Frontend Developer,M,31-35,2,BSc,3.0,0.5728,0.7783,0.3812,0.4898,0.5891,1.0,0.699,0.7728,0.5149,0.6181,1,1,0.15,0.3,0.55,0.2,0.3,0.5,0.4,0.6
FE00114,Frontend_Developer,Frontend Developer,M,26-30,3,MSc,1.7,0.9924,0.7138,0.5221,0.7748,0.877,0.85,0.7456,0.7966,0.6868,0.7307,1,3,0.15,0.3,0.55,0.2,0.3,0.5,0.4,0.6
FE00115,Frontend_Developer,Frontend Developer,M,26-30,4,PhD,1.6,0.6208,0.5805,0.3664,0.7068,0.8483,0.8,0.486,0.6345,0.5794,0.6014,1,1,0.15,0.3,0.55,0.2,0.3,0.5,0.4,0.6
FE00116,Frontend_Developer,Frontend Developer,M,22-25,2,BSc,5.0,0.5158,0.7275,0.4596,0.7709,0.5663,1.0,0.7405,0.7922,0.6688,0.7182,1,3,0.15,0.3,0.55,0.2,0.3,0.5,0.4,0.6
FE00117,Frontend_Developer,Frontend Developer,F,22-25,3,MSc,3.3,0.7637,0.7096,0.503,0.6872,0.7855,1.0,0.6321,0.7655,0.6364,0.688,1,2,0.15,0.3,0.55,0.2,0.3,0.5,0.4,0.6
FE00118,Frontend_Developer,Frontend Developer,F,26-30,2,BSc,4.8,0.6455,0.5304,0.7962,0.8079,0.6182,1.0,0.6401,0.7448,0.7489,0.7473,1,2,0.15,0.3,0.55,0.2,0.3,0.5,0.4,0.6
FE00119,Frontend_Developer,Frontend Developer,F,22-25,2,BSc,2.9,0.4446,0.6862,0.582,0.7081,0.5378,1.0,0.5857,0.7028,0.6659,0.6807,1,2,0.15,0.3,0.55,0.2,0.3,0.5,0.4,0.6
FE00120,Frontend_Developer,Frontend Developer,M,22-25,2,BSc,0.0,0.8387,0.615,0.5385,0.4062,0.6955,0.0,0.6514,0.4626,0.4877,0.4777,0,1,0.15,0.3,0.55,0.2,0.3,0.5,0.4,0.6
FE00121,Frontend_Developer,Frontend Developer,M,26-30,3,MSc,0.0,0.9499,0.4201,0.6138,0.5136,0.8599,0.0,0.5584,0.4361,0.525,0.4894,0,1,0.15,0.3,0.55,0.2,0.3,0.5,0.4,0.6
FE00122,Frontend_Developer,Frontend Developer,F,40+,2,BSc,1.8,0.8506,0.7174,0.5438,0.6886,0.7002,0.9,0.4307,0.6119,0.6509,0.6353,1,1,0.15,0.3,0.55,0.2,0.3,0.5,0.4,0.6
FE00123,Frontend_Developer,Frontend Developer,F,36-40,2,BSc,2.8,0.6771,0.6545,0.4544,0.7369,0.6308,1.0,0.6795,0.7683,0.6357,0.6887,1,2,0.15,0.3,0.55,0.2,0.3,0.5,0.4,0.6
FE00124,Frontend_Developer,Frontend Developer,M,26-30,2,BSc,3.0,0.7779,0.5192,0.505,0.7121,0.6712,1.0,0.5336,0.6942,0.6114,0.6445,1,1,0.15,0.3,0.55,0.2,0.3,0.5,0.4,0.6
FE00125,Frontend_Developer,Frontend Developer,M,36-40,2,BSc,4.7,0.5305,0.707,0.6368,0.9385,0.5722,1.0,0.7522,0.7996,0.8017,0.8009,1,3,0.15,0.3,0.55,0.2,0.3,0.5,0.4,0.6
FE00126,Frontend_Developer,Frontend Developer,F,22-25,2,BSc,1.2,0.4423,0.5553,0.8446,0.5802,0.5369,0.6,0.5719,0.5751,0.6546,0.6228,1,2,0.15,0.3,0.55,0.2,0.3,0.5,0.4,0.6
FE00127,Frontend_Developer,Frontend Developer,M,31-35,2,BSc,0.3,0.6992,0.7832,0.5356,0.6594,0.6397,0.15,0.6493,0.4981,0.6471,0.5875,0,2,0.15,0.3,0.55,0.2,0.3,0.5,0.4,0.6
FE00128,Frontend_Developer,Frontend Developer,M,22-25,2,BSc,4.7,0.5475,0.672,0.7473,0.4636,0.579,1.0,0.4514,0.6351,0.5904,0.6083,1,1,0.15,0.3,0.55,0.2,0.3,0.5,0.4,0.6
FE00129,Frontend_Developer,Frontend Developer,F,31-35,2,BSc,4.1,0.5519,0.6981,0.7434,0.617,0.5808,1.0,0.5184,0.6723,0.6711,0.6716,1,1,0.15,0.3,0.55,0.2,0.3,0.5,0.4,0.6
FE00130,Frontend_Developer,Frontend Developer,M,36-40,2,BSc,2.3,0.5936,0.6084,0.4585,0.6167,0.5974,1.0,0.4868,0.6574,0.5676,0.6035,1,1,0.15,0.3,0.55,0.2,0.3,0.5,0.4,0.6
FE00131,Frontend_Developer,Frontend Developer,M,22-25,2,BSc,7.2,0.7394,0.9529,0.6462,0.7694,0.6558,1.0,0.7138,0.791,0.7691,0.7779,1,2,0.15,0.3,0.55,0.2,0.3,0.5,0.4,0.6
FE00132,Frontend_Developer,Frontend Developer,M,22-25,3,MSc,3.6,0.3907,0.6103,0.6308,0.7739,0.6363,1.0,0.7125,0.7873,0.6982,0.7338,1,2,0.15,0.3,0.55,0.2,0.3,0.5,0.4,0.6
FE00133,Frontend_Developer,Frontend Developer,M,26-30,2,BSc,4.0,0.5048,0.6422,0.4986,0.762,0.5619,1.0,0.5459,0.6845,0.659,0.6692,1,1,0.15,0.3,0.55,0.2,0.3,0.5,0.4,0.6
FE00134,Frontend_Developer,Frontend Developer,F,26-30,2,BSc,2.3,0.5356,0.6861,0.4924,0.3233,0.5743,1.0,0.4718,0.6456,0.4466,0.5262,1,0,0.15,0.3,0.55,0.2,0.3,0.5,0.4,0.6
FE00135,Frontend_Developer,Frontend Developer,M,31-35,3,MSc,4.6,0.5916,0.5777,0.4088,0.8136,0.7166,1.0,0.7052,0.7954,0.645,0.7052,1,2,0.15,0.3,0.55,0.2,0.3,0.5,0.4,0.6
FE00136,Frontend_Developer,Frontend Developer,M,26-30,2,BSc,3.5,0.5136,0.6898,0.6736,0.9098,0.5655,1.0,0.7304,0.7865,0.795,0.7916,1,2,0.15,0.3,0.55,0.2,0.3,0.5,0.4,0.6
FE00137,Frontend_Developer,Frontend Developer,M,31-35,3,MSc,3.3,0.6987,0.8172,0.726,0.8969,0.7595,1.0,0.9746,0.9499,0.8297,0.8778,1,3,0.15,0.3,0.55,0.2,0.3,0.5,0.4,0.6
FE00138,Frontend_Developer,Frontend Developer,M,31-35,3,MSc,3.2,1.0,0.8572,0.6614,0.7479,0.88,1.0,0.7907,0.8669,0.7438,0.793,1,3,0.15,0.3,0.55,0.2,0.3,0.5,0.4,0.6
FE00139,Frontend_Developer,Frontend Developer,M,40+,4,PhD,4.0,0.6326,0.6667,0.446,0.8744,0.8531,1.0,0.8736,0.9085,0.7043,0.786,1,2,0.15,0.3,0.55,0.2,0.3,0.5,0.4,0.6
FE00140,Frontend_Developer,Frontend Developer,M,36-40,2,BSc,4.9,0.483,0.8108,0.7707,0.6778,0.5532,1.0,0.7511,0.7961,0.7323,0.7578,1,2,0.15,0.3,0.55,0.2,0.3,0.5,0.4,0.6
FE00141,Frontend_Developer,Frontend Developer,F,22-25,2,BSc,1.6,0.6638,0.6105,0.4126,0.534,0.6255,0.8,0.4955,0.6064,0.5129,0.5503,1,1,0.15,0.3,0.55,0.2,0.3,0.5,0.4,0.6
FE00142,Frontend_Developer,Frontend Developer,M,22-25,2,BSc,4.9,0.4597,0.6854,0.5887,1.0,0.5439,1.0,0.6173,0.7211,0.8137,0.7767,1,2,0.15,0.3,0.55,0.2,0.3,0.5,0.4,0.6
FE00143,Frontend_Developer,Frontend Developer,M,40+,1,Diploma,3.2,0.8233,0.7044,0.7997,0.6969,0.5693,1.0,0.5875,0.7085,0.7293,0.721,0,2,0.15,0.3,0.55,0.2,0.3,0.5,0.4,0.6
FE00144,Frontend_Developer,Frontend Developer,M,22-25,2,BSc,5.5,0.6517,0.7354,0.7593,0.7202,0.6207,1.0,0.6892,0.7722,0.7349,0.7498,1,2,0.15,0.3,0.55,0.2,0.3,0.5,0.4,0.6
FE00145,Frontend_Developer,Frontend Developer,F,31-35,2,BSc,0.0,0.6349,0.7623,0.5049,0.7611,0.614,0.0,0.7245,0.4906,0.6845,0.6069,0,2,0.15,0.3,0.55,0.2,0.3,0.5,0.4,0.6
FE00146,Frontend_Developer,Frontend Developer,M,26-30,3,MSc,2.3,0.4185,0.7928,0.5998,0.6665,0.6474,1.0,0.5866,0.7198,0.6717,0.6909,1,3,0.15,0.3,0.55,0.2,0.3,0.5,0.4,0.6
FE00147,Frontend_Developer,Frontend Developer,F,31-35,3,MSc,4.5,0.341,0.6856,0.5135,0.8712,0.6164,1.0,0.8044,0.8349,0.7268,0.77,1,3,0.15,0.3,0.55,0.2,0.3,0.5,0.4,0.6
FE00148,Frontend_Developer,Frontend Developer,F,26-30,2,BSc,3.2,0.6636,0.5121,0.6089,0.4231,0.6254,1.0,0.4095,0.619,0.4967,0.5456,1,1,0.15,0.3,0.55,0.2,0.3,0.5,0.4,0.6
FE00149,Frontend_Developer,Frontend Developer,M,36-40,2,BSc,1.3,0.731,0.5185,0.6653,0.7864,0.6524,0.65,0.6518,0.6513,0.6965,0.6784,1,2,0.15,0.3,0.55,0.2,0.3,0.5,0.4,0.6
FE00150,Frontend_Developer,Frontend Developer,M,26-30,3,MSc,4.9,0.7509,0.6759,0.5595,0.5939,0.7804,1.0,0.8242,0.8703,0.6,0.7081,1,2,0.15,0.3,0.55,0.2,0.3,0.5,0.4,0.6
FE00151,Frontend_Developer,Frontend Developer,M,22-25,2,BSc,2.9,0.5314,0.6179,0.4442,0.6909,0.5726,1.0,0.6208,0.7274,0.6023,0.6523,1,2,0.15,0.3,0.55,0.2,0.3,0.5,0.4,0.6
FE00152,Frontend_Developer,Frontend Developer,M,26-30,2,BSc,1.6,0.6774,0.8312,0.6643,0.6633,0.631,0.8,0.6495,0.6919,0.6972,0.6951,1,2,0.15,0.3,0.55,0.2,0.3,0.5,0.4,0.6
FE00153,Frontend_Developer,Frontend Developer,F,31-35,1,Diploma,3.6,0.6059,0.494,0.4569,0.7315,0.4823,1.0,0.4964,0.6453,0.6016,0.6191,0,1,0.15,0.3,0.55,0.2,0.3,0.5,0.4,0.6
FE00154,Frontend_Developer,Frontend Developer,F,36-40,2,BSc,0.0,0.4314,0.6654,0.6663,0.6906,0.5325,0.0,0.669,0.4478,0.6783,0.5861,0,2,0.15,0.3,0.55,0.2,0.3,0.5,0.4,0.6
FE00155,Frontend_Developer,Frontend Developer,M,22-25,2,BSc,1.3,0.4544,0.6214,0.6261,0.628,0.5418,0.65,0.5911,0.6014,0.6261,0.6162,1,2,0.15,0.3,0.55,0.2,0.3,0.5,0.4,0.6
FE00156,Frontend_Developer,Frontend Developer,F,40+,2,BSc,0.1,0.6346,0.6752,0.4268,0.4169,0.6138,0.05,0.4854,0.3741,0.4715,0.4325,0,1,0.15,0.3,0.55,0.2,0.3,0.5,0.4,0.6
FE00157,Frontend_Developer,Frontend Developer,F,26-30,3,MSc,0.3,0.5683,0.7728,0.4205,0.7036,0.7073,0.15,0.3496,0.3434,0.6325,0.5169,0,0,0.15,0.3,0.55,0.2,0.3,0.5,0.4,0.6
FE00158,Frontend_Developer,Frontend Developer,M,36-40,2,BSc,1.6,0.9468,0.6855,0.3012,0.6123,0.7387,0.8,0.5075,0.63,0.5336,0.5722,1,0,0.15,0.3,0.55,0.2,0.3,0.5,0.4,0.6
FE00159,Frontend_Developer,Frontend Developer,M,31-35,2,BSc,4.0,0.6291,0.6286,0.8268,0.574,0.6117,1.0,0.7502,0.8044,0.6608,0.7182,1,2,0.15,0.3,0.55,0.2,0.3,0.5,0.4,0.6
FE00160,Frontend_Developer,Frontend Developer,F,22-25,2,BSc,5.9,0.5661,0.7957,0.846,0.6918,0.5864,1.0,0.829,0.8439,0.7589,0.7929,1,2,0.15,0.3,0.55,0.2,0.3,0.5,0.4,0.6
FE00161,Frontend_Developer,Frontend Developer,F,26-30,2,BSc,3.7,0.6313,0.5162,0.6507,0.7635,0.6125,1.0,0.6566,0.753,0.6802,0.7093,1,2,0.15,0.3,0.55,0.2,0.3,0.5,0.4,0.6
FE00162,Frontend_Developer,Frontend Developer,M,26-30,1,Diploma,2.0,0.3122,0.713,0.5624,0.3715,0.3649,1.0,0.6281,0.7002,0.4971,0.5783,0,1,0.15,0.3,0.55,0.2,0.3,0.5,0.4,0.6
FE00163,Frontend_Developer,Frontend Developer,F,26-30,2,BSc,2.7,0.34,0.5555,0.5889,0.7674,0.496,1.0,0.777,0.8017,0.6715,0.7236,1,3,0.15,0.3,0.55,0.2,0.3,0.5,0.4,0.6
FE00164,Frontend_Developer,Frontend Developer,M,31-35,2,BSc,4.0,0.7122,0.7863,0.7693,0.7577,0.6449,1.0,0.5883,0.7203,0.7669,0.7483,1,2,0.15,0.3,0.55,0.2,0.3,0.5,0.4,0.6
FE00165,Frontend_Developer,Frontend Developer,M,26-30,2,BSc,6.9,0.6294,0.5487,0.7829,0.707,0.6118,1.0,0.6406,0.7441,0.6981,0.7165,1,3,0.15,0.3,0.55,0.2,0.3,0.5,0.4,0.6
FE00166,Frontend_Developer,Frontend Developer,F,22-25,2,BSc,0.8,0.5886,0.6612,0.4963,0.5888,0.5955,0.4,0.5602,0.5174,0.5755,0.5523,0,2,0.15,0.3,0.55,0.2,0.3,0.5,0.4,0.6
FE00167,Frontend_Developer,Frontend Developer,F,31-35,2,BSc,2.0,0.6619,0.7094,0.7551,0.7201,0.6247,1.0,0.6511,0.7518,0.7285,0.7378,1,2,0.15,0.3,0.55,0.2,0.3,0.5,0.4,0.6
FE00168,Frontend_Developer,Frontend Developer,F,36-40,3,MSc,1.8,0.5092,0.683,0.7084,0.5907,0.6837,0.9,0.6409,0.725,0.6445,0.6767,1,2,0.15,0.3,0.55,0.2,0.3,0.5,0.4,0.6
FE00169,Frontend_Developer,Frontend Developer,F,22-25,1,Diploma,3.7,0.5468,0.5249,0.3926,0.8162,0.4587,1.0,0.6173,0.7083,0.6309,0.6619,0,2,0.15,0.3,0.55,0.2,0.3,0.5,0.4,0.6
FE00170,Frontend_Developer,Frontend Developer,M,36-40,2,BSc,4.5,0.7401,0.7422,0.6922,0.9959,0.656,1.0,0.8525,0.8673,0.8541,0.8594,1,3,0.15,0.3,0.55,0.2,0.3,0.5,0.4,0.6
FE00171,Frontend_Developer,Frontend Developer,M,22-25,2,BSc,1.3,0.5285,0.6493,0.4301,0.662,0.5714,0.65,0.6059,0.614,0.5899,0.5995,1,2,0.15,0.3,0.55,0.2,0.3,0.5,0.4,0.6
FE00172,Frontend_Developer,Frontend Developer,F,26-30,2,BSc,2.7,0.5331,0.7656,0.6402,0.6883,0.5732,1.0,0.6697,0.7543,0.6894,0.7154,1,2,0.15,0.3,0.55,0.2,0.3,0.5,0.4,0.6
FE00173,Frontend_Developer,Frontend Developer,F,31-35,3,MSc,1.5,0.7444,0.7617,0.5679,0.6784,0.7778,0.75,0.7919,0.7772,0.6619,0.708,1,2,0.15,0.3,0.55,0.2,0.3,0.5,0.4,0.6
FE00174,Frontend_Developer,Frontend Developer,M,22-25,2,BSc,3.7,0.6357,0.6082,0.4742,0.8476,0.6143,1.0,0.718,0.7871,0.6877,0.7275,1,2,0.15,0.3,0.55,0.2,0.3,0.5,0.4,0.6
FE00175,Frontend_Developer,Frontend Developer,M,22-25,2,BSc,0.7,0.448,0.8098,0.523,0.6673,0.5392,0.35,0.5809,0.5054,0.6525,0.5937,0,2,0.15,0.3,0.55,0.2,0.3,0.5,0.4,0.6
FE00176,Frontend_Developer,Frontend Developer,F,26-30,2,BSc,3.8,0.6509,0.6309,0.7677,0.6196,0.6204,1.0,0.6073,0.7271,0.6663,0.6906,1,3,0.15,0.3,0.55,0.2,0.3,0.5,0.4,0.6
FE00177,Frontend_Developer,Frontend Developer,M,31-35,3,MSc,3.5,0.5763,0.6703,0.6056,0.9312,0.7105,1.0,0.7115,0.7979,0.7814,0.788,1,2,0.15,0.3,0.55,0.2,0.3,0.5,0.4,0.6
FE00178,Frontend_Developer,Frontend Developer,M,36-40,1,Diploma,0.0,0.6761,0.4693,0.4121,0.697,0.5104,0.0,0.7977,0.5153,0.566,0.5457,0,2,0.15,0.3,0.55,0.2,0.3,0.5,0.4,0.6
FE00179,Frontend_Developer,Frontend Developer,F,22-25,1,Diploma,8.5,0.3534,0.5074,0.4947,0.8763,0.3814,1.0,0.7692,0.7803,0.6881,0.725,0,3,0.15,0.3,0.55,0.2,0.3,0.5,0.4,0.6
FE00180,Frontend_Developer,Frontend Developer,F,40+,2,BSc,1.6,0.6892,0.8071,0.6895,0.7285,0.6357,0.8,0.7044,0.7228,0.7325,0.7286,1,2,0.15,0.3,0.55,0.2,0.3,0.5,0.4,0.6
FE00181,Frontend_Developer,Frontend Developer,M,26-30,1,Diploma,4.5,0.6179,0.4646,0.5124,0.6889,0.4872,1.0,0.4345,0.6121,0.5911,0.5995,0,1,0.15,0.3,0.55,0.2,0.3,0.5,0.4,0.6
FE00182,Frontend_Developer,Frontend Developer,M,26-30,2,BSc,0.1,0.5636,0.6848,0.6344,0.6769,0.5854,0.05,0.6843,0.4792,0.6657,0.5911,0,2,0.15,0.3,0.55,0.2,0.3,0.5,0.4,0.6
FE00183,Frontend_Developer,Frontend Developer,F,31-35,3,MSc,4.3,0.3952,0.6969,0.5369,0.6,0.6381,1.0,0.3825,0.6061,0.6005,0.6027,1,1,0.15,0.3,0.55,0.2,0.3,0.5,0.4,0.6
FE00184,Frontend_Developer,Frontend Developer,M,31-35,3,MSc,4.1,0.6828,0.6751,0.5255,0.658,0.7531,1.0,0.6777,0.7857,0.6217,0.6873,1,1,0.15,0.3,0.55,0.2,0.3,0.5,0.4,0.6
FE00185,Frontend_Developer,Frontend Developer,F,26-30,3,MSc,2.1,0.7817,0.7031,0.6196,0.6622,0.7927,1.0,0.5832,0.7397,0.6576,0.6904,1,2,0.15,0.3,0.55,0.2,0.3,0.5,0.4,0.6
FE00186,Frontend_Developer,Frontend Developer,M,26-30,3,MSc,5.3,0.8134,0.7592,0.7022,0.7675,0.8054,1.0,0.7796,0.8496,0.7462,0.7876,1,3,0.15,0.3,0.55,0.2,0.3,0.5,0.4,0.6
FE00187,Frontend_Developer,Frontend Developer,M,22-25,2,BSc,4.3,0.6116,0.7446,0.6473,0.7358,0.6047,1.0,0.7951,0.828,0.711,0.7578,1,2,0.15,0.3,0.55,0.2,0.3,0.5,0.4,0.6
FE00188,Frontend_Developer,Frontend Developer,F,36-40,2,BSc,0.0,0.7655,0.6793,0.4571,0.7647,0.6662,0.0,0.7237,0.498,0.6553,0.5924,0,2,0.15,0.3,0.55,0.2,0.3,0.5,0.4,0.6
FE00189,Frontend_Developer,Frontend Developer,M,26-30,3,MSc,4.3,0.608,0.748,0.6416,0.9379,0.7232,1.0,0.6465,0.7641,0.811,0.7922,1,2,0.15,0.3,0.55,0.2,0.3,0.5,0.4,0.6
FE00190,Frontend_Developer,Frontend Developer,M,26-30,4,PhD,6.6,0.6215,0.6347,0.7081,0.8146,0.8486,1.0,0.5181,0.7123,0.7467,0.7329,1,1,0.15,0.3,0.55,0.2,0.3,0.5,0.4,0.6
FE00191,Frontend_Developer,Frontend Developer,M,22-25,2,BSc,5.1,0.4847,0.6604,0.4959,0.8816,0.5539,1.0,0.7139,0.7757,0.7216,0.7432,1,2,0.15,0.3,0.55,0.2,0.3,0.5,0.4,0.6
FE00192,Frontend_Developer,Frontend Developer,M,22-25,2,BSc,1.3,0.7823,0.8588,0.5658,0.5091,0.6729,0.65,0.6318,0.6434,0.596,0.615,1,1,0.15,0.3,0.55,0.2,0.3,0.5,0.4,0.6
FE00193,Frontend_Developer,Frontend Developer,F,26-30,2,BSc,2.3,0.5376,0.4577,0.5179,0.8416,0.575,1.0,0.4826,0.6517,0.6677,0.6613,1,1,0.15,0.3,0.55,0.2,0.3,0.5,0.4,0.6
FE00194,Frontend_Developer,Frontend Developer,M,31-35,2,BSc,5.1,0.4973,0.4599,0.6685,0.6502,0.5589,1.0,0.633,0.732,0.6176,0.6634,1,2,0.15,0.3,0.55,0.2,0.3,0.5,0.4,0.6
FE00195,Frontend_Developer,Frontend Developer,M,26-30,2,BSc,1.4,0.579,0.6439,0.5119,0.362,0.5916,0.7,0.5638,0.6088,0.4634,0.5216,1,1,0.15,0.3,0.55,0.2,0.3,0.5,0.4,0.6
FE00196,Frontend_Developer,Frontend Developer,F,26-30,2,BSc,3.4,0.6587,0.8916,0.5741,0.6562,0.6235,1.0,0.7467,0.8042,0.6786,0.7288,1,2,0.15,0.3,0.55,0.2,0.3,0.5,0.4,0.6
FE00197,Frontend_Developer,Frontend Developer,M,26-30,3,MSc,4.0,0.7084,0.6405,0.9186,0.67,0.7634,1.0,0.8115,0.8608,0.7387,0.7875,1,1,0.15,0.3,0.55,0.2,0.3,0.5,0.4,0.6
FE00198,Frontend_Developer,Frontend Developer,M,36-40,1,Diploma,4.8,0.6237,0.6553,0.6271,0.4545,0.4895,1.0,0.5139,0.6561,0.5465,0.5903,0,1,0.15,0.3,0.55,0.2,0.3,0.5,0.4,0.6
FE00199,Frontend_Developer,Frontend Developer,M,22-25,1,Diploma,2.7,0.5652,0.702,0.5262,0.7162,0.4661,1.0,0.5938,0.6965,0.6564,0.6724,0,3,0.15,0.3,0.55,0.2,0.3,0.5,0.4,0.6
FE00200,Frontend_Developer,Frontend Developer,F,22-25,1,Diploma,6.0,0.5405,0.599,0.7419,0.8265,0.4562,1.0,0.7899,0.8029,0.7556,0.7745,0,3,0.15,0.3,0.55,0.2,0.3,0.5,0.4,0.6
FE00201,Frontend_Developer,Frontend Developer,M,22-25,2,BSc,2.7,0.2659,0.5784,0.3625,0.7811,0.4664,1.0,0.4423,0.6132,0.615,0.6143,1,1,0.15,0.3,0.55,0.2,0.3,0.5,0.4,0.6
FE00202,Frontend_Developer,Frontend Developer,M,22-25,2,BSc,5.4,0.6828,0.7184,0.5916,0.6828,0.6331,1.0,0.72,0.791,0.6625,0.7139,1,2,0.15,0.3,0.55,0.2,0.3,0.5,0.4,0.6
FE00203,Frontend_Developer,Frontend Developer,F,31-35,3,MSc,1.1,0.7383,0.695,0.4049,0.5011,0.7753,0.55,0.6357,0.6309,0.511,0.559,1,2,0.15,0.3,0.55,0.2,0.3,0.5,0.4,0.6
FE00204,Frontend_Developer,Frontend Developer,M,26-30,2,BSc,0.0,0.77,0.5569,0.5384,0.8389,0.668,0.0,0.6824,0.4755,0.6923,0.6056,0,2,0.15,0.3,0.55,0.2,0.3,0.5,0.4,0.6
FE00205,Frontend_Developer,Frontend Developer,F,26-30,1,Diploma,2.7,0.5462,0.8457,0.6084,0.5406,0.4585,1.0,0.6188,0.7091,0.6219,0.6568,0,1,0.15,0.3,0.55,0.2,0.3,0.5,0.4,0.6
FE00206,Frontend_Developer,Frontend Developer,F,26-30,4,PhD,2.3,0.8159,0.7395,0.5352,0.7149,0.9264,1.0,0.7695,0.8622,0.6659,0.7444,1,2,0.15,0.3,0.55,0.2,0.3,0.5,0.4,0.6
FE00207,Frontend_Developer,Frontend Developer,M,31-35,2,BSc,4.1,0.5075,0.7254,0.6879,0.7882,0.563,1.0,1.0,0.9345,0.7455,0.8211,1,3,0.15,0.3,0.55,0.2,0.3,0.5,0.4,0.6
FE00208,Frontend_Developer,Frontend Developer,M,26-30,3,MSc,1.2,0.7344,0.6196,0.4527,0.759,0.7738,0.6,0.7458,0.7063,0.6392,0.666,1,1,0.15,0.3,0.55,0.2,0.3,0.5,0.4,0.6
FE00209,Frontend_Developer,Frontend Developer,M,26-30,2,BSc,4.0,0.6493,0.7016,0.8083,0.6299,0.6197,1.0,0.4863,0.6604,0.6978,0.6828,1,1,0.15,0.3,0.55,0.2,0.3,0.5,0.4,0.6
FE00210,Frontend_Developer,Frontend Developer,M,26-30,3,MSc,6.4,0.4282,0.7036,0.8817,0.6394,0.6513,1.0,0.7717,0.8221,0.7249,0.7638,1,2,0.15,0.3,0.55,0.2,0.3,0.5,0.4,0.6
FE00211,Frontend_Developer,Frontend Developer,F,22-25,2,BSc,2.6,0.6901,0.68,0.5108,0.6925,0.6361,1.0,0.5501,0.698,0.6355,0.6605,1,2,0.15,0.3,0.55,0.2,0.3,0.5,0.4,0.6
FE00212,Frontend_Developer,Frontend Developer,F,26-30,2,BSc,3.8,0.4285,0.4755,0.4672,0.7502,0.5314,1.0,0.53,0.6712,0.6103,0.6347,1,1,0.15,0.3,0.55,0.2,0.3,0.5,0.4,0.6
FE00213,Frontend_Developer,Frontend Developer,F,31-35,2,BSc,3.8,0.4728,0.611,0.5209,0.8003,0.5491,1.0,0.5811,0.702,0.6786,0.688,1,2,0.15,0.3,0.55,0.2,0.3,0.5,0.4,0.6
FE00214,Frontend_Developer,Frontend Developer,F,22-25,2,BSc,5.1,0.651,0.4619,0.4596,0.9267,0.6204,1.0,0.5236,0.681,0.6936,0.6886,1,0,0.15,0.3,0.55,0.2,0.3,0.5,0.4,0.6
FE00215,Frontend_Developer,Frontend Developer,M,31-35,2,BSc,0.0,0.4863,0.6044,0.6589,0.7367,0.5545,0.0,0.7255,0.4822,0.6869,0.605,0,3,0.15,0.3,0.55,0.2,0.3,0.5,0.4,0.6
FE00216,Frontend_Developer,Frontend Developer,F,31-35,2,BSc,3.5,0.5289,0.7789,0.6732,0.4424,0.5715,1.0,0.6694,0.7539,0.5789,0.6489,1,0,0.15,0.3,0.55,0.2,0.3,0.5,0.4,0.6
FE00217,Frontend_Developer,Frontend Developer,F,31-35,1,Diploma,4.1,0.7101,0.6191,0.4626,0.7186,0.524,1.0,0.6259,0.7228,0.6219,0.6623,0,2,0.15,0.3,0.55,0.2,0.3,0.5,0.4,0.6
FE00218,Frontend_Developer,Frontend Developer,M,22-25,3,MSc,2.7,0.5364,0.6423,0.7421,0.8232,0.6946,1.0,0.7575,0.8208,0.7627,0.7859,1,3,0.15,0.3,0.55,0.2,0.3,0.5,0.4,0.6
FE00219,Frontend_Developer,Frontend Developer,F,26-30,2,BSc,1.3,0.6221,0.6632,0.541,0.7781,0.6088,0.65,0.5341,0.5801,0.684,0.6424,1,1,0.15,0.3,0.55,0.2,0.3,0.5,0.4,0.6
FE00220,Frontend_Developer,Frontend Developer,M,26-30,3,MSc,0.0,0.5003,0.6195,0.5548,0.6785,0.6801,0.0,0.5417,0.4,0.6296,0.5378,0,1,0.15,0.3,0.55,0.2,0.3,0.5,0.4,0.6
FE00221,Frontend_Developer,Frontend Developer,M,22-25,2,BSc,5.8,0.5175,0.6928,0.6919,0.7264,0.567,1.0,0.8273,0.8401,0.7093,0.7616,1,3,0.15,0.3,0.55,0.2,0.3,0.5,0.4,0.6
FE00222,Frontend_Developer,Frontend Developer,F,22-25,2,BSc,3.4,0.3438,0.6531,0.5455,0.9127,0.4975,1.0,0.7354,0.7791,0.7506,0.762,1,3,0.15,0.3,0.55,0.2,0.3,0.5,0.4,0.6
FE00223,Frontend_Developer,Frontend Developer,M,31-35,2,BSc,3.3,0.4351,0.6605,0.5747,0.9091,0.5341,1.0,0.7244,0.7785,0.7591,0.7669,1,3,0.15,0.3,0.55,0.2,0.3,0.5,0.4,0.6
FE00224,Frontend_Developer,Frontend Developer,M,22-25,2,BSc,2.8,0.8434,0.8146,0.6876,0.7411,0.6973,1.0,0.7459,0.8148,0.7397,0.7697,1,3,0.15,0.3,0.55,0.2,0.3,0.5,0.4,0.6
FE00225,Frontend_Developer,Frontend Developer,F,36-40,2,BSc,4.4,0.8012,0.7565,0.556,0.5535,0.6805,1.0,0.6784,0.7752,0.5948,0.667,1,2,0.15,0.3,0.55,0.2,0.3,0.5,0.4,0.6
FE00226,Frontend_Developer,Frontend Developer,M,22-25,2,BSc,2.9,0.5896,0.6476,0.6644,0.7186,0.5958,1.0,0.7366,0.7945,0.6881,0.7307,1,2,0.15,0.3,0.55,0.2,0.3,0.5,0.4,0.6
FE00227,Frontend_Developer,Frontend Developer,M,26-30,1,Diploma,2.2,0.5996,0.6279,0.6763,0.7289,0.4798,1.0,0.8169,0.8213,0.6929,0.7443,0,2,0.15,0.3,0.55,0.2,0.3,0.5,0.4,0.6
FE00228,Frontend_Developer,Frontend Developer,M,22-25,2,BSc,0.7,0.5401,0.6791,0.7351,0.7765,0.576,0.35,0.6492,0.5485,0.7446,0.6662,0,2,0.15,0.3,0.55,0.2,0.3,0.5,0.4,0.6
FE00229,Frontend_Developer,Frontend Developer,M,26-30,2,BSc,4.1,0.6382,0.677,0.7485,0.7359,0.6153,1.0,0.6606,0.7557,0.7279,0.739,1,2,0.15,0.3,0.55,0.2,0.3,0.5,0.4,0.6
FE00230,Frontend_Developer,Frontend Developer,F,26-30,2,BSc,1.0,0.5472,0.6409,0.528,0.8074,0.5789,0.5,0.5617,0.5458,0.6903,0.6325,1,2,0.15,0.3,0.55,0.2,0.3,0.5,0.4,0.6
FE00231,Frontend_Developer,Frontend Developer,M,22-25,2,BSc,0.7,0.7279,0.5282,0.5351,0.6287,0.6512,0.35,0.6601,0.5658,0.5805,0.5746,0,2,0.15,0.3,0.55,0.2,0.3,0.5,0.4,0.6
FE00232,Frontend_Developer,Frontend Developer,M,40+,3,MSc,4.0,0.7287,0.8765,0.9047,0.8104,0.7715,1.0,0.6745,0.7867,0.8519,0.8258,1,3,0.15,0.3,0.55,0.2,0.3,0.5,0.4,0.6
FE00233,Frontend_Developer,Frontend Developer,F,22-25,2,BSc,2.8,0.6147,0.4854,0.5228,0.6438,0.6059,1.0,0.5791,0.7094,0.5758,0.6292,1,2,0.15,0.3,0.55,0.2,0.3,0.5,0.4,0.6
FE00234,Frontend_Developer,Frontend Developer,M,31-35,2,BSc,1.5,0.6187,0.8015,0.5495,0.7306,0.6075,0.75,0.7077,0.7054,0.6905,0.6965,1,2,0.15,0.3,0.55,0.2,0.3,0.5,0.4,0.6
FE00235,Frontend_Developer,Frontend Developer,F,26-30,2,BSc,0.9,0.8345,0.5692,0.4004,0.523,0.6938,0.45,0.7262,0.6385,0.4955,0.5527,0,1,0.15,0.3,0.55,0.2,0.3,0.5,0.4,0.6
FE00236,Frontend_Developer,Frontend Developer,M,22-25,3,MSc,4.6,0.6227,0.7434,0.6012,0.7576,0.7291,1.0,0.6573,0.7709,0.7079,0.7331,1,2,0.15,0.3,0.55,0.2,0.3,0.5,0.4,0.6
FE00237,Frontend_Developer,Frontend Developer,F,26-30,2,BSc,5.6,0.5895,0.5899,0.7804,0.7061,0.5958,1.0,0.6646,0.7549,0.7052,0.7251,1,2,0.15,0.3,0.55,0.2,0.3,0.5,0.4,0.6
FE00238,Frontend_Developer,Frontend Developer,F,26-30,2,BSc,5.6,0.3087,0.7072,0.7116,0.7404,0.4835,1.0,0.7021,0.7587,0.7251,0.7385,1,3,0.15,0.3,0.55,0.2,0.3,0.5,0.4,0.6
FE00239,Frontend_Developer,Frontend Developer,M,26-30,2,BSc,2.6,0.6158,0.6341,0.5735,0.7428,0.6063,1.0,0.6016,0.7218,0.6703,0.6909,1,2,0.15,0.3,0.55,0.2,0.3,0.5,0.4,0.6
FE00240,Frontend_Developer,Frontend Developer,F,26-30,2,BSc,2.3,0.5974,0.7235,0.5541,0.5266,0.5989,1.0,0.6311,0.737,0.5743,0.6394,1,1,0.15,0.3,0.55,0.2,0.3,0.5,0.4,0.6
FE00241,Frontend_Developer,Frontend Developer,F,22-25,2,BSc,2.6,0.706,0.7665,0.4162,0.7542,0.6424,1.0,0.6368,0.7466,0.6553,0.6918,1,2,0.15,0.3,0.55,0.2,0.3,0.5,0.4,0.6
FE00242,Frontend_Developer,Frontend Developer,M,22-25,2,BSc,4.8,0.9029,0.622,0.5467,0.7518,0.7211,1.0,0.5783,0.7262,0.6643,0.6891,1,2,0.15,0.3,0.55,0.2,0.3,0.5,0.4,0.6
FE00243,Frontend_Developer,Frontend Developer,F,22-25,2,BSc,0.3,0.7062,0.6213,0.5757,0.4783,0.6425,0.15,0.4669,0.3982,0.5361,0.4809,0,1,0.15,0.3,0.55,0.2,0.3,0.5,0.4,0.6
FE00244,Frontend_Developer,Frontend Developer,M,22-25,2,BSc,2.0,0.5428,0.6956,0.6027,0.6105,0.5771,1.0,0.6566,0.7477,0.6252,0.6742,1,2,0.15,0.3,0.55,0.2,0.3,0.5,0.4,0.6
FE00245,Frontend_Developer,Frontend Developer,F,31-35,2,BSc,3.7,0.533,0.5488,0.5993,0.7909,0.5732,1.0,0.4892,0.6551,0.685,0.673,1,1,0.15,0.3,0.55,0.2,0.3,0.5,0.4,0.6
FE00246,Frontend_Developer,Frontend Developer,F,26-30,3,MSc,2.8,0.7236,0.6007,0.6526,0.8095,0.7695,1.0,0.7653,0.8364,0.7207,0.767,1,2,0.15,0.3,0.55,0.2,0.3,0.5,0.4,0.6
FE00247,Frontend_Developer,Frontend Developer,F,26-30,3,MSc,2.4,0.4945,0.768,0.7275,0.765,0.6778,1.0,0.9328,0.9147,0.7544,0.8185,1,3,0.15,0.3,0.55,0.2,0.3,0.5,0.4,0.6
FE00248,Frontend_Developer,Frontend Developer,F,31-35,2,BSc,3.0,0.4645,0.6825,0.645,0.9714,0.5458,1.0,0.592,0.7074,0.8157,0.7724,1,2,0.15,0.3,0.55,0.2,0.3,0.5,0.4,0.6
FE00249,Frontend_Developer,Frontend Developer,F,26-30,2,BSc,2.1,0.5062,0.7178,0.3283,0.6617,0.5625,1.0,0.596,0.7122,0.5729,0.6286,1,2,0.15,0.3,0.55,0.2,0.3,0.5,0.4,0.6
FE00250,Frontend_Developer,Frontend Developer,F,40+,2,BSc,4.8,0.462,0.7642,0.8363,0.8954,0.5448,1.0,0.7221,0.7789,0.8514,0.8224,1,3,0.15,0.3,0.55,0.2,0.3,0.5,0.4,0.6
FE00251,Frontend_Developer,Frontend Developer,M,31-35,3,MSc,2.5,0.6659,0.4937,0.6628,0.6304,0.7464,1.0,0.6735,0.7824,0.6128,0.6806,1,2,0.15,0.3,0.55,0.2,0.3,0.5,0.4,0.6
FE00252,Frontend_Developer,Frontend Developer,M,26-30,1,Diploma,2.5,0.3535,0.7374,0.7187,0.7881,0.3814,1.0,0.7327,0.7602,0.7571,0.7583,0,3,0.15,0.3,0.55,0.2,0.3,0.5,0.4,0.6
FE00253,Frontend_Developer,Frontend Developer,M,22-25,1,Diploma,4.7,0.5765,0.5955,0.7417,0.7642,0.4706,1.0,0.6998,0.7555,0.7237,0.7364,0,2,0.15,0.3,0.55,0.2,0.3,0.5,0.4,0.6
FE00254,Frontend_Developer,Frontend Developer,F,36-40,2,BSc,1.9,0.7337,0.6687,0.52,0.7726,0.6535,0.95,0.5757,0.6996,0.676,0.6854,1,2,0.15,0.3,0.55,0.2,0.3,0.5,0.4,0.6
FE00255,Frontend_Developer,Frontend Developer,M,31-35,2,BSc,0.0,0.6161,0.7513,0.5858,0.7278,0.6065,0.0,0.5937,0.4175,0.6899,0.5809,0,2,0.15,0.3,0.55,0.2,0.3,0.5,0.4,0.6
FE00256,Frontend_Developer,Frontend Developer,M,26-30,2,BSc,3.8,0.3533,0.6196,0.7343,0.8037,0.5013,1.0,0.6192,0.7158,0.7461,0.734,1,2,0.15,0.3,0.55,0.2,0.3,0.5,0.4,0.6
FE00257,Frontend_Developer,Frontend Developer,M,26-30,2,BSc,3.4,0.4842,0.6222,0.5686,0.651,0.5537,1.0,0.7198,0.779,0.6205,0.6839,1,2,0.15,0.3,0.55,0.2,0.3,0.5,0.4,0.6
FE00258,Frontend_Developer,Frontend Developer,F,22-25,2,BSc,5.8,0.7785,0.6697,0.5706,0.9362,0.6714,1.0,0.7388,0.8071,0.7732,0.7868,1,3,0.15,0.3,0.55,0.2,0.3,0.5,0.4,0.6
FE00259,Frontend_Developer,Frontend Developer,M,31-35,2,BSc,2.2,0.4466,0.5398,0.6586,0.7475,0.5387,1.0,0.5478,0.6821,0.6793,0.6804,1,1,0.15,0.3,0.55,0.2,0.3,0.5,0.4,0.6
FE00260,Frontend_Developer,Frontend Developer,M,22-25,1,Diploma,0.0,0.6107,0.7197,0.5541,0.5573,0.4843,0.0,0.583,0.3933,0.5888,0.5106,0,1,0.15,0.3,0.55,0.2,0.3,0.5,0.4,0.6
FE00261,Frontend_Developer,Frontend Developer,F,26-30,2,BSc,1.9,0.7227,0.6115,0.4282,0.5969,0.6491,0.95,0.4659,0.6386,0.5492,0.585,1,1,0.15,0.3,0.55,0.2,0.3,0.5,0.4,0.6
FE00262,Frontend_Developer,Frontend Developer,M,36-40,3,MSc,0.8,0.6669,0.854,0.4462,0.7425,0.7468,0.4,0.4628,0.4866,0.6759,0.6002,0,1,0.15,0.3,0.55,0.2,0.3,0.5,0.4,0.6
FE00263,Frontend_Developer,Frontend Developer,F,31-35,2,BSc,4.8,0.5948,0.5241,0.4996,0.889,0.5979,1.0,0.6433,0.7435,0.6992,0.7169,1,2,0.15,0.3,0.55,0.2,0.3,0.5,0.4,0.6
FE00264,Frontend_Developer,Frontend Developer,F,31-35,3,MSc,3.2,0.6333,0.6245,0.6262,0.8216,0.7333,1.0,0.83,0.8665,0.7235,0.7807,1,3,0.15,0.3,0.55,0.2,0.3,0.5,0.4,0.6
FE00265,Frontend_Developer,Frontend Developer,F,26-30,2,BSc,6.3,0.7725,0.817,0.5907,0.7536,0.669,1.0,0.7185,0.7955,0.7174,0.7486,1,2,0.15,0.3,0.55,0.2,0.3,0.5,0.4,0.6
FE00266,Frontend_Developer,Frontend Developer,M,26-30,2,BSc,0.5,0.8686,0.796,0.5513,0.7404,0.7074,0.25,0.6296,0.5274,0.6948,0.6278,0,1,0.15,0.3,0.55,0.2,0.3,0.5,0.4,0.6
FE00267,Frontend_Developer,Frontend Developer,F,26-30,2,BSc,0.5,0.345,0.6509,0.5982,0.2291,0.498,0.25,0.3981,0.3686,0.4242,0.402,0,0,0.15,0.3,0.55,0.2,0.3,0.5,0.4,0.6
FE00268,Frontend_Developer,Frontend Developer,F,36-40,2,BSc,4.9,0.6489,0.7274,0.777,0.5178,0.6196,1.0,0.6288,0.7388,0.6375,0.678,1,1,0.15,0.3,0.55,0.2,0.3,0.5,0.4,0.6
FE00269,Frontend_Developer,Frontend Developer,F,31-35,2,BSc,2.9,0.6241,0.7164,0.4489,0.7129,0.6096,1.0,0.6883,0.77,0.6344,0.6886,1,2,0.15,0.3,0.55,0.2,0.3,0.5,0.4,0.6
FE00270,Frontend_Developer,Frontend Developer,M,36-40,3,MSc,2.3,0.5915,0.7034,0.6006,0.4101,0.7166,1.0,0.2884,0.5661,0.5259,0.542,0,0,0.15,0.3,0.55,0.2,0.3,0.5,0.4,0.6
FE00271,Frontend_Developer,Frontend Developer,M,36-40,2,BSc,6.1,0.3906,0.7692,0.5861,0.8517,0.5163,1.0,0.7829,0.8081,0.7555,0.7765,1,3,0.15,0.3,0.55,0.2,0.3,0.5,0.4,0.6
FE00272,Frontend_Developer,Frontend Developer,F,26-30,2,BSc,0.9,0.3554,0.6498,0.6048,0.7261,0.5022,0.45,0.6503,0.568,0.6744,0.6318,0,2,0.15,0.3,0.55,0.2,0.3,0.5,0.4,0.6
FE00273,Frontend_Developer,Frontend Developer,F,36-40,2,BSc,4.0,0.4258,0.6873,0.5821,0.75,0.5303,1.0,0.7138,0.7721,0.6871,0.7211,1,3,0.15,0.3,0.55,0.2,0.3,0.5,0.4,0.6
FE00274,Frontend_Developer,Frontend Developer,M,36-40,3,MSc,2.8,0.6168,0.6559,0.6341,0.8007,0.7267,1.0,0.6778,0.7818,0.7217,0.7457,1,2,0.15,0.3,0.55,0.2,0.3,0.5,0.4,0.6
FE00275,Frontend_Developer,Frontend Developer,F,26-30,1,Diploma,4.7,0.7259,0.5831,0.7721,0.6172,0.5304,1.0,0.5985,0.7087,0.6569,0.6776,0,2,0.15,0.3,0.55,0.2,0.3,0.5,0.4,0.6
FE00276,Frontend_Developer,Frontend Developer,M,26-30,2,BSc,0.0,0.4703,0.6641,0.7589,0.5272,0.5481,0.0,0.6158,0.4209,0.6241,0.5428,0,0,0.15,0.3,0.55,0.2,0.3,0.5,0.4,0.6
FE00277,Frontend_Developer,Frontend Developer,F,26-30,1,Diploma,3.7,0.4881,0.5016,0.4208,0.6345,0.4353,1.0,0.6712,0.7345,0.5438,0.6201,0,2,0.15,0.3,0.55,0.2,0.3,0.5,0.4,0.6
FE00278,Frontend_Developer,Frontend Developer,F,31-35,2,BSc,0.4,0.496,0.706,0.6334,0.6905,0.5584,0.2,0.7575,0.5604,0.6765,0.6301,0,2,0.15,0.3,0.55,0.2,0.3,0.5,0.4,0.6
FE00279,Frontend_Developer,Frontend Developer,M,40+,2,BSc,2.0,0.7168,0.7164,0.5399,0.8835,0.6467,1.0,0.8011,0.8376,0.747,0.7832,1,3,0.15,0.3,0.55,0.2,0.3,0.5,0.4,0.6
FE00280,Frontend_Developer,Frontend Developer,M,31-35,3,MSc,0.0,0.4949,0.7622,0.4751,0.6326,0.678,0.0,0.6617,0.4656,0.6113,0.553,0,2,0.15,0.3,0.55,0.2,0.3,0.5,0.4,0.6
FE00281,Frontend_Developer,Frontend Developer,F,26-30,1,Diploma,0.0,0.6899,0.3938,0.3873,0.7107,0.5159,0.0,0.5195,0.3631,0.5503,0.4754,0,1,0.15,0.3,0.55,0.2,0.3,0.5,0.4,0.6
FE00282,Frontend_Developer,Frontend Developer,M,26-30,1,Diploma,3.1,0.5521,0.676,0.4929,0.5521,0.4608,1.0,0.4625,0.6235,0.5591,0.5849,0,2,0.15,0.3,0.55,0.2,0.3,0.5,0.4,0.6
FE00283,Frontend_Developer,Frontend Developer,M,26-30,1,Diploma,1.8,0.5724,0.5425,0.3235,0.5192,0.469,0.9,0.5504,0.643,0.4652,0.5363,0,1,0.15,0.3,0.55,0.2,0.3,0.5,0.4,0.6
FE00284,Frontend_Developer,Frontend Developer,M,22-25,3,MSc,0.5,0.5262,0.6648,0.3556,0.7084,0.6905,0.25,0.5678,0.4909,0.5938,0.5526,0,2,0.15,0.3,0.55,0.2,0.3,0.5,0.4,0.6
FE00285,Frontend_Developer,Frontend Developer,F,31-35,3,MSc,2.6,0.3939,0.7147,0.6551,0.7941,0.6375,1.0,0.5007,0.671,0.7365,0.7103,1,1,0.15,0.3,0.55,0.2,0.3,0.5,0.4,0.6
FE00286,Frontend_Developer,Frontend Developer,F,31-35,2,BSc,0.0,0.6634,0.7606,0.3984,0.5625,0.6254,0.0,0.6197,0.4347,0.5529,0.5056,0,0,0.15,0.3,0.55,0.2,0.3,0.5,0.4,0.6
FE00287,Frontend_Developer,Frontend Developer,M,31-35,3,MSc,2.7,0.4081,0.54,0.4908,0.6055,0.6433,1.0,0.5158,0.6802,0.558,0.6069,1,1,0.15,0.3,0.55,0.2,0.3,0.5,0.4,0.6
FE00288,Frontend_Developer,Frontend Developer,M,26-30,2,BSc,4.6,0.4574,0.5405,0.8466,0.9257,0.543,1.0,0.7645,0.8019,0.8249,0.8157,1,3,0.15,0.3,0.55,0.2,0.3,0.5,0.4,0.6
FE00289,Frontend_Developer,Frontend Developer,M,26-30,2,BSc,1.5,0.5991,0.6298,0.6889,0.4847,0.5996,0.75,0.5131,0.5972,0.575,0.5839,1,1,0.15,0.3,0.55,0.2,0.3,0.5,0.4,0.6
FE00290,Frontend_Developer,Frontend Developer,M,26-30,2,BSc,1.2,0.7,0.552,0.6747,0.7245,0.64,0.6,0.7282,0.6765,0.6751,0.6757,1,2,0.15,0.3,0.55,0.2,0.3,0.5,0.4,0.6
FE00291,Frontend_Developer,Frontend Developer,M,26-30,2,BSc,2.8,0.54,0.5615,0.6432,0.5674,0.576,1.0,0.5436,0.6854,0.589,0.6276,1,1,0.15,0.3,0.55,0.2,0.3,0.5,0.4,0.6
FE00292,Frontend_Developer,Frontend Developer,F,26-30,1,Diploma,3.6,0.7984,0.7982,0.5873,0.6036,0.5594,1.0,0.7285,0.7846,0.6376,0.6964,0,1,0.15,0.3,0.55,0.2,0.3,0.5,0.4,0.6
FE00293,Frontend_Developer,Frontend Developer,M,36-40,3,MSc,2.3,0.6714,0.8158,0.5896,0.6608,0.7485,1.0,0.5816,0.7321,0.6704,0.6951,1,2,0.15,0.3,0.55,0.2,0.3,0.5,0.4,0.6
FE00294,Frontend_Developer,Frontend Developer,F,36-40,2,BSc,3.7,0.6834,0.8873,0.6059,0.9528,0.6333,1.0,0.7804,0.8242,0.8356,0.831,1,3,0.15,0.3,0.55,0.2,0.3,0.5,0.4,0.6
FE00295,Frontend_Developer,Frontend Developer,M,26-30,2,BSc,2.1,0.5037,0.7141,0.4932,0.5097,0.5615,1.0,0.5007,0.6596,0.5457,0.5913,1,1,0.15,0.3,0.55,0.2,0.3,0.5,0.4,0.6
FE00296,Frontend_Developer,Frontend Developer,M,26-30,2,BSc,3.5,0.6718,0.4858,0.5139,0.6674,0.6287,1.0,0.4945,0.6663,0.585,0.6175,1,1,0.15,0.3,0.55,0.2,0.3,0.5,0.4,0.6
FE00297,Frontend_Developer,Frontend Developer,F,22-25,2,BSc,4.2,0.6507,0.5534,0.4994,0.7385,0.6203,1.0,0.6885,0.7717,0.6297,0.6865,1,2,0.15,0.3,0.55,0.2,0.3,0.5,0.4,0.6
FE00298,Frontend_Developer,Frontend Developer,F,26-30,2,BSc,0.0,0.5478,0.6899,0.5933,0.6255,0.5791,0.0,0.5708,0.4008,0.6287,0.5375,0,1,0.15,0.3,0.55,0.2,0.3,0.5,0.4,0.6
FE00299,Frontend_Developer,Frontend Developer,M,26-30,2,BSc,1.7,0.4226,0.7465,0.8154,0.7693,0.529,0.85,0.6312,0.6815,0.7786,0.7398,1,2,0.15,0.3,0.55,0.2,0.3,0.5,0.4,0.6
FE00300,Frontend_Developer,Frontend Developer,F,36-40,3,MSc,3.9,0.664,0.5365,0.557,0.6997,0.7456,1.0,0.4854,0.6788,0.6242,0.646,1,1,0.15,0.3,0.55,0.2,0.3,0.5,0.4,0.6
FE00301,Frontend_Developer,Frontend Developer,F,26-30,3,MSc,3.1,0.5118,0.6871,0.6711,0.7425,0.6847,1.0,0.6601,0.7658,0.71,0.7323,1,2,0.15,0.3,0.55,0.2,0.3,0.5,0.4,0.6
FE00302,Frontend_Developer,Frontend Developer,M,22-25,2,BSc,2.5,0.6198,0.4324,0.4279,0.6492,0.6079,1.0,0.5356,0.6858,0.5395,0.598,1,1,0.15,0.3,0.55,0.2,0.3,0.5,0.4,0.6
FE00303,Frontend_Developer,Frontend Developer,M,22-25,2,BSc,1.2,0.5379,0.6916,0.5209,0.8443,0.5752,0.6,0.5495,0.5685,0.7167,0.6574,1,1,0.15,0.3,0.55,0.2,0.3,0.5,0.4,0.6
FE00304,Frontend_Developer,Frontend Developer,M,31-35,1,Diploma,2.5,0.4709,0.3824,0.5754,0.5782,0.4284,1.0,0.411,0.5903,0.5382,0.559,0,1,0.15,0.3,0.55,0.2,0.3,0.5,0.4,0.6
FE00305,Frontend_Developer,Frontend Developer,M,40+,1,Diploma,2.3,0.4832,0.3826,0.5845,0.7882,0.4333,1.0,0.6972,0.7485,0.646,0.687,0,2,0.15,0.3,0.55,0.2,0.3,0.5,0.4,0.6
FE00306,Frontend_Developer,Frontend Developer,F,22-25,1,Diploma,5.6,0.5804,0.7443,0.6007,0.7198,0.4721,1.0,0.677,0.7432,0.689,0.7107,0,2,0.15,0.3,0.55,0.2,0.3,0.5,0.4,0.6
FE00307,Frontend_Developer,Frontend Developer,F,26-30,3,MSc,5.1,0.6524,0.8034,0.7311,0.5989,0.741,1.0,0.9036,0.9081,0.6795,0.7709,1,2,0.15,0.3,0.55,0.2,0.3,0.5,0.4,0.6
FE00308,Frontend_Developer,Frontend Developer,M,31-35,2,BSc,4.6,0.708,0.6721,0.6241,0.9132,0.6432,1.0,0.6146,0.7345,0.7782,0.7607,1,2,0.15,0.3,0.55,0.2,0.3,0.5,0.4,0.6
FE00309,Frontend_Developer,Frontend Developer,F,26-30,2,BSc,5.7,0.4755,0.6172,0.788,0.7049,0.5502,1.0,0.8052,0.8254,0.7123,0.7575,1,2,0.15,0.3,0.55,0.2,0.3,0.5,0.4,0.6
FE00310,Frontend_Developer,Frontend Developer,M,22-25,3,MSc,4.2,0.7426,0.5718,0.4932,0.5679,0.7771,1.0,0.5972,0.745,0.5463,0.6258,1,2,0.15,0.3,0.55,0.2,0.3,0.5,0.4,0.6
FE00311,Frontend_Developer,Frontend Developer,F,22-25,2,BSc,0.3,0.6227,0.6145,0.5011,0.6438,0.6091,0.15,0.5297,0.4277,0.5951,0.5281,0,1,0.15,0.3,0.55,0.2,0.3,0.5,0.4,0.6
FE00312,Frontend_Developer,Frontend Developer,F,26-30,2,BSc,4.2,0.4465,0.5738,0.783,0.6733,0.5386,1.0,0.6402,0.7329,0.6863,0.7049,1,2,0.15,0.3,0.55,0.2,0.3,0.5,0.4,0.6
FE00313,Frontend_Developer,Frontend Developer,M,22-25,3,MSc,6.0,0.4536,0.72,0.7253,0.67,0.6614,1.0,0.6923,0.78,0.6966,0.73,1,3,0.15,0.3,0.55,0.2,0.3,0.5,0.4,0.6
FE00314,Frontend_Developer,Frontend Developer,F,22-25,2,BSc,1.2,0.6629,0.7635,0.7218,0.5338,0.6252,0.6,0.6628,0.6383,0.6361,0.637,1,1,0.15,0.3,0.55,0.2,0.3,0.5,0.4,0.6
FE00315,Frontend_Developer,Frontend Developer,F,26-30,2,BSc,8.3,0.623,0.7601,0.6122,1.0,0.6092,1.0,0.6463,0.7468,0.8357,0.8001,1,2,0.15,0.3,0.55,0.2,0.3,0.5,0.4,0.6
FE00316,Frontend_Developer,Frontend Developer,F,26-30,2,BSc,0.6,0.4938,0.5773,0.5492,0.3886,0.5575,0.3,0.3757,0.3803,0.4745,0.4368,0,1,0.15,0.3,0.55,0.2,0.3,0.5,0.4,0.6
FE00317,Frontend_Developer,Frontend Developer,M,26-30,2,BSc,0.0,0.6301,0.633,0.3377,0.5056,0.612,0.0,0.4919,0.3624,0.4807,0.4334,0,1,0.15,0.3,0.55,0.2,0.3,0.5,0.4,0.6
FE00318,Frontend_Developer,Frontend Developer,M,26-30,2,BSc,0.6,0.8313,0.5382,0.5369,0.6172,0.6925,0.3,0.6387,0.5452,0.5773,0.5645,0,2,0.15,0.3,0.55,0.2,0.3,0.5,0.4,0.6
FE00319,Frontend_Developer,Frontend Developer,M,26-30,3,MSc,0.0,0.6037,0.62,0.5384,0.5988,0.7215,0.0,0.5828,0.4287,0.5849,0.5224,0,1,0.15,0.3,0.55,0.2,0.3,0.5,0.4,0.6
FE00320,Frontend_Developer,Frontend Developer,M,31-35,3,MSc,3.2,0.3862,0.7473,0.6241,0.8322,0.6345,1.0,0.8184,0.8453,0.7528,0.7898,1,3,0.15,0.3,0.55,0.2,0.3,0.5,0.4,0.6
FE00321,Frontend_Developer,Frontend Developer,M,26-30,2,BSc,5.6,0.5611,1.0,0.8585,0.7732,0.5844,1.0,0.9511,0.9108,0.8442,0.8708,1,3,0.15,0.3,0.55,0.2,0.3,0.5,0.4,0.6
FE00322,Frontend_Developer,Frontend Developer,F,22-25,2,BSc,1.8,0.7467,0.4761,0.4627,0.4777,0.6587,0.9,0.4189,0.5992,0.4729,0.5234,1,1,0.15,0.3,0.55,0.2,0.3,0.5,0.4,0.6
FE00323,Frontend_Developer,Frontend Developer,F,26-30,2,BSc,2.3,0.5303,0.5351,0.6609,0.5248,0.5721,1.0,0.324,0.564,0.5677,0.5662,0,1,0.15,0.3,0.55,0.2,0.3,0.5,0.4,0.6
FE00324,Frontend_Developer,Frontend Developer,M,22-25,2,BSc,2.2,0.51,0.7612,0.5228,0.6558,0.564,1.0,0.8666,0.8612,0.637,0.7267,1,1,0.15,0.3,0.55,0.2,0.3,0.5,0.4,0.6
FE00325,Frontend_Developer,Frontend Developer,F,22-25,2,BSc,1.1,0.4467,0.589,0.7416,0.33,0.5387,0.55,0.4216,0.4777,0.5053,0.4943,1,0,0.15,0.3,0.55,0.2,0.3,0.5,0.4,0.6
FE00326,Frontend_Developer,Frontend Developer,M,26-30,4,PhD,2.3,0.7422,0.6587,0.4561,0.7768,0.8969,1.0,0.5665,0.7461,0.657,0.6926,1,2,0.15,0.3,0.55,0.2,0.3,0.5,0.4,0.6
FE00327,Frontend_Developer,Frontend Developer,F,26-30,3,MSc,5.4,0.5828,0.7286,0.7982,0.9247,0.7131,1.0,0.7568,0.8232,0.8475,0.8378,1,3,0.15,0.3,0.55,0.2,0.3,0.5,0.4,0.6
FE00328,Frontend_Developer,Frontend Developer,M,26-30,2,BSc,1.9,0.3834,0.5636,0.5244,0.5705,0.5133,0.95,0.5188,0.6473,0.5553,0.5921,1,1,0.15,0.3,0.55,0.2,0.3,0.5,0.4,0.6
FE00329,Frontend_Developer,Frontend Developer,M,26-30,1,Diploma,0.9,0.4274,0.8224,0.6602,0.7698,0.411,0.45,0.7824,0.627,0.7475,0.6993,0,2,0.15,0.3,0.55,0.2,0.3,0.5,0.4,0.6
FE00330,Frontend_Developer,Frontend Developer,F,36-40,2,BSc,1.2,0.2933,0.7584,0.4879,0.6485,0.4773,0.6,0.487,0.5195,0.6223,0.5812,1,1,0.15,0.3,0.55,0.2,0.3,0.5,0.4,0.6
FE00331,Frontend_Developer,Frontend Developer,F,26-30,2,BSc,2.2,0.6589,0.7258,0.4778,0.6503,0.6236,1.0,0.5739,0.7092,0.6136,0.6518,1,1,0.15,0.3,0.55,0.2,0.3,0.5,0.4,0.6
FE00332,Frontend_Developer,Frontend Developer,M,26-30,2,BSc,4.8,0.3358,0.6128,0.7455,0.7617,0.4943,1.0,0.7485,0.7858,0.7271,0.7506,1,3,0.15,0.3,0.55,0.2,0.3,0.5,0.4,0.6
FE00333,Frontend_Developer,Frontend Developer,F,26-30,2,BSc,3.8,0.6459,0.4949,0.3506,0.5851,0.6184,1.0,0.5983,0.7218,0.4967,0.5867,1,2,0.15,0.3,0.55,0.2,0.3,0.5,0.4,0.6
FE00334,Frontend_Developer,Frontend Developer,M,31-35,1,Diploma,1.5,0.4891,0.5436,0.2896,0.65,0.4356,0.75,0.5351,0.5847,0.5206,0.5462,0,2,0.15,0.3,0.55,0.2,0.3,0.5,0.4,0.6
FE00335,Frontend_Developer,Frontend Developer,F,22-25,1,Diploma,1.7,0.2688,0.9365,0.5173,0.4397,0.3475,0.85,0.531,0.5992,0.5623,0.5771,0,1,0.15,0.3,0.55,0.2,0.3,0.5,0.4,0.6
FE00336,Frontend_Developer,Frontend Developer,F,26-30,2,BSc,3.4,0.285,0.8175,0.6329,0.8573,0.474,1.0,0.4937,0.6426,0.782,0.7262,1,1,0.15,0.3,0.55,0.2,0.3,0.5,0.4,0.6
FE00337,Frontend_Developer,Frontend Developer,F,36-40,3,MSc,4.0,0.438,0.7257,0.5807,0.7755,0.6552,1.0,0.6157,0.7369,0.7071,0.719,1,2,0.15,0.3,0.55,0.2,0.3,0.5,0.4,0.6
FE00338,Frontend_Developer,Frontend Developer,F,22-25,2,BSc,2.3,0.4361,0.578,0.7775,0.5515,0.5344,1.0,0.5812,0.6998,0.6246,0.6547,1,2,0.15,0.3,0.55,0.2,0.3,0.5,0.4,0.6
FE00339,Frontend_Developer,Frontend Developer,M,22-25,2,BSc,4.4,0.6151,0.7016,0.5819,0.5403,0.606,1.0,0.7368,0.7961,0.585,0.6694,1,1,0.15,0.3,0.55,0.2,0.3,0.5,0.4,0.6
FE00340,Frontend_Developer,Frontend Developer,M,22-25,3,MSc,1.1,0.4275,0.7171,0.4409,0.6908,0.651,0.55,0.6561,0.6235,0.6211,0.6221,1,2,0.15,0.3,0.55,0.2,0.3,0.5,0.4,0.6
FE00341,Frontend_Developer,Frontend Developer,M,22-25,3,MSc,3.6,0.4491,0.8129,0.7593,0.7916,0.6596,1.0,0.5816,0.7188,0.7862,0.7592,1,2,0.15,0.3,0.55,0.2,0.3,0.5,0.4,0.6
FE00342,Frontend_Developer,Frontend Developer,M,31-35,2,BSc,0.9,0.5191,0.6493,0.4653,0.6192,0.5677,0.45,0.646,0.5755,0.5791,0.5777,0,2,0.15,0.3,0.55,0.2,0.3,0.5,0.4,0.6
FE00343,Frontend_Developer,Frontend Developer,M,22-25,2,BSc,0.0,0.5701,0.6774,0.8065,0.5626,0.588,0.0,0.7077,0.4774,0.6587,0.5862,0,1,0.15,0.3,0.55,0.2,0.3,0.5,0.4,0.6
FE00344,Frontend_Developer,Frontend Developer,M,22-25,2,BSc,4.7,0.4638,0.6544,0.6759,0.8089,0.5455,1.0,0.6606,0.7452,0.7381,0.7409,1,2,0.15,0.3,0.55,0.2,0.3,0.5,0.4,0.6
FE00345,Frontend_Developer,Frontend Developer,M,22-25,3,MSc,3.5,0.4879,0.8351,0.6262,0.8724,0.6752,1.0,0.5749,0.7175,0.7911,0.7617,1,3,0.15,0.3,0.55,0.2,0.3,0.5,0.4,0.6
FE00346,Frontend_Developer,Frontend Developer,F,40+,2,BSc,2.1,0.6351,0.7526,0.5819,0.51,0.614,1.0,0.7012,0.7777,0.5801,0.6591,1,1,0.15,0.3,0.55,0.2,0.3,0.5,0.4,0.6
FE00347,Frontend_Developer,Frontend Developer,F,31-35,2,BSc,2.4,0.4693,0.7716,0.5508,0.7209,0.5477,1.0,0.7725,0.807,0.68,0.7308,1,2,0.15,0.3,0.55,0.2,0.3,0.5,0.4,0.6
FE00348,Frontend_Developer,Frontend Developer,F,36-40,2,BSc,2.6,0.6637,0.7042,0.685,0.664,0.6255,1.0,0.6682,0.7613,0.6783,0.7115,1,1,0.15,0.3,0.55,0.2,0.3,0.5,0.4,0.6
FE00349,Frontend_Developer,Frontend Developer,F,22-25,1,Diploma,5.4,0.4698,0.8972,0.665,0.6163,0.4279,1.0,0.7239,0.7623,0.6871,0.7172,0,2,0.15,0.3,0.55,0.2,0.3,0.5,0.4,0.6
FE00350,Frontend_Developer,Frontend Developer,F,36-40,2,BSc,3.1,0.9424,0.3998,0.4853,0.7849,0.737,1.0,0.6749,0.7818,0.618,0.6835,1,2,0.15,0.3,0.55,0.2,0.3,0.5,0.4,0.6
FE00351,Frontend_Developer,Frontend Developer,M,22-25,2,BSc,4.1,0.6222,0.7699,0.7298,0.575,0.6089,1.0,0.726,0.7906,0.6604,0.7125,1,3,0.15,0.3,0.55,0.2,0.3,0.5,0.4,0.6
FE00352,Frontend_Developer,Frontend Developer,M,22-25,2,BSc,0.9,0.6335,0.6146,0.6136,0.685,0.6134,0.45,0.5388,0.5234,0.6495,0.5991,0,1,0.15,0.3,0.55,0.2,0.3,0.5,0.4,0.6
FE00353,Frontend_Developer,Frontend Developer,M,22-25,2,BSc,1.7,0.379,0.7071,0.6589,0.6867,0.5116,0.85,0.6895,0.711,0.6824,0.6938,1,3,0.15,0.3,0.55,0.2,0.3,0.5,0.4,0.6
FE00354,Frontend_Developer,Frontend Developer,M,22-25,2,BSc,3.2,0.7378,0.8413,0.4125,0.772,0.6551,1.0,0.6897,0.7776,0.678,0.7178,1,3,0.15,0.3,0.55,0.2,0.3,0.5,0.4,0.6
FE00355,Frontend_Developer,Frontend Developer,M,22-25,2,BSc,3.9,0.6411,0.5564,0.8313,0.4938,0.6164,1.0,0.6891,0.7714,0.6076,0.6731,1,1,0.15,0.3,0.55,0.2,0.3,0.5,0.4,0.6
FE00356,Frontend_Developer,Frontend Developer,F,22-25,3,MSc,0.8,0.7772,0.766,0.628,0.7371,0.7909,0.4,0.75,0.6511,0.7101,0.6865,0,2,0.15,0.3,0.55,0.2,0.3,0.5,0.4,0.6
FE00357,Frontend_Developer,Frontend Developer,F,26-30,2,BSc,2.9,0.3541,0.7115,0.7955,0.7104,0.5016,1.0,0.6811,0.7498,0.7362,0.7416,1,2,0.15,0.3,0.55,0.2,0.3,0.5,0.4,0.6
FE00358,Frontend_Developer,Frontend Developer,F,26-30,2,BSc,1.0,0.5163,0.6571,0.6371,0.754,0.5665,0.5,0.6291,0.581,0.6996,0.6522,1,2,0.15,0.3,0.55,0.2,0.3,0.5,0.4,0.6
FE00359,Frontend_Developer,Frontend Developer,M,31-35,2,BSc,0.9,0.8609,0.6662,0.4277,0.5693,0.7044,0.45,0.6411,0.5933,0.5462,0.565,0,2,0.15,0.3,0.55,0.2,0.3,0.5,0.4,0.6
FE00360,Frontend_Developer,Frontend Developer,M,26-30,1,Diploma,2.3,0.734,0.5944,0.5801,0.597,0.5336,1.0,0.8103,0.8257,0.5914,0.6851,0,2,0.15,0.3,0.55,0.2,0.3,0.5,0.4,0.6
FE00361,Frontend_Developer,Frontend Developer,M,36-40,2,BSc,1.0,0.5986,0.6317,0.4336,0.6611,0.5995,0.5,0.5667,0.5516,0.587,0.5728,1,2,0.15,0.3,0.55,0.2,0.3,0.5,0.4,0.6
FE00362,Frontend_Developer,Frontend Developer,M,22-25,2,BSc,3.4,0.4835,0.7648,0.5585,0.8778,0.5534,1.0,0.6742,0.7538,0.7594,0.7572,1,2,0.15,0.3,0.55,0.2,0.3,0.5,0.4,0.6
FE00363,Frontend_Developer,Frontend Developer,F,26-30,2,BSc,1.1,0.7267,0.465,0.4902,0.6098,0.6507,0.55,0.429,0.4985,0.545,0.5264,1,1,0.15,0.3,0.55,0.2,0.3,0.5,0.4,0.6
FE00364,Frontend_Developer,Frontend Developer,M,36-40,1,Diploma,6.6,0.4138,0.6757,0.653,0.7102,0.4055,1.0,0.6869,0.7386,0.6861,0.7071,0,1,0.15,0.3,0.55,0.2,0.3,0.5,0.4,0.6
FE00365,Frontend_Developer,Frontend Developer,F,22-25,2,BSc,6.1,0.5359,0.5231,0.5469,0.6721,0.5744,1.0,0.6573,0.7477,0.6047,0.6619,1,2,0.15,0.3,0.55,0.2,0.3,0.5,0.4,0.6
FE00366,Frontend_Developer,Frontend Developer,M,26-30,3,MSc,0.0,0.8894,0.6897,0.6978,0.775,0.8357,0.0,0.6451,0.4802,0.7348,0.633,0,2,0.15,0.3,0.55,0.2,0.3,0.5,0.4,0.6
FE00367,Frontend_Developer,Frontend Developer,M,26-30,2,BSc,0.8,0.7628,0.6934,0.4335,0.2954,0.6651,0.4,0.5087,0.4995,0.4164,0.4496,0,0,0.15,0.3,0.55,0.2,0.3,0.5,0.4,0.6
FE00368,Frontend_Developer,Frontend Developer,M,22-25,2,BSc,7.1,0.6645,0.4156,0.8236,1.0,0.6258,1.0,0.7312,0.796,0.8302,0.8165,1,3,0.15,0.3,0.55,0.2,0.3,0.5,0.4,0.6
FE00369,Frontend_Developer,Frontend Developer,M,26-30,2,BSc,6.2,0.6093,0.675,0.4457,0.4987,0.6037,1.0,0.5413,0.6883,0.5181,0.5862,1,1,0.15,0.3,0.55,0.2,0.3,0.5,0.4,0.6
FE00370,Frontend_Developer,Frontend Developer,M,31-35,2,BSc,5.3,0.7756,0.7296,0.5956,0.9745,0.6702,1.0,0.7902,0.8351,0.8119,0.8212,1,3,0.15,0.3,0.55,0.2,0.3,0.5,0.4,0.6
FE00371,Frontend_Developer,Frontend Developer,F,22-25,2,BSc,0.0,0.6697,0.6473,0.5486,0.5824,0.6279,0.0,0.6607,0.4576,0.5852,0.5342,0,1,0.15,0.3,0.55,0.2,0.3,0.5,0.4,0.6
FE00372,Frontend_Developer,Frontend Developer,M,26-30,2,BSc,3.1,0.5537,0.7932,0.4046,0.4875,0.5815,1.0,0.5644,0.6976,0.5238,0.5933,1,2,0.15,0.3,0.55,0.2,0.3,0.5,0.4,0.6
FE00373,Frontend_Developer,Frontend Developer,M,31-35,2,BSc,5.4,0.4108,0.7861,0.6489,0.6415,0.5243,1.0,0.4989,0.653,0.6727,0.6648,1,1,0.15,0.3,0.55,0.2,0.3,0.5,0.4,0.6
FE00374,Frontend_Developer,Frontend Developer,F,31-35,3,MSc,5.0,0.4445,0.7399,0.6371,0.8006,0.6578,1.0,0.6383,0.7498,0.7394,0.7436,1,1,0.15,0.3,0.55,0.2,0.3,0.5,0.4,0.6
FE00375,Frontend_Developer,Frontend Developer,F,31-35,2,BSc,2.2,0.4897,0.5073,0.6294,0.4694,0.5559,1.0,0.6453,0.7383,0.525,0.6103,1,1,0.15,0.3,0.55,0.2,0.3,0.5,0.4,0.6
FE00376,Frontend_Developer,Frontend Developer,M,22-25,2,BSc,5.7,0.6542,0.8379,0.7258,0.6727,0.6217,1.0,0.7082,0.7828,0.7217,0.7461,1,2,0.15,0.3,0.55,0.2,0.3,0.5,0.4,0.6
FE00377,Frontend_Developer,Frontend Developer,F,36-40,2,BSc,0.0,0.5989,0.4724,0.3468,0.3094,0.5996,0.0,0.4243,0.3233,0.3532,0.3412,0,0,0.15,0.3,0.55,0.2,0.3,0.5,0.4,0.6
FE00378,Frontend_Developer,Frontend Developer,M,22-25,2,BSc,6.2,0.5788,0.7334,0.7811,0.8818,0.5915,1.0,0.4765,0.6508,0.8219,0.7535,1,2,0.15,0.3,0.55,0.2,0.3,0.5,0.4,0.6
FE00379,Frontend_Developer,Frontend Developer,M,22-25,3,MSc,0.4,0.6269,0.6395,0.6307,0.7052,0.7307,0.2,0.7358,0.5743,0.6697,0.6315,0,2,0.15,0.3,0.55,0.2,0.3,0.5,0.4,0.6
FE00380,Frontend_Developer,Frontend Developer,M,22-25,2,BSc,1.3,0.4185,0.5365,0.5745,0.7904,0.5274,0.65,0.5402,0.5712,0.6749,0.6334,1,1,0.15,0.3,0.55,0.2,0.3,0.5,0.4,0.6
FE00381,Frontend_Developer,Frontend Developer,M,26-30,2,BSc,4.2,0.7192,0.7151,0.7697,0.8045,0.6477,1.0,0.734,0.8008,0.7762,0.786,1,3,0.15,0.3,0.55,0.2,0.3,0.5,0.4,0.6
FE00382,Frontend_Developer,Frontend Developer,F,26-30,3,MSc,2.8,0.6212,0.7046,0.6992,0.6597,0.7285,1.0,0.5483,0.7108,0.6806,0.6927,1,1,0.15,0.3,0.55,0.2,0.3,0.5,0.4,0.6
FE00383,Frontend_Developer,Frontend Developer,F,26-30,3,MSc,2.3,0.551,0.6521,0.6394,0.8549,0.7004,1.0,0.7475,0.8162,0.7497,0.7763,1,3,0.15,0.3,0.55,0.2,0.3,0.5,0.4,0.6
FE00384,Frontend_Developer,Frontend Developer,F,31-35,2,BSc,5.1,0.6274,0.6673,0.6658,0.849,0.6109,1.0,0.7506,0.8045,0.7577,0.7764,1,3,0.15,0.3,0.55,0.2,0.3,0.5,0.4,0.6
FE00385,Frontend_Developer,Frontend Developer,F,26-30,2,BSc,3.3,0.7549,0.6531,0.6244,0.6653,0.662,1.0,0.614,0.737,0.6505,0.6851,1,2,0.15,0.3,0.55,0.2,0.3,0.5,0.4,0.6
FE00386,Frontend_Developer,Frontend Developer,F,26-30,2,BSc,5.4,0.6077,0.882,0.7402,0.7684,0.6031,1.0,1.0,0.9405,0.7827,0.8458,1,3,0.15,0.3,0.55,0.2,0.3,0.5,0.4,0.6
FE00387,Frontend_Developer,Frontend Developer,M,26-30,2,BSc,2.6,0.7947,0.6637,0.7828,0.7797,0.6779,1.0,0.8454,0.8666,0.7574,0.8011,1,3,0.15,0.3,0.55,0.2,0.3,0.5,0.4,0.6
FE00388,Frontend_Developer,Frontend Developer,M,26-30,2,BSc,2.5,0.7463,0.8117,0.5398,0.5306,0.6585,1.0,0.5732,0.714,0.5896,0.6394,1,1,0.15,0.3,0.55,0.2,0.3,0.5,0.4,0.6
FE00389,Frontend_Developer,Frontend Developer,M,22-25,2,BSc,4.8,0.6951,0.5022,0.4021,0.6866,0.638,1.0,0.6797,0.7696,0.5644,0.6465,1,2,0.15,0.3,0.55,0.2,0.3,0.5,0.4,0.6
FE00390,Frontend_Developer,Frontend Developer,M,22-25,3,MSc,2.4,0.7765,0.8777,0.6872,0.5828,0.7906,1.0,0.6704,0.7873,0.6731,0.7188,1,2,0.15,0.3,0.55,0.2,0.3,0.5,0.4,0.6
FE00391,Frontend_Developer,Frontend Developer,M,31-35,2,BSc,4.4,0.6543,0.3893,0.3883,0.6967,0.6217,1.0,0.4374,0.6338,0.5427,0.5791,1,1,0.15,0.3,0.55,0.2,0.3,0.5,0.4,0.6
FE00392,Frontend_Developer,Frontend Developer,F,36-40,3,MSc,0.0,0.6824,0.7699,0.5967,0.7734,0.753,0.0,0.6863,0.4904,0.7197,0.628,0,2,0.15,0.3,0.55,0.2,0.3,0.5,0.4,0.6
FE00393,Frontend_Developer,Frontend Developer,F,22-25,2,BSc,3.4,0.5324,0.6603,0.4616,0.6698,0.573,1.0,0.5277,0.6762,0.6054,0.6337,1,1,0.15,0.3,0.55,0.2,0.3,0.5,0.4,0.6
FE00394,Frontend_Developer,Frontend Developer,M,22-25,1,Diploma,4.5,0.346,0.6631,0.468,0.5475,0.3784,1.0,0.6889,0.7357,0.5468,0.6224,0,1,0.15,0.3,0.55,0.2,0.3,0.5,0.4,0.6
FE00395,Frontend_Developer,Frontend Developer,M,22-25,2,BSc,3.8,0.6203,0.9062,0.674,0.801,0.6081,1.0,0.6583,0.7533,0.784,0.7717,1,2,0.15,0.3,0.55,0.2,0.3,0.5,0.4,0.6
FE00396,Frontend_Developer,Frontend Developer,M,31-35,2,BSc,4.7,0.6092,0.7129,0.6297,0.8385,0.6037,1.0,0.7435,0.7995,0.7507,0.7702,1,3,0.15,0.3,0.55,0.2,0.3,0.5,0.4,0.6
FE00397,Frontend_Developer,Frontend Developer,F,26-30,2,BSc,2.0,0.4907,0.5131,0.697,0.6098,0.5563,1.0,0.6637,0.7485,0.6166,0.6694,1,2,0.15,0.3,0.55,0.2,0.3,0.5,0.4,0.6
FE00398,Frontend_Developer,Frontend Developer,M,31-35,3,MSc,0.2,0.6919,0.5173,0.5698,0.4565,0.7568,0.1,0.5485,0.4452,0.5026,0.4796,0,1,0.15,0.3,0.55,0.2,0.3,0.5,0.4,0.6
FE00399,Frontend_Developer,Frontend Developer,M,26-30,2,BSc,0.0,0.5032,0.5059,0.7028,0.7428,0.5613,0.0,0.5115,0.3655,0.6834,0.5562,0,1,0.15,0.3,0.55,0.2,0.3,0.5,0.4,0.6
FE00400,Frontend_Developer,Frontend Developer,M,40+,2,BSc,2.1,0.6119,0.8454,0.4124,0.6967,0.6048,1.0,0.5711,0.7048,0.6411,0.6666,1,2,0.15,0.3,0.55,0.2,0.3,0.5,0.4,0.6
FE00401,Frontend_Developer,Frontend Developer,M,31-35,3,MSc,1.6,0.4361,0.6091,0.5744,0.8817,0.6544,0.8,0.6097,0.6735,0.735,0.7104,1,2,0.15,0.3,0.55,0.2,0.3,0.5,0.4,0.6
FE00402,Frontend_Developer,Frontend Developer,F,31-35,2,BSc,4.5,0.58,0.9221,0.5338,0.7638,0.592,1.0,0.5974,0.7174,0.7265,0.7229,1,2,0.15,0.3,0.55,0.2,0.3,0.5,0.4,0.6
FE00403,Frontend_Developer,Frontend Developer,F,31-35,2,BSc,5.3,0.6763,0.7092,0.8179,0.7865,0.6305,1.0,0.8032,0.8364,0.7805,0.8029,1,3,0.15,0.3,0.55,0.2,0.3,0.5,0.4,0.6
FE00404,Frontend_Developer,Frontend Developer,F,26-30,1,Diploma,4.5,0.4936,0.4068,0.3582,0.644,0.4374,1.0,0.4207,0.597,0.5108,0.5453,0,1,0.15,0.3,0.55,0.2,0.3,0.5,0.4,0.6
FE00405,Frontend_Developer,Frontend Developer,M,26-30,3,MSc,5.4,0.6427,0.7455,0.4647,0.7163,0.7371,1.0,0.6084,0.7452,0.6466,0.686,1,2,0.15,0.3,0.55,0.2,0.3,0.5,0.4,0.6
FE00406,Frontend_Developer,Frontend Developer,M,26-30,2,BSc,3.3,0.625,0.5419,0.6174,0.8297,0.61,1.0,0.7935,0.8279,0.7084,0.7562,1,3,0.15,0.3,0.55,0.2,0.3,0.5,0.4,0.6
FE00407,Frontend_Developer,Frontend Developer,M,22-25,2,BSc,4.7,0.7563,0.7038,0.8794,1.0,0.6625,1.0,0.8871,0.8873,0.9046,0.8977,1,3,0.15,0.3,0.55,0.2,0.3,0.5,0.4,0.6
FE00408,Frontend_Developer,Frontend Developer,M,26-30,2,BSc,4.2,0.6713,0.7995,0.5822,0.6859,0.6285,1.0,0.6142,0.7321,0.6775,0.6993,1,2,0.15,0.3,0.55,0.2,0.3,0.5,0.4,0.6
FE00409,Frontend_Developer,Frontend Developer,M,26-30,2,BSc,1.7,0.475,0.4377,0.4372,0.8256,0.55,0.85,0.5704,0.6512,0.6315,0.6394,1,2,0.15,0.3,0.55,0.2,0.3,0.5,0.4,0.6
FE00410,Frontend_Developer,Frontend Developer,M,31-35,3,MSc,1.8,0.5541,0.6555,0.6903,0.5602,0.7016,0.9,0.4853,0.6422,0.6183,0.6279,1,1,0.15,0.3,0.55,0.2,0.3,0.5,0.4,0.6
FE00411,Frontend_Developer,Frontend Developer,M,31-35,2,BSc,3.3,0.3687,0.6708,0.5877,0.515,0.5075,1.0,0.5045,0.6536,0.568,0.6022,1,1,0.15,0.3,0.55,0.2,0.3,0.5,0.4,0.6
FE00412,Frontend_Developer,Frontend Developer,F,26-30,1,Diploma,3.4,0.6157,0.816,0.6847,0.7476,0.4863,1.0,0.8014,0.8137,0.7424,0.7709,0,3,0.15,0.3,0.55,0.2,0.3,0.5,0.4,0.6
FE00413,Frontend_Developer,Frontend Developer,M,31-35,2,BSc,3.7,0.668,0.7055,0.722,0.6193,0.6272,1.0,0.7454,0.804,0.6673,0.722,1,3,0.15,0.3,0.55,0.2,0.3,0.5,0.4,0.6
FE00414,Frontend_Developer,Frontend Developer,F,26-30,1,Diploma,0.7,0.6246,0.6378,0.5503,0.5477,0.4899,0.35,0.3099,0.3489,0.5665,0.4795,0,0,0.15,0.3,0.55,0.2,0.3,0.5,0.4,0.6
FE00415,Frontend_Developer,Frontend Developer,M,22-25,2,BSc,5.2,0.4836,0.7193,0.6979,0.9278,0.5534,1.0,0.8942,0.8748,0.8171,0.8402,1,3,0.15,0.3,0.55,0.2,0.3,0.5,0.4,0.6
FE00416,Frontend_Developer,Frontend Developer,F,22-25,2,BSc,2.1,0.5986,0.5925,0.5396,0.673,0.5994,1.0,0.5937,0.7164,0.6169,0.6567,1,2,0.15,0.3,0.55,0.2,0.3,0.5,0.4,0.6
FE00417,Frontend_Developer,Frontend Developer,M,31-35,2,BSc,3.3,0.4886,0.922,0.5027,0.8045,0.5554,1.0,0.671,0.7524,0.7375,0.7435,1,2,0.15,0.3,0.55,0.2,0.3,0.5,0.4,0.6
FE00418,Frontend_Developer,Frontend Developer,F,22-25,2,BSc,3.9,0.5854,0.5953,0.7439,0.4266,0.5942,1.0,0.6931,0.7704,0.5556,0.6415,1,1,0.15,0.3,0.55,0.2,0.3,0.5,0.4,0.6
FE00419,Frontend_Developer,Frontend Developer,M,22-25,2,BSc,3.1,0.6531,0.6657,0.7117,0.6956,0.6212,1.0,0.7054,0.7812,0.6944,0.7291,1,1,0.15,0.3,0.55,0.2,0.3,0.5,0.4,0.6
FE00420,Frontend_Developer,Frontend Developer,F,26-30,2,BSc,4.9,0.7733,0.6089,0.482,0.8273,0.6693,1.0,0.745,0.8102,0.6801,0.7321,1,3,0.15,0.3,0.55,0.2,0.3,0.5,0.4,0.6
FE00421,Frontend_Developer,Frontend Developer,F,26-30,2,BSc,2.8,0.5283,0.5683,0.7701,0.3295,0.5713,1.0,0.581,0.7053,0.5095,0.5878,1,0,0.15,0.3,0.55,0.2,0.3,0.5,0.4,0.6
FE00422,Frontend_Developer,Frontend Developer,M,26-30,3,MSc,3.2,0.5499,0.7851,0.6395,0.734,0.6999,1.0,1.0,0.955,0.7159,0.8115,1,2,0.15,0.3,0.55,0.2,0.3,0.5,0.4,0.6
FE00423,Frontend_Developer,Frontend Developer,F,26-30,2,BSc,4.6,0.6965,0.4544,0.5016,0.9122,0.6386,1.0,0.661,0.7593,0.6974,0.7222,1,2,0.15,0.3,0.55,0.2,0.3,0.5,0.4,0.6
FE00424,Frontend_Developer,Frontend Developer,F,22-25,2,BSc,3.8,0.5549,0.8017,0.561,0.7493,0.582,1.0,0.6926,0.7682,0.7033,0.7293,1,2,0.15,0.3,0.55,0.2,0.3,0.5,0.4,0.6
FE00425,Frontend_Developer,Frontend Developer,F,26-30,2,BSc,5.4,0.8629,0.5854,0.8788,0.8372,0.7051,1.0,0.7657,0.8269,0.7993,0.8103,1,3,0.15,0.3,0.55,0.2,0.3,0.5,0.4,0.6
FE00426,Frontend_Developer,Frontend Developer,M,26-30,4,PhD,5.2,0.8002,0.6989,0.607,0.6703,0.9201,1.0,0.6893,0.8171,0.657,0.721,1,2,0.15,0.3,0.55,0.2,0.3,0.5,0.4,0.6
FE00427,Frontend_Developer,Frontend Developer,M,31-35,4,PhD,3.0,0.6391,0.8726,0.5336,0.7542,0.8556,1.0,0.8994,0.923,0.7117,0.7962,1,3,0.15,0.3,0.55,0.2,0.3,0.5,0.4,0.6
FE00428,Frontend_Developer,Frontend Developer,M,31-35,2,BSc,1.4,0.6793,0.6724,0.6664,0.4256,0.6317,0.7,0.5864,0.6273,0.5472,0.5792,1,1,0.15,0.3,0.55,0.2,0.3,0.5,0.4,0.6
FE00429,Frontend_Developer,Frontend Developer,F,22-25,3,MSc,1.1,0.7088,0.8318,0.631,0.7298,0.7635,0.55,0.7589,0.6969,0.7206,0.7111,1,2,0.15,0.3,0.55,0.2,0.3,0.5,0.4,0.6
FE00430,Frontend_Developer,Frontend Developer,F,26-30,3,MSc,4.3,0.8542,0.7098,0.9553,0.8186,0.8217,1.0,0.7869,0.856,0.8378,0.8451,1,3,0.15,0.3,0.55,0.2,0.3,0.5,0.4,0.6
FE00431,Frontend_Developer,Frontend Developer,M,31-35,2,BSc,2.6,0.839,0.8632,0.5993,0.5601,0.6956,1.0,0.6757,0.776,0.6325,0.6899,1,2,0.15,0.3,0.55,0.2,0.3,0.5,0.4,0.6
FE00432,Frontend_Developer,Frontend Developer,F,31-35,2,BSc,5.5,0.3493,0.6339,0.586,0.8118,0.4997,1.0,0.5928,0.701,0.7085,0.7055,1,2,0.15,0.3,0.55,0.2,0.3,0.5,0.4,0.6
FE00433,Frontend_Developer,Frontend Developer,M,31-35,3,MSc,2.7,0.5218,0.8006,0.5965,0.8199,0.6887,1.0,0.8357,0.8629,0.749,0.7946,1,3,0.15,0.3,0.55,0.2,0.3,0.5,0.4,0.6
FE00434,Frontend_Developer,Frontend Developer,F,22-25,3,MSc,4.0,0.364,0.7085,0.5283,0.6639,0.6256,1.0,0.5498,0.6962,0.6321,0.6577,1,1,0.15,0.3,0.55,0.2,0.3,0.5,0.4,0.6
FE00435,Frontend_Developer,Frontend Developer,M,22-25,2,BSc,4.8,0.6732,0.6427,0.6411,0.954,0.6293,1.0,0.6656,0.7605,0.7979,0.7829,1,2,0.15,0.3,0.55,0.2,0.3,0.5,0.4,0.6
FE00436,Frontend_Developer,Frontend Developer,M,26-30,2,BSc,3.5,0.5644,0.7415,0.4907,0.6097,0.5858,1.0,0.6981,0.7718,0.6004,0.669,1,2,0.15,0.3,0.55,0.2,0.3,0.5,0.4,0.6
FE00437,Frontend_Developer,Frontend Developer,M,26-30,3,MSc,3.7,0.5227,0.7943,0.94,0.8862,0.6891,1.0,0.8457,0.8685,0.884,0.8778,1,3,0.15,0.3,0.55,0.2,0.3,0.5,0.4,0.6
FE00438,Frontend_Developer,Frontend Developer,F,22-25,2,BSc,1.8,0.2461,0.6979,0.7829,0.5937,0.4584,0.9,0.7708,0.7627,0.6713,0.7079,1,2,0.15,0.3,0.55,0.2,0.3,0.5,0.4,0.6
FE00439,Frontend_Developer,Frontend Developer,M,31-35,2,BSc,2.0,0.7048,0.6819,0.5021,0.5812,0.6419,1.0,0.8166,0.8454,0.5776,0.6847,1,3,0.15,0.3,0.55,0.2,0.3,0.5,0.4,0.6
FE00440,Frontend_Developer,Frontend Developer,M,26-30,2,BSc,1.5,0.5408,0.7296,0.5989,0.9192,0.5763,0.75,0.5222,0.5986,0.7852,0.7106,1,2,0.15,0.3,0.55,0.2,0.3,0.5,0.4,0.6
FE00441,Frontend_Developer,Frontend Developer,M,22-25,2,BSc,4.1,0.7107,0.5658,0.8794,0.8188,0.6443,1.0,0.6016,0.7275,0.7864,0.7628,1,2,0.15,0.3,0.55,0.2,0.3,0.5,0.4,0.6
FE00442,Frontend_Developer,Frontend Developer,M,31-35,2,BSc,1.9,0.4809,0.4459,0.5079,0.8869,0.5523,0.95,0.7217,0.7648,0.685,0.7169,1,3,0.15,0.3,0.55,0.2,0.3,0.5,0.4,0.6
FE00443,Frontend_Developer,Frontend Developer,M,31-35,2,BSc,5.5,0.7219,0.771,0.8337,0.7458,0.6488,1.0,0.9277,0.9076,0.7772,0.8294,1,3,0.15,0.3,0.55,0.2,0.3,0.5,0.4,0.6
FE00444,Frontend_Developer,Frontend Developer,F,31-35,2,BSc,2.3,0.7622,0.5828,0.546,0.7661,0.6649,1.0,0.5444,0.6991,0.6634,0.6777,1,1,0.15,0.3,0.55,0.2,0.3,0.5,0.4,0.6
FE00445,Frontend_Developer,Frontend Developer,F,22-25,3,MSc,5.1,0.5952,0.8422,0.8632,0.9576,0.7181,1.0,0.7116,0.7991,0.9062,0.8634,1,1,0.15,0.3,0.55,0.2,0.3,0.5,0.4,0.6
FE00446,Frontend_Developer,Frontend Developer,M,26-30,2,BSc,0.1,0.4716,0.4937,0.4722,0.2847,0.5486,0.05,0.5,0.3723,0.3827,0.3785,0,0,0.15,0.3,0.55,0.2,0.3,0.5,0.4,0.6
FE00447,Frontend_Developer,Frontend Developer,M,31-35,3,MSc,2.0,0.5612,0.7277,0.6707,0.5865,0.7045,1.0,0.7081,0.7951,0.64,0.702,1,2,0.15,0.3,0.55,0.2,0.3,0.5,0.4,0.6
FE00448,Frontend_Developer,Frontend Developer,F,31-35,2,BSc,1.0,0.6855,0.7319,0.4299,0.5068,0.6342,0.5,0.4744,0.5061,0.5287,0.5197,1,1,0.15,0.3,0.55,0.2,0.3,0.5,0.4,0.6
FE00449,Frontend_Developer,Frontend Developer,F,31-35,2,BSc,1.6,0.4489,0.6153,0.6591,0.7678,0.5396,0.8,0.5323,0.6137,0.7047,0.6683,1,1,0.15,0.3,0.55,0.2,0.3,0.5,0.4,0.6
FE00450,Frontend_Developer,Frontend Developer,M,26-30,2,BSc,5.2,0.5442,0.6829,0.7008,0.8542,0.5777,1.0,0.6039,0.7188,0.7739,0.7519,1,2,0.15,0.3,0.55,0.2,0.3,0.5,0.4,0.6
FE00451,Frontend_Developer,Frontend Developer,M,31-35,2,BSc,7.3,0.7085,0.6966,0.8231,0.7802,0.6434,1.0,0.8053,0.8394,0.7763,0.8015,1,2,0.15,0.3,0.55,0.2,0.3,0.5,0.4,0.6
FE00452,Frontend_Developer,Frontend Developer,M,22-25,2,BSc,2.3,0.6131,0.5967,0.5588,0.4474,0.6052,1.0,0.5181,0.6757,0.5107,0.5767,1,1,0.15,0.3,0.55,0.2,0.3,0.5,0.4,0.6
FE00453,Frontend_Developer,Frontend Developer,M,22-25,2,BSc,1.6,0.6306,0.5781,0.6475,0.5401,0.6123,0.8,0.4071,0.5558,0.5799,0.5703,1,1,0.15,0.3,0.55,0.2,0.3,0.5,0.4,0.6
FE00454,Frontend_Developer,Frontend Developer,F,22-25,2,BSc,4.8,0.6455,0.7685,1.0,0.8161,0.6182,1.0,0.675,0.764,0.8617,0.8226,1,2,0.15,0.3,0.55,0.2,0.3,0.5,0.4,0.6
FE00455,Frontend_Developer,Frontend Developer,F,26-30,2,BSc,1.9,0.5823,0.529,0.9853,0.7246,0.5929,0.95,0.7872,0.8069,0.7637,0.781,1,2,0.15,0.3,0.55,0.2,0.3,0.5,0.4,0.6
FE00456,Frontend_Developer,Frontend Developer,M,36-40,2,BSc,6.4,0.4697,0.6924,0.7552,0.8511,0.5479,1.0,0.8323,0.8399,0.7906,0.8103,1,2,0.15,0.3,0.55,0.2,0.3,0.5,0.4,0.6
FE00457,Frontend_Developer,Frontend Developer,M,36-40,3,MSc,3.8,0.7826,0.6432,0.7301,0.4313,0.7931,1.0,0.7068,0.8077,0.5633,0.6611,1,1,0.15,0.3,0.55,0.2,0.3,0.5,0.4,0.6
FE00458,Frontend_Developer,Frontend Developer,F,26-30,2,BSc,1.5,0.6055,0.7367,0.7195,0.7069,0.6022,0.75,0.7003,0.7005,0.7166,0.7102,1,2,0.15,0.3,0.55,0.2,0.3,0.5,0.4,0.6
FE00459,Frontend_Developer,Frontend Developer,M,40+,3,MSc,1.8,0.6295,0.6284,0.4015,0.7044,0.7318,0.9,0.5035,0.6567,0.5983,0.6217,1,1,0.15,0.3,0.55,0.2,0.3,0.5,0.4,0.6
FE00460,Frontend_Developer,Frontend Developer,M,22-25,2,BSc,1.0,0.7341,0.8224,0.5644,0.6298,0.6536,0.5,0.7302,0.6496,0.6487,0.6491,1,2,0.15,0.3,0.55,0.2,0.3,0.5,0.4,0.6
FE00461,Frontend_Developer,Frontend Developer,M,36-40,2,BSc,6.3,0.5845,0.6345,0.5968,0.7907,0.5938,1.0,0.5459,0.6893,0.7013,0.6965,1,1,0.15,0.3,0.55,0.2,0.3,0.5,0.4,0.6
FE00462,Frontend_Developer,Frontend Developer,M,31-35,2,BSc,1.4,0.6666,0.5982,0.5883,0.7809,0.6267,0.7,0.6494,0.6612,0.6866,0.6764,1,2,0.15,0.3,0.55,0.2,0.3,0.5,0.4,0.6
FE00463,Frontend_Developer,Frontend Developer,F,26-30,1,Diploma,0.8,0.7443,0.4276,0.2438,0.549,0.5377,0.4,0.5737,0.5162,0.4332,0.4664,0,1,0.15,0.3,0.55,0.2,0.3,0.5,0.4,0.6
FE00464,Frontend_Developer,Frontend Developer,M,22-25,3,MSc,7.3,0.3987,0.9341,0.9133,1.0,0.6395,1.0,1.0,0.9459,0.9608,0.9548,1,3,0.15,0.3,0.55,0.2,0.3,0.5,0.4,0.6
FE00465,Frontend_Developer,Frontend Developer,M,26-30,2,BSc,0.0,0.8519,0.6416,0.4834,0.6283,0.7008,0.0,0.6341,0.4539,0.5875,0.5341,0,1,0.15,0.3,0.55,0.2,0.3,0.5,0.4,0.6
FE00466,Frontend_Developer,Frontend Developer,M,22-25,1,Diploma,1.2,0.3856,0.5187,0.7103,0.4465,0.3943,0.6,0.5575,0.5458,0.5401,0.5424,0,1,0.15,0.3,0.55,0.2,0.3,0.5,0.4,0.6
FE00467,Frontend_Developer,Frontend Developer,M,36-40,2,BSc,2.2,0.5958,0.6795,0.6701,0.6883,0.5983,1.0,0.388,0.6031,0.6811,0.6499,1,1,0.15,0.3,0.55,0.2,0.3,0.5,0.4,0.6
FE00468,Frontend_Developer,Frontend Developer,F,22-25,2,BSc,4.1,0.4468,0.6192,0.597,0.9072,0.5387,1.0,0.4204,0.612,0.7565,0.6987,1,1,0.15,0.3,0.55,0.2,0.3,0.5,0.4,0.6
FE00469,Frontend_Developer,Frontend Developer,F,26-30,2,BSc,2.0,0.6765,0.7812,0.4699,0.7295,0.6306,1.0,0.5563,0.7006,0.662,0.6774,1,2,0.15,0.3,0.55,0.2,0.3,0.5,0.4,0.6
FE00470,Frontend_Developer,Frontend Developer,M,26-30,2,BSc,1.7,0.6251,0.5475,0.7208,0.6678,0.61,0.85,0.5902,0.6711,0.6597,0.6643,1,2,0.15,0.3,0.55,0.2,0.3,0.5,0.4,0.6
FE00471,Frontend_Developer,Frontend Developer,F,36-40,2,BSc,6.4,0.728,0.5522,0.5953,0.7583,0.6512,1.0,0.4489,0.6446,0.6682,0.6588,1,1,0.15,0.3,0.55,0.2,0.3,0.5,0.4,0.6
FE00472,Frontend_Developer,Frontend Developer,M,26-30,2,BSc,3.3,0.5755,0.6196,0.5616,0.6266,0.5902,1.0,0.8121,0.8352,0.6057,0.6975,1,2,0.15,0.3,0.55,0.2,0.3,0.5,0.4,0.6
FE00473,Frontend_Developer,Frontend Developer,M,26-30,2,BSc,4.9,0.7428,0.6573,0.6527,0.6904,0.6571,1.0,0.6393,0.7502,0.6725,0.7036,1,2,0.15,0.3,0.55,0.2,0.3,0.5,0.4,0.6
FE00474,Frontend_Developer,Frontend Developer,F,26-30,2,BSc,2.6,0.6147,0.5005,0.5515,0.7195,0.6059,1.0,0.7494,0.8031,0.6253,0.6964,1,2,0.15,0.3,0.55,0.2,0.3,0.5,0.4,0.6
FE00475,Frontend_Developer,Frontend Developer,M,26-30,2,BSc,3.1,0.6092,0.6916,0.602,0.5504,0.6037,1.0,0.5169,0.6748,0.5941,0.6264,1,1,0.15,0.3,0.55,0.2,0.3,0.5,0.4,0.6
FE00476,Frontend_Developer,Frontend Developer,F,26-30,2,BSc,1.0,0.9271,0.6063,0.2831,0.7645,0.7308,0.5,0.6594,0.6223,0.5884,0.602,1,2,0.15,0.3,0.55,0.2,0.3,0.5,0.4,0.6
FE00477,Frontend_Developer,Frontend Developer,M,22-25,2,BSc,0.4,0.6617,0.8218,0.3716,0.6318,0.6247,0.2,0.6128,0.4907,0.5918,0.5514,0,1,0.15,0.3,0.55,0.2,0.3,0.5,0.4,0.6
FE00478,Frontend_Developer,Frontend Developer,F,26-30,2,BSc,3.6,0.4648,0.503,0.5699,0.7106,0.5459,1.0,0.4815,0.6467,0.6269,0.6348,1,2,0.15,0.3,0.55,0.2,0.3,0.5,0.4,0.6
FE00479,Frontend_Developer,Frontend Developer,F,31-35,2,BSc,1.4,0.7405,0.7999,0.4496,0.4973,0.6562,0.7,0.6707,0.6773,0.5435,0.597,1,2,0.15,0.3,0.55,0.2,0.3,0.5,0.4,0.6
FE00480,Frontend_Developer,Frontend Developer,F,26-30,2,BSc,3.9,0.5077,0.556,0.6276,0.6746,0.5631,1.0,0.7881,0.8179,0.6368,0.7092,1,2,0.15,0.3,0.55,0.2,0.3,0.5,0.4,0.6
FE00481,Frontend_Developer,Frontend Developer,F,22-25,3,MSc,4.7,0.6617,0.687,0.4323,0.8726,0.7447,1.0,0.6679,0.779,0.7034,0.7336,1,2,0.15,0.3,0.55,0.2,0.3,0.5,0.4,0.6
FE00482,Frontend_Developer,Frontend Developer,M,31-35,2,BSc,8.9,0.5332,0.5077,0.8473,0.9244,0.5733,1.0,0.686,0.7633,0.8179,0.7961,1,2,0.15,0.3,0.55,0.2,0.3,0.5,0.4,0.6
FE00483,Frontend_Developer,Frontend Developer,M,31-35,2,BSc,3.8,0.7389,0.8202,0.5809,0.5315,0.6556,1.0,0.6487,0.7551,0.6041,0.6645,1,1,0.15,0.3,0.55,0.2,0.3,0.5,0.4,0.6
FE00484,Frontend_Developer,Frontend Developer,M,26-30,2,BSc,2.5,0.603,0.6651,0.6386,0.5323,0.6012,1.0,0.6517,0.7486,0.5908,0.6539,1,1,0.15,0.3,0.55,0.2,0.3,0.5,0.4,0.6
FE00485,Frontend_Developer,Frontend Developer,M,22-25,3,MSc,4.9,0.615,0.7079,0.7351,0.8292,0.726,1.0,0.8322,0.8666,0.7767,0.8127,1,3,0.15,0.3,0.55,0.2,0.3,0.5,0.4,0.6
FE00486,Frontend_Developer,Frontend Developer,F,36-40,2,BSc,4.0,0.672,0.5876,0.5114,0.7048,0.6288,1.0,0.7211,0.7909,0.6234,0.6904,1,2,0.15,0.3,0.55,0.2,0.3,0.5,0.4,0.6
FE00487,Frontend_Developer,Frontend Developer,F,22-25,2,BSc,1.5,0.7313,0.7522,0.6338,0.5742,0.6525,0.75,0.8439,0.787,0.6277,0.6914,1,2,0.15,0.3,0.55,0.2,0.3,0.5,0.4,0.6
FE00488,Frontend_Developer,Frontend Developer,M,26-30,2,BSc,5.0,0.602,0.6088,0.5999,0.7664,0.6008,1.0,0.6342,0.7389,0.6849,0.7065,1,2,0.15,0.3,0.55,0.2,0.3,0.5,0.4,0.6
FE00489,Frontend_Developer,Frontend Developer,F,26-30,2,BSc,0.0,0.4285,0.8589,0.6212,0.6559,0.5314,0.0,0.8549,0.5499,0.6861,0.6316,0,2,0.15,0.3,0.55,0.2,0.3,0.5,0.4,0.6
FE00490,Frontend_Developer,Frontend Developer,F,22-25,2,BSc,2.0,0.5152,0.7015,0.5833,0.9046,0.5661,1.0,0.6956,0.7675,0.7676,0.7676,1,2,0.15,0.3,0.55,0.2,0.3,0.5,0.4,0.6
FE00491,Frontend_Developer,Frontend Developer,M,26-30,2,BSc,0.5,0.4909,0.7442,0.4967,0.34,0.5564,0.25,0.4063,0.3819,0.4679,0.4335,0,0,0.15,0.3,0.55,0.2,0.3,0.5,0.4,0.6
FE00492,Frontend_Developer,Frontend Developer,M,22-25,2,BSc,0.6,0.6789,0.6326,0.6583,0.7182,0.6316,0.3,0.4624,0.439,0.6831,0.5855,0,1,0.15,0.3,0.55,0.2,0.3,0.5,0.4,0.6
FE00493,Frontend_Developer,Frontend Developer,M,40+,2,BSc,2.1,0.5374,0.5349,0.6846,0.532,0.575,1.0,0.6711,0.7554,0.5783,0.6491,1,1,0.15,0.3,0.55,0.2,0.3,0.5,0.4,0.6
FE00494,Frontend_Developer,Frontend Developer,M,36-40,2,BSc,4.9,0.8709,0.6453,0.6239,0.9612,0.7084,1.0,0.7078,0.7956,0.7969,0.7964,1,2,0.15,0.3,0.55,0.2,0.3,0.5,0.4,0.6
FE00495,Frontend_Developer,Frontend Developer,M,22-25,2,BSc,2.5,0.6523,0.7663,0.7833,0.5982,0.6209,1.0,0.779,0.8216,0.6873,0.741,1,2,0.15,0.3,0.55,0.2,0.3,0.5,0.4,0.6
FE00496,Frontend_Developer,Frontend Developer,M,22-25,2,BSc,2.8,0.5612,0.5985,0.453,0.7797,0.5845,1.0,0.545,0.6874,0.6455,0.6623,1,1,0.15,0.3,0.55,0.2,0.3,0.5,0.4,0.6
FE00497,Frontend_Developer,Frontend Developer,F,26-30,3,MSc,3.4,0.6441,0.6943,0.5951,0.7737,0.7377,1.0,0.6823,0.7859,0.7042,0.7369,1,2,0.15,0.3,0.55,0.2,0.3,0.5,0.4,0.6
FE00498,Frontend_Developer,Frontend Developer,F,40+,2,BSc,2.5,0.744,0.7825,0.6022,0.626,0.6576,1.0,0.5862,0.721,0.6502,0.6785,1,1,0.15,0.3,0.55,0.2,0.3,0.5,0.4,0.6
FE00499,Frontend_Developer,Frontend Developer,M,36-40,2,BSc,2.9,0.5669,0.7338,0.5632,0.7207,0.5868,1.0,0.597,0.7164,0.6761,0.6922,1,2,0.15,0.3,0.55,0.2,0.3,0.5,0.4,0.6
FE00500,Frontend_Developer,Frontend Developer,M,36-40,1,Diploma,4.1,0.5126,0.7655,0.693,0.935,0.445,1.0,0.8235,0.8197,0.8285,0.825,0,3,0.15,0.3,0.55,0.2,0.3,0.5,0.4,0.6
FE00501,Frontend_Developer,Frontend Developer,F,31-35,2,BSc,1.7,0.6902,0.712,0.5015,0.495,0.6361,0.85,0.3992,0.57,0.5403,0.5522,1,1,0.15,0.3,0.55,0.2,0.3,0.5,0.4,0.6
FE00502,Frontend_Developer,Frontend Developer,M,22-25,2,BSc,2.0,0.6973,0.6049,0.3964,0.6693,0.6389,1.0,0.651,0.7539,0.5746,0.6463,1,2,0.15,0.3,0.55,0.2,0.3,0.5,0.4,0.6
FE00503,Frontend_Developer,Frontend Developer,F,22-25,2,BSc,2.3,0.7787,0.8638,0.6839,0.6183,0.6715,1.0,0.7151,0.7941,0.6871,0.7299,1,2,0.15,0.3,0.55,0.2,0.3,0.5,0.4,0.6
FE00504,Frontend_Developer,Frontend Developer,F,26-30,4,PhD,1.5,0.2685,0.7465,0.5872,0.7914,0.7074,0.75,0.5692,0.6442,0.7211,0.6903,1,2,0.15,0.3,0.55,0.2,0.3,0.5,0.4,0.6
FE00505,Frontend_Developer,Frontend Developer,F,31-35,2,BSc,2.8,0.6826,0.6191,0.5485,0.6403,0.6331,1.0,0.4896,0.6642,0.6085,0.6308,1,1,0.15,0.3,0.55,0.2,0.3,0.5,0.4,0.6
FE00506,Frontend_Developer,Frontend Developer,M,22-25,2,BSc,5.2,0.4454,0.5899,0.5909,0.8985,0.5382,1.0,0.6195,0.7215,0.7445,0.7353,1,2,0.15,0.3,0.55,0.2,0.3,0.5,0.4,0.6
FE00507,Frontend_Developer,Frontend Developer,M,40+,2,BSc,2.2,0.4423,0.6821,0.4336,0.645,0.5369,1.0,0.5965,0.7086,0.589,0.6368,1,2,0.15,0.3,0.55,0.2,0.3,0.5,0.4,0.6
FE00508,Frontend_Developer,Frontend Developer,F,22-25,2,BSc,4.0,0.5944,0.6391,0.6519,0.6388,0.5978,1.0,0.8036,0.8317,0.6428,0.7184,1,2,0.15,0.3,0.55,0.2,0.3,0.5,0.4,0.6
FE00509,Frontend_Developer,Frontend Developer,M,26-30,2,BSc,0.5,0.6238,0.7299,0.5773,0.6193,0.6095,0.25,0.7677,0.5887,0.6288,0.6128,0,2,0.15,0.3,0.55,0.2,0.3,0.5,0.4,0.6
FE00510,Frontend_Developer,Frontend Developer,M,22-25,1,Diploma,6.2,0.564,0.4637,0.7911,1.0,0.4656,1.0,0.7219,0.7669,0.8301,0.8048,0,3,0.15,0.3,0.55,0.2,0.3,0.5,0.4,0.6
FE00511,Frontend_Developer,Frontend Developer,M,31-35,2,BSc,0.7,0.648,0.7345,0.27,0.5902,0.6192,0.35,0.5588,0.5052,0.523,0.5159,0,1,0.15,0.3,0.55,0.2,0.3,0.5,0.4,0.6
FE00512,Frontend_Developer,Frontend Developer,F,36-40,2,BSc,2.2,0.6169,0.7454,0.6085,0.7119,0.6068,1.0,0.7764,0.818,0.6876,0.7398,1,2,0.15,0.3,0.55,0.2,0.3,0.5,0.4,0.6
FE00513,Frontend_Developer,Frontend Developer,M,22-25,2,BSc,4.5,0.6041,0.6724,0.7407,0.7612,0.6017,1.0,0.6368,0.7405,0.7373,0.7386,1,2,0.15,0.3,0.55,0.2,0.3,0.5,0.4,0.6
FE00514,Frontend_Developer,Frontend Developer,M,26-30,2,BSc,0.0,0.5848,0.8126,0.7394,0.5615,0.5939,0.0,0.6914,0.4694,0.6651,0.5868,0,2,0.15,0.3,0.55,0.2,0.3,0.5,0.4,0.6
FE00515,Frontend_Developer,Frontend Developer,M,31-35,2,BSc,1.8,0.6048,0.8947,0.3285,0.6447,0.6019,0.9,0.6097,0.6956,0.5999,0.6382,1,2,0.15,0.3,0.55,0.2,0.3,0.5,0.4,0.6
FE00516,Frontend_Developer,Frontend Developer,M,26-30,2,BSc,6.8,0.3987,0.559,0.9919,0.7658,0.5195,1.0,0.5967,0.7061,0.7923,0.7578,1,2,0.15,0.3,0.55,0.2,0.3,0.5,0.4,0.6
FE00517,Frontend_Developer,Frontend Developer,M,36-40,3,MSc,3.2,0.5222,0.5282,0.5566,0.7367,0.6889,1.0,0.4684,0.6609,0.641,0.649,1,2,0.15,0.3,0.55,0.2,0.3,0.5,0.4,0.6
FE00518,Frontend_Developer,Frontend Developer,F,40+,2,BSc,2.7,0.5317,0.7847,0.6701,0.6008,0.5727,1.0,0.7712,0.81,0.6584,0.719,1,2,0.15,0.3,0.55,0.2,0.3,0.5,0.4,0.6
FE00519,Frontend_Developer,Frontend Developer,M,26-30,2,BSc,1.6,0.6072,0.5814,0.4073,0.8302,0.6029,0.8,0.6483,0.687,0.6536,0.667,1,2,0.15,0.3,0.55,0.2,0.3,0.5,0.4,0.6
FE00520,Frontend_Developer,Frontend Developer,M,36-40,1,Diploma,1.6,0.6102,0.7926,0.555,0.8602,0.4841,0.8,0.7535,0.727,0.7552,0.7439,0,3,0.15,0.3,0.55,0.2,0.3,0.5,0.4,0.6
FE00521,Frontend_Developer,Frontend Developer,M,31-35,2,BSc,3.9,0.6559,0.6743,0.862,0.6864,0.6224,1.0,0.6743,0.7642,0.7367,0.7477,1,2,0.15,0.3,0.55,0.2,0.3,0.5,0.4,0.6
FE00522,Frontend_Developer,Frontend Developer,F,26-30,2,BSc,3.7,0.7701,0.681,0.6712,0.669,0.668,1.0,0.9005,0.8955,0.6721,0.7615,1,2,0.15,0.3,0.55,0.2,0.3,0.5,0.4,0.6
FE00523,Frontend_Developer,Frontend Developer,F,31-35,4,PhD,2.3,0.6892,0.5953,0.653,0.866,0.8757,1.0,0.6299,0.7778,0.748,0.7599,1,2,0.15,0.3,0.55,0.2,0.3,0.5,0.4,0.6
FE00524,Frontend_Developer,Frontend Developer,M,22-25,2,BSc,2.7,0.7477,0.5198,0.7864,0.9751,0.6591,1.0,0.742,0.8069,0.8274,0.8192,1,3,0.15,0.3,0.55,0.2,0.3,0.5,0.4,0.6
FE00525,Frontend_Developer,Frontend Developer,F,31-35,1,Diploma,4.2,0.5039,0.6673,0.5208,0.7332,0.4416,1.0,0.4291,0.6022,0.6563,0.6347,0,1,0.15,0.3,0.55,0.2,0.3,0.5,0.4,0.6
FE00526,Frontend_Developer,Frontend Developer,M,22-25,3,MSc,2.4,0.8519,0.7514,0.7219,0.9167,0.8208,1.0,0.7438,0.8322,0.8252,0.828,1,3,0.15,0.3,0.55,0.2,0.3,0.5,0.4,0.6
FE00527,Frontend_Developer,Frontend Developer,M,22-25,1,Diploma,2.4,0.5824,0.5273,0.3046,0.5498,0.473,1.0,0.4269,0.6058,0.4717,0.5253,0,2,0.15,0.3,0.55,0.2,0.3,0.5,0.4,0.6
FE00528,Frontend_Developer,Frontend Developer,F,40+,3,MSc,3.4,0.6172,0.4776,0.703,0.7236,0.7269,1.0,0.7589,0.8264,0.6682,0.7315,1,2,0.15,0.3,0.55,0.2,0.3,0.5,0.4,0.6
FE00529,Frontend_Developer,Frontend Developer,M,31-35,3,MSc,1.5,0.6337,0.7983,0.6943,0.6332,0.7335,0.75,0.8178,0.7848,0.6846,0.7247,1,3,0.15,0.3,0.55,0.2,0.3,0.5,0.4,0.6
FE00530,Frontend_Developer,Frontend Developer,F,40+,2,BSc,2.9,0.5267,0.7241,0.7864,0.8762,0.5707,1.0,0.7369,0.7909,0.8189,0.8077,1,3,0.15,0.3,0.55,0.2,0.3,0.5,0.4,0.6
FE00531,Frontend_Developer,Frontend Developer,M,26-30,3,MSc,2.3,0.8799,0.6455,0.7018,0.7125,0.8319,1.0,0.6378,0.7756,0.6959,0.7278,1,1,0.15,0.3,0.55,0.2,0.3,0.5,0.4,0.6
FE00532,Frontend_Developer,Frontend Developer,M,22-25,2,BSc,1.3,0.5059,0.5223,0.6629,0.6776,0.5623,0.65,0.6103,0.615,0.6422,0.6313,1,2,0.15,0.3,0.55,0.2,0.3,0.5,0.4,0.6
FE00533,Frontend_Developer,Frontend Developer,M,31-35,2,BSc,4.8,0.7657,0.5904,0.734,0.6073,0.6663,1.0,0.7631,0.8197,0.642,0.7131,1,2,0.15,0.3,0.55,0.2,0.3,0.5,0.4,0.6
FE00534,Frontend_Developer,Frontend Developer,F,31-35,3,MSc,2.2,0.594,0.5445,0.5818,0.8256,0.7176,1.0,0.6001,0.7377,0.6962,0.7128,1,2,0.15,0.3,0.55,0.2,0.3,0.5,0.4,0.6
FE00535,Frontend_Developer,Frontend Developer,F,26-30,2,BSc,1.8,0.7083,0.6737,0.7132,0.9582,0.6433,0.9,0.6627,0.731,0.8278,0.7891,1,2,0.15,0.3,0.55,0.2,0.3,0.5,0.4,0.6
FE00536,Frontend_Developer,Frontend Developer,F,26-30,1,Diploma,1.6,0.4732,0.6066,0.516,0.6008,0.4293,0.8,0.6933,0.6857,0.5765,0.6202,0,2,0.15,0.3,0.55,0.2,0.3,0.5,0.4,0.6
FE00537,Frontend_Developer,Frontend Developer,F,26-30,1,Diploma,0.0,0.6135,0.5407,0.643,0.6978,0.4854,0.0,0.7287,0.4736,0.6499,0.5794,0,2,0.15,0.3,0.55,0.2,0.3,0.5,0.4,0.6
FE00538,Frontend_Developer,Frontend Developer,F,36-40,2,BSc,6.8,0.505,0.715,0.5021,0.7766,0.562,1.0,0.5896,0.7086,0.6819,0.6926,1,2,0.15,0.3,0.55,0.2,0.3,0.5,0.4,0.6
FE00539,Frontend_Developer,Frontend Developer,F,26-30,3,MSc,5.7,0.523,0.6681,0.714,0.6583,0.6892,1.0,0.8227,0.8559,0.677,0.7486,1,2,0.15,0.3,0.55,0.2,0.3,0.5,0.4,0.6
FE00540,Frontend_Developer,Frontend Developer,M,26-30,3,MSc,5.4,0.6063,0.7146,0.7437,0.5286,0.7225,1.0,0.6714,0.7776,0.6303,0.6892,1,1,0.15,0.3,0.55,0.2,0.3,0.5,0.4,0.6
FE00541,Frontend_Developer,Frontend Developer,M,31-35,2,BSc,3.5,0.3838,0.7695,0.7059,0.5669,0.5135,1.0,0.6016,0.7079,0.6491,0.6726,1,2,0.15,0.3,0.55,0.2,0.3,0.5,0.4,0.6
FE00542,Frontend_Developer,Frontend Developer,M,36-40,3,MSc,2.9,0.6793,0.7711,0.7576,0.7268,0.7517,1.0,0.802,0.8539,0.7449,0.7885,1,3,0.15,0.3,0.55,0.2,0.3,0.5,0.4,0.6
FE00543,Frontend_Developer,Frontend Developer,M,26-30,2,BSc,1.7,0.5947,0.8109,0.7995,0.8511,0.5979,0.85,0.8589,0.8171,0.8276,0.8234,1,3,0.15,0.3,0.55,0.2,0.3,0.5,0.4,0.6
FE00544,Frontend_Developer,Frontend Developer,M,36-40,2,BSc,6.0,0.5938,0.8034,0.6646,0.7033,0.5975,1.0,0.7628,0.8092,0.7117,0.7507,1,2,0.15,0.3,0.55,0.2,0.3,0.5,0.4,0.6
FE00545,Frontend_Developer,Frontend Developer,M,26-30,2,BSc,3.7,0.762,0.794,0.6754,0.9168,0.6648,1.0,0.8639,0.8749,0.8198,0.8418,1,3,0.15,0.3,0.55,0.2,0.3,0.5,0.4,0.6
FE00546,Frontend_Developer,Frontend Developer,F,22-25,1,Diploma,5.8,0.5437,0.6815,0.9334,0.6085,0.4575,1.0,0.6847,0.7452,0.7206,0.7304,0,2,0.15,0.3,0.55,0.2,0.3,0.5,0.4,0.6
FE00547,Frontend_Developer,Frontend Developer,F,36-40,3,MSc,3.6,0.8504,0.7501,0.6744,0.9989,0.8201,1.0,0.9561,0.9489,0.8518,0.8906,1,3,0.15,0.3,0.55,0.2,0.3,0.5,0.4,0.6
FE00548,Frontend_Developer,Frontend Developer,F,22-25,2,BSc,7.0,0.5539,0.7404,0.8442,0.7191,0.5815,1.0,0.6923,0.768,0.7609,0.7637,1,2,0.15,0.3,0.55,0.2,0.3,0.5,0.4,0.6
FE00549,Frontend_Developer,Frontend Developer,M,36-40,2,BSc,3.3,0.8042,0.7087,0.6444,0.6958,0.6817,1.0,0.6316,0.7496,0.683,0.7096,1,2,0.15,0.3,0.55,0.2,0.3,0.5,0.4,0.6
FE00550,Frontend_Developer,Frontend Developer,F,31-35,2,BSc,0.0,0.6268,0.4891,0.4373,0.5238,0.6107,0.0,0.6176,0.4313,0.4909,0.4671,0,2,0.15,0.3,0.55,0.2,0.3,0.5,0.4,0.6
FE00551,Frontend_Developer,Frontend Developer,F,26-30,2,BSc,2.0,0.6946,0.6178,0.5979,0.3713,0.6378,1.0,0.5447,0.6952,0.4886,0.5712,1,1,0.15,0.3,0.55,0.2,0.3,0.5,0.4,0.6
FE00552,Frontend_Developer,Frontend Developer,M,22-25,2,BSc,1.6,0.5083,0.7615,0.6816,0.8511,0.5633,0.8,0.7923,0.7603,0.7823,0.7735,1,3,0.15,0.3,0.55,0.2,0.3,0.5,0.4,0.6
FE00553,Frontend_Developer,Frontend Developer,F,31-35,2,BSc,2.1,0.5434,0.7765,0.5557,0.7803,0.5774,1.0,0.6077,0.7209,0.7121,0.7156,1,3,0.15,0.3,0.55,0.2,0.3,0.5,0.4,0.6
FE00554,Frontend_Developer,Frontend Developer,M,26-30,2,BSc,1.6,0.7519,0.6676,0.7476,0.8928,0.6608,0.8,0.475,0.6004,0.8042,0.7227,1,1,0.15,0.3,0.55,0.2,0.3,0.5,0.4,0.6
FE00555,Frontend_Developer,Frontend Developer,F,36-40,2,BSc,3.0,0.5752,0.7616,0.5879,0.7333,0.5901,1.0,0.4852,0.6554,0.6954,0.6794,1,1,0.15,0.3,0.55,0.2,0.3,0.5,0.4,0.6
FE00556,Frontend_Developer,Frontend Developer,F,26-30,1,Diploma,4.8,0.6877,0.6423,0.7639,0.6736,0.5151,1.0,0.3513,0.5705,0.6945,0.6449,0,1,0.15,0.3,0.55,0.2,0.3,0.5,0.4,0.6
FE00557,Frontend_Developer,Frontend Developer,F,31-35,3,MSc,2.7,0.6141,0.9052,0.645,0.6792,0.7257,1.0,0.8533,0.8782,0.7141,0.7797,1,2,0.15,0.3,0.55,0.2,0.3,0.5,0.4,0.6
FE00558,Frontend_Developer,Frontend Developer,F,31-35,3,MSc,5.9,0.8428,0.6279,0.6071,0.7118,0.8171,1.0,0.6311,0.7697,0.6636,0.706,1,2,0.15,0.3,0.55,0.2,0.3,0.5,0.4,0.6
FE00559,Frontend_Developer,Frontend Developer,F,22-25,2,BSc,4.4,0.4484,0.5267,0.7716,0.6133,0.5393,1.0,0.4993,0.6555,0.6435,0.6483,1,2,0.15,0.3,0.55,0.2,0.3,0.5,0.4,0.6
FE00560,Frontend_Developer,Frontend Developer,M,22-25,2,BSc,6.3,0.5396,0.8493,1.0,1.0,0.5758,1.0,1.0,0.9364,0.9699,0.9565,1,2,0.15,0.3,0.55,0.2,0.3,0.5,0.4,0.6
FE00561,Frontend_Developer,Frontend Developer,M,31-35,2,BSc,5.3,0.755,0.629,0.7112,0.738,0.662,1.0,0.8504,0.867,0.7082,0.7717,1,2,0.15,0.3,0.55,0.2,0.3,0.5,0.4,0.6
FE00562,Frontend_Developer,Frontend Developer,F,22-25,1,Diploma,0.0,0.6957,0.4757,0.4315,0.9079,0.5183,0.0,0.7026,0.4642,0.6786,0.5928,0,2,0.15,0.3,0.55,0.2,0.3,0.5,0.4,0.6
FE00563,Frontend_Developer,Frontend Developer,M,40+,3,MSc,1.4,0.6802,0.6911,0.6693,0.7005,0.7521,0.7,0.7537,0.7374,0.6893,0.7085,1,2,0.15,0.3,0.55,0.2,0.3,0.5,0.4,0.6
FE00564,Frontend_Developer,Frontend Developer,M,36-40,1,Diploma,6.5,0.4687,0.7639,0.5954,0.8193,0.4275,1.0,0.7183,0.7592,0.7411,0.7483,0,2,0.15,0.3,0.55,0.2,0.3,0.5,0.4,0.6
FE00565,Frontend_Developer,Frontend Developer,M,31-35,2,BSc,2.6,0.7247,0.6543,0.3677,0.6498,0.6499,1.0,0.4756,0.659,0.566,0.6032,1,1,0.15,0.3,0.55,0.2,0.3,0.5,0.4,0.6
FE00566,Frontend_Developer,Frontend Developer,M,22-25,1,Diploma,2.5,0.3836,0.6721,0.3986,0.5836,0.3935,1.0,0.5934,0.6854,0.5458,0.6016,0,1,0.15,0.3,0.55,0.2,0.3,0.5,0.4,0.6
FE00567,Frontend_Developer,Frontend Developer,M,26-30,2,BSc,6.1,0.4635,0.6144,0.6133,0.3995,0.5454,1.0,0.7495,0.794,0.5066,0.6216,1,1,0.15,0.3,0.55,0.2,0.3,0.5,0.4,0.6
FE00568,Frontend_Developer,Frontend Developer,F,31-35,2,BSc,5.1,0.4904,0.742,0.7838,0.8403,0.5562,1.0,0.9227,0.8909,0.8037,0.8386,1,3,0.15,0.3,0.55,0.2,0.3,0.5,0.4,0.6
FE00569,Frontend_Developer,Frontend Developer,F,26-30,2,BSc,1.2,0.5576,0.6571,0.4301,0.7079,0.583,0.6,0.7787,0.6957,0.6144,0.6469,1,2,0.15,0.3,0.55,0.2,0.3,0.5,0.4,0.6
FE00570,Frontend_Developer,Frontend Developer,M,36-40,2,BSc,0.0,0.5668,0.9343,0.689,0.6575,0.5867,0.0,0.6571,0.4494,0.7223,0.6131,0,2,0.15,0.3,0.55,0.2,0.3,0.5,0.4,0.6
FE00571,Frontend_Developer,Frontend Developer,M,26-30,2,BSc,2.3,0.7723,0.6305,0.6375,0.6217,0.6689,1.0,0.4812,0.665,0.6282,0.6429,1,1,0.15,0.3,0.55,0.2,0.3,0.5,0.4,0.6
FE00572,Frontend_Developer,Frontend Developer,F,31-35,2,BSc,2.6,0.6634,0.6297,0.4805,0.6457,0.6254,1.0,0.6538,0.7534,0.593,0.6572,1,2,0.15,0.3,0.55,0.2,0.3,0.5,0.4,0.6
FE00573,Frontend_Developer,Frontend Developer,F,31-35,3,MSc,1.6,0.628,0.6532,0.7093,0.5431,0.7312,0.8,0.6691,0.7177,0.615,0.6561,1,1,0.15,0.3,0.55,0.2,0.3,0.5,0.4,0.6
FE00574,Frontend_Developer,Frontend Developer,M,22-25,2,BSc,4.0,0.3182,0.7984,0.8127,0.6621,0.4873,1.0,0.7564,0.7891,0.7346,0.7564,1,2,0.15,0.3,0.55,0.2,0.3,0.5,0.4,0.6
FE00575,Frontend_Developer,Frontend Developer,F,31-35,2,BSc,2.3,0.3601,0.6982,0.6552,0.5131,0.5041,1.0,0.5961,0.7035,0.5928,0.6371,1,1,0.15,0.3,0.55,0.2,0.3,0.5,0.4,0.6
FE00576,Frontend_Developer,Frontend Developer,F,22-25,2,BSc,0.0,0.5682,0.6214,0.6268,0.445,0.5873,0.0,0.4451,0.3329,0.5348,0.454,0,1,0.15,0.3,0.55,0.2,0.3,0.5,0.4,0.6
FE00577,Frontend_Developer,Frontend Developer,F,26-30,1,Diploma,4.4,0.5925,0.7493,0.5893,0.7402,0.477,1.0,0.2349,0.5008,0.6968,0.6184,0,0,0.15,0.3,0.55,0.2,0.3,0.5,0.4,0.6
FE00578,Frontend_Developer,Frontend Developer,M,26-30,2,BSc,0.0,0.4341,0.7457,0.4143,0.6864,0.5337,0.0,0.5757,0.3967,0.6166,0.5286,0,1,0.15,0.3,0.55,0.2,0.3,0.5,0.4,0.6
FE00579,Frontend_Developer,Frontend Developer,M,26-30,2,BSc,2.7,0.1121,0.6507,0.5448,0.4636,0.4048,1.0,0.6215,0.7026,0.5254,0.5963,1,1,0.15,0.3,0.55,0.2,0.3,0.5,0.4,0.6
FE00580,Frontend_Developer,Frontend Developer,M,26-30,2,BSc,2.3,0.5505,0.5474,0.7145,0.7662,0.5802,1.0,0.6289,0.7329,0.7069,0.7173,1,2,0.15,0.3,0.55,0.2,0.3,0.5,0.4,0.6
FE00581,Frontend_Developer,Frontend Developer,M,31-35,2,BSc,4.2,0.6259,0.5651,0.5088,0.6937,0.6104,1.0,0.4998,0.6665,0.6125,0.6341,1,1,0.15,0.3,0.55,0.2,0.3,0.5,0.4,0.6
FE00582,Frontend_Developer,Frontend Developer,M,36-40,2,BSc,0.0,0.5179,0.5409,0.3983,0.5955,0.5672,0.0,0.4894,0.3542,0.5254,0.4569,0,1,0.15,0.3,0.55,0.2,0.3,0.5,0.4,0.6
FE00583,Frontend_Developer,Frontend Developer,F,36-40,3,MSc,3.2,0.9355,0.8451,0.7258,1.0,0.8542,1.0,0.8435,0.892,0.8868,0.8889,1,3,0.15,0.3,0.55,0.2,0.3,0.5,0.4,0.6
FE00584,Frontend_Developer,Frontend Developer,F,31-35,2,BSc,3.5,0.6941,0.7646,0.5943,0.7949,0.6377,1.0,0.5532,0.6999,0.7286,0.7171,1,2,0.15,0.3,0.55,0.2,0.3,0.5,0.4,0.6
FE00585,Frontend_Developer,Frontend Developer,F,40+,3,MSc,0.9,0.6726,0.5905,0.4504,0.6747,0.7491,0.45,0.6279,0.5927,0.5906,0.5914,0,2,0.15,0.3,0.55,0.2,0.3,0.5,0.4,0.6
FE00586,Frontend_Developer,Frontend Developer,M,26-30,3,MSc,2.6,0.2791,0.7072,0.5271,0.7426,0.5917,1.0,0.7456,0.7988,0.6709,0.7221,1,3,0.15,0.3,0.55,0.2,0.3,0.5,0.4,0.6
FE00587,Frontend_Developer,Frontend Developer,M,26-30,3,MSc,6.5,0.697,0.7591,0.9704,0.786,0.7588,1.0,0.8517,0.8823,0.8359,0.8545,1,3,0.15,0.3,0.55,0.2,0.3,0.5,0.4,0.6
FE00588,Frontend_Developer,Frontend Developer,M,22-25,2,BSc,2.8,0.4781,0.693,0.1938,0.5579,0.5512,1.0,0.4942,0.6545,0.4757,0.5472,1,1,0.15,0.3,0.55,0.2,0.3,0.5,0.4,0.6
FE00589,Frontend_Developer,Frontend Developer,M,22-25,2,BSc,0.2,0.4563,0.6368,0.3402,0.7168,0.5425,0.1,0.4597,0.3642,0.5879,0.4984,0,1,0.15,0.3,0.55,0.2,0.3,0.5,0.4,0.6
FE00590,Frontend_Developer,Frontend Developer,F,31-35,2,BSc,1.4,0.5062,0.5627,0.5534,0.7989,0.5625,0.7,0.692,0.675,0.678,0.6768,1,3,0.15,0.3,0.55,0.2,0.3,0.5,0.4,0.6
FE00591,Frontend_Developer,Frontend Developer,M,22-25,2,BSc,1.5,0.4247,0.5662,0.677,0.7213,0.5299,0.75,0.7082,0.694,0.677,0.6838,1,2,0.15,0.3,0.55,0.2,0.3,0.5,0.4,0.6
FE00592,Frontend_Developer,Frontend Developer,F,22-25,3,MSc,3.5,0.4287,0.661,0.4735,0.5386,0.6515,1.0,0.579,0.7162,0.5435,0.6126,1,0,0.15,0.3,0.55,0.2,0.3,0.5,0.4,0.6
FE00593,Frontend_Developer,Frontend Developer,F,26-30,2,BSc,1.6,0.6689,0.7187,0.5821,0.7154,0.6275,0.8,0.677,0.7065,0.6761,0.6883,1,2,0.15,0.3,0.55,0.2,0.3,0.5,0.4,0.6
FE00594,Frontend_Developer,Frontend Developer,M,31-35,1,Diploma,2.8,0.5106,0.6441,0.4103,0.7598,0.4442,1.0,0.539,0.6631,0.6318,0.6443,0,1,0.15,0.3,0.55,0.2,0.3,0.5,0.4,0.6
FE00595,Frontend_Developer,Frontend Developer,F,26-30,2,BSc,1.4,0.4806,0.5274,0.5754,0.7019,0.5522,0.7,0.6018,0.6238,0.6291,0.627,1,2,0.15,0.3,0.55,0.2,0.3,0.5,0.4,0.6
FE00596,Frontend_Developer,Frontend Developer,F,40+,2,BSc,5.4,0.6719,0.7332,0.5475,1.0,0.6288,1.0,0.7297,0.7956,0.8109,0.8048,1,3,0.15,0.3,0.55,0.2,0.3,0.5,0.4,0.6
FE00597,Frontend_Developer,Frontend Developer,F,31-35,2,BSc,7.6,0.576,0.6794,0.8187,0.5993,0.5904,1.0,0.8,0.8285,0.6811,0.7401,1,2,0.15,0.3,0.55,0.2,0.3,0.5,0.4,0.6
FE00598,Frontend_Developer,Frontend Developer,F,22-25,2,BSc,3.2,0.6105,0.6393,0.6927,0.7859,0.6042,1.0,0.7042,0.7779,0.7286,0.7483,1,2,0.15,0.3,0.55,0.2,0.3,0.5,0.4,0.6
FE00599,Frontend_Developer,Frontend Developer,M,26-30,2,BSc,1.7,0.5562,0.5655,0.5271,0.8671,0.5825,0.85,0.655,0.7026,0.7048,0.7039,1,2,0.15,0.3,0.55,0.2,0.3,0.5,0.4,0.6
FE00600,Frontend_Developer,Frontend Developer,M,31-35,2,BSc,3.1,0.55,0.6855,0.5188,0.6421,0.58,1.0,0.5378,0.6828,0.6138,0.6414,1,1,0.15,0.3,0.55,0.2,0.3,0.5,0.4,0.6
