candidate_id,job_role,job_role_display,gender,age_group,edu_level,edu_level_name,years_experience,edu_relevance,P_mcq,P_desc,P_code,S_edu,S_exp,S_skill,S_cv,S_int,CSS,passed_hard_filter,relevance_label,w_edu,w_exp,w_skill,w_mcq,w_desc,w_code,W_CV,W_INT
DB00001,Database_Administrator,Database Administrator,M,26-30,1,Diploma,3.0,0.5462,0.6045,0.5857,0.7192,0.4585,1.0,0.5732,0.721,0.6381,0.6713,0,2,0.2,0.4,0.4,0.3,0.35,0.35,0.4,0.6
DB00002,Database_Administrator,Database Administrator,F,22-25,3,MSc,5.1,0.6781,0.8458,0.7887,0.549,0.7513,1.0,0.7055,0.8325,0.722,0.7662,1,2,0.2,0.4,0.4,0.3,0.35,0.35,0.4,0.6
DB00003,Database_Administrator,Database Administrator,M,22-25,2,BSc,8.3,0.7692,0.567,0.5375,0.63,0.6677,1.0,0.6755,0.8038,0.5787,0.6687,1,2,0.2,0.4,0.4,0.3,0.35,0.35,0.4,0.6
DB00004,Database_Administrator,Database Administrator,M,22-25,2,BSc,3.2,0.7531,0.5664,0.5144,0.8891,0.6613,1.0,0.6363,0.7868,0.6612,0.7114,1,1,0.2,0.4,0.4,0.3,0.35,0.35,0.4,0.6
DB00005,Database_Administrator,Database Administrator,F,31-35,3,MSc,8.2,0.6316,0.609,0.7387,0.7762,0.7326,1.0,0.6441,0.8041,0.7129,0.7494,1,2,0.2,0.4,0.4,0.3,0.35,0.35,0.4,0.6
DB00006,Database_Administrator,Database Administrator,F,22-25,2,BSc,0.0,0.7068,0.793,0.4623,0.6737,0.6427,0.0,0.4172,0.2954,0.6355,0.4995,0,1,0.2,0.4,0.4,0.3,0.35,0.35,0.4,0.6
DB00007,Database_Administrator,Database Administrator,M,26-30,3,MSc,1.7,0.8619,0.5677,0.638,0.8243,0.8247,0.5667,0.6983,0.671,0.6821,0.6777,1,2,0.2,0.4,0.4,0.3,0.35,0.35,0.4,0.6
DB00008,Database_Administrator,Database Administrator,M,40+,2,BSc,4.6,0.7798,0.5942,0.6142,0.5757,0.6719,1.0,0.7295,0.8262,0.5948,0.6874,1,2,0.2,0.4,0.4,0.3,0.35,0.35,0.4,0.6
DB00009,Database_Administrator,Database Administrator,M,26-30,2,BSc,6.4,0.4911,0.7584,0.7126,0.8109,0.5564,1.0,0.7544,0.8131,0.7607,0.7817,1,3,0.2,0.4,0.4,0.3,0.35,0.35,0.4,0.6
DB00010,Database_Administrator,Database Administrator,F,31-35,4,PhD,2.2,0.5303,0.7607,0.6929,0.7674,0.8121,0.7333,0.7034,0.7371,0.7393,0.7384,1,3,0.2,0.4,0.4,0.3,0.35,0.35,0.4,0.6
DB00011,Database_Administrator,Database Administrator,M,31-35,3,MSc,6.5,0.7893,0.6841,0.7952,0.7532,0.7957,1.0,0.72,0.8472,0.7472,0.7872,1,3,0.2,0.4,0.4,0.3,0.35,0.35,0.4,0.6
DB00012,Database_Administrator,Database Administrator,F,31-35,4,PhD,3.8,0.5929,0.7989,0.706,0.6059,0.8371,1.0,0.5298,0.7793,0.6988,0.731,1,1,0.2,0.4,0.4,0.3,0.35,0.35,0.4,0.6
DB00013,Database_Administrator,Database Administrator,M,22-25,2,BSc,4.8,0.4903,0.6574,0.5956,0.7061,0.5561,1.0,0.6659,0.7776,0.6528,0.7027,1,2,0.2,0.4,0.4,0.3,0.35,0.35,0.4,0.6
DB00014,Database_Administrator,Database Administrator,M,31-35,2,BSc,6.7,0.604,0.5143,0.6086,0.8102,0.6016,1.0,0.5125,0.7253,0.6509,0.6807,1,1,0.2,0.4,0.4,0.3,0.35,0.35,0.4,0.6
DB00015,Database_Administrator,Database Administrator,M,22-25,3,MSc,1.7,0.6528,0.708,0.4688,0.5328,0.7411,0.5667,0.4877,0.57,0.5629,0.5657,1,1,0.2,0.4,0.4,0.3,0.35,0.35,0.4,0.6
DB00016,Database_Administrator,Database Administrator,F,31-35,3,MSc,4.4,0.7536,0.6577,0.6055,0.6714,0.7814,1.0,0.5917,0.7929,0.6443,0.7037,1,2,0.2,0.4,0.4,0.3,0.35,0.35,0.4,0.6
DB00017,Database_Administrator,Database Administrator,M,22-25,2,BSc,1.6,0.7879,0.8384,0.8029,0.7527,0.6752,0.5333,0.5838,0.5819,0.7959,0.7103,1,2,0.2,0.4,0.4,0.3,0.35,0.35,0.4,0.6
DB00018,Database_Administrator,Database Administrator,M,22-25,2,BSc,3.2,0.5779,0.5968,0.6386,0.4772,0.5912,1.0,0.515,0.7243,0.5696,0.6315,1,1,0.2,0.4,0.4,0.3,0.35,0.35,0.4,0.6
DB00019,Database_Administrator,Database Administrator,M,26-30,2,BSc,8.3,0.5751,0.5406,0.6314,0.6772,0.59,1.0,0.6443,0.7757,0.6202,0.6824,1,2,0.2,0.4,0.4,0.3,0.35,0.35,0.4,0.6
DB00020,Database_Administrator,Database Administrator,M,22-25,1,Diploma,3.5,0.4283,0.7483,0.513,0.6859,0.4113,1.0,0.5241,0.6919,0.6441,0.6632,0,1,0.2,0.4,0.4,0.3,0.35,0.35,0.4,0.6
DB00021,Database_Administrator,Database Administrator,F,40+,2,BSc,7.3,0.7169,0.4866,0.7389,0.6537,0.6468,1.0,0.6545,0.7912,0.6334,0.6965,1,2,0.2,0.4,0.4,0.3,0.35,0.35,0.4,0.6
DB00022,Database_Administrator,Database Administrator,F,36-40,2,BSc,4.4,0.7426,0.5822,0.3352,0.6117,0.657,1.0,0.3804,0.6836,0.5061,0.5771,1,1,0.2,0.4,0.4,0.3,0.35,0.35,0.4,0.6
DB00023,Database_Administrator,Database Administrator,F,26-30,1,Diploma,5.5,0.6302,0.5137,0.6581,0.6288,0.4921,1.0,0.6005,0.7386,0.6045,0.6581,0,1,0.2,0.4,0.4,0.3,0.35,0.35,0.4,0.6
DB00024,Database_Administrator,Database Administrator,F,22-25,2,BSc,12.4,0.6852,0.821,0.9049,0.8912,0.6341,1.0,0.8738,0.8764,0.8749,0.8755,1,3,0.2,0.4,0.4,0.3,0.35,0.35,0.4,0.6
DB00025,Database_Administrator,Database Administrator,M,26-30,2,BSc,4.3,0.6737,0.8484,0.796,0.3243,0.6295,1.0,0.6156,0.7721,0.6466,0.6968,1,1,0.2,0.4,0.4,0.3,0.35,0.35,0.4,0.6
DB00026,Database_Administrator,Database Administrator,M,36-40,3,MSc,3.7,0.8198,0.6593,0.7643,0.6372,0.8079,1.0,0.6729,0.8307,0.6883,0.7453,1,2,0.2,0.4,0.4,0.3,0.35,0.35,0.4,0.6
DB00027,Database_Administrator,Database Administrator,F,22-25,2,BSc,6.1,0.8499,0.632,0.7409,0.5614,0.7,1.0,0.4733,0.7293,0.6454,0.679,1,2,0.2,0.4,0.4,0.3,0.35,0.35,0.4,0.6
DB00028,Database_Administrator,Database Administrator,M,31-35,2,BSc,2.1,0.8456,0.5921,0.5621,0.4328,0.6983,0.7,0.4073,0.5826,0.5259,0.5486,1,1,0.2,0.4,0.4,0.3,0.35,0.35,0.4,0.6
DB00029,Database_Administrator,Database Administrator,F,22-25,2,BSc,6.7,0.6164,0.6153,0.8549,0.9015,0.6066,1.0,0.6247,0.7712,0.7993,0.7881,1,1,0.2,0.4,0.4,0.3,0.35,0.35,0.4,0.6
DB00030,Database_Administrator,Database Administrator,M,26-30,3,MSc,3.3,0.5447,0.6403,0.6402,0.5777,0.6979,1.0,0.3297,0.6715,0.6184,0.6396,0,0,0.2,0.4,0.4,0.3,0.35,0.35,0.4,0.6
DB00031,Database_Administrator,Database Administrator,F,22-25,2,BSc,1.8,0.2944,0.7978,0.5635,0.4655,0.4778,0.6,0.5813,0.5681,0.5995,0.5869,1,1,0.2,0.4,0.4,0.3,0.35,0.35,0.4,0.6
DB00032,Database_Administrator,Database Administrator,F,31-35,2,BSc,3.6,0.5019,0.721,0.7345,0.9379,0.5608,1.0,0.679,0.7838,0.8016,0.7945,1,2,0.2,0.4,0.4,0.3,0.35,0.35,0.4,0.6
DB00033,Database_Administrator,Database Administrator,M,26-30,4,PhD,2.5,0.9541,0.7662,0.7015,0.3148,0.9816,0.8333,0.6012,0.7701,0.5856,0.6594,1,1,0.2,0.4,0.4,0.3,0.35,0.35,0.4,0.6
DB00034,Database_Administrator,Database Administrator,M,36-40,2,BSc,3.1,0.4206,0.6805,0.3461,0.8577,0.5282,1.0,0.6521,0.7665,0.6255,0.6819,1,1,0.2,0.4,0.4,0.3,0.35,0.35,0.4,0.6
DB00035,Database_Administrator,Database Administrator,F,40+,3,MSc,5.6,0.5622,0.8159,0.6261,0.9983,0.7049,1.0,0.7441,0.8386,0.8133,0.8234,1,2,0.2,0.4,0.4,0.3,0.35,0.35,0.4,0.6
DB00036,Database_Administrator,Database Administrator,F,31-35,2,BSc,2.6,0.5135,0.7662,0.7728,0.6105,0.5654,0.8667,0.647,0.7186,0.714,0.7158,1,1,0.2,0.4,0.4,0.3,0.35,0.35,0.4,0.6
DB00037,Database_Administrator,Database Administrator,F,36-40,2,BSc,9.2,0.6116,0.5688,0.9034,0.7083,0.6047,1.0,0.6461,0.7794,0.7347,0.7526,1,2,0.2,0.4,0.4,0.3,0.35,0.35,0.4,0.6
DB00038,Database_Administrator,Database Administrator,M,26-30,2,BSc,6.2,0.3447,0.559,0.5768,0.6608,0.4979,1.0,0.6364,0.7541,0.6009,0.6622,1,2,0.2,0.4,0.4,0.3,0.35,0.35,0.4,0.6
DB00039,Database_Administrator,Database Administrator,M,26-30,2,BSc,8.4,0.5968,0.7405,0.7838,0.7901,0.5987,1.0,0.5814,0.7523,0.773,0.7647,1,2,0.2,0.4,0.4,0.3,0.35,0.35,0.4,0.6
DB00040,Database_Administrator,Database Administrator,F,36-40,3,MSc,6.6,0.6572,0.9828,0.8444,0.7334,0.7429,1.0,0.7684,0.8559,0.8471,0.8506,1,3,0.2,0.4,0.4,0.3,0.35,0.35,0.4,0.6
DB00041,Database_Administrator,Database Administrator,M,26-30,2,BSc,9.5,0.7009,0.6433,0.7551,0.8363,0.6404,1.0,0.5243,0.7378,0.75,0.7451,1,1,0.2,0.4,0.4,0.3,0.35,0.35,0.4,0.6
DB00042,Database_Administrator,Database Administrator,F,22-25,2,BSc,2.5,0.8084,0.8609,0.924,0.7545,0.6834,0.8333,0.7912,0.7865,0.8457,0.822,1,3,0.2,0.4,0.4,0.3,0.35,0.35,0.4,0.6
DB00043,Database_Administrator,Database Administrator,M,31-35,2,BSc,0.0,0.5205,0.677,0.6008,0.7928,0.5682,0.0,0.8148,0.4396,0.6909,0.5904,0,1,0.2,0.4,0.4,0.3,0.35,0.35,0.4,0.6
DB00044,Database_Administrator,Database Administrator,M,26-30,3,MSc,2.0,0.38,0.6806,0.4859,0.5084,0.632,0.6667,0.4033,0.5544,0.5522,0.5531,1,1,0.2,0.4,0.4,0.3,0.35,0.35,0.4,0.6
DB00045,Database_Administrator,Database Administrator,M,22-25,2,BSc,3.4,0.4414,0.5533,0.6983,0.8009,0.5366,1.0,0.7001,0.7873,0.6907,0.7293,1,3,0.2,0.4,0.4,0.3,0.35,0.35,0.4,0.6
DB00046,Database_Administrator,Database Administrator,M,31-35,1,Diploma,3.8,0.5079,0.6034,0.636,0.6451,0.4432,1.0,0.4567,0.6713,0.6294,0.6462,0,1,0.2,0.4,0.4,0.3,0.35,0.35,0.4,0.6
DB00047,Database_Administrator,Database Administrator,F,26-30,3,MSc,5.3,0.6854,0.7149,0.6497,0.8157,0.7541,1.0,0.6937,0.8283,0.7274,0.7678,1,2,0.2,0.4,0.4,0.3,0.35,0.35,0.4,0.6
DB00048,Database_Administrator,Database Administrator,M,26-30,3,MSc,2.2,0.5715,0.8452,0.5538,0.9589,0.7086,0.7333,0.5846,0.6689,0.783,0.7374,1,2,0.2,0.4,0.4,0.3,0.35,0.35,0.4,0.6
DB00049,Database_Administrator,Database Administrator,F,26-30,2,BSc,5.3,0.737,0.8732,0.563,0.7544,0.6548,1.0,0.7789,0.8425,0.7231,0.7709,1,3,0.2,0.4,0.4,0.3,0.35,0.35,0.4,0.6
DB00050,Database_Administrator,Database Administrator,M,31-35,2,BSc,8.1,0.5265,0.5866,0.5553,0.6194,0.5706,1.0,0.4174,0.6811,0.5871,0.6247,1,1,0.2,0.4,0.4,0.3,0.35,0.35,0.4,0.6
DB00051,Database_Administrator,Database Administrator,M,26-30,2,BSc,3.2,0.8744,0.8002,0.5666,0.5464,0.7098,1.0,0.6686,0.8094,0.6296,0.7015,1,2,0.2,0.4,0.4,0.3,0.35,0.35,0.4,0.6
DB00052,Database_Administrator,Database Administrator,M,40+,3,MSc,4.9,0.5163,0.6441,0.7396,0.5258,0.6865,1.0,0.4775,0.7283,0.6361,0.673,1,1,0.2,0.4,0.4,0.3,0.35,0.35,0.4,0.6
DB00053,Database_Administrator,Database Administrator,F,26-30,2,BSc,0.0,0.6417,0.602,0.3781,0.6795,0.6167,0.0,0.4818,0.3161,0.5507,0.4569,0,1,0.2,0.4,0.4,0.3,0.35,0.35,0.4,0.6
DB00054,Database_Administrator,Database Administrator,F,26-30,3,MSc,4.7,0.1625,0.5249,0.7206,0.6805,0.545,1.0,0.5699,0.737,0.6478,0.6835,1,2,0.2,0.4,0.4,0.3,0.35,0.35,0.4,0.6
DB00055,Database_Administrator,Database Administrator,F,22-25,1,Diploma,3.5,0.7092,0.604,0.6062,0.5094,0.5237,1.0,0.6926,0.7818,0.5717,0.6557,0,1,0.2,0.4,0.4,0.3,0.35,0.35,0.4,0.6
DB00056,Database_Administrator,Database Administrator,F,36-40,4,PhD,7.8,0.6666,0.7619,0.7542,0.8768,0.8667,1.0,0.7943,0.8911,0.7994,0.8361,1,2,0.2,0.4,0.4,0.3,0.35,0.35,0.4,0.6
DB00057,Database_Administrator,Database Administrator,M,31-35,3,MSc,6.2,0.6242,0.8231,0.6532,0.7518,0.7297,1.0,0.6162,0.7924,0.7387,0.7602,1,2,0.2,0.4,0.4,0.3,0.35,0.35,0.4,0.6
DB00058,Database_Administrator,Database Administrator,M,36-40,2,BSc,4.4,0.7144,0.4779,0.6075,0.5871,0.6457,1.0,0.7747,0.839,0.5615,0.6725,1,2,0.2,0.4,0.4,0.3,0.35,0.35,0.4,0.6
DB00059,Database_Administrator,Database Administrator,M,26-30,2,BSc,4.8,0.6307,0.7484,0.8312,0.8003,0.6123,1.0,0.52,0.7305,0.7955,0.7695,1,1,0.2,0.4,0.4,0.3,0.35,0.35,0.4,0.6
DB00060,Database_Administrator,Database Administrator,M,40+,2,BSc,4.3,0.3896,0.6661,0.4223,0.5085,0.5159,1.0,0.6884,0.7786,0.5256,0.6268,1,1,0.2,0.4,0.4,0.3,0.35,0.35,0.4,0.6
DB00061,Database_Administrator,Database Administrator,F,22-25,3,MSc,4.1,0.849,0.7612,0.716,0.7142,0.8196,1.0,0.6675,0.8309,0.7289,0.7697,1,2,0.2,0.4,0.4,0.3,0.35,0.35,0.4,0.6
DB00062,Database_Administrator,Database Administrator,F,26-30,1,Diploma,0.0,0.5159,0.6868,0.5925,0.718,0.4463,0.0,0.7132,0.3745,0.6647,0.5486,0,2,0.2,0.4,0.4,0.3,0.35,0.35,0.4,0.6
DB00063,Database_Administrator,Database Administrator,M,31-35,2,BSc,2.2,0.6024,0.6787,0.5892,0.6049,0.6009,0.7333,0.3771,0.5643,0.6215,0.5986,0,1,0.2,0.4,0.4,0.3,0.35,0.35,0.4,0.6
DB00064,Database_Administrator,Database Administrator,F,22-25,1,Diploma,2.4,0.5542,0.5154,0.5377,0.6177,0.4617,0.8,0.5938,0.6499,0.559,0.5954,0,2,0.2,0.4,0.4,0.3,0.35,0.35,0.4,0.6
DB00065,Database_Administrator,Database Administrator,M,26-30,2,BSc,2.8,0.5329,0.5987,0.872,0.5279,0.5731,0.9333,0.7097,0.7718,0.6695,0.7104,1,2,0.2,0.4,0.4,0.3,0.35,0.35,0.4,0.6
DB00066,Database_Administrator,Database Administrator,F,36-40,1,Diploma,4.1,0.7366,0.5652,0.5964,0.7729,0.5346,1.0,0.7443,0.8046,0.6488,0.7111,0,2,0.2,0.4,0.4,0.3,0.35,0.35,0.4,0.6
DB00067,Database_Administrator,Database Administrator,M,36-40,2,BSc,4.5,0.4935,0.822,0.6375,0.5171,0.5574,1.0,0.6455,0.7697,0.6507,0.6983,1,0,0.2,0.4,0.4,0.3,0.35,0.35,0.4,0.6
DB00068,Database_Administrator,Database Administrator,F,31-35,3,MSc,4.3,0.636,0.7587,0.5601,0.5652,0.7344,1.0,0.439,0.7225,0.6215,0.6619,1,1,0.2,0.4,0.4,0.3,0.35,0.35,0.4,0.6
DB00069,Database_Administrator,Database Administrator,F,22-25,2,BSc,8.4,0.5689,0.876,0.666,0.9004,0.5876,1.0,0.7866,0.8322,0.8111,0.8195,1,1,0.2,0.4,0.4,0.3,0.35,0.35,0.4,0.6
DB00070,Database_Administrator,Database Administrator,F,26-30,2,BSc,2.7,0.6989,0.5848,0.8766,0.7545,0.6396,0.9,0.6154,0.7341,0.7463,0.7414,1,2,0.2,0.4,0.4,0.3,0.35,0.35,0.4,0.6
DB00071,Database_Administrator,Database Administrator,F,26-30,2,BSc,4.7,0.7121,0.6923,0.3641,0.7562,0.6448,1.0,0.4591,0.7126,0.5998,0.6449,1,1,0.2,0.4,0.4,0.3,0.35,0.35,0.4,0.6
DB00072,Database_Administrator,Database Administrator,F,26-30,3,MSc,4.4,0.5887,0.7549,0.6463,0.5841,0.7155,1.0,0.5996,0.7829,0.6571,0.7074,1,3,0.2,0.4,0.4,0.3,0.35,0.35,0.4,0.6
DB00073,Database_Administrator,Database Administrator,F,22-25,2,BSc,0.8,0.6788,0.6587,0.6697,0.4969,0.6315,0.2667,0.6965,0.5116,0.6059,0.5682,0,1,0.2,0.4,0.4,0.3,0.35,0.35,0.4,0.6
DB00074,Database_Administrator,Database Administrator,M,36-40,4,PhD,11.0,0.595,0.856,0.799,0.9449,0.838,1.0,0.71,0.8516,0.8672,0.861,1,3,0.2,0.4,0.4,0.3,0.35,0.35,0.4,0.6
DB00075,Database_Administrator,Database Administrator,M,22-25,2,BSc,6.7,0.53,0.6803,0.8093,0.54,0.572,1.0,0.9085,0.8778,0.6763,0.7569,1,2,0.2,0.4,0.4,0.3,0.35,0.35,0.4,0.6
DB00076,Database_Administrator,Database Administrator,M,22-25,2,BSc,3.7,0.3877,0.4817,0.5709,0.4917,0.5151,1.0,0.3648,0.6489,0.5164,0.5694,0,1,0.2,0.4,0.4,0.3,0.35,0.35,0.4,0.6
DB00077,Database_Administrator,Database Administrator,M,31-35,3,MSc,7.8,0.4446,0.6095,0.8553,0.6772,0.6578,1.0,0.6374,0.7865,0.7192,0.7461,1,2,0.2,0.4,0.4,0.3,0.35,0.35,0.4,0.6
DB00078,Database_Administrator,Database Administrator,M,26-30,2,BSc,2.1,0.4907,0.8878,0.4938,0.7118,0.5563,0.7,0.6281,0.6425,0.6883,0.67,1,1,0.2,0.4,0.4,0.3,0.35,0.35,0.4,0.6
DB00079,Database_Administrator,Database Administrator,M,31-35,2,BSc,2.5,0.4513,0.8204,0.6701,0.4815,0.5405,0.8333,0.6718,0.7101,0.6492,0.6736,1,1,0.2,0.4,0.4,0.3,0.35,0.35,0.4,0.6
DB00080,Database_Administrator,Database Administrator,F,26-30,2,BSc,6.9,0.8214,0.6351,0.9297,0.7407,0.6885,1.0,0.7034,0.8191,0.7752,0.7928,1,3,0.2,0.4,0.4,0.3,0.35,0.35,0.4,0.6
DB00081,Database_Administrator,Database Administrator,M,22-25,2,BSc,0.0,0.5461,0.8174,0.4508,0.6199,0.5785,0.0,0.5882,0.351,0.62,0.5124,0,1,0.2,0.4,0.4,0.3,0.35,0.35,0.4,0.6
DB00082,Database_Administrator,Database Administrator,F,26-30,1,Diploma,0.0,0.5018,0.7397,0.4467,0.6264,0.4407,0.0,0.5025,0.2892,0.5975,0.4742,0,1,0.2,0.4,0.4,0.3,0.35,0.35,0.4,0.6
DB00083,Database_Administrator,Database Administrator,M,26-30,2,BSc,4.8,0.4934,0.6301,0.8788,0.6649,0.5573,1.0,0.668,0.7787,0.7293,0.7491,1,2,0.2,0.4,0.4,0.3,0.35,0.35,0.4,0.6
DB00084,Database_Administrator,Database Administrator,M,36-40,3,MSc,3.0,0.6155,0.7283,0.4165,0.7122,0.7262,1.0,0.4549,0.7272,0.6136,0.659,1,1,0.2,0.4,0.4,0.3,0.35,0.35,0.4,0.6
DB00085,Database_Administrator,Database Administrator,F,26-30,1,Diploma,0.0,0.8861,0.6652,0.4528,0.2743,0.5944,0.0,0.565,0.3449,0.454,0.4104,0,0,0.2,0.4,0.4,0.3,0.35,0.35,0.4,0.6
DB00086,Database_Administrator,Database Administrator,M,26-30,3,MSc,6.7,0.6365,0.7372,0.6407,0.5726,0.7346,1.0,0.5683,0.7742,0.6458,0.6972,1,2,0.2,0.4,0.4,0.3,0.35,0.35,0.4,0.6
DB00087,Database_Administrator,Database Administrator,M,26-30,2,BSc,0.3,0.4864,0.4035,0.7156,0.7809,0.5546,0.1,0.5393,0.3666,0.6448,0.5335,0,1,0.2,0.4,0.4,0.3,0.35,0.35,0.4,0.6
DB00088,Database_Administrator,Database Administrator,F,36-40,3,MSc,3.7,0.6553,0.8903,0.7494,0.5715,0.7421,1.0,0.6662,0.8149,0.7294,0.7636,1,2,0.2,0.4,0.4,0.3,0.35,0.35,0.4,0.6
DB00089,Database_Administrator,Database Administrator,F,31-35,2,BSc,3.2,0.4412,0.7743,0.594,0.6538,0.5365,1.0,0.7527,0.8084,0.6691,0.7248,1,2,0.2,0.4,0.4,0.3,0.35,0.35,0.4,0.6
DB00090,Database_Administrator,Database Administrator,F,22-25,2,BSc,6.7,0.6808,0.7995,0.8656,0.7286,0.6323,1.0,0.6833,0.7998,0.7978,0.7986,1,2,0.2,0.4,0.4,0.3,0.35,0.35,0.4,0.6
DB00091,Database_Administrator,Database Administrator,M,26-30,2,BSc,3.6,0.2775,0.4909,0.4912,0.4239,0.471,1.0,0.4393,0.6699,0.4676,0.5485,1,1,0.2,0.4,0.4,0.3,0.35,0.35,0.4,0.6
DB00092,Database_Administrator,Database Administrator,F,36-40,3,MSc,4.8,0.6473,0.7171,0.405,0.594,0.7389,1.0,0.6601,0.8118,0.5648,0.6636,1,1,0.2,0.4,0.4,0.3,0.35,0.35,0.4,0.6
DB00093,Database_Administrator,Database Administrator,M,31-35,2,BSc,0.8,0.8069,0.4747,0.5683,0.6895,0.6828,0.2667,0.4275,0.4142,0.5827,0.5153,0,1,0.2,0.4,0.4,0.3,0.35,0.35,0.4,0.6
DB00094,Database_Administrator,Database Administrator,F,36-40,2,BSc,6.4,0.44,0.8462,0.7396,0.5205,0.536,1.0,0.6329,0.7604,0.6949,0.7211,1,2,0.2,0.4,0.4,0.3,0.35,0.35,0.4,0.6
DB00095,Database_Administrator,Database Administrator,M,36-40,2,BSc,2.1,0.5021,0.7947,0.8235,0.8255,0.5609,0.7,0.6986,0.6716,0.8156,0.758,1,2,0.2,0.4,0.4,0.3,0.35,0.35,0.4,0.6
DB00096,Database_Administrator,Database Administrator,F,26-30,3,MSc,3.5,0.6276,0.6317,0.7626,0.422,0.731,1.0,0.5389,0.7618,0.6042,0.6672,1,1,0.2,0.4,0.4,0.3,0.35,0.35,0.4,0.6
DB00097,Database_Administrator,Database Administrator,M,36-40,2,BSc,1.9,0.4425,0.5739,0.4243,0.4914,0.537,0.6333,0.3804,0.5129,0.4927,0.5008,1,1,0.2,0.4,0.4,0.3,0.35,0.35,0.4,0.6
DB00098,Database_Administrator,Database Administrator,M,36-40,2,BSc,1.2,0.6018,0.6468,0.3494,0.5008,0.6007,0.4,0.5367,0.4948,0.4916,0.4929,0,1,0.2,0.4,0.4,0.3,0.35,0.35,0.4,0.6
DB00099,Database_Administrator,Database Administrator,M,22-25,4,PhD,11.2,0.748,0.8723,0.9903,0.9453,0.8992,1.0,0.9398,0.9557,0.9391,0.9457,1,3,0.2,0.4,0.4,0.3,0.35,0.35,0.4,0.6
DB00100,Database_Administrator,Database Administrator,M,26-30,3,MSc,9.3,0.6926,0.8363,0.7726,0.7802,0.757,1.0,1.0,0.9514,0.7944,0.8572,1,3,0.2,0.4,0.4,0.3,0.35,0.35,0.4,0.6
DB00101,Database_Administrator,Database Administrator,M,22-25,2,BSc,4.8,0.7761,0.8142,0.547,0.7108,0.6704,1.0,0.4881,0.7293,0.6845,0.7024,1,1,0.2,0.4,0.4,0.3,0.35,0.35,0.4,0.6
DB00102,Database_Administrator,Database Administrator,F,26-30,2,BSc,4.2,0.4468,0.6967,0.6417,0.8761,0.5387,1.0,0.6696,0.7756,0.7402,0.7544,1,2,0.2,0.4,0.4,0.3,0.35,0.35,0.4,0.6
DB00103,Database_Administrator,Database Administrator,M,22-25,2,BSc,4.3,0.6453,0.7677,0.7351,0.7022,0.6181,1.0,0.6821,0.7965,0.7334,0.7586,1,2,0.2,0.4,0.4,0.3,0.35,0.35,0.4,0.6
DB00104,Database_Administrator,Database Administrator,M,26-30,3,MSc,0.5,0.6755,0.6283,0.5799,0.593,0.7502,0.1667,0.6642,0.4824,0.599,0.5524,0,2,0.2,0.4,0.4,0.3,0.35,0.35,0.4,0.6
DB00105,Database_Administrator,Database Administrator,F,26-30,2,BSc,5.5,0.7293,0.6895,0.7245,0.5706,0.6517,1.0,0.6057,0.7726,0.6601,0.7051,1,2,0.2,0.4,0.4,0.3,0.35,0.35,0.4,0.6
DB00106,Database_Administrator,Database Administrator,M,31-35,2,BSc,6.6,0.5598,0.7977,0.7642,0.8158,0.5839,1.0,0.7371,0.8116,0.7923,0.8,1,3,0.2,0.4,0.4,0.3,0.35,0.35,0.4,0.6
DB00107,Database_Administrator,Database Administrator,F,22-25,3,MSc,2.1,0.6496,0.6689,0.6609,0.6437,0.7398,0.7,0.6745,0.6978,0.6573,0.6735,1,2,0.2,0.4,0.4,0.3,0.35,0.35,0.4,0.6
DB00108,Database_Administrator,Database Administrator,M,26-30,2,BSc,10.2,0.6385,0.7682,0.6588,0.4972,0.6154,1.0,0.6892,0.7987,0.635,0.7005,1,1,0.2,0.4,0.4,0.3,0.35,0.35,0.4,0.6
DB00109,Database_Administrator,Database Administrator,F,22-25,2,BSc,4.6,0.6033,0.7022,0.6696,0.6271,0.6013,1.0,0.4723,0.7092,0.6645,0.6824,1,1,0.2,0.4,0.4,0.3,0.35,0.35,0.4,0.6
DB00110,Database_Administrator,Database Administrator,M,26-30,2,BSc,1.8,0.7045,0.6652,0.5611,0.484,0.6418,0.6,0.3342,0.502,0.5654,0.54,0,0,0.2,0.4,0.4,0.3,0.35,0.35,0.4,0.6
DB00111,Database_Administrator,Database Administrator,M,26-30,3,MSc,6.1,0.5214,0.7601,0.796,0.8741,0.6886,1.0,0.7712,0.8462,0.8126,0.826,1,3,0.2,0.4,0.4,0.3,0.35,0.35,0.4,0.6
DB00112,Database_Administrator,Database Administrator,M,26-30,3,MSc,2.7,0.5486,0.7779,0.8374,0.7431,0.6994,0.9,0.8468,0.8386,0.7865,0.8073,1,3,0.2,0.4,0.4,0.3,0.35,0.35,0.4,0.6
DB00113,Database_Administrator,Database Administrator,F,22-25,2,BSc,4.9,0.6058,0.7272,0.7229,0.8569,0.6023,1.0,0.7156,0.8067,0.7711,0.7853,1,3,0.2,0.4,0.4,0.3,0.35,0.35,0.4,0.6
DB00114,Database_Administrator,Database Administrator,F,26-30,2,BSc,3.4,0.6486,0.5383,0.734,0.6588,0.6195,1.0,0.7114,0.8085,0.649,0.7128,1,2,0.2,0.4,0.4,0.3,0.35,0.35,0.4,0.6
DB00115,Database_Administrator,Database Administrator,F,26-30,2,BSc,3.7,0.8433,0.6118,0.5494,0.7786,0.6973,1.0,0.6841,0.8131,0.6484,0.7143,1,2,0.2,0.4,0.4,0.3,0.35,0.35,0.4,0.6
DB00116,Database_Administrator,Database Administrator,F,31-35,2,BSc,1.5,0.697,0.6306,0.5826,0.638,0.6388,0.5,0.6512,0.5882,0.6164,0.6051,1,2,0.2,0.4,0.4,0.3,0.35,0.35,0.4,0.6
DB00117,Database_Administrator,Database Administrator,F,22-25,2,BSc,6.2,0.5747,0.5256,0.5736,0.8341,0.5899,1.0,0.5803,0.7501,0.6504,0.6903,1,2,0.2,0.4,0.4,0.3,0.35,0.35,0.4,0.6
DB00118,Database_Administrator,Database Administrator,F,26-30,2,BSc,2.1,0.4098,0.6808,0.9323,0.5482,0.5239,0.7,0.8133,0.7101,0.7224,0.7175,1,2,0.2,0.4,0.4,0.3,0.35,0.35,0.4,0.6
DB00119,Database_Administrator,Database Administrator,F,26-30,3,MSc,4.7,0.7063,0.6272,0.6636,0.523,0.7625,1.0,0.666,0.8189,0.6035,0.6897,1,1,0.2,0.4,0.4,0.3,0.35,0.35,0.4,0.6
DB00120,Database_Administrator,Database Administrator,M,31-35,2,BSc,6.1,0.6338,0.6853,0.665,0.7969,0.6135,1.0,0.7141,0.8084,0.7172,0.7537,1,2,0.2,0.4,0.4,0.3,0.35,0.35,0.4,0.6
DB00121,Database_Administrator,Database Administrator,M,22-25,2,BSc,2.5,0.8936,0.7449,0.5993,0.544,0.7174,0.8333,0.5123,0.6817,0.6236,0.6468,1,1,0.2,0.4,0.4,0.3,0.35,0.35,0.4,0.6
DB00122,Database_Administrator,Database Administrator,F,31-35,2,BSc,0.0,0.774,0.4929,0.6731,0.7151,0.6696,0.0,0.6484,0.3933,0.6337,0.5375,0,1,0.2,0.4,0.4,0.3,0.35,0.35,0.4,0.6
DB00123,Database_Administrator,Database Administrator,M,26-30,2,BSc,5.2,0.5486,0.7875,0.6187,0.6948,0.5794,1.0,0.7671,0.8227,0.696,0.7467,1,2,0.2,0.4,0.4,0.3,0.35,0.35,0.4,0.6
DB00124,Database_Administrator,Database Administrator,M,22-25,2,BSc,4.2,0.6507,0.7248,0.506,0.8727,0.6203,1.0,0.7264,0.8146,0.7,0.7458,1,1,0.2,0.4,0.4,0.3,0.35,0.35,0.4,0.6
DB00125,Database_Administrator,Database Administrator,F,22-25,2,BSc,1.9,0.7272,0.5577,0.5255,0.5437,0.6509,0.6333,0.512,0.5883,0.5415,0.5602,1,2,0.2,0.4,0.4,0.3,0.35,0.35,0.4,0.6
DB00126,Database_Administrator,Database Administrator,M,26-30,3,MSc,1.9,0.6708,0.6236,0.743,0.6423,0.7483,0.6333,0.6314,0.6555,0.6719,0.6653,1,2,0.2,0.4,0.4,0.3,0.35,0.35,0.4,0.6
DB00127,Database_Administrator,Database Administrator,M,22-25,2,BSc,0.0,0.5349,0.5102,0.8181,0.6363,0.574,0.0,0.6658,0.3811,0.6621,0.5497,0,2,0.2,0.4,0.4,0.3,0.35,0.35,0.4,0.6
DB00128,Database_Administrator,Database Administrator,M,22-25,2,BSc,5.6,0.7335,0.6085,0.6407,0.5654,0.6534,1.0,0.4926,0.7277,0.6047,0.6539,1,1,0.2,0.4,0.4,0.3,0.35,0.35,0.4,0.6
DB00129,Database_Administrator,Database Administrator,F,26-30,3,MSc,2.8,0.6833,0.7004,0.4763,0.6586,0.7533,0.9333,0.5123,0.7289,0.6073,0.6559,1,1,0.2,0.4,0.4,0.3,0.35,0.35,0.4,0.6
DB00130,Database_Administrator,Database Administrator,M,26-30,1,Diploma,3.4,0.4464,0.658,0.591,0.5219,0.4185,1.0,0.7065,0.7663,0.5869,0.6587,0,2,0.2,0.4,0.4,0.3,0.35,0.35,0.4,0.6
DB00131,Database_Administrator,Database Administrator,M,26-30,2,BSc,6.6,0.4954,0.6528,0.8148,0.9537,0.5582,1.0,0.5656,0.7379,0.8148,0.784,1,2,0.2,0.4,0.4,0.3,0.35,0.35,0.4,0.6
DB00132,Database_Administrator,Database Administrator,M,22-25,2,BSc,1.3,0.5429,0.7726,0.6702,0.7668,0.5771,0.4333,0.7649,0.5947,0.7347,0.6787,0,2,0.2,0.4,0.4,0.3,0.35,0.35,0.4,0.6
DB00133,Database_Administrator,Database Administrator,F,31-35,4,PhD,2.3,0.533,0.6176,0.5819,0.5889,0.8132,0.7667,0.651,0.7297,0.5951,0.6489,1,2,0.2,0.4,0.4,0.3,0.35,0.35,0.4,0.6
DB00134,Database_Administrator,Database Administrator,M,40+,4,PhD,2.9,0.8615,0.8107,0.626,0.4331,0.9446,0.9667,0.6973,0.8545,0.6139,0.7101,1,1,0.2,0.4,0.4,0.3,0.35,0.35,0.4,0.6
DB00135,Database_Administrator,Database Administrator,M,36-40,2,BSc,6.3,0.5481,0.6962,0.777,0.5901,0.5793,1.0,0.904,0.8774,0.6873,0.7633,1,2,0.2,0.4,0.4,0.3,0.35,0.35,0.4,0.6
DB00136,Database_Administrator,Database Administrator,M,40+,1,Diploma,5.9,0.5263,0.6837,0.7,0.8127,0.4505,1.0,0.9167,0.8568,0.7345,0.7834,0,3,0.2,0.4,0.4,0.3,0.35,0.35,0.4,0.6
DB00137,Database_Administrator,Database Administrator,M,36-40,2,BSc,8.3,0.4598,0.6327,0.9207,0.788,0.5439,1.0,0.7982,0.8281,0.7878,0.8039,1,3,0.2,0.4,0.4,0.3,0.35,0.35,0.4,0.6
DB00138,Database_Administrator,Database Administrator,M,22-25,3,MSc,2.3,0.3875,0.8317,0.4331,0.6032,0.635,0.7667,0.6864,0.7082,0.6123,0.6507,1,1,0.2,0.4,0.4,0.3,0.35,0.35,0.4,0.6
DB00139,Database_Administrator,Database Administrator,F,22-25,3,MSc,5.4,0.5723,0.6333,0.4848,0.6079,0.7089,1.0,0.5278,0.7529,0.5724,0.6446,1,1,0.2,0.4,0.4,0.3,0.35,0.35,0.4,0.6
DB00140,Database_Administrator,Database Administrator,M,22-25,3,MSc,5.6,0.5193,0.6227,0.5866,0.8799,0.6877,1.0,0.6506,0.7978,0.7001,0.7392,1,2,0.2,0.4,0.4,0.3,0.35,0.35,0.4,0.6
DB00141,Database_Administrator,Database Administrator,M,22-25,1,Diploma,5.4,0.7786,0.8,0.4369,0.6009,0.5514,1.0,0.7117,0.795,0.6032,0.6799,0,2,0.2,0.4,0.4,0.3,0.35,0.35,0.4,0.6
DB00142,Database_Administrator,Database Administrator,F,40+,3,MSc,3.9,0.4374,0.758,0.727,1.0,0.655,1.0,0.8472,0.8699,0.8318,0.847,1,3,0.2,0.4,0.4,0.3,0.35,0.35,0.4,0.6
DB00143,Database_Administrator,Database Administrator,F,22-25,3,MSc,6.0,0.4702,0.7795,0.7198,0.8364,0.6681,1.0,0.497,0.7324,0.7785,0.7601,1,1,0.2,0.4,0.4,0.3,0.35,0.35,0.4,0.6
DB00144,Database_Administrator,Database Administrator,F,26-30,1,Diploma,3.3,0.5272,0.6628,0.3268,0.4792,0.4509,1.0,0.4236,0.6596,0.4809,0.5524,0,1,0.2,0.4,0.4,0.3,0.35,0.35,0.4,0.6
DB00145,Database_Administrator,Database Administrator,M,40+,3,MSc,8.4,0.6208,0.7577,0.6811,0.91,0.7283,1.0,0.8721,0.8945,0.7842,0.8283,1,3,0.2,0.4,0.4,0.3,0.35,0.35,0.4,0.6
DB00146,Database_Administrator,Database Administrator,M,22-25,3,MSc,4.6,0.6744,0.8292,0.63,0.5955,0.7498,1.0,0.815,0.876,0.6777,0.757,1,2,0.2,0.4,0.4,0.3,0.35,0.35,0.4,0.6
DB00147,Database_Administrator,Database Administrator,M,26-30,3,MSc,4.0,0.3968,0.7101,0.5027,0.6727,0.6387,1.0,0.6162,0.7742,0.6244,0.6843,1,1,0.2,0.4,0.4,0.3,0.35,0.35,0.4,0.6
DB00148,Database_Administrator,Database Administrator,M,31-35,2,BSc,3.4,0.7284,0.5214,0.7612,0.4635,0.6514,1.0,0.5876,0.7653,0.5851,0.6572,1,1,0.2,0.4,0.4,0.3,0.35,0.35,0.4,0.6
DB00149,Database_Administrator,Database Administrator,M,22-25,2,BSc,4.7,0.5259,0.6144,0.6881,0.6832,0.5703,1.0,0.6695,0.7819,0.6643,0.7113,1,1,0.2,0.4,0.4,0.3,0.35,0.35,0.4,0.6
DB00150,Database_Administrator,Database Administrator,F,22-25,2,BSc,0.2,0.8994,0.6658,0.4459,0.6686,0.7198,0.0667,0.5545,0.3924,0.5898,0.5108,0,1,0.2,0.4,0.4,0.3,0.35,0.35,0.4,0.6
DB00151,Database_Administrator,Database Administrator,M,26-30,2,BSc,3.2,0.5238,0.5488,0.6721,0.21,0.5695,1.0,0.5054,0.7161,0.4734,0.5705,0,2,0.2,0.4,0.4,0.3,0.35,0.35,0.4,0.6
DB00152,Database_Administrator,Database Administrator,M,36-40,2,BSc,3.9,0.4329,0.508,0.6258,0.7678,0.5332,1.0,0.3832,0.6599,0.6401,0.648,1,1,0.2,0.4,0.4,0.3,0.35,0.35,0.4,0.6
DB00153,Database_Administrator,Database Administrator,M,26-30,2,BSc,6.3,0.5261,0.4341,0.859,0.9276,0.5704,1.0,0.5574,0.7371,0.7556,0.7482,1,2,0.2,0.4,0.4,0.3,0.35,0.35,0.4,0.6
DB00154,Database_Administrator,Database Administrator,M,36-40,3,MSc,0.0,0.373,0.7445,0.466,0.7214,0.6292,0.0,0.7896,0.4417,0.6389,0.56,0,1,0.2,0.4,0.4,0.3,0.35,0.35,0.4,0.6
DB00155,Database_Administrator,Database Administrator,M,40+,2,BSc,7.2,0.6633,0.5798,0.7539,0.7001,0.6253,1.0,0.797,0.8438,0.6829,0.7473,1,3,0.2,0.4,0.4,0.3,0.35,0.35,0.4,0.6
DB00156,Database_Administrator,Database Administrator,M,31-35,2,BSc,0.0,0.5259,0.6106,0.3876,0.7293,0.5703,0.0,0.6633,0.3794,0.5741,0.4962,0,1,0.2,0.4,0.4,0.3,0.35,0.35,0.4,0.6
DB00157,Database_Administrator,Database Administrator,M,40+,3,MSc,6.2,0.6221,0.788,0.7341,0.8016,0.7288,1.0,0.7979,0.8649,0.7739,0.8103,1,3,0.2,0.4,0.4,0.3,0.35,0.35,0.4,0.6
DB00158,Database_Administrator,Database Administrator,M,31-35,3,MSc,3.9,0.7543,0.6805,0.8493,0.6256,0.7817,1.0,0.6118,0.801,0.7204,0.7526,1,2,0.2,0.4,0.4,0.3,0.35,0.35,0.4,0.6
DB00159,Database_Administrator,Database Administrator,M,26-30,2,BSc,2.3,0.8076,0.7167,0.7817,0.8704,0.683,0.7667,0.8861,0.7977,0.7932,0.795,1,3,0.2,0.4,0.4,0.3,0.35,0.35,0.4,0.6
DB00160,Database_Administrator,Database Administrator,F,31-35,2,BSc,1.2,0.5042,0.5909,0.6191,0.4004,0.5617,0.4,0.4635,0.4577,0.5341,0.5035,0,1,0.2,0.4,0.4,0.3,0.35,0.35,0.4,0.6
DB00161,Database_Administrator,Database Administrator,M,31-35,3,MSc,4.1,0.519,0.7106,0.7199,0.682,0.6876,1.0,0.6677,0.8046,0.7039,0.7442,1,2,0.2,0.4,0.4,0.3,0.35,0.35,0.4,0.6
DB00162,Database_Administrator,Database Administrator,F,22-25,2,BSc,5.1,0.6595,0.6234,0.758,0.7306,0.6238,1.0,0.7224,0.8137,0.708,0.7503,1,3,0.2,0.4,0.4,0.3,0.35,0.35,0.4,0.6
DB00163,Database_Administrator,Database Administrator,F,22-25,2,BSc,7.1,0.5939,0.7036,0.7461,0.7214,0.5976,1.0,0.5108,0.7238,0.7247,0.7243,1,1,0.2,0.4,0.4,0.3,0.35,0.35,0.4,0.6
DB00164,Database_Administrator,Database Administrator,M,36-40,2,BSc,4.7,0.3263,0.6901,0.4785,0.6774,0.4905,1.0,0.7327,0.7912,0.6116,0.6834,1,1,0.2,0.4,0.4,0.3,0.35,0.35,0.4,0.6
DB00165,Database_Administrator,Database Administrator,F,40+,2,BSc,2.4,0.4897,0.7116,0.6296,0.7229,0.5559,0.8,0.8158,0.7575,0.6869,0.7151,1,2,0.2,0.4,0.4,0.3,0.35,0.35,0.4,0.6
DB00166,Database_Administrator,Database Administrator,M,22-25,2,BSc,6.4,0.3647,0.6551,0.8332,0.7556,0.5059,1.0,0.6603,0.7653,0.7526,0.7577,1,2,0.2,0.4,0.4,0.3,0.35,0.35,0.4,0.6
DB00167,Database_Administrator,Database Administrator,M,31-35,2,BSc,5.9,0.506,0.7002,0.6168,0.4427,0.5624,1.0,0.5966,0.7511,0.5809,0.649,1,1,0.2,0.4,0.4,0.3,0.35,0.35,0.4,0.6
DB00168,Database_Administrator,Database Administrator,M,31-35,2,BSc,4.8,0.6859,0.6483,0.6561,0.6326,0.6344,1.0,0.5403,0.743,0.6455,0.6845,1,2,0.2,0.4,0.4,0.3,0.35,0.35,0.4,0.6
DB00169,Database_Administrator,Database Administrator,F,26-30,3,MSc,5.6,0.6465,0.5647,0.8336,0.4361,0.7386,1.0,0.7182,0.835,0.6138,0.7023,1,2,0.2,0.4,0.4,0.3,0.35,0.35,0.4,0.6
DB00170,Database_Administrator,Database Administrator,M,26-30,2,BSc,5.0,0.5566,0.7336,0.6124,0.6974,0.5826,1.0,0.7181,0.8037,0.6785,0.7286,1,2,0.2,0.4,0.4,0.3,0.35,0.35,0.4,0.6
DB00171,Database_Administrator,Database Administrator,M,22-25,2,BSc,4.2,0.533,0.6458,0.6139,0.7536,0.5732,1.0,0.436,0.689,0.6723,0.679,1,1,0.2,0.4,0.4,0.3,0.35,0.35,0.4,0.6
DB00172,Database_Administrator,Database Administrator,M,22-25,3,MSc,4.1,0.7735,0.607,0.7687,0.8327,0.7894,1.0,0.7941,0.8755,0.7426,0.7958,1,3,0.2,0.4,0.4,0.3,0.35,0.35,0.4,0.6
DB00173,Database_Administrator,Database Administrator,F,22-25,2,BSc,6.6,0.6887,0.6631,0.5954,0.9333,0.6355,1.0,0.655,0.7891,0.734,0.756,1,2,0.2,0.4,0.4,0.3,0.35,0.35,0.4,0.6
DB00174,Database_Administrator,Database Administrator,M,31-35,3,MSc,2.9,0.751,0.6694,0.6156,0.638,0.7804,0.9667,0.5063,0.7453,0.6396,0.6819,1,1,0.2,0.4,0.4,0.3,0.35,0.35,0.4,0.6
DB00175,Database_Administrator,Database Administrator,M,22-25,2,BSc,2.4,0.6218,0.8167,0.7494,0.6928,0.6087,0.8,0.7248,0.7317,0.7498,0.7426,1,2,0.2,0.4,0.4,0.3,0.35,0.35,0.4,0.6
DB00176,Database_Administrator,Database Administrator,M,36-40,1,Diploma,4.0,0.4389,0.6258,0.4042,0.7012,0.4156,1.0,0.5309,0.6955,0.5747,0.623,0,1,0.2,0.4,0.4,0.3,0.35,0.35,0.4,0.6
DB00177,Database_Administrator,Database Administrator,F,26-30,2,BSc,2.0,0.2268,0.6706,0.517,0.4817,0.4507,0.6667,0.4414,0.5334,0.5507,0.5438,1,2,0.2,0.4,0.4,0.3,0.35,0.35,0.4,0.6
DB00178,Database_Administrator,Database Administrator,F,22-25,2,BSc,6.2,0.4495,0.8302,0.8363,0.7427,0.5398,1.0,0.848,0.8472,0.8017,0.8199,1,3,0.2,0.4,0.4,0.3,0.35,0.35,0.4,0.6
DB00179,Database_Administrator,Database Administrator,M,26-30,3,MSc,4.7,0.7236,0.5526,0.8857,0.8092,0.7694,1.0,0.5364,0.7684,0.759,0.7628,1,1,0.2,0.4,0.4,0.3,0.35,0.35,0.4,0.6
DB00180,Database_Administrator,Database Administrator,M,36-40,2,BSc,7.3,0.6552,0.5125,0.7423,0.3917,0.6221,1.0,0.8061,0.8468,0.5507,0.6691,1,1,0.2,0.4,0.4,0.3,0.35,0.35,0.4,0.6
DB00181,Database_Administrator,Database Administrator,M,26-30,2,BSc,6.4,0.5816,0.7493,0.5892,0.7956,0.5926,1.0,0.5515,0.7391,0.7095,0.7213,1,2,0.2,0.4,0.4,0.3,0.35,0.35,0.4,0.6
DB00182,Database_Administrator,Database Administrator,M,31-35,2,BSc,6.3,0.4796,0.8747,0.7199,0.7677,0.5519,1.0,0.639,0.766,0.7831,0.7763,1,2,0.2,0.4,0.4,0.3,0.35,0.35,0.4,0.6
DB00183,Database_Administrator,Database Administrator,F,22-25,2,BSc,3.7,0.5112,0.8309,0.6726,0.8451,0.5645,1.0,0.6276,0.7639,0.7804,0.7738,1,2,0.2,0.4,0.4,0.3,0.35,0.35,0.4,0.6
DB00184,Database_Administrator,Database Administrator,M,26-30,2,BSc,2.4,0.5083,0.5431,0.6784,0.5474,0.5633,0.8,0.6797,0.7045,0.5919,0.6369,1,2,0.2,0.4,0.4,0.3,0.35,0.35,0.4,0.6
DB00185,Database_Administrator,Database Administrator,M,26-30,3,MSc,0.0,0.6466,0.756,0.5319,0.7014,0.7386,0.0,0.5368,0.3624,0.6585,0.5401,0,1,0.2,0.4,0.4,0.3,0.35,0.35,0.4,0.6
DB00186,Database_Administrator,Database Administrator,M,31-35,2,BSc,6.5,0.4768,0.7012,0.8228,0.5737,0.5507,1.0,0.6855,0.7843,0.6992,0.7332,1,2,0.2,0.4,0.4,0.3,0.35,0.35,0.4,0.6
DB00187,Database_Administrator,Database Administrator,M,31-35,3,MSc,5.8,0.722,0.8249,0.8838,0.5671,0.7688,1.0,0.8157,0.8801,0.7553,0.8052,1,2,0.2,0.4,0.4,0.3,0.35,0.35,0.4,0.6
DB00188,Database_Administrator,Database Administrator,M,40+,3,MSc,8.1,0.6784,0.751,0.6871,1.0,0.7514,1.0,0.7125,0.8353,0.8158,0.8236,1,3,0.2,0.4,0.4,0.3,0.35,0.35,0.4,0.6
DB00189,Database_Administrator,Database Administrator,F,26-30,3,MSc,2.2,0.5981,0.6419,0.5072,0.6768,0.7193,0.7333,0.6223,0.6861,0.607,0.6386,1,2,0.2,0.4,0.4,0.3,0.35,0.35,0.4,0.6
DB00190,Database_Administrator,Database Administrator,F,26-30,2,BSc,8.1,0.5233,0.7105,0.8577,0.8889,0.5693,1.0,0.965,0.8998,0.8245,0.8546,1,3,0.2,0.4,0.4,0.3,0.35,0.35,0.4,0.6
DB00191,Database_Administrator,Database Administrator,M,26-30,2,BSc,0.0,0.4563,0.6301,0.696,0.4677,0.5425,0.0,0.5455,0.3267,0.5963,0.4885,0,1,0.2,0.4,0.4,0.3,0.35,0.35,0.4,0.6
DB00192,Database_Administrator,Database Administrator,M,26-30,2,BSc,2.4,0.7045,0.6878,0.6699,0.7178,0.6418,0.8,0.744,0.746,0.6921,0.7137,1,2,0.2,0.4,0.4,0.3,0.35,0.35,0.4,0.6
DB00193,Database_Administrator,Database Administrator,M,26-30,3,MSc,5.6,0.5419,0.7355,0.7069,0.838,0.6968,1.0,0.7099,0.8233,0.7614,0.7862,1,3,0.2,0.4,0.4,0.3,0.35,0.35,0.4,0.6
DB00194,Database_Administrator,Database Administrator,F,22-25,2,BSc,5.9,0.5955,0.6811,0.6807,0.634,0.5982,1.0,0.6576,0.7827,0.6645,0.7118,1,2,0.2,0.4,0.4,0.3,0.35,0.35,0.4,0.6
DB00195,Database_Administrator,Database Administrator,F,22-25,2,BSc,4.8,0.5162,0.6862,0.4611,0.5856,0.5665,1.0,0.7103,0.7974,0.5722,0.6623,1,1,0.2,0.4,0.4,0.3,0.35,0.35,0.4,0.6
DB00196,Database_Administrator,Database Administrator,M,31-35,3,MSc,3.1,0.3308,0.8351,0.5112,0.3704,0.6123,1.0,0.6076,0.7655,0.5591,0.6417,1,1,0.2,0.4,0.4,0.3,0.35,0.35,0.4,0.6
DB00197,Database_Administrator,Database Administrator,M,31-35,3,MSc,7.7,0.6254,0.8131,0.9377,0.8716,0.7302,1.0,0.6226,0.7951,0.8772,0.8444,1,2,0.2,0.4,0.4,0.3,0.35,0.35,0.4,0.6
DB00198,Database_Administrator,Database Administrator,M,26-30,4,PhD,1.0,0.824,0.6236,0.4011,0.5314,0.9296,0.3333,0.5362,0.5337,0.5135,0.5216,0,0,0.2,0.4,0.4,0.3,0.35,0.35,0.4,0.6
DB00199,Database_Administrator,Database Administrator,M,26-30,2,BSc,4.9,0.4095,0.553,0.6049,0.774,0.5238,1.0,0.4013,0.6653,0.6485,0.6552,1,1,0.2,0.4,0.4,0.3,0.35,0.35,0.4,0.6
DB00200,Database_Administrator,Database Administrator,M,26-30,4,PhD,4.5,0.4814,0.5956,0.4039,0.6396,0.7925,1.0,0.3939,0.7161,0.5439,0.6128,1,1,0.2,0.4,0.4,0.3,0.35,0.35,0.4,0.6
DB00201,Database_Administrator,Database Administrator,M,26-30,3,MSc,5.6,0.5256,0.5955,0.6219,0.8085,0.6902,1.0,0.475,0.728,0.6793,0.6988,1,1,0.2,0.4,0.4,0.3,0.35,0.35,0.4,0.6
DB00202,Database_Administrator,Database Administrator,F,26-30,2,BSc,0.7,0.8506,0.5752,0.6102,0.5884,0.7003,0.2333,0.574,0.463,0.5921,0.5405,0,2,0.2,0.4,0.4,0.3,0.35,0.35,0.4,0.6
DB00203,Database_Administrator,Database Administrator,M,26-30,2,BSc,9.9,0.4763,0.6341,0.7555,0.6966,0.5505,1.0,0.6057,0.7524,0.6985,0.7201,1,2,0.2,0.4,0.4,0.3,0.35,0.35,0.4,0.6
DB00204,Database_Administrator,Database Administrator,M,36-40,3,MSc,6.3,0.4044,0.5548,0.7177,0.5477,0.6418,1.0,0.6188,0.7759,0.6094,0.676,1,2,0.2,0.4,0.4,0.3,0.35,0.35,0.4,0.6
DB00205,Database_Administrator,Database Administrator,M,26-30,2,BSc,1.1,0.4249,0.4908,0.4075,0.5525,0.53,0.3667,0.5951,0.4907,0.4832,0.4862,0,1,0.2,0.4,0.4,0.3,0.35,0.35,0.4,0.6
DB00206,Database_Administrator,Database Administrator,M,22-25,1,Diploma,0.8,0.519,0.4653,0.6931,0.5136,0.4476,0.2667,0.303,0.3174,0.5619,0.4641,0,0,0.2,0.4,0.4,0.3,0.35,0.35,0.4,0.6
DB00207,Database_Administrator,Database Administrator,M,22-25,1,Diploma,3.6,0.3741,0.5952,0.6399,0.6421,0.3897,1.0,0.56,0.7019,0.6273,0.6571,0,2,0.2,0.4,0.4,0.3,0.35,0.35,0.4,0.6
DB00208,Database_Administrator,Database Administrator,M,22-25,2,BSc,3.7,0.497,0.7166,0.7109,0.481,0.5588,1.0,0.549,0.7314,0.6321,0.6718,1,1,0.2,0.4,0.4,0.3,0.35,0.35,0.4,0.6
DB00209,Database_Administrator,Database Administrator,M,26-30,2,BSc,4.6,0.7687,0.6741,0.6052,0.7066,0.6675,1.0,0.5239,0.743,0.6613,0.694,1,1,0.2,0.4,0.4,0.3,0.35,0.35,0.4,0.6
DB00210,Database_Administrator,Database Administrator,F,40+,2,BSc,1.9,0.6028,0.6599,0.5172,0.8718,0.6011,0.6333,0.7022,0.6544,0.6841,0.6722,1,1,0.2,0.4,0.4,0.3,0.35,0.35,0.4,0.6
DB00211,Database_Administrator,Database Administrator,M,22-25,2,BSc,2.5,0.3904,0.7208,0.444,0.6172,0.5162,0.8333,0.5611,0.661,0.5876,0.617,1,2,0.2,0.4,0.4,0.3,0.35,0.35,0.4,0.6
DB00212,Database_Administrator,Database Administrator,F,26-30,2,BSc,6.0,0.6318,0.7491,0.6454,0.7408,0.6127,1.0,0.8079,0.8457,0.7099,0.7642,1,2,0.2,0.4,0.4,0.3,0.35,0.35,0.4,0.6
DB00213,Database_Administrator,Database Administrator,F,22-25,2,BSc,3.3,0.4641,0.5331,0.5967,0.7087,0.5457,1.0,0.6945,0.787,0.6168,0.6849,1,2,0.2,0.4,0.4,0.3,0.35,0.35,0.4,0.6
DB00214,Database_Administrator,Database Administrator,M,31-35,3,MSc,3.2,0.4861,0.5144,0.6322,0.7635,0.6744,1.0,0.5894,0.7706,0.6428,0.6939,1,2,0.2,0.4,0.4,0.3,0.35,0.35,0.4,0.6
DB00215,Database_Administrator,Database Administrator,F,36-40,2,BSc,0.9,0.6619,0.728,0.4539,0.5015,0.6248,0.3,0.4737,0.4344,0.5528,0.5054,0,1,0.2,0.4,0.4,0.3,0.35,0.35,0.4,0.6
DB00216,Database_Administrator,Database Administrator,M,22-25,2,BSc,2.7,0.4862,0.5808,0.533,0.4233,0.5545,0.9,0.3005,0.5911,0.5089,0.5418,0,0,0.2,0.4,0.4,0.3,0.35,0.35,0.4,0.6
DB00217,Database_Administrator,Database Administrator,F,26-30,4,PhD,13.0,0.7858,0.722,0.8493,0.5625,0.9143,1.0,0.566,0.8093,0.7108,0.7502,1,2,0.2,0.4,0.4,0.3,0.35,0.35,0.4,0.6
DB00218,Database_Administrator,Database Administrator,M,26-30,3,MSc,1.5,0.5444,0.5368,0.5831,0.4509,0.6977,0.5,0.599,0.5791,0.5229,0.5454,1,1,0.2,0.4,0.4,0.3,0.35,0.35,0.4,0.6
DB00219,Database_Administrator,Database Administrator,M,26-30,3,MSc,5.4,0.5946,0.8926,0.6675,0.978,0.7179,1.0,0.9642,0.9293,0.8437,0.8779,1,2,0.2,0.4,0.4,0.3,0.35,0.35,0.4,0.6
DB00220,Database_Administrator,Database Administrator,M,31-35,3,MSc,1.5,0.8299,0.6552,0.6859,0.613,0.812,0.5,0.5332,0.5757,0.6512,0.621,1,1,0.2,0.4,0.4,0.3,0.35,0.35,0.4,0.6
DB00221,Database_Administrator,Database Administrator,M,31-35,3,MSc,4.2,0.5398,0.8523,0.9057,0.7981,0.6959,1.0,0.5729,0.7684,0.852,0.8186,1,3,0.2,0.4,0.4,0.3,0.35,0.35,0.4,0.6
DB00222,Database_Administrator,Database Administrator,M,26-30,1,Diploma,4.6,0.4033,0.6192,0.5324,0.7851,0.4013,1.0,0.4601,0.6643,0.6469,0.6539,0,1,0.2,0.4,0.4,0.3,0.35,0.35,0.4,0.6
DB00223,Database_Administrator,Database Administrator,F,26-30,2,BSc,5.5,0.8147,0.4958,0.5811,0.519,0.6859,1.0,0.459,0.7208,0.5338,0.6086,1,1,0.2,0.4,0.4,0.3,0.35,0.35,0.4,0.6
DB00224,Database_Administrator,Database Administrator,M,26-30,3,MSc,4.2,0.7726,0.6515,0.5413,0.601,0.789,1.0,0.7301,0.8498,0.5952,0.697,1,2,0.2,0.4,0.4,0.3,0.35,0.35,0.4,0.6
DB00225,Database_Administrator,Database Administrator,M,26-30,2,BSc,4.1,0.8075,0.8014,0.8294,0.6135,0.683,1.0,0.6164,0.7831,0.7455,0.7605,1,2,0.2,0.4,0.4,0.3,0.35,0.35,0.4,0.6
DB00226,Database_Administrator,Database Administrator,M,26-30,2,BSc,1.2,0.5771,0.5054,0.5936,0.4717,0.5908,0.4,0.4343,0.4519,0.5245,0.4955,0,1,0.2,0.4,0.4,0.3,0.35,0.35,0.4,0.6
DB00227,Database_Administrator,Database Administrator,M,26-30,2,BSc,8.5,0.8349,0.581,0.8,0.6698,0.6939,1.0,0.6336,0.7922,0.6887,0.7301,1,2,0.2,0.4,0.4,0.3,0.35,0.35,0.4,0.6
DB00228,Database_Administrator,Database Administrator,F,31-35,3,MSc,3.7,0.5428,0.6378,0.625,0.5572,0.6971,1.0,0.4154,0.7056,0.6051,0.6453,1,1,0.2,0.4,0.4,0.3,0.35,0.35,0.4,0.6
DB00229,Database_Administrator,Database Administrator,F,26-30,3,MSc,0.8,0.5114,0.5774,0.5369,0.6505,0.6846,0.2667,0.5053,0.4457,0.5888,0.5316,0,1,0.2,0.4,0.4,0.3,0.35,0.35,0.4,0.6
DB00230,Database_Administrator,Database Administrator,F,22-25,2,BSc,4.5,0.7404,0.7437,0.7078,0.5519,0.6562,1.0,0.6087,0.7747,0.664,0.7083,1,2,0.2,0.4,0.4,0.3,0.35,0.35,0.4,0.6
DB00231,Database_Administrator,Database Administrator,F,22-25,4,PhD,1.8,0.8248,0.6046,0.5864,0.4263,0.9299,0.6,0.6063,0.6685,0.5358,0.5889,1,1,0.2,0.4,0.4,0.3,0.35,0.35,0.4,0.6
DB00232,Database_Administrator,Database Administrator,F,31-35,2,BSc,2.2,0.4653,0.767,0.6182,0.7611,0.5461,0.7333,0.7295,0.6944,0.7128,0.7054,1,2,0.2,0.4,0.4,0.3,0.35,0.35,0.4,0.6
DB00233,Database_Administrator,Database Administrator,M,26-30,1,Diploma,4.2,0.3838,0.4438,0.6447,0.7036,0.3935,1.0,0.3922,0.6356,0.6051,0.6173,0,1,0.2,0.4,0.4,0.3,0.35,0.35,0.4,0.6
DB00234,Database_Administrator,Database Administrator,F,26-30,2,BSc,5.4,0.4898,0.7019,0.6789,0.8204,0.5559,1.0,0.6025,0.7522,0.7353,0.7421,1,2,0.2,0.4,0.4,0.3,0.35,0.35,0.4,0.6
DB00235,Database_Administrator,Database Administrator,M,31-35,2,BSc,4.3,0.5482,0.8242,0.7032,0.654,0.5793,1.0,0.6578,0.779,0.7223,0.745,1,1,0.2,0.4,0.4,0.3,0.35,0.35,0.4,0.6
DB00236,Database_Administrator,Database Administrator,M,22-25,2,BSc,4.5,0.7362,0.6994,0.7196,0.7531,0.6545,1.0,0.5591,0.7546,0.7253,0.737,1,2,0.2,0.4,0.4,0.3,0.35,0.35,0.4,0.6
DB00237,Database_Administrator,Database Administrator,M,26-30,3,MSc,2.7,0.5378,0.7549,0.6274,0.5663,0.6951,0.9,0.7092,0.7827,0.6443,0.6997,1,2,0.2,0.4,0.4,0.3,0.35,0.35,0.4,0.6
DB00238,Database_Administrator,Database Administrator,F,31-35,4,PhD,7.0,0.8728,0.682,0.6614,0.7576,0.9491,1.0,0.7632,0.8951,0.7013,0.7788,1,2,0.2,0.4,0.4,0.3,0.35,0.35,0.4,0.6
DB00239,Database_Administrator,Database Administrator,M,31-35,3,MSc,4.7,0.5041,0.6193,0.7998,0.7501,0.6816,1.0,0.7898,0.8522,0.7283,0.7779,1,2,0.2,0.4,0.4,0.3,0.35,0.35,0.4,0.6
DB00240,Database_Administrator,Database Administrator,M,26-30,2,BSc,7.4,0.6169,0.7598,0.6601,0.8592,0.6068,1.0,0.6625,0.7864,0.7597,0.7704,1,2,0.2,0.4,0.4,0.3,0.35,0.35,0.4,0.6
DB00241,Database_Administrator,Database Administrator,M,36-40,2,BSc,2.8,0.5724,0.7711,0.3888,0.5991,0.589,0.9333,0.5492,0.7108,0.5771,0.6306,1,2,0.2,0.4,0.4,0.3,0.35,0.35,0.4,0.6
DB00242,Database_Administrator,Database Administrator,M,31-35,3,MSc,4.3,0.6911,0.6821,0.8881,0.7469,0.7564,1.0,0.6845,0.8251,0.7769,0.7962,1,2,0.2,0.4,0.4,0.3,0.35,0.35,0.4,0.6
DB00243,Database_Administrator,Database Administrator,F,31-35,2,BSc,1.5,0.9861,0.6337,0.5983,0.3997,0.7544,0.5,0.5868,0.5856,0.5394,0.5579,1,2,0.2,0.4,0.4,0.3,0.35,0.35,0.4,0.6
DB00244,Database_Administrator,Database Administrator,M,31-35,3,MSc,2.3,0.7279,0.4017,0.4845,0.809,0.7711,0.7667,0.6098,0.7048,0.5732,0.6258,1,1,0.2,0.4,0.4,0.3,0.35,0.35,0.4,0.6
DB00245,Database_Administrator,Database Administrator,M,36-40,2,BSc,2.5,0.7108,0.734,0.8425,0.4108,0.6443,0.8333,0.6665,0.7288,0.6589,0.6869,1,1,0.2,0.4,0.4,0.3,0.35,0.35,0.4,0.6
DB00246,Database_Administrator,Database Administrator,F,36-40,2,BSc,7.3,0.691,0.6539,0.8212,0.6124,0.6364,1.0,0.692,0.8041,0.6979,0.7404,1,1,0.2,0.4,0.4,0.3,0.35,0.35,0.4,0.6
DB00247,Database_Administrator,Database Administrator,F,22-25,3,MSc,0.8,0.4564,0.7852,0.5513,0.2999,0.6626,0.2667,0.5063,0.4417,0.5335,0.4968,0,2,0.2,0.4,0.4,0.3,0.35,0.35,0.4,0.6
DB00248,Database_Administrator,Database Administrator,M,26-30,2,BSc,3.5,0.5719,0.6598,0.6283,0.5336,0.5887,1.0,0.5273,0.7287,0.6046,0.6542,1,1,0.2,0.4,0.4,0.3,0.35,0.35,0.4,0.6
DB00249,Database_Administrator,Database Administrator,F,22-25,2,BSc,8.5,0.2928,0.7601,0.8952,0.7007,0.4771,1.0,0.6007,0.7357,0.7866,0.7662,1,2,0.2,0.4,0.4,0.3,0.35,0.35,0.4,0.6
DB00250,Database_Administrator,Database Administrator,F,36-40,2,BSc,11.1,0.8649,0.6219,0.5603,0.6427,0.706,1.0,0.6316,0.7938,0.6076,0.6821,1,2,0.2,0.4,0.4,0.3,0.35,0.35,0.4,0.6
DB00251,Database_Administrator,Database Administrator,F,22-25,2,BSc,3.5,0.3723,0.6968,0.4013,0.5761,0.5089,1.0,0.4051,0.6638,0.5511,0.5962,1,1,0.2,0.4,0.4,0.3,0.35,0.35,0.4,0.6
DB00252,Database_Administrator,Database Administrator,M,26-30,3,MSc,1.0,0.3356,0.6729,0.5865,0.4902,0.6142,0.3333,0.4766,0.4468,0.5787,0.5259,0,1,0.2,0.4,0.4,0.3,0.35,0.35,0.4,0.6
DB00253,Database_Administrator,Database Administrator,M,31-35,2,BSc,4.8,0.272,0.6925,0.5539,0.9182,0.4688,1.0,0.7472,0.7927,0.723,0.7509,1,2,0.2,0.4,0.4,0.3,0.35,0.35,0.4,0.6
DB00254,Database_Administrator,Database Administrator,M,22-25,3,MSc,4.8,0.5297,0.5781,0.7537,0.6624,0.6919,1.0,0.5393,0.7541,0.6691,0.7031,1,2,0.2,0.4,0.4,0.3,0.35,0.35,0.4,0.6
DB00255,Database_Administrator,Database Administrator,F,31-35,2,BSc,3.0,0.8475,0.7416,0.7684,0.9734,0.699,1.0,0.5984,0.7792,0.8321,0.8109,1,2,0.2,0.4,0.4,0.3,0.35,0.35,0.4,0.6
DB00256,Database_Administrator,Database Administrator,M,22-25,2,BSc,2.0,0.7424,0.6624,0.5047,0.6469,0.657,0.6667,0.6651,0.6641,0.6018,0.6267,1,1,0.2,0.4,0.4,0.3,0.35,0.35,0.4,0.6
DB00257,Database_Administrator,Database Administrator,F,22-25,2,BSc,0.5,0.6086,0.606,0.5034,0.4827,0.6034,0.1667,0.5193,0.3951,0.5269,0.4742,0,1,0.2,0.4,0.4,0.3,0.35,0.35,0.4,0.6
DB00258,Database_Administrator,Database Administrator,F,26-30,3,MSc,9.4,0.7115,0.643,0.8819,0.7889,0.7646,1.0,0.7037,0.8344,0.7777,0.8004,1,3,0.2,0.4,0.4,0.3,0.35,0.35,0.4,0.6
DB00259,Database_Administrator,Database Administrator,M,26-30,1,Diploma,9.9,0.4685,0.6873,0.7219,0.5765,0.4274,1.0,0.6268,0.7362,0.6607,0.6909,0,2,0.2,0.4,0.4,0.3,0.35,0.35,0.4,0.6
DB00260,Database_Administrator,Database Administrator,F,26-30,2,BSc,2.5,0.582,0.7138,0.5486,0.8296,0.5928,0.8333,0.4995,0.6517,0.6965,0.6786,1,1,0.2,0.4,0.4,0.3,0.35,0.35,0.4,0.6
DB00261,Database_Administrator,Database Administrator,F,22-25,3,MSc,6.4,0.4674,0.8648,0.685,0.6148,0.6669,1.0,0.7248,0.8233,0.7144,0.758,1,2,0.2,0.4,0.4,0.3,0.35,0.35,0.4,0.6
DB00262,Database_Administrator,Database Administrator,M,22-25,2,BSc,6.2,0.4432,0.6869,1.0,0.7747,0.5373,1.0,0.8007,0.8277,0.8272,0.8274,1,3,0.2,0.4,0.4,0.3,0.35,0.35,0.4,0.6
DB00263,Database_Administrator,Database Administrator,F,31-35,2,BSc,3.2,0.5801,0.8562,0.496,0.678,0.592,1.0,0.4723,0.7073,0.6678,0.6836,1,1,0.2,0.4,0.4,0.3,0.35,0.35,0.4,0.6
DB00264,Database_Administrator,Database Administrator,M,22-25,2,BSc,5.6,0.6812,0.7457,0.6298,0.484,0.6325,1.0,0.56,0.7505,0.6135,0.6683,1,1,0.2,0.4,0.4,0.3,0.35,0.35,0.4,0.6
DB00265,Database_Administrator,Database Administrator,F,26-30,2,BSc,4.1,0.6796,0.7716,0.7206,0.7467,0.6318,1.0,0.7416,0.823,0.745,0.7762,1,3,0.2,0.4,0.4,0.3,0.35,0.35,0.4,0.6
DB00266,Database_Administrator,Database Administrator,F,31-35,2,BSc,6.9,0.6665,0.539,0.7586,0.4299,0.6266,1.0,0.516,0.7317,0.5777,0.6393,1,1,0.2,0.4,0.4,0.3,0.35,0.35,0.4,0.6
DB00267,Database_Administrator,Database Administrator,M,31-35,2,BSc,3.8,0.5517,0.666,0.6548,0.5636,0.5807,1.0,0.4137,0.6816,0.6262,0.6484,1,1,0.2,0.4,0.4,0.3,0.35,0.35,0.4,0.6
DB00268,Database_Administrator,Database Administrator,F,36-40,2,BSc,5.4,0.6641,0.7501,0.7441,0.3517,0.6256,1.0,0.6662,0.7916,0.6086,0.6818,1,1,0.2,0.4,0.4,0.3,0.35,0.35,0.4,0.6
DB00269,Database_Administrator,Database Administrator,F,36-40,3,MSc,2.6,0.7861,0.7215,0.7284,0.8133,0.7944,0.8667,0.7473,0.8045,0.756,0.7754,1,3,0.2,0.4,0.4,0.3,0.35,0.35,0.4,0.6
DB00270,Database_Administrator,Database Administrator,M,22-25,2,BSc,7.2,0.9357,0.7253,0.639,0.6907,0.7343,1.0,0.6996,0.8267,0.683,0.7405,1,2,0.2,0.4,0.4,0.3,0.35,0.35,0.4,0.6
DB00271,Database_Administrator,Database Administrator,F,26-30,3,MSc,2.1,0.6519,0.6294,0.7636,0.4725,0.7408,0.7,0.5974,0.6671,0.6214,0.6397,1,1,0.2,0.4,0.4,0.3,0.35,0.35,0.4,0.6
DB00272,Database_Administrator,Database Administrator,F,40+,3,MSc,4.6,0.1,0.7126,0.5371,0.6921,0.52,1.0,0.5768,0.7347,0.644,0.6803,1,2,0.2,0.4,0.4,0.3,0.35,0.35,0.4,0.6
DB00273,Database_Administrator,Database Administrator,M,26-30,3,MSc,4.4,0.5423,0.6908,0.696,0.6775,0.6969,1.0,0.697,0.8182,0.688,0.7401,1,2,0.2,0.4,0.4,0.3,0.35,0.35,0.4,0.6
DB00274,Database_Administrator,Database Administrator,M,40+,3,MSc,0.6,0.53,0.5988,0.6147,0.6635,0.692,0.2,0.6762,0.4889,0.627,0.5718,0,2,0.2,0.4,0.4,0.3,0.35,0.35,0.4,0.6
DB00275,Database_Administrator,Database Administrator,F,31-35,4,PhD,2.6,0.7538,0.8108,0.4825,0.5326,0.9015,0.8667,0.5848,0.7609,0.5985,0.6635,1,1,0.2,0.4,0.4,0.3,0.35,0.35,0.4,0.6
DB00276,Database_Administrator,Database Administrator,F,22-25,4,PhD,1.9,0.5135,0.5432,0.6622,0.476,0.8054,0.6333,0.4265,0.585,0.5614,0.5708,1,1,0.2,0.4,0.4,0.3,0.35,0.35,0.4,0.6
DB00277,Database_Administrator,Database Administrator,M,26-30,2,BSc,0.0,0.6702,0.5063,0.52,0.4581,0.6281,0.0,0.5124,0.3306,0.4942,0.4288,0,1,0.2,0.4,0.4,0.3,0.35,0.35,0.4,0.6
DB00278,Database_Administrator,Database Administrator,F,22-25,2,BSc,3.0,0.664,0.6019,0.627,0.539,0.6256,1.0,0.6229,0.7743,0.5887,0.6629,1,2,0.2,0.4,0.4,0.3,0.35,0.35,0.4,0.6
DB00279,Database_Administrator,Database Administrator,F,22-25,2,BSc,5.2,0.5625,0.7044,0.7646,0.7904,0.585,1.0,0.5309,0.7294,0.7556,0.7451,1,0,0.2,0.4,0.4,0.3,0.35,0.35,0.4,0.6
DB00280,Database_Administrator,Database Administrator,F,26-30,3,MSc,6.8,0.6125,0.7646,0.8399,0.5597,0.725,1.0,0.7476,0.844,0.7193,0.7692,1,2,0.2,0.4,0.4,0.3,0.35,0.35,0.4,0.6
DB00281,Database_Administrator,Database Administrator,M,22-25,1,Diploma,4.8,0.4864,0.5673,0.7161,0.6724,0.4346,1.0,0.5122,0.6918,0.6562,0.6704,0,1,0.2,0.4,0.4,0.3,0.35,0.35,0.4,0.6
DB00282,Database_Administrator,Database Administrator,M,22-25,2,BSc,12.7,0.7836,0.7334,0.7133,0.6397,0.6734,1.0,0.8127,0.8598,0.6936,0.7601,1,3,0.2,0.4,0.4,0.3,0.35,0.35,0.4,0.6
DB00283,Database_Administrator,Database Administrator,M,26-30,3,MSc,3.8,0.5592,0.6454,0.7089,0.7301,0.7037,1.0,0.5519,0.7615,0.6973,0.723,1,2,0.2,0.4,0.4,0.3,0.35,0.35,0.4,0.6
DB00284,Database_Administrator,Database Administrator,F,26-30,2,BSc,6.6,0.4235,0.6941,0.5705,0.5657,0.5294,1.0,0.725,0.7959,0.6059,0.6819,1,2,0.2,0.4,0.4,0.3,0.35,0.35,0.4,0.6
DB00285,Database_Administrator,Database Administrator,F,31-35,3,MSc,6.5,0.5569,0.8795,0.6404,0.8272,0.7028,1.0,0.5323,0.7535,0.7775,0.7679,1,2,0.2,0.4,0.4,0.3,0.35,0.35,0.4,0.6
DB00286,Database_Administrator,Database Administrator,F,26-30,2,BSc,4.4,0.5206,0.9486,0.5861,0.7655,0.5682,1.0,0.5808,0.746,0.7576,0.753,1,2,0.2,0.4,0.4,0.3,0.35,0.35,0.4,0.6
DB00287,Database_Administrator,Database Administrator,F,26-30,3,MSc,4.6,0.761,0.689,0.5194,0.6129,0.7844,1.0,0.5676,0.7839,0.603,0.6754,1,1,0.2,0.4,0.4,0.3,0.35,0.35,0.4,0.6
DB00288,Database_Administrator,Database Administrator,M,26-30,3,MSc,4.3,0.7764,0.5624,0.6217,0.6768,0.7906,1.0,0.5734,0.7875,0.6232,0.6889,1,2,0.2,0.4,0.4,0.3,0.35,0.35,0.4,0.6
DB00289,Database_Administrator,Database Administrator,F,22-25,2,BSc,1.8,0.9194,0.7223,0.5594,0.5535,0.7277,0.6,0.8295,0.7173,0.6062,0.6506,1,2,0.2,0.4,0.4,0.3,0.35,0.35,0.4,0.6
DB00290,Database_Administrator,Database Administrator,F,26-30,1,Diploma,7.2,0.7841,0.6312,0.5548,0.7486,0.5536,1.0,0.6644,0.7765,0.6456,0.698,0,2,0.2,0.4,0.4,0.3,0.35,0.35,0.4,0.6
DB00291,Database_Administrator,Database Administrator,M,26-30,3,MSc,2.3,0.7784,0.7141,0.6122,0.5793,0.7914,0.7667,0.5825,0.6979,0.6312,0.6579,1,2,0.2,0.4,0.4,0.3,0.35,0.35,0.4,0.6
DB00292,Database_Administrator,Database Administrator,F,22-25,3,MSc,2.1,0.5057,0.4966,0.6069,0.8165,0.6823,0.7,0.6443,0.6742,0.6472,0.658,1,2,0.2,0.4,0.4,0.3,0.35,0.35,0.4,0.6
DB00293,Database_Administrator,Database Administrator,M,36-40,1,Diploma,6.0,0.6594,0.5535,0.6827,0.7993,0.5038,1.0,0.5291,0.7124,0.6848,0.6958,0,1,0.2,0.4,0.4,0.3,0.35,0.35,0.4,0.6
DB00294,Database_Administrator,Database Administrator,M,36-40,2,BSc,7.6,0.4086,0.7797,0.7229,0.5676,0.5234,1.0,0.5429,0.7218,0.6856,0.7001,1,2,0.2,0.4,0.4,0.3,0.35,0.35,0.4,0.6
DB00295,Database_Administrator,Database Administrator,F,36-40,2,BSc,3.3,0.6221,0.7228,0.6972,0.6546,0.6088,1.0,0.5668,0.7485,0.69,0.7134,1,2,0.2,0.4,0.4,0.3,0.35,0.35,0.4,0.6
DB00296,Database_Administrator,Database Administrator,F,31-35,3,MSc,8.5,0.7855,0.6085,0.6927,0.5653,0.7942,1.0,0.7321,0.8517,0.6229,0.7144,1,2,0.2,0.4,0.4,0.3,0.35,0.35,0.4,0.6
DB00297,Database_Administrator,Database Administrator,F,22-25,1,Diploma,0.4,0.4376,0.6235,0.435,0.7166,0.415,0.1333,0.5955,0.3745,0.5901,0.5039,0,1,0.2,0.4,0.4,0.3,0.35,0.35,0.4,0.6
DB00298,Database_Administrator,Database Administrator,M,31-35,3,MSc,0.8,0.6182,0.7137,0.5798,0.7847,0.7273,0.2667,0.7646,0.558,0.6917,0.6382,0,1,0.2,0.4,0.4,0.3,0.35,0.35,0.4,0.6
DB00299,Database_Administrator,Database Administrator,F,40+,3,MSc,5.6,0.6645,0.7439,0.7701,0.7968,0.7458,1.0,0.6852,0.8233,0.7716,0.7923,1,2,0.2,0.4,0.4,0.3,0.35,0.35,0.4,0.6
DB00300,Database_Administrator,Database Administrator,M,26-30,2,BSc,3.6,0.5616,0.6398,0.4683,0.5382,0.5847,1.0,0.4865,0.7115,0.5442,0.6111,1,1,0.2,0.4,0.4,0.3,0.35,0.35,0.4,0.6
DB00301,Database_Administrator,Database Administrator,F,36-40,2,BSc,2.3,0.4123,0.5428,0.5745,0.3582,0.5249,0.7667,0.4926,0.6087,0.4893,0.5371,1,1,0.2,0.4,0.4,0.3,0.35,0.35,0.4,0.6
DB00302,Database_Administrator,Database Administrator,M,31-35,2,BSc,5.7,0.5305,0.6247,0.7043,0.5953,0.5722,1.0,0.5079,0.7176,0.6423,0.6724,1,1,0.2,0.4,0.4,0.3,0.35,0.35,0.4,0.6
DB00303,Database_Administrator,Database Administrator,F,26-30,2,BSc,9.9,0.5127,0.8102,0.8295,0.6547,0.5651,1.0,0.754,0.8146,0.7625,0.7833,1,2,0.2,0.4,0.4,0.3,0.35,0.35,0.4,0.6
DB00304,Database_Administrator,Database Administrator,M,26-30,3,MSc,7.2,0.458,0.8684,0.7289,0.7962,0.6632,1.0,0.5357,0.7469,0.7943,0.7753,1,1,0.2,0.4,0.4,0.3,0.35,0.35,0.4,0.6
DB00305,Database_Administrator,Database Administrator,M,31-35,3,MSc,5.9,0.7961,0.5374,0.5507,0.723,0.7984,1.0,0.5092,0.7633,0.607,0.6695,1,1,0.2,0.4,0.4,0.3,0.35,0.35,0.4,0.6
DB00306,Database_Administrator,Database Administrator,F,26-30,2,BSc,13.5,0.5756,0.8687,0.7679,0.7996,0.5902,1.0,0.8266,0.8487,0.8092,0.825,1,3,0.2,0.4,0.4,0.3,0.35,0.35,0.4,0.6
DB00307,Database_Administrator,Database Administrator,F,36-40,2,BSc,1.7,0.4636,0.5981,0.6315,0.6187,0.5454,0.5667,0.5247,0.5456,0.617,0.5884,1,1,0.2,0.4,0.4,0.3,0.35,0.35,0.4,0.6
DB00308,Database_Administrator,Database Administrator,M,22-25,2,BSc,4.4,0.6612,0.6299,0.6205,0.6169,0.6245,1.0,0.7447,0.8228,0.6221,0.7024,1,1,0.2,0.4,0.4,0.3,0.35,0.35,0.4,0.6
DB00309,Database_Administrator,Database Administrator,M,40+,3,MSc,5.5,0.6929,0.7324,0.9549,0.6212,0.7572,1.0,0.5584,0.7748,0.7713,0.7727,1,2,0.2,0.4,0.4,0.3,0.35,0.35,0.4,0.6
DB00310,Database_Administrator,Database Administrator,F,22-25,2,BSc,4.0,0.4329,0.6418,0.5969,0.4764,0.5332,1.0,0.6758,0.777,0.5682,0.6517,1,1,0.2,0.4,0.4,0.3,0.35,0.35,0.4,0.6
DB00311,Database_Administrator,Database Administrator,M,36-40,3,MSc,0.0,0.8429,0.6426,0.5816,0.3411,0.8172,0.0,0.6791,0.4351,0.5157,0.4835,0,1,0.2,0.4,0.4,0.3,0.35,0.35,0.4,0.6
DB00312,Database_Administrator,Database Administrator,M,31-35,2,BSc,4.9,0.6787,0.684,0.5531,0.521,0.6315,1.0,0.6061,0.7688,0.5811,0.6562,1,2,0.2,0.4,0.4,0.3,0.35,0.35,0.4,0.6
DB00313,Database_Administrator,Database Administrator,F,26-30,1,Diploma,3.8,0.3509,0.6272,0.6414,0.4978,0.3803,1.0,0.5711,0.7045,0.5869,0.6339,0,1,0.2,0.4,0.4,0.3,0.35,0.35,0.4,0.6
DB00314,Database_Administrator,Database Administrator,F,26-30,3,MSc,3.4,0.7653,0.7116,0.5057,0.8363,0.7861,1.0,0.7168,0.8439,0.6832,0.7475,1,1,0.2,0.4,0.4,0.3,0.35,0.35,0.4,0.6
DB00315,Database_Administrator,Database Administrator,M,26-30,2,BSc,4.5,0.685,0.5637,0.6342,0.4605,0.634,1.0,0.6558,0.7891,0.5522,0.647,1,0,0.2,0.4,0.4,0.3,0.35,0.35,0.4,0.6
DB00316,Database_Administrator,Database Administrator,F,36-40,1,Diploma,4.1,0.5533,0.7093,0.7794,0.6112,0.4613,1.0,0.7024,0.7732,0.6995,0.729,0,2,0.2,0.4,0.4,0.3,0.35,0.35,0.4,0.6
DB00317,Database_Administrator,Database Administrator,M,26-30,2,BSc,6.5,0.6431,0.5675,0.8798,0.6901,0.6172,1.0,0.7968,0.8422,0.7197,0.7687,1,1,0.2,0.4,0.4,0.3,0.35,0.35,0.4,0.6
DB00318,Database_Administrator,Database Administrator,M,26-30,2,BSc,4.4,0.6822,0.5804,0.4819,0.6545,0.6329,1.0,0.7065,0.8092,0.5718,0.6668,1,1,0.2,0.4,0.4,0.3,0.35,0.35,0.4,0.6
DB00319,Database_Administrator,Database Administrator,M,36-40,3,MSc,3.9,0.8047,0.8704,0.7931,0.6449,0.8019,1.0,0.7102,0.8445,0.7644,0.7964,1,2,0.2,0.4,0.4,0.3,0.35,0.35,0.4,0.6
DB00320,Database_Administrator,Database Administrator,F,36-40,3,MSc,6.4,0.8069,0.8334,0.786,0.6625,0.8028,1.0,0.6992,0.8403,0.757,0.7903,1,2,0.2,0.4,0.4,0.3,0.35,0.35,0.4,0.6
DB00321,Database_Administrator,Database Administrator,F,26-30,3,MSc,4.8,0.6203,0.9126,0.7733,0.801,0.7281,1.0,0.752,0.8464,0.8248,0.8334,1,2,0.2,0.4,0.4,0.3,0.35,0.35,0.4,0.6
DB00322,Database_Administrator,Database Administrator,F,36-40,1,Diploma,4.7,0.5584,0.6632,0.8117,0.5718,0.4634,1.0,0.5798,0.7246,0.6832,0.6998,0,2,0.2,0.4,0.4,0.3,0.35,0.35,0.4,0.6
DB00323,Database_Administrator,Database Administrator,M,22-25,3,MSc,5.7,0.5442,0.6433,0.7245,0.7314,0.6977,1.0,0.8564,0.8821,0.7026,0.7744,1,3,0.2,0.4,0.4,0.3,0.35,0.35,0.4,0.6
DB00324,Database_Administrator,Database Administrator,M,36-40,2,BSc,4.3,0.3926,0.5975,0.3408,0.6601,0.517,1.0,0.6371,0.7582,0.5296,0.621,1,1,0.2,0.4,0.4,0.3,0.35,0.35,0.4,0.6
DB00325,Database_Administrator,Database Administrator,M,36-40,3,MSc,7.1,0.899,0.7358,0.6936,0.7811,0.8396,1.0,0.6199,0.8159,0.7369,0.7685,1,2,0.2,0.4,0.4,0.3,0.35,0.35,0.4,0.6
DB00326,Database_Administrator,Database Administrator,F,31-35,2,BSc,3.6,0.6954,0.8329,0.6332,0.5715,0.6382,1.0,0.6797,0.7995,0.6715,0.7227,1,2,0.2,0.4,0.4,0.3,0.35,0.35,0.4,0.6
DB00327,Database_Administrator,Database Administrator,F,26-30,2,BSc,10.5,0.5678,0.6214,0.7313,0.651,0.5871,1.0,0.4091,0.681,0.6702,0.6745,1,1,0.2,0.4,0.4,0.3,0.35,0.35,0.4,0.6
DB00328,Database_Administrator,Database Administrator,M,22-25,3,MSc,6.8,0.4964,0.7706,0.6691,0.6977,0.6786,1.0,0.6477,0.7948,0.7096,0.7437,1,2,0.2,0.4,0.4,0.3,0.35,0.35,0.4,0.6
DB00329,Database_Administrator,Database Administrator,M,22-25,3,MSc,2.1,0.6892,0.6977,0.5944,0.6997,0.7557,0.7,0.9012,0.7916,0.6623,0.714,1,2,0.2,0.4,0.4,0.3,0.35,0.35,0.4,0.6
DB00330,Database_Administrator,Database Administrator,F,36-40,1,Diploma,6.9,0.2806,0.8855,0.8914,0.4998,0.3522,1.0,0.8056,0.7927,0.7525,0.7686,0,1,0.2,0.4,0.4,0.3,0.35,0.35,0.4,0.6
DB00331,Database_Administrator,Database Administrator,F,26-30,2,BSc,8.2,0.7732,0.683,0.8345,0.7252,0.6693,1.0,0.5409,0.7502,0.7508,0.7506,1,2,0.2,0.4,0.4,0.3,0.35,0.35,0.4,0.6
DB00332,Database_Administrator,Database Administrator,F,31-35,3,MSc,4.2,0.4633,0.6619,0.7394,0.9253,0.6653,1.0,0.7758,0.8434,0.7812,0.8061,1,3,0.2,0.4,0.4,0.3,0.35,0.35,0.4,0.6
DB00333,Database_Administrator,Database Administrator,F,26-30,2,BSc,4.0,0.5661,0.6963,0.6079,0.6543,0.5864,1.0,0.5188,0.7248,0.6507,0.6803,1,2,0.2,0.4,0.4,0.3,0.35,0.35,0.4,0.6
DB00334,Database_Administrator,Database Administrator,M,26-30,3,MSc,5.9,0.5621,0.737,0.7068,0.6588,0.7048,1.0,0.5526,0.762,0.6991,0.7243,1,3,0.2,0.4,0.4,0.3,0.35,0.35,0.4,0.6
DB00335,Database_Administrator,Database Administrator,M,31-35,3,MSc,1.3,0.7851,0.7432,0.8877,0.6458,0.794,0.4333,0.6392,0.5878,0.7597,0.6909,0,2,0.2,0.4,0.4,0.3,0.35,0.35,0.4,0.6
DB00336,Database_Administrator,Database Administrator,M,40+,3,MSc,2.5,0.5082,0.7387,0.5984,0.5904,0.6833,0.8333,0.6401,0.726,0.6377,0.673,1,2,0.2,0.4,0.4,0.3,0.35,0.35,0.4,0.6
DB00337,Database_Administrator,Database Administrator,M,36-40,2,BSc,5.8,0.5672,0.6012,0.6132,0.7144,0.5869,1.0,0.6658,0.7837,0.645,0.7005,1,2,0.2,0.4,0.4,0.3,0.35,0.35,0.4,0.6
DB00338,Database_Administrator,Database Administrator,M,26-30,2,BSc,10.5,0.5322,0.9074,0.6678,0.7634,0.5729,1.0,0.7927,0.8316,0.7731,0.7965,1,2,0.2,0.4,0.4,0.3,0.35,0.35,0.4,0.6
DB00339,Database_Administrator,Database Administrator,M,26-30,3,MSc,3.5,0.444,0.8358,0.6892,0.5484,0.6576,1.0,0.7539,0.8331,0.6839,0.7436,1,1,0.2,0.4,0.4,0.3,0.35,0.35,0.4,0.6
DB00340,Database_Administrator,Database Administrator,F,31-35,2,BSc,6.5,0.5967,0.7755,0.6839,0.9301,0.5987,1.0,0.6398,0.7757,0.7975,0.7888,1,2,0.2,0.4,0.4,0.3,0.35,0.35,0.4,0.6
DB00341,Database_Administrator,Database Administrator,M,22-25,2,BSc,6.1,0.6001,0.7691,0.5535,0.5685,0.6,1.0,0.4415,0.6966,0.6234,0.6527,1,1,0.2,0.4,0.4,0.3,0.35,0.35,0.4,0.6
DB00342,Database_Administrator,Database Administrator,F,36-40,2,BSc,9.0,0.6616,0.6412,0.8646,0.9206,0.6246,1.0,0.6977,0.804,0.8172,0.8119,1,2,0.2,0.4,0.4,0.3,0.35,0.35,0.4,0.6
DB00343,Database_Administrator,Database Administrator,M,22-25,3,MSc,6.5,0.5474,0.7114,0.769,0.7935,0.699,1.0,0.749,0.8394,0.7603,0.7919,1,3,0.2,0.4,0.4,0.3,0.35,0.35,0.4,0.6
DB00344,Database_Administrator,Database Administrator,M,36-40,3,MSc,5.4,0.6955,0.7697,0.6095,0.8,0.7582,1.0,0.6683,0.819,0.7242,0.7621,1,2,0.2,0.4,0.4,0.3,0.35,0.35,0.4,0.6
DB00345,Database_Administrator,Database Administrator,F,31-35,3,MSc,3.8,0.7855,0.6939,0.6856,0.5386,0.7942,1.0,0.6185,0.8062,0.6367,0.7045,1,2,0.2,0.4,0.4,0.3,0.35,0.35,0.4,0.6
DB00346,Database_Administrator,Database Administrator,M,22-25,2,BSc,7.7,0.4703,0.6826,0.6287,0.8528,0.5481,1.0,0.612,0.7544,0.7233,0.7357,1,1,0.2,0.4,0.4,0.3,0.35,0.35,0.4,0.6
DB00347,Database_Administrator,Database Administrator,F,22-25,4,PhD,4.9,0.6167,0.7202,0.6517,0.6638,0.8467,1.0,0.6057,0.8116,0.6765,0.7305,1,2,0.2,0.4,0.4,0.3,0.35,0.35,0.4,0.6
DB00348,Database_Administrator,Database Administrator,F,22-25,3,MSc,1.3,0.7473,0.6289,0.4281,0.6644,0.7789,0.4333,0.5216,0.5377,0.5711,0.5577,0,1,0.2,0.4,0.4,0.3,0.35,0.35,0.4,0.6
DB00349,Database_Administrator,Database Administrator,M,22-25,4,PhD,0.6,0.4947,0.7687,0.4653,0.5765,0.7979,0.2,0.5918,0.4763,0.5952,0.5476,0,1,0.2,0.4,0.4,0.3,0.35,0.35,0.4,0.6
DB00350,Database_Administrator,Database Administrator,F,22-25,3,MSc,2.7,0.6388,0.8364,0.4611,0.6277,0.7355,0.9,0.7307,0.7994,0.632,0.699,1,1,0.2,0.4,0.4,0.3,0.35,0.35,0.4,0.6
DB00351,Database_Administrator,Database Administrator,F,31-35,3,MSc,5.1,0.7224,0.6744,0.6754,0.7497,0.769,1.0,0.8123,0.8787,0.7011,0.7721,1,2,0.2,0.4,0.4,0.3,0.35,0.35,0.4,0.6
DB00352,Database_Administrator,Database Administrator,F,22-25,2,BSc,4.2,0.3848,0.6562,0.7081,0.6748,0.5139,1.0,0.4105,0.667,0.6809,0.6753,1,0,0.2,0.4,0.4,0.3,0.35,0.35,0.4,0.6
DB00353,Database_Administrator,Database Administrator,F,22-25,2,BSc,3.5,0.6754,0.7727,0.6253,0.8181,0.6301,1.0,0.6425,0.783,0.737,0.7554,1,2,0.2,0.4,0.4,0.3,0.35,0.35,0.4,0.6
DB00354,Database_Administrator,Database Administrator,F,31-35,1,Diploma,1.1,0.5136,0.5755,0.5731,0.3479,0.4454,0.3667,0.4862,0.4302,0.495,0.4691,0,1,0.2,0.4,0.4,0.3,0.35,0.35,0.4,0.6
DB00355,Database_Administrator,Database Administrator,F,26-30,2,BSc,7.7,0.4546,0.6179,0.7745,0.9627,0.5418,1.0,0.6876,0.7834,0.7934,0.7894,1,2,0.2,0.4,0.4,0.3,0.35,0.35,0.4,0.6
DB00356,Database_Administrator,Database Administrator,F,22-25,2,BSc,6.3,0.4976,0.6479,0.6928,0.4436,0.559,1.0,0.5282,0.7231,0.5921,0.6445,1,1,0.2,0.4,0.4,0.3,0.35,0.35,0.4,0.6
DB00357,Database_Administrator,Database Administrator,F,26-30,2,BSc,0.0,0.5957,0.8454,0.5554,0.5273,0.5983,0.0,0.3885,0.2751,0.6326,0.4896,0,1,0.2,0.4,0.4,0.3,0.35,0.35,0.4,0.6
DB00358,Database_Administrator,Database Administrator,M,36-40,3,MSc,2.3,0.5904,0.8011,0.5911,0.4645,0.7162,0.7667,0.6868,0.7246,0.6098,0.6557,1,1,0.2,0.4,0.4,0.3,0.35,0.35,0.4,0.6
DB00359,Database_Administrator,Database Administrator,M,22-25,3,MSc,6.2,0.6774,0.9532,0.6043,0.9144,0.751,1.0,0.9236,0.9196,0.8175,0.8583,1,3,0.2,0.4,0.4,0.3,0.35,0.35,0.4,0.6
DB00360,Database_Administrator,Database Administrator,F,31-35,3,MSc,6.1,0.8066,0.7175,0.5958,0.7152,0.8026,1.0,0.739,0.8561,0.6741,0.7469,1,2,0.2,0.4,0.4,0.3,0.35,0.35,0.4,0.6
DB00361,Database_Administrator,Database Administrator,F,31-35,3,MSc,2.6,0.9686,0.7661,0.6294,0.5045,0.8675,0.8667,0.6565,0.7828,0.6267,0.6891,1,1,0.2,0.4,0.4,0.3,0.35,0.35,0.4,0.6
DB00362,Database_Administrator,Database Administrator,F,36-40,2,BSc,6.0,0.6819,0.7674,0.9044,0.7982,0.6327,1.0,0.8227,0.8556,0.8261,0.8379,1,3,0.2,0.4,0.4,0.3,0.35,0.35,0.4,0.6
DB00363,Database_Administrator,Database Administrator,F,31-35,1,Diploma,5.1,0.5078,0.805,0.8816,0.8565,0.4431,1.0,0.6342,0.7423,0.8499,0.8069,0,1,0.2,0.4,0.4,0.3,0.35,0.35,0.4,0.6
DB00364,Database_Administrator,Database Administrator,M,31-35,2,BSc,7.6,0.8845,0.7718,0.5549,0.5256,0.7138,1.0,0.5988,0.7823,0.6097,0.6787,1,1,0.2,0.4,0.4,0.3,0.35,0.35,0.4,0.6
DB00365,Database_Administrator,Database Administrator,F,26-30,2,BSc,4.5,0.6519,0.6086,0.668,0.9077,0.6208,1.0,0.6663,0.7907,0.7341,0.7567,1,2,0.2,0.4,0.4,0.3,0.35,0.35,0.4,0.6
DB00366,Database_Administrator,Database Administrator,F,22-25,2,BSc,3.6,0.4455,0.7967,0.5773,0.9141,0.5382,1.0,0.3944,0.6654,0.761,0.7228,1,1,0.2,0.4,0.4,0.3,0.35,0.35,0.4,0.6
DB00367,Database_Administrator,Database Administrator,M,22-25,2,BSc,6.1,0.4704,0.7832,0.5565,0.8738,0.5482,1.0,0.7284,0.801,0.7356,0.7618,1,2,0.2,0.4,0.4,0.3,0.35,0.35,0.4,0.6
DB00368,Database_Administrator,Database Administrator,F,31-35,1,Diploma,13.8,0.6781,0.7398,0.6878,0.8029,0.5113,1.0,0.7148,0.7882,0.7436,0.7614,0,3,0.2,0.4,0.4,0.3,0.35,0.35,0.4,0.6
DB00369,Database_Administrator,Database Administrator,M,36-40,2,BSc,0.7,0.5433,0.4854,0.4227,0.4652,0.5773,0.2333,0.3583,0.3521,0.4564,0.4147,0,1,0.2,0.4,0.4,0.3,0.35,0.35,0.4,0.6
DB00370,Database_Administrator,Database Administrator,F,31-35,2,BSc,0.7,0.8212,0.6817,0.5435,0.6018,0.6885,0.2333,0.4168,0.3977,0.6054,0.5223,0,1,0.2,0.4,0.4,0.3,0.35,0.35,0.4,0.6
DB00371,Database_Administrator,Database Administrator,M,26-30,3,MSc,5.8,0.5299,0.657,0.6258,0.753,0.692,1.0,0.6805,0.8106,0.6797,0.7321,1,2,0.2,0.4,0.4,0.3,0.35,0.35,0.4,0.6
DB00372,Database_Administrator,Database Administrator,M,26-30,2,BSc,8.2,0.6034,0.7024,0.8103,0.9566,0.6013,1.0,0.8121,0.8451,0.8291,0.8355,1,3,0.2,0.4,0.4,0.3,0.35,0.35,0.4,0.6
DB00373,Database_Administrator,Database Administrator,F,31-35,2,BSc,3.2,0.4775,0.5531,0.8513,0.8543,0.551,1.0,0.6725,0.7792,0.7629,0.7694,1,2,0.2,0.4,0.4,0.3,0.35,0.35,0.4,0.6
DB00374,Database_Administrator,Database Administrator,M,31-35,2,BSc,4.8,0.599,0.4922,0.7318,0.6982,0.5996,1.0,0.5446,0.7378,0.6482,0.684,1,2,0.2,0.4,0.4,0.3,0.35,0.35,0.4,0.6
DB00375,Database_Administrator,Database Administrator,M,31-35,3,MSc,0.3,0.5454,0.7185,0.6115,0.4971,0.6982,0.1,0.444,0.3573,0.6036,0.5051,0,1,0.2,0.4,0.4,0.3,0.35,0.35,0.4,0.6
DB00376,Database_Administrator,Database Administrator,F,22-25,2,BSc,3.7,0.9229,0.7816,0.7131,0.6932,0.7292,1.0,0.755,0.8479,0.7267,0.7752,1,3,0.2,0.4,0.4,0.3,0.35,0.35,0.4,0.6
DB00377,Database_Administrator,Database Administrator,F,22-25,2,BSc,2.2,0.5192,0.4546,0.3191,0.5485,0.5677,0.7333,0.4973,0.6058,0.44,0.5063,1,1,0.2,0.4,0.4,0.3,0.35,0.35,0.4,0.6
DB00378,Database_Administrator,Database Administrator,F,22-25,3,MSc,5.0,0.5258,0.6797,0.8975,0.7055,0.6903,1.0,0.7571,0.8409,0.765,0.7954,1,3,0.2,0.4,0.4,0.3,0.35,0.35,0.4,0.6
DB00379,Database_Administrator,Database Administrator,F,26-30,3,MSc,5.8,0.8602,0.7132,0.8751,0.6918,0.8241,1.0,0.6859,0.8392,0.7624,0.7931,1,2,0.2,0.4,0.4,0.3,0.35,0.35,0.4,0.6
DB00380,Database_Administrator,Database Administrator,M,36-40,3,MSc,1.0,0.5153,0.5931,0.5124,0.819,0.6861,0.3333,0.5677,0.4976,0.6439,0.5854,0,1,0.2,0.4,0.4,0.3,0.35,0.35,0.4,0.6
DB00381,Database_Administrator,Database Administrator,F,36-40,4,PhD,3.2,0.4686,0.6639,0.5766,0.7573,0.7874,1.0,0.831,0.8899,0.666,0.7556,1,2,0.2,0.4,0.4,0.3,0.35,0.35,0.4,0.6
DB00382,Database_Administrator,Database Administrator,F,26-30,1,Diploma,5.7,0.2064,0.5464,0.7837,0.4092,0.3225,1.0,0.6435,0.7219,0.5814,0.6376,0,1,0.2,0.4,0.4,0.3,0.35,0.35,0.4,0.6
DB00383,Database_Administrator,Database Administrator,M,22-25,2,BSc,4.4,0.4496,0.6526,0.6389,0.8616,0.5399,1.0,0.7049,0.79,0.721,0.7486,1,2,0.2,0.4,0.4,0.3,0.35,0.35,0.4,0.6
DB00384,Database_Administrator,Database Administrator,M,22-25,2,BSc,3.0,0.4821,0.7535,0.7479,0.742,0.5529,1.0,0.6115,0.7552,0.7475,0.7506,1,2,0.2,0.4,0.4,0.3,0.35,0.35,0.4,0.6
DB00385,Database_Administrator,Database Administrator,M,36-40,2,BSc,4.0,0.4869,0.7226,0.6691,0.6401,0.5548,1.0,0.4178,0.6781,0.675,0.6762,1,1,0.2,0.4,0.4,0.3,0.35,0.35,0.4,0.6
DB00386,Database_Administrator,Database Administrator,F,31-35,2,BSc,3.7,0.3705,0.6614,0.7132,0.7774,0.5082,1.0,0.6548,0.7635,0.7201,0.7375,1,2,0.2,0.4,0.4,0.3,0.35,0.35,0.4,0.6
DB00387,Database_Administrator,Database Administrator,F,26-30,3,MSc,2.6,0.6345,0.5689,0.6914,0.7278,0.7338,0.8667,0.5017,0.6941,0.6674,0.6781,1,1,0.2,0.4,0.4,0.3,0.35,0.35,0.4,0.6
DB00388,Database_Administrator,Database Administrator,F,26-30,3,MSc,4.2,0.9712,0.85,0.7639,0.6426,0.8685,1.0,0.8061,0.8961,0.7472,0.8068,1,2,0.2,0.4,0.4,0.3,0.35,0.35,0.4,0.6
DB00389,Database_Administrator,Database Administrator,F,40+,3,MSc,7.4,0.7693,0.8049,0.8154,0.5909,0.7877,1.0,0.7844,0.8713,0.7337,0.7887,1,2,0.2,0.4,0.4,0.3,0.35,0.35,0.4,0.6
DB00390,Database_Administrator,Database Administrator,M,26-30,2,BSc,5.5,0.6756,0.7808,0.7502,0.8058,0.6302,1.0,0.8974,0.885,0.7788,0.8213,1,3,0.2,0.4,0.4,0.3,0.35,0.35,0.4,0.6
DB00391,Database_Administrator,Database Administrator,M,26-30,3,MSc,2.9,0.5841,0.5531,0.641,0.9184,0.7137,0.9667,0.5944,0.7672,0.7117,0.7339,1,2,0.2,0.4,0.4,0.3,0.35,0.35,0.4,0.6
DB00392,Database_Administrator,Database Administrator,M,26-30,3,MSc,5.8,0.7353,0.7726,0.7722,0.4809,0.7741,1.0,0.7033,0.8361,0.6704,0.7367,1,1,0.2,0.4,0.4,0.3,0.35,0.35,0.4,0.6
DB00393,Database_Administrator,Database Administrator,F,36-40,2,BSc,9.8,0.6361,0.7105,0.7282,0.9026,0.6144,1.0,0.769,0.8305,0.7839,0.8025,1,3,0.2,0.4,0.4,0.3,0.35,0.35,0.4,0.6
DB00394,Database_Administrator,Database Administrator,F,26-30,2,BSc,2.3,0.7801,0.4269,0.7549,0.7319,0.672,0.7667,0.5317,0.6538,0.6485,0.6506,1,1,0.2,0.4,0.4,0.3,0.35,0.35,0.4,0.6
DB00395,Database_Administrator,Database Administrator,M,36-40,2,BSc,7.6,0.8352,0.7059,0.8744,0.9377,0.6941,1.0,0.6085,0.7822,0.846,0.8205,1,2,0.2,0.4,0.4,0.3,0.35,0.35,0.4,0.6
DB00396,Database_Administrator,Database Administrator,M,22-25,2,BSc,6.0,0.551,0.6683,0.824,0.6245,0.5804,1.0,0.7316,0.8087,0.7074,0.7479,1,2,0.2,0.4,0.4,0.3,0.35,0.35,0.4,0.6
DB00397,Database_Administrator,Database Administrator,M,22-25,2,BSc,1.6,0.776,0.6522,0.6155,0.1596,0.6704,0.5333,0.4148,0.5133,0.4669,0.4855,0,1,0.2,0.4,0.4,0.3,0.35,0.35,0.4,0.6
DB00398,Database_Administrator,Database Administrator,M,22-25,2,BSc,3.2,0.6619,0.6295,0.5604,0.5448,0.6247,1.0,0.5578,0.7481,0.5757,0.6447,1,2,0.2,0.4,0.4,0.3,0.35,0.35,0.4,0.6
DB00399,Database_Administrator,Database Administrator,M,22-25,2,BSc,2.7,0.5466,0.5817,0.5608,0.5891,0.5787,0.9,0.7061,0.7582,0.577,0.6495,1,2,0.2,0.4,0.4,0.3,0.35,0.35,0.4,0.6
DB00400,Database_Administrator,Database Administrator,M,26-30,3,MSc,4.7,0.533,0.9186,0.689,0.6727,0.6932,1.0,0.796,0.8571,0.7522,0.7942,1,2,0.2,0.4,0.4,0.3,0.35,0.35,0.4,0.6
DB00401,Database_Administrator,Database Administrator,F,40+,3,MSc,3.1,0.5157,0.849,0.886,0.7708,0.6863,1.0,0.6154,0.7834,0.8346,0.8141,1,2,0.2,0.4,0.4,0.3,0.35,0.35,0.4,0.6
DB00402,Database_Administrator,Database Administrator,M,36-40,3,MSc,10.1,0.5512,0.7548,0.7111,0.8532,0.7005,1.0,0.6461,0.7985,0.7739,0.7837,1,2,0.2,0.4,0.4,0.3,0.35,0.35,0.4,0.6
DB00403,Database_Administrator,Database Administrator,M,26-30,2,BSc,4.4,0.4791,0.7961,0.8996,0.9285,0.5516,1.0,0.9482,0.8896,0.8787,0.8831,1,3,0.2,0.4,0.4,0.3,0.35,0.35,0.4,0.6
DB00404,Database_Administrator,Database Administrator,M,31-35,2,BSc,0.0,0.4396,0.527,0.4934,0.3907,0.5358,0.0,0.4002,0.2672,0.4675,0.3874,0,0,0.2,0.4,0.4,0.3,0.35,0.35,0.4,0.6
DB00405,Database_Administrator,Database Administrator,M,26-30,4,PhD,6.9,0.6799,0.7368,0.5069,0.7107,0.872,1.0,0.5905,0.8106,0.6472,0.7126,1,1,0.2,0.4,0.4,0.3,0.35,0.35,0.4,0.6
DB00406,Database_Administrator,Database Administrator,M,31-35,1,Diploma,7.9,0.7598,0.5877,0.6455,0.9436,0.5439,1.0,0.7288,0.8003,0.7325,0.7596,0,2,0.2,0.4,0.4,0.3,0.35,0.35,0.4,0.6
DB00407,Database_Administrator,Database Administrator,M,36-40,2,BSc,1.2,0.8493,0.6162,0.5948,0.6886,0.6997,0.4,0.3149,0.4259,0.634,0.5508,0,0,0.2,0.4,0.4,0.3,0.35,0.35,0.4,0.6
DB00408,Database_Administrator,Database Administrator,M,36-40,2,BSc,3.2,0.9393,0.644,0.7978,0.7658,0.7357,1.0,0.7152,0.8332,0.7405,0.7776,1,3,0.2,0.4,0.4,0.3,0.35,0.35,0.4,0.6
DB00409,Database_Administrator,Database Administrator,M,40+,2,BSc,6.4,0.6075,0.8343,0.5036,0.7292,0.603,1.0,0.6551,0.7827,0.6817,0.7221,1,1,0.2,0.4,0.4,0.3,0.35,0.35,0.4,0.6
DB00410,Database_Administrator,Database Administrator,M,26-30,1,Diploma,1.5,0.1816,0.8337,0.5275,0.6967,0.3126,0.5,0.5568,0.4853,0.6786,0.6013,0,2,0.2,0.4,0.4,0.3,0.35,0.35,0.4,0.6
DB00411,Database_Administrator,Database Administrator,M,26-30,2,BSc,8.5,0.4721,0.7064,0.6586,0.8548,0.5488,1.0,0.8085,0.8332,0.7416,0.7782,1,2,0.2,0.4,0.4,0.3,0.35,0.35,0.4,0.6
DB00412,Database_Administrator,Database Administrator,M,31-35,2,BSc,5.3,0.6685,0.7014,0.7996,0.7005,0.6274,1.0,0.4958,0.7238,0.7355,0.7308,1,1,0.2,0.4,0.4,0.3,0.35,0.35,0.4,0.6
DB00413,Database_Administrator,Database Administrator,M,26-30,2,BSc,5.6,0.5013,0.8743,0.7981,0.6246,0.5605,1.0,0.6669,0.7788,0.7602,0.7676,1,2,0.2,0.4,0.4,0.3,0.35,0.35,0.4,0.6
DB00414,Database_Administrator,Database Administrator,M,22-25,3,MSc,5.6,0.8327,0.7238,0.7395,0.9443,0.8131,1.0,0.7508,0.8629,0.8065,0.8291,1,3,0.2,0.4,0.4,0.3,0.35,0.35,0.4,0.6
DB00415,Database_Administrator,Database Administrator,F,26-30,2,BSc,2.1,0.4555,0.6754,0.5838,0.7767,0.5422,0.7,0.5039,0.59,0.6788,0.6433,1,1,0.2,0.4,0.4,0.3,0.35,0.35,0.4,0.6
DB00416,Database_Administrator,Database Administrator,M,26-30,2,BSc,2.8,0.347,0.8253,0.7358,0.7798,0.4988,0.9333,0.6818,0.7458,0.7781,0.7652,1,2,0.2,0.4,0.4,0.3,0.35,0.35,0.4,0.6
DB00417,Database_Administrator,Database Administrator,F,22-25,4,PhD,9.0,0.632,0.9763,0.6815,0.8212,0.8528,1.0,0.8724,0.9195,0.8188,0.8591,1,3,0.2,0.4,0.4,0.3,0.35,0.35,0.4,0.6
DB00418,Database_Administrator,Database Administrator,M,31-35,1,Diploma,5.2,0.6866,0.5038,0.4867,0.76,0.5146,1.0,0.3763,0.6534,0.5875,0.6139,0,1,0.2,0.4,0.4,0.3,0.35,0.35,0.4,0.6
DB00419,Database_Administrator,Database Administrator,M,26-30,2,BSc,6.2,0.7269,0.7168,0.7155,0.5904,0.6508,1.0,0.7842,0.8438,0.6721,0.7408,1,2,0.2,0.4,0.4,0.3,0.35,0.35,0.4,0.6
DB00420,Database_Administrator,Database Administrator,F,22-25,2,BSc,0.0,0.7451,0.6862,0.514,0.5997,0.658,0.0,0.8286,0.463,0.5956,0.5426,0,1,0.2,0.4,0.4,0.3,0.35,0.35,0.4,0.6
DB00421,Database_Administrator,Database Administrator,M,26-30,2,BSc,7.1,0.5345,0.6538,0.8762,0.8294,0.5738,1.0,0.5331,0.728,0.7931,0.7671,1,1,0.2,0.4,0.4,0.3,0.35,0.35,0.4,0.6
DB00422,Database_Administrator,Database Administrator,M,26-30,1,Diploma,1.7,0.3947,0.6275,0.4843,0.6777,0.3979,0.5667,0.3929,0.4634,0.5949,0.5423,0,1,0.2,0.4,0.4,0.3,0.35,0.35,0.4,0.6
DB00423,Database_Administrator,Database Administrator,M,26-30,3,MSc,2.3,0.6239,0.6176,0.5266,0.6093,0.7296,0.7667,0.5513,0.6731,0.5828,0.6189,1,2,0.2,0.4,0.4,0.3,0.35,0.35,0.4,0.6
DB00424,Database_Administrator,Database Administrator,M,31-35,2,BSc,2.5,0.8159,0.605,0.7629,0.5194,0.6863,0.8333,0.6665,0.7372,0.6303,0.6731,1,1,0.2,0.4,0.4,0.3,0.35,0.35,0.4,0.6
DB00425,Database_Administrator,Database Administrator,M,26-30,4,PhD,6.2,0.5551,0.8136,0.5478,0.7011,0.822,1.0,0.5902,0.8005,0.6812,0.7289,1,1,0.2,0.4,0.4,0.3,0.35,0.35,0.4,0.6
DB00426,Database_Administrator,Database Administrator,F,40+,3,MSc,0.6,0.4805,0.6618,0.7467,0.6348,0.6722,0.2,0.4307,0.3867,0.682,0.5639,0,0,0.2,0.4,0.4,0.3,0.35,0.35,0.4,0.6
DB00427,Database_Administrator,Database Administrator,M,22-25,1,Diploma,2.6,0.732,0.5799,0.5903,0.4794,0.5328,0.8667,0.6388,0.7087,0.5484,0.6125,0,1,0.2,0.4,0.4,0.3,0.35,0.35,0.4,0.6
DB00428,Database_Administrator,Database Administrator,F,26-30,2,BSc,3.6,0.5474,0.6583,0.5767,0.7473,0.579,1.0,0.5667,0.7425,0.6609,0.6935,1,1,0.2,0.4,0.4,0.3,0.35,0.35,0.4,0.6
DB00429,Database_Administrator,Database Administrator,M,22-25,3,MSc,2.7,0.919,0.758,0.2976,0.5048,0.8476,0.9,0.4118,0.6942,0.5082,0.5826,1,1,0.2,0.4,0.4,0.3,0.35,0.35,0.4,0.6
DB00430,Database_Administrator,Database Administrator,M,26-30,2,BSc,5.7,0.5582,0.7059,0.5826,0.5057,0.5833,1.0,0.7084,0.8,0.5927,0.6756,1,2,0.2,0.4,0.4,0.3,0.35,0.35,0.4,0.6
DB00431,Database_Administrator,Database Administrator,F,26-30,2,BSc,9.0,0.8281,0.8387,0.7274,0.7971,0.6912,1.0,0.8054,0.8604,0.7852,0.8153,1,3,0.2,0.4,0.4,0.3,0.35,0.35,0.4,0.6
DB00432,Database_Administrator,Database Administrator,M,22-25,2,BSc,3.2,0.5794,0.6677,0.4659,0.5938,0.5917,1.0,0.4606,0.7026,0.5712,0.6238,1,1,0.2,0.4,0.4,0.3,0.35,0.35,0.4,0.6
DB00433,Database_Administrator,Database Administrator,F,31-35,2,BSc,5.0,0.7869,0.6268,0.6766,0.6381,0.6747,1.0,0.5653,0.7611,0.6482,0.6934,1,2,0.2,0.4,0.4,0.3,0.35,0.35,0.4,0.6
DB00434,Database_Administrator,Database Administrator,F,22-25,2,BSc,4.3,0.7241,0.6717,0.4678,0.5513,0.6496,1.0,0.6811,0.8024,0.5582,0.6559,1,1,0.2,0.4,0.4,0.3,0.35,0.35,0.4,0.6
DB00435,Database_Administrator,Database Administrator,M,26-30,2,BSc,5.8,0.7792,0.7293,0.7527,0.5722,0.6717,1.0,0.6066,0.777,0.6825,0.7203,1,2,0.2,0.4,0.4,0.3,0.35,0.35,0.4,0.6
DB00436,Database_Administrator,Database Administrator,M,22-25,2,BSc,2.8,0.5448,0.8251,0.6889,0.5235,0.5779,0.9333,0.5967,0.7276,0.6719,0.6942,1,2,0.2,0.4,0.4,0.3,0.35,0.35,0.4,0.6
DB00437,Database_Administrator,Database Administrator,F,26-30,2,BSc,6.2,0.6192,0.5707,0.5965,0.8312,0.6077,1.0,0.7658,0.8278,0.6709,0.7337,1,1,0.2,0.4,0.4,0.3,0.35,0.35,0.4,0.6
DB00438,Database_Administrator,Database Administrator,M,36-40,3,MSc,2.1,0.5951,0.7657,0.3396,0.3383,0.718,0.7,0.4416,0.6002,0.467,0.5203,1,1,0.2,0.4,0.4,0.3,0.35,0.35,0.4,0.6
DB00439,Database_Administrator,Database Administrator,F,22-25,2,BSc,6.8,0.6361,0.7699,0.7138,0.6999,0.6144,1.0,0.6877,0.798,0.7257,0.7546,1,2,0.2,0.4,0.4,0.3,0.35,0.35,0.4,0.6
DB00440,Database_Administrator,Database Administrator,F,26-30,3,MSc,7.5,0.669,0.9058,0.8283,0.944,0.7476,1.0,0.9797,0.9414,0.892,0.9118,1,3,0.2,0.4,0.4,0.3,0.35,0.35,0.4,0.6
DB00441,Database_Administrator,Database Administrator,F,31-35,2,BSc,3.4,0.4563,0.4844,0.4634,0.888,0.5425,1.0,0.5553,0.7306,0.6183,0.6632,1,1,0.2,0.4,0.4,0.3,0.35,0.35,0.4,0.6
DB00442,Database_Administrator,Database Administrator,M,40+,2,BSc,3.3,0.6624,0.831,0.6297,0.7609,0.6249,1.0,0.7411,0.8214,0.736,0.7702,1,2,0.2,0.4,0.4,0.3,0.35,0.35,0.4,0.6
DB00443,Database_Administrator,Database Administrator,M,36-40,2,BSc,4.3,0.3791,0.5748,0.459,0.5502,0.5116,1.0,0.5701,0.7304,0.5257,0.6076,1,1,0.2,0.4,0.4,0.3,0.35,0.35,0.4,0.6
DB00444,Database_Administrator,Database Administrator,M,26-30,3,MSc,7.0,0.5611,0.7947,0.7079,0.9654,0.7044,1.0,0.5706,0.7691,0.8241,0.8021,1,2,0.2,0.4,0.4,0.3,0.35,0.35,0.4,0.6
DB00445,Database_Administrator,Database Administrator,M,22-25,3,MSc,5.2,0.8852,0.6619,0.7666,0.6369,0.8341,1.0,0.5177,0.7739,0.6898,0.7234,1,1,0.2,0.4,0.4,0.3,0.35,0.35,0.4,0.6
DB00446,Database_Administrator,Database Administrator,F,31-35,4,PhD,2.0,0.6215,0.761,0.846,0.7578,0.8486,0.6667,0.8323,0.7693,0.7896,0.7815,1,3,0.2,0.4,0.4,0.3,0.35,0.35,0.4,0.6
DB00447,Database_Administrator,Database Administrator,M,22-25,2,BSc,2.0,0.6879,0.6448,0.6356,0.5176,0.6352,0.6667,0.6068,0.6365,0.5971,0.6129,1,1,0.2,0.4,0.4,0.3,0.35,0.35,0.4,0.6
DB00448,Database_Administrator,Database Administrator,M,26-30,2,BSc,3.8,0.7443,0.5511,0.6486,0.4287,0.6577,1.0,0.6202,0.7796,0.5424,0.6373,1,2,0.2,0.4,0.4,0.3,0.35,0.35,0.4,0.6
DB00449,Database_Administrator,Database Administrator,M,36-40,4,PhD,2.7,0.6393,0.839,0.6317,0.53,0.8557,0.9,0.5273,0.7421,0.6583,0.6918,1,1,0.2,0.4,0.4,0.3,0.35,0.35,0.4,0.6
DB00450,Database_Administrator,Database Administrator,F,26-30,2,BSc,1.8,0.4225,0.6315,0.5821,0.5277,0.529,0.6,0.6382,0.6011,0.5779,0.5872,1,2,0.2,0.4,0.4,0.3,0.35,0.35,0.4,0.6
DB00451,Database_Administrator,Database Administrator,F,22-25,3,MSc,3.5,0.6582,0.795,0.7366,0.7062,0.7433,1.0,0.6403,0.8048,0.7435,0.768,1,2,0.2,0.4,0.4,0.3,0.35,0.35,0.4,0.6
DB00452,Database_Administrator,Database Administrator,F,26-30,2,BSc,6.6,0.4918,0.5545,0.6023,0.5352,0.5567,1.0,0.4921,0.7082,0.5645,0.622,1,0,0.2,0.4,0.4,0.3,0.35,0.35,0.4,0.6
DB00453,Database_Administrator,Database Administrator,F,40+,2,BSc,3.6,0.6654,0.7536,0.6444,0.7602,0.6262,1.0,0.5532,0.7465,0.7177,0.7292,1,2,0.2,0.4,0.4,0.3,0.35,0.35,0.4,0.6
DB00454,Database_Administrator,Database Administrator,M,22-25,2,BSc,3.6,0.2569,0.8503,0.6929,0.7428,0.4628,1.0,0.7821,0.8054,0.7576,0.7767,1,2,0.2,0.4,0.4,0.3,0.35,0.35,0.4,0.6
DB00455,Database_Administrator,Database Administrator,M,26-30,2,BSc,2.7,0.4048,0.6756,0.753,0.8628,0.5219,0.9,0.6067,0.707,0.7682,0.7437,1,2,0.2,0.4,0.4,0.3,0.35,0.35,0.4,0.6
DB00456,Database_Administrator,Database Administrator,M,31-35,3,MSc,6.8,0.766,0.8724,0.6873,0.8315,0.7864,1.0,0.7451,0.8553,0.7933,0.8181,1,3,0.2,0.4,0.4,0.3,0.35,0.35,0.4,0.6
DB00457,Database_Administrator,Database Administrator,M,22-25,2,BSc,7.4,0.6105,0.606,0.8485,0.6115,0.6042,1.0,0.6954,0.799,0.6928,0.7353,1,2,0.2,0.4,0.4,0.3,0.35,0.35,0.4,0.6
DB00458,Database_Administrator,Database Administrator,M,22-25,2,BSc,7.3,0.5414,0.8283,0.6348,0.7645,0.5766,1.0,0.7164,0.8019,0.7383,0.7637,1,2,0.2,0.4,0.4,0.3,0.35,0.35,0.4,0.6
DB00459,Database_Administrator,Database Administrator,F,22-25,2,BSc,4.7,0.4724,0.73,0.5949,0.8412,0.549,1.0,0.7279,0.8009,0.7216,0.7533,1,2,0.2,0.4,0.4,0.3,0.35,0.35,0.4,0.6
DB00460,Database_Administrator,Database Administrator,M,26-30,2,BSc,8.8,0.6865,0.6722,1.0,0.864,0.6346,1.0,0.7357,0.8212,0.854,0.8409,1,3,0.2,0.4,0.4,0.3,0.35,0.35,0.4,0.6
DB00461,Database_Administrator,Database Administrator,M,26-30,2,BSc,4.7,0.5746,0.6327,0.6563,0.4482,0.5899,1.0,0.7068,0.8007,0.5764,0.6661,1,1,0.2,0.4,0.4,0.3,0.35,0.35,0.4,0.6
DB00462,Database_Administrator,Database Administrator,F,31-35,3,MSc,0.8,0.8724,0.7434,0.6414,0.2533,0.829,0.2667,0.5593,0.4962,0.5362,0.5202,0,1,0.2,0.4,0.4,0.3,0.35,0.35,0.4,0.6
DB00463,Database_Administrator,Database Administrator,F,22-25,3,MSc,7.5,0.65,0.7935,0.4825,1.0,0.74,1.0,0.9098,0.9119,0.7569,0.8189,1,2,0.2,0.4,0.4,0.3,0.35,0.35,0.4,0.6
DB00464,Database_Administrator,Database Administrator,M,31-35,2,BSc,3.8,0.5679,0.5948,0.6125,0.3621,0.5871,1.0,0.5294,0.7292,0.5196,0.6034,1,1,0.2,0.4,0.4,0.3,0.35,0.35,0.4,0.6
DB00465,Database_Administrator,Database Administrator,M,26-30,2,BSc,7.6,0.5605,0.6241,0.5778,0.6962,0.5842,1.0,0.788,0.8321,0.6331,0.7127,1,2,0.2,0.4,0.4,0.3,0.35,0.35,0.4,0.6
DB00466,Database_Administrator,Database Administrator,F,31-35,2,BSc,2.8,0.5926,0.6567,0.7913,0.5587,0.597,0.9333,0.7625,0.7977,0.6695,0.7208,1,2,0.2,0.4,0.4,0.3,0.35,0.35,0.4,0.6
DB00467,Database_Administrator,Database Administrator,M,26-30,1,Diploma,2.9,0.7079,0.4774,0.705,0.4336,0.5232,0.9667,0.6309,0.7437,0.5417,0.6225,0,0,0.2,0.4,0.4,0.3,0.35,0.35,0.4,0.6
DB00468,Database_Administrator,Database Administrator,F,22-25,2,BSc,6.0,0.4706,0.7684,0.7642,0.7203,0.5483,1.0,0.5161,0.7161,0.7501,0.7365,1,1,0.2,0.4,0.4,0.3,0.35,0.35,0.4,0.6
DB00469,Database_Administrator,Database Administrator,F,26-30,3,MSc,4.0,0.7454,0.8193,0.6735,0.6389,0.7782,1.0,0.6797,0.8275,0.7051,0.7541,1,2,0.2,0.4,0.4,0.3,0.35,0.35,0.4,0.6
DB00470,Database_Administrator,Database Administrator,M,22-25,4,PhD,3.5,0.5105,0.7343,0.7969,0.8351,0.8042,1.0,0.8706,0.9091,0.7915,0.8385,1,3,0.2,0.4,0.4,0.3,0.35,0.35,0.4,0.6
DB00471,Database_Administrator,Database Administrator,M,26-30,3,MSc,2.8,0.5675,0.7202,0.34,0.6284,0.707,0.9333,0.7227,0.8038,0.555,0.6545,1,1,0.2,0.4,0.4,0.3,0.35,0.35,0.4,0.6
DB00472,Database_Administrator,Database Administrator,F,36-40,1,Diploma,3.9,0.4965,0.4897,0.5279,0.4239,0.4386,1.0,0.6128,0.7329,0.48,0.5812,0,1,0.2,0.4,0.4,0.3,0.35,0.35,0.4,0.6
DB00473,Database_Administrator,Database Administrator,F,22-25,2,BSc,5.3,0.3701,0.7611,0.8459,0.7317,0.508,1.0,0.7372,0.7965,0.7805,0.7869,1,3,0.2,0.4,0.4,0.3,0.35,0.35,0.4,0.6
DB00474,Database_Administrator,Database Administrator,F,22-25,2,BSc,1.2,0.5158,0.675,0.5505,0.5186,0.5663,0.4,0.5283,0.4846,0.5767,0.5399,0,1,0.2,0.4,0.4,0.3,0.35,0.35,0.4,0.6
DB00475,Database_Administrator,Database Administrator,F,22-25,3,MSc,4.7,0.4789,0.6634,0.7187,0.7325,0.6716,1.0,0.7971,0.8531,0.7069,0.7654,1,3,0.2,0.4,0.4,0.3,0.35,0.35,0.4,0.6
DB00476,Database_Administrator,Database Administrator,M,26-30,2,BSc,4.0,0.7451,0.4888,0.7848,0.2642,0.658,1.0,0.3755,0.6818,0.5138,0.581,0,1,0.2,0.4,0.4,0.3,0.35,0.35,0.4,0.6
DB00477,Database_Administrator,Database Administrator,M,31-35,3,MSc,6.7,0.6464,0.6943,0.5561,0.8095,0.7385,1.0,0.7375,0.8427,0.6862,0.7488,1,2,0.2,0.4,0.4,0.3,0.35,0.35,0.4,0.6
DB00478,Database_Administrator,Database Administrator,M,26-30,3,MSc,6.0,0.7957,0.5876,0.6975,0.8071,0.7983,1.0,0.7982,0.8789,0.7029,0.7733,1,3,0.2,0.4,0.4,0.3,0.35,0.35,0.4,0.6
DB00479,Database_Administrator,Database Administrator,F,22-25,2,BSc,2.6,0.6674,0.5662,0.4588,0.5378,0.627,0.8667,0.3995,0.6319,0.5187,0.564,1,1,0.2,0.4,0.4,0.3,0.35,0.35,0.4,0.6
DB00480,Database_Administrator,Database Administrator,F,22-25,3,MSc,2.2,0.8799,0.7112,0.5177,0.564,0.832,0.7333,0.5886,0.6951,0.5919,0.6332,1,1,0.2,0.4,0.4,0.3,0.35,0.35,0.4,0.6
DB00481,Database_Administrator,Database Administrator,M,40+,2,BSc,5.7,0.7433,0.6237,0.8263,0.4557,0.6573,1.0,0.469,0.7191,0.6358,0.6691,1,1,0.2,0.4,0.4,0.3,0.35,0.35,0.4,0.6
DB00482,Database_Administrator,Database Administrator,M,31-35,3,MSc,3.4,0.4434,0.6791,0.491,0.46,0.6573,1.0,0.6081,0.7747,0.5366,0.6318,1,1,0.2,0.4,0.4,0.3,0.35,0.35,0.4,0.6
DB00483,Database_Administrator,Database Administrator,M,22-25,2,BSc,5.1,0.7498,0.6635,0.5817,0.6003,0.6599,1.0,0.6634,0.7973,0.6127,0.6865,1,2,0.2,0.4,0.4,0.3,0.35,0.35,0.4,0.6
DB00484,Database_Administrator,Database Administrator,F,22-25,3,MSc,3.0,0.7672,0.6723,0.441,0.6698,0.7869,1.0,0.5832,0.7907,0.5904,0.6705,1,1,0.2,0.4,0.4,0.3,0.35,0.35,0.4,0.6
DB00485,Database_Administrator,Database Administrator,M,22-25,3,MSc,4.8,0.5112,0.6955,0.9537,0.5261,0.6845,1.0,0.65,0.7969,0.7266,0.7547,1,2,0.2,0.4,0.4,0.3,0.35,0.35,0.4,0.6
DB00486,Database_Administrator,Database Administrator,M,31-35,2,BSc,5.7,0.8149,0.7903,0.7509,0.6535,0.6859,1.0,0.6684,0.8046,0.7287,0.7591,1,2,0.2,0.4,0.4,0.3,0.35,0.35,0.4,0.6
DB00487,Database_Administrator,Database Administrator,F,40+,2,BSc,3.9,0.9632,0.7707,0.5477,0.5996,0.7453,1.0,0.8495,0.8889,0.6327,0.7352,1,2,0.2,0.4,0.4,0.3,0.35,0.35,0.4,0.6
DB00488,Database_Administrator,Database Administrator,M,22-25,2,BSc,4.1,0.4209,0.7012,0.3118,0.7466,0.5284,1.0,0.8074,0.8287,0.5808,0.68,1,1,0.2,0.4,0.4,0.3,0.35,0.35,0.4,0.6
DB00489,Database_Administrator,Database Administrator,M,36-40,2,BSc,4.5,0.6522,0.542,0.7174,0.3986,0.6209,1.0,0.5668,0.7509,0.5532,0.6323,1,1,0.2,0.4,0.4,0.3,0.35,0.35,0.4,0.6
DB00490,Database_Administrator,Database Administrator,M,31-35,3,MSc,0.2,0.7162,0.8466,0.4583,0.5918,0.7665,0.0667,0.6707,0.4483,0.6215,0.5522,0,0,0.2,0.4,0.4,0.3,0.35,0.35,0.4,0.6
DB00491,Database_Administrator,Database Administrator,M,31-35,2,BSc,2.9,0.7111,0.5506,0.6311,0.7547,0.6444,0.9667,0.5049,0.7175,0.6502,0.6771,1,1,0.2,0.4,0.4,0.3,0.35,0.35,0.4,0.6
DB00492,Database_Administrator,Database Administrator,M,22-25,2,BSc,3.2,0.4857,0.892,0.5627,0.4954,0.5543,1.0,0.525,0.7209,0.6379,0.6711,1,1,0.2,0.4,0.4,0.3,0.35,0.35,0.4,0.6
DB00493,Database_Administrator,Database Administrator,F,40+,2,BSc,1.4,0.6849,0.6553,0.5019,0.7385,0.634,0.4667,0.6921,0.5903,0.6308,0.6146,0,1,0.2,0.4,0.4,0.3,0.35,0.35,0.4,0.6
DB00494,Database_Administrator,Database Administrator,M,31-35,2,BSc,5.1,0.5473,0.6499,0.5703,0.6754,0.5789,1.0,0.6126,0.7608,0.631,0.6829,1,2,0.2,0.4,0.4,0.3,0.35,0.35,0.4,0.6
DB00495,Database_Administrator,Database Administrator,F,31-35,2,BSc,5.2,0.5343,0.6457,0.6673,0.79,0.5737,1.0,0.7946,0.8326,0.7038,0.7553,1,2,0.2,0.4,0.4,0.3,0.35,0.35,0.4,0.6
DB00496,Database_Administrator,Database Administrator,F,36-40,2,BSc,1.5,0.4543,0.5845,0.6819,0.4992,0.5417,0.5,0.6047,0.5502,0.5887,0.5733,1,1,0.2,0.4,0.4,0.3,0.35,0.35,0.4,0.6
DB00497,Database_Administrator,Database Administrator,F,36-40,3,MSc,2.8,0.7637,0.6087,0.6652,0.628,0.7855,0.9333,0.627,0.7812,0.6352,0.6936,1,2,0.2,0.4,0.4,0.3,0.35,0.35,0.4,0.6
DB00498,Database_Administrator,Database Administrator,F,26-30,2,BSc,6.4,0.4409,0.7161,0.4448,0.9496,0.5363,1.0,0.6076,0.7503,0.7029,0.7219,1,1,0.2,0.4,0.4,0.3,0.35,0.35,0.4,0.6
DB00499,Database_Administrator,Database Administrator,M,31-35,2,BSc,7.6,0.4469,0.586,0.9576,0.7297,0.5388,1.0,0.7951,0.8258,0.7664,0.7902,1,3,0.2,0.4,0.4,0.3,0.35,0.35,0.4,0.6
DB00500,Database_Administrator,Database Administrator,F,26-30,3,MSc,7.7,0.593,0.7208,0.543,0.9235,0.7172,1.0,0.7682,0.8507,0.7295,0.778,1,2,0.2,0.4,0.4,0.3,0.35,0.35,0.4,0.6
DB00501,Database_Administrator,Database Administrator,M,26-30,2,BSc,4.0,0.5322,0.5266,0.576,0.5441,0.5729,1.0,0.3616,0.6592,0.55,0.5937,0,1,0.2,0.4,0.4,0.3,0.35,0.35,0.4,0.6
DB00502,Database_Administrator,Database Administrator,M,22-25,2,BSc,2.2,0.6065,0.4808,0.5574,0.4318,0.6026,0.7333,0.543,0.631,0.4905,0.5467,1,1,0.2,0.4,0.4,0.3,0.35,0.35,0.4,0.6
DB00503,Database_Administrator,Database Administrator,M,36-40,3,MSc,4.5,0.6615,0.738,0.8292,0.4417,0.7446,1.0,0.7384,0.8443,0.6662,0.7374,1,1,0.2,0.4,0.4,0.3,0.35,0.35,0.4,0.6
DB00504,Database_Administrator,Database Administrator,M,26-30,2,BSc,2.7,0.513,0.6608,0.5972,0.613,0.5652,0.9,0.5703,0.7011,0.6218,0.6535,1,3,0.2,0.4,0.4,0.3,0.35,0.35,0.4,0.6
DB00505,Database_Administrator,Database Administrator,M,26-30,3,MSc,2.9,0.6834,0.6969,0.7201,0.8727,0.7534,0.9667,0.7015,0.818,0.7666,0.7872,1,3,0.2,0.4,0.4,0.3,0.35,0.35,0.4,0.6
DB00506,Database_Administrator,Database Administrator,M,26-30,2,BSc,3.3,0.647,0.6444,0.3525,0.741,0.6188,1.0,0.556,0.7461,0.5761,0.6441,1,1,0.2,0.4,0.4,0.3,0.35,0.35,0.4,0.6
DB00507,Database_Administrator,Database Administrator,M,40+,2,BSc,1.9,0.2668,0.5538,0.5231,0.3212,0.4667,0.6333,0.5453,0.5648,0.4616,0.5029,1,1,0.2,0.4,0.4,0.3,0.35,0.35,0.4,0.6
DB00508,Database_Administrator,Database Administrator,F,22-25,2,BSc,4.4,0.581,0.6361,0.4005,0.6958,0.5924,1.0,0.5306,0.7307,0.5745,0.637,1,1,0.2,0.4,0.4,0.3,0.35,0.35,0.4,0.6
DB00509,Database_Administrator,Database Administrator,F,31-35,2,BSc,5.2,0.5143,0.6851,0.4677,0.5382,0.5657,1.0,0.6234,0.7625,0.5576,0.6396,1,1,0.2,0.4,0.4,0.3,0.35,0.35,0.4,0.6
DB00510,Database_Administrator,Database Administrator,F,22-25,4,PhD,6.1,0.4364,0.8837,0.5235,0.8551,0.7745,1.0,0.8421,0.8918,0.7477,0.8053,1,2,0.2,0.4,0.4,0.3,0.35,0.35,0.4,0.6
DB00511,Database_Administrator,Database Administrator,F,31-35,2,BSc,7.8,0.7034,0.7,0.7735,0.7444,0.6414,1.0,0.9794,0.92,0.7413,0.8128,1,3,0.2,0.4,0.4,0.3,0.35,0.35,0.4,0.6
DB00512,Database_Administrator,Database Administrator,F,26-30,2,BSc,5.5,0.4216,0.8087,0.6745,0.5948,0.5286,1.0,0.6318,0.7584,0.6868,0.7154,1,2,0.2,0.4,0.4,0.3,0.35,0.35,0.4,0.6
DB00513,Database_Administrator,Database Administrator,M,36-40,3,MSc,9.2,0.7341,0.7021,0.7251,1.0,0.7736,1.0,0.6175,0.8017,0.8144,0.8093,1,2,0.2,0.4,0.4,0.3,0.35,0.35,0.4,0.6
DB00514,Database_Administrator,Database Administrator,F,22-25,2,BSc,1.9,0.9253,0.5512,0.4932,0.5903,0.7301,0.6333,0.488,0.5946,0.5446,0.5646,1,2,0.2,0.4,0.4,0.3,0.35,0.35,0.4,0.6
DB00515,Database_Administrator,Database Administrator,M,26-30,2,BSc,5.5,0.6939,0.6947,0.7596,0.7556,0.6375,1.0,0.742,0.8243,0.7387,0.7729,1,3,0.2,0.4,0.4,0.3,0.35,0.35,0.4,0.6
DB00516,Database_Administrator,Database Administrator,M,26-30,2,BSc,7.2,0.8166,0.6369,0.6115,1.0,0.6866,1.0,0.7421,0.8342,0.7551,0.7867,1,2,0.2,0.4,0.4,0.3,0.35,0.35,0.4,0.6
DB00517,Database_Administrator,Database Administrator,F,36-40,3,MSc,8.4,0.4767,0.6903,0.5392,0.7021,0.6707,1.0,0.5453,0.7522,0.6416,0.6858,1,2,0.2,0.4,0.4,0.3,0.35,0.35,0.4,0.6
DB00518,Database_Administrator,Database Administrator,M,31-35,1,Diploma,11.2,0.6581,0.7745,0.6995,0.7774,0.5033,1.0,0.7954,0.8188,0.7492,0.777,0,3,0.2,0.4,0.4,0.3,0.35,0.35,0.4,0.6
DB00519,Database_Administrator,Database Administrator,F,26-30,2,BSc,3.4,0.5559,0.4674,0.9214,0.536,0.5824,1.0,0.5615,0.7411,0.6503,0.6866,1,2,0.2,0.4,0.4,0.3,0.35,0.35,0.4,0.6
DB00520,Database_Administrator,Database Administrator,M,36-40,2,BSc,3.0,0.5862,0.8747,0.7822,0.7171,0.5945,1.0,0.7916,0.8355,0.7872,0.8065,1,3,0.2,0.4,0.4,0.3,0.35,0.35,0.4,0.6
DB00521,Database_Administrator,Database Administrator,F,36-40,1,Diploma,1.6,0.4081,0.7947,0.4777,0.713,0.4032,0.5333,0.4555,0.4761,0.6551,0.5835,0,1,0.2,0.4,0.4,0.3,0.35,0.35,0.4,0.6
DB00522,Database_Administrator,Database Administrator,M,26-30,2,BSc,3.0,0.5113,0.6438,0.6963,0.5852,0.5645,1.0,0.561,0.7373,0.6417,0.6799,1,2,0.2,0.4,0.4,0.3,0.35,0.35,0.4,0.6
DB00523,Database_Administrator,Database Administrator,M,40+,2,BSc,7.0,0.4503,0.6661,0.6143,0.6821,0.5401,1.0,0.5775,0.739,0.6536,0.6878,1,2,0.2,0.4,0.4,0.3,0.35,0.35,0.4,0.6
DB00524,Database_Administrator,Database Administrator,M,22-25,2,BSc,3.9,0.633,0.54,0.4901,0.4331,0.6132,1.0,0.4862,0.7171,0.4851,0.5779,1,1,0.2,0.4,0.4,0.3,0.35,0.35,0.4,0.6
DB00525,Database_Administrator,Database Administrator,M,40+,2,BSc,4.3,0.4589,0.5895,0.5539,0.5964,0.5436,1.0,0.559,0.7323,0.5795,0.6406,1,1,0.2,0.4,0.4,0.3,0.35,0.35,0.4,0.6
DB00526,Database_Administrator,Database Administrator,F,31-35,2,BSc,2.2,0.8192,0.5305,0.5143,0.6013,0.6877,0.7333,0.5403,0.647,0.5496,0.5886,1,1,0.2,0.4,0.4,0.3,0.35,0.35,0.4,0.6
DB00527,Database_Administrator,Database Administrator,F,31-35,3,MSc,6.0,0.6986,0.9844,0.894,0.7719,0.7594,1.0,1.0,0.9519,0.8784,0.9078,1,3,0.2,0.4,0.4,0.3,0.35,0.35,0.4,0.6
DB00528,Database_Administrator,Database Administrator,F,26-30,2,BSc,4.1,0.7561,0.6705,0.553,0.8402,0.6624,1.0,0.8498,0.8724,0.6888,0.7622,1,2,0.2,0.4,0.4,0.3,0.35,0.35,0.4,0.6
DB00529,Database_Administrator,Database Administrator,F,40+,2,BSc,9.0,0.882,0.7197,0.732,0.7693,0.7128,1.0,0.7996,0.8624,0.7414,0.7898,1,3,0.2,0.4,0.4,0.3,0.35,0.35,0.4,0.6
DB00530,Database_Administrator,Database Administrator,F,22-25,3,MSc,9.3,0.5082,0.7843,0.7489,0.7842,0.6833,1.0,0.6855,0.8108,0.7719,0.7875,1,2,0.2,0.4,0.4,0.3,0.35,0.35,0.4,0.6
DB00531,Database_Administrator,Database Administrator,F,26-30,2,BSc,2.5,0.5636,0.4385,0.7755,0.5604,0.5855,0.8333,0.4802,0.6425,0.5991,0.6165,1,1,0.2,0.4,0.4,0.3,0.35,0.35,0.4,0.6
DB00532,Database_Administrator,Database Administrator,M,26-30,3,MSc,1.0,0.7451,0.8348,0.4966,0.5304,0.778,0.3333,0.7512,0.5894,0.6099,0.6017,0,1,0.2,0.4,0.4,0.3,0.35,0.35,0.4,0.6
DB00533,Database_Administrator,Database Administrator,M,31-35,2,BSc,6.8,0.6179,0.644,0.6709,0.6452,0.6072,1.0,0.5609,0.7458,0.6538,0.6906,1,2,0.2,0.4,0.4,0.3,0.35,0.35,0.4,0.6
DB00534,Database_Administrator,Database Administrator,M,36-40,3,MSc,5.0,0.7626,0.6019,0.8443,0.8114,0.785,1.0,0.4751,0.7471,0.7601,0.7549,1,1,0.2,0.4,0.4,0.3,0.35,0.35,0.4,0.6
DB00535,Database_Administrator,Database Administrator,M,36-40,2,BSc,5.5,0.7522,0.6294,0.7836,0.5619,0.6609,1.0,0.7838,0.8457,0.6598,0.7342,1,2,0.2,0.4,0.4,0.3,0.35,0.35,0.4,0.6
DB00536,Database_Administrator,Database Administrator,M,22-25,2,BSc,2.8,0.5528,0.7918,0.6175,0.3406,0.5811,0.9333,0.5933,0.7269,0.5729,0.6345,1,1,0.2,0.4,0.4,0.3,0.35,0.35,0.4,0.6
DB00537,Database_Administrator,Database Administrator,F,22-25,2,BSc,6.9,0.5927,0.6622,0.8739,0.5138,0.5971,1.0,0.5441,0.7371,0.6843,0.7054,1,1,0.2,0.4,0.4,0.3,0.35,0.35,0.4,0.6
DB00538,Database_Administrator,Database Administrator,M,36-40,1,Diploma,3.3,0.8386,0.5007,0.6896,0.7135,0.5754,1.0,0.494,0.7127,0.6413,0.6699,0,0,0.2,0.4,0.4,0.3,0.35,0.35,0.4,0.6
DB00539,Database_Administrator,Database Administrator,M,26-30,2,BSc,0.6,0.4578,0.7594,0.3734,0.5836,0.5431,0.2,0.3866,0.3433,0.5628,0.475,0,1,0.2,0.4,0.4,0.3,0.35,0.35,0.4,0.6
DB00540,Database_Administrator,Database Administrator,M,26-30,4,PhD,5.0,0.5367,0.7511,0.8837,1.0,0.8147,1.0,0.8882,0.9182,0.8846,0.898,1,3,0.2,0.4,0.4,0.3,0.35,0.35,0.4,0.6
DB00541,Database_Administrator,Database Administrator,F,22-25,3,MSc,7.8,0.6233,0.633,0.7545,0.8536,0.7293,1.0,0.6792,0.8175,0.7527,0.7786,1,2,0.2,0.4,0.4,0.3,0.35,0.35,0.4,0.6
DB00542,Database_Administrator,Database Administrator,F,31-35,3,MSc,3.0,0.5923,0.7713,0.7931,0.9134,0.7169,1.0,0.7007,0.8236,0.8287,0.8267,1,3,0.2,0.4,0.4,0.3,0.35,0.35,0.4,0.6
DB00543,Database_Administrator,Database Administrator,F,22-25,2,BSc,7.7,0.5651,0.6373,0.6364,0.6536,0.586,1.0,0.677,0.788,0.6427,0.7008,1,2,0.2,0.4,0.4,0.3,0.35,0.35,0.4,0.6
DB00544,Database_Administrator,Database Administrator,M,22-25,2,BSc,4.9,0.6377,0.7311,0.8652,0.5937,0.6151,1.0,0.6832,0.7963,0.73,0.7565,1,2,0.2,0.4,0.4,0.3,0.35,0.35,0.4,0.6
DB00545,Database_Administrator,Database Administrator,F,22-25,3,MSc,3.6,0.6258,0.8612,0.5151,0.7544,0.7303,1.0,0.8114,0.8706,0.7027,0.7699,1,1,0.2,0.4,0.4,0.3,0.35,0.35,0.4,0.6
DB00546,Database_Administrator,Database Administrator,M,26-30,4,PhD,5.8,0.7528,0.6277,0.6783,0.4227,0.9011,1.0,0.6619,0.845,0.5737,0.6822,1,1,0.2,0.4,0.4,0.3,0.35,0.35,0.4,0.6
DB00547,Database_Administrator,Database Administrator,M,26-30,2,BSc,4.0,0.6035,0.6338,0.8578,0.7008,0.6014,1.0,0.7503,0.8204,0.7357,0.7696,1,3,0.2,0.4,0.4,0.3,0.35,0.35,0.4,0.6
DB00548,Database_Administrator,Database Administrator,F,36-40,1,Diploma,5.3,0.3374,0.6872,0.5457,0.6638,0.375,1.0,0.628,0.7262,0.6295,0.6682,0,2,0.2,0.4,0.4,0.3,0.35,0.35,0.4,0.6
DB00549,Database_Administrator,Database Administrator,M,26-30,3,MSc,0.2,0.5146,0.5311,0.6915,0.5539,0.6858,0.0667,0.343,0.3011,0.5952,0.4776,0,1,0.2,0.4,0.4,0.3,0.35,0.35,0.4,0.6
DB00550,Database_Administrator,Database Administrator,M,26-30,3,MSc,7.8,0.2454,0.6081,0.7388,0.6234,0.5782,1.0,0.4377,0.6907,0.6592,0.6718,1,1,0.2,0.4,0.4,0.3,0.35,0.35,0.4,0.6
DB00551,Database_Administrator,Database Administrator,M,40+,3,MSc,7.4,0.7637,0.6669,0.7294,0.7697,0.7855,1.0,0.7327,0.8502,0.7247,0.7749,1,3,0.2,0.4,0.4,0.3,0.35,0.35,0.4,0.6
DB00552,Database_Administrator,Database Administrator,M,22-25,2,BSc,2.5,0.672,0.568,0.6392,0.646,0.6288,0.8333,0.5325,0.6721,0.6202,0.641,1,1,0.2,0.4,0.4,0.3,0.35,0.35,0.4,0.6
DB00553,Database_Administrator,Database Administrator,M,22-25,3,MSc,2.0,0.6906,0.7443,0.7365,0.4939,0.7562,0.6667,0.7401,0.714,0.6539,0.6779,1,0,0.2,0.4,0.4,0.3,0.35,0.35,0.4,0.6
DB00554,Database_Administrator,Database Administrator,M,31-35,3,MSc,2.0,0.652,0.7207,0.6123,0.6196,0.7408,0.6667,0.6132,0.6601,0.6474,0.6525,1,2,0.2,0.4,0.4,0.3,0.35,0.35,0.4,0.6
DB00555,Database_Administrator,Database Administrator,F,26-30,2,BSc,3.3,0.7204,0.7702,0.7177,0.4942,0.6482,1.0,0.7009,0.81,0.6552,0.7171,1,1,0.2,0.4,0.4,0.3,0.35,0.35,0.4,0.6
DB00556,Database_Administrator,Database Administrator,M,31-35,2,BSc,1.4,0.7659,0.6805,0.388,0.771,0.6664,0.4667,0.4199,0.4879,0.6098,0.561,0,1,0.2,0.4,0.4,0.3,0.35,0.35,0.4,0.6
DB00557,Database_Administrator,Database Administrator,F,26-30,2,BSc,3.5,0.4715,0.7883,0.7297,0.5708,0.5486,1.0,0.7695,0.8175,0.6917,0.742,1,2,0.2,0.4,0.4,0.3,0.35,0.35,0.4,0.6
DB00558,Database_Administrator,Database Administrator,M,22-25,2,BSc,6.9,0.4233,0.7254,0.6958,0.6275,0.5293,1.0,0.7686,0.8133,0.6808,0.7338,1,2,0.2,0.4,0.4,0.3,0.35,0.35,0.4,0.6
DB00559,Database_Administrator,Database Administrator,M,31-35,3,MSc,5.8,0.9121,0.7949,0.8984,0.8413,0.8448,1.0,0.7512,0.8694,0.8474,0.8562,1,3,0.2,0.4,0.4,0.3,0.35,0.35,0.4,0.6
DB00560,Database_Administrator,Database Administrator,F,22-25,2,BSc,3.5,0.8178,0.6823,0.5298,0.4687,0.6871,1.0,0.4212,0.7059,0.5542,0.6149,1,1,0.2,0.4,0.4,0.3,0.35,0.35,0.4,0.6
DB00561,Database_Administrator,Database Administrator,M,22-25,2,BSc,6.3,0.7112,0.6616,0.6522,0.807,0.6445,1.0,0.4957,0.7272,0.7092,0.7164,1,1,0.2,0.4,0.4,0.3,0.35,0.35,0.4,0.6
DB00562,Database_Administrator,Database Administrator,M,26-30,2,BSc,4.3,0.2695,0.5953,0.6758,0.7891,0.4678,1.0,0.7906,0.8098,0.6913,0.7387,1,2,0.2,0.4,0.4,0.3,0.35,0.35,0.4,0.6
DB00563,Database_Administrator,Database Administrator,M,31-35,2,BSc,7.7,0.5589,0.7885,0.7369,0.5981,0.5836,1.0,0.7174,0.8037,0.7038,0.7438,1,2,0.2,0.4,0.4,0.3,0.35,0.35,0.4,0.6
DB00564,Database_Administrator,Database Administrator,M,26-30,2,BSc,0.0,0.4127,0.639,0.5711,0.6053,0.5251,0.0,0.5527,0.3261,0.6034,0.4925,0,1,0.2,0.4,0.4,0.3,0.35,0.35,0.4,0.6
DB00565,Database_Administrator,Database Administrator,M,26-30,3,MSc,8.3,0.8564,0.6455,0.7913,0.5318,0.8226,1.0,0.7752,0.8746,0.6567,0.7439,1,2,0.2,0.4,0.4,0.3,0.35,0.35,0.4,0.6
DB00566,Database_Administrator,Database Administrator,F,22-25,3,MSc,5.5,0.6754,0.687,0.6293,0.6472,0.7502,1.0,0.5865,0.7846,0.6529,0.7056,1,2,0.2,0.4,0.4,0.3,0.35,0.35,0.4,0.6
DB00567,Database_Administrator,Database Administrator,M,36-40,2,BSc,8.0,0.8027,0.6902,0.6805,0.9106,0.6811,1.0,0.7833,0.8495,0.7639,0.7981,1,3,0.2,0.4,0.4,0.3,0.35,0.35,0.4,0.6
DB00568,Database_Administrator,Database Administrator,M,26-30,2,BSc,5.8,0.6991,0.5405,0.7341,0.6455,0.6397,1.0,0.7005,0.8081,0.645,0.7102,1,2,0.2,0.4,0.4,0.3,0.35,0.35,0.4,0.6
DB00569,Database_Administrator,Database Administrator,F,22-25,2,BSc,3.3,0.9383,0.6742,0.5041,0.4269,0.7353,1.0,0.7177,0.8342,0.5281,0.6505,1,1,0.2,0.4,0.4,0.3,0.35,0.35,0.4,0.6
DB00570,Database_Administrator,Database Administrator,F,31-35,1,Diploma,0.0,0.4957,0.8484,0.7081,0.7224,0.4383,0.0,0.6105,0.3318,0.7552,0.5858,0,2,0.2,0.4,0.4,0.3,0.35,0.35,0.4,0.6
DB00571,Database_Administrator,Database Administrator,M,22-25,2,BSc,6.5,0.4454,0.6828,0.656,0.8102,0.5381,1.0,0.5076,0.7107,0.718,0.7151,1,1,0.2,0.4,0.4,0.3,0.35,0.35,0.4,0.6
DB00572,Database_Administrator,Database Administrator,M,22-25,2,BSc,6.8,0.5407,0.7141,0.7863,0.6805,0.5763,1.0,0.7774,0.8262,0.7276,0.767,1,3,0.2,0.4,0.4,0.3,0.35,0.35,0.4,0.6
DB00573,Database_Administrator,Database Administrator,F,26-30,2,BSc,5.9,0.5928,0.8613,0.714,0.7793,0.5971,1.0,0.8262,0.8499,0.781,0.8086,1,3,0.2,0.4,0.4,0.3,0.35,0.35,0.4,0.6
DB00574,Database_Administrator,Database Administrator,M,22-25,2,BSc,5.8,0.7458,0.6816,0.6738,0.7027,0.6583,1.0,0.8028,0.8528,0.6863,0.7529,1,2,0.2,0.4,0.4,0.3,0.35,0.35,0.4,0.6
DB00575,Database_Administrator,Database Administrator,M,26-30,4,PhD,7.3,0.641,0.8173,0.6062,0.5888,0.8564,1.0,0.6366,0.8259,0.6634,0.7284,1,2,0.2,0.4,0.4,0.3,0.35,0.35,0.4,0.6
DB00576,Database_Administrator,Database Administrator,M,22-25,2,BSc,0.0,0.3909,0.6977,0.6006,0.7393,0.5164,0.0,0.5089,0.3068,0.6783,0.5297,0,1,0.2,0.4,0.4,0.3,0.35,0.35,0.4,0.6
DB00577,Database_Administrator,Database Administrator,F,31-35,2,BSc,4.6,0.4535,0.684,0.749,0.6746,0.5414,1.0,0.5135,0.7137,0.7035,0.7076,1,2,0.2,0.4,0.4,0.3,0.35,0.35,0.4,0.6
DB00578,Database_Administrator,Database Administrator,F,31-35,3,MSc,4.2,0.6063,0.7115,0.8084,0.8217,0.7225,1.0,0.6494,0.8042,0.784,0.7921,1,2,0.2,0.4,0.4,0.3,0.35,0.35,0.4,0.6
DB00579,Database_Administrator,Database Administrator,F,26-30,2,BSc,6.5,0.5786,0.5984,0.6941,0.6902,0.5915,1.0,0.4187,0.6858,0.6641,0.6728,1,1,0.2,0.4,0.4,0.3,0.35,0.35,0.4,0.6
DB00580,Database_Administrator,Database Administrator,M,22-25,3,MSc,5.1,0.8201,0.6382,0.6673,0.654,0.808,1.0,0.4936,0.759,0.6539,0.6959,1,1,0.2,0.4,0.4,0.3,0.35,0.35,0.4,0.6
DB00581,Database_Administrator,Database Administrator,M,31-35,3,MSc,5.6,0.4385,0.6981,0.8258,0.8287,0.6554,1.0,0.7865,0.8457,0.7885,0.8114,1,3,0.2,0.4,0.4,0.3,0.35,0.35,0.4,0.6
DB00582,Database_Administrator,Database Administrator,M,22-25,3,MSc,1.6,0.572,0.5992,0.6131,0.4626,0.7088,0.5333,0.6104,0.5992,0.5562,0.5734,1,1,0.2,0.4,0.4,0.3,0.35,0.35,0.4,0.6
DB00583,Database_Administrator,Database Administrator,F,26-30,3,MSc,4.4,0.4591,0.7664,0.5278,0.5597,0.6636,1.0,0.6433,0.79,0.6105,0.6823,1,2,0.2,0.4,0.4,0.3,0.35,0.35,0.4,0.6
DB00584,Database_Administrator,Database Administrator,F,31-35,3,MSc,4.3,0.4859,0.7591,0.5012,0.5889,0.6744,1.0,0.7423,0.8318,0.6093,0.6983,1,1,0.2,0.4,0.4,0.3,0.35,0.35,0.4,0.6
DB00585,Database_Administrator,Database Administrator,F,22-25,2,BSc,1.6,0.5811,0.636,0.4546,0.5164,0.5924,0.5333,0.7527,0.6329,0.5306,0.5715,1,1,0.2,0.4,0.4,0.3,0.35,0.35,0.4,0.6
DB00586,Database_Administrator,Database Administrator,F,40+,3,MSc,6.5,0.8001,0.7694,0.876,0.8753,0.8,1.0,0.7782,0.8713,0.8438,0.8548,1,3,0.2,0.4,0.4,0.3,0.35,0.35,0.4,0.6
DB00587,Database_Administrator,Database Administrator,M,36-40,2,BSc,5.5,0.5337,0.5868,0.6704,0.5528,0.5735,1.0,0.5159,0.7211,0.6041,0.6509,1,1,0.2,0.4,0.4,0.3,0.35,0.35,0.4,0.6
DB00588,Database_Administrator,Database Administrator,F,26-30,2,BSc,3.2,0.7571,0.7485,0.4327,0.6649,0.6628,1.0,0.4485,0.712,0.6087,0.65,1,1,0.2,0.4,0.4,0.3,0.35,0.35,0.4,0.6
DB00589,Database_Administrator,Database Administrator,F,22-25,2,BSc,6.3,0.3808,0.5522,0.5613,0.5822,0.5123,1.0,0.4522,0.6833,0.5659,0.6129,1,0,0.2,0.4,0.4,0.3,0.35,0.35,0.4,0.6
DB00590,Database_Administrator,Database Administrator,F,22-25,3,MSc,2.5,0.6261,0.689,0.6754,0.6611,0.7305,0.8333,0.478,0.6706,0.6745,0.6729,1,1,0.2,0.4,0.4,0.3,0.35,0.35,0.4,0.6
DB00591,Database_Administrator,Database Administrator,M,26-30,2,BSc,4.1,0.4957,0.8204,0.43,0.492,0.5583,1.0,0.588,0.7469,0.5689,0.6401,1,1,0.2,0.4,0.4,0.3,0.35,0.35,0.4,0.6
DB00592,Database_Administrator,Database Administrator,M,26-30,2,BSc,5.6,0.4471,0.7036,0.6811,0.8305,0.5388,1.0,0.8308,0.8401,0.7402,0.7802,1,3,0.2,0.4,0.4,0.3,0.35,0.35,0.4,0.6
DB00593,Database_Administrator,Database Administrator,F,22-25,2,BSc,3.3,0.5514,0.6872,0.6872,0.4498,0.5806,1.0,0.7035,0.7975,0.6041,0.6815,1,1,0.2,0.4,0.4,0.3,0.35,0.35,0.4,0.6
DB00594,Database_Administrator,Database Administrator,M,26-30,2,BSc,0.0,0.7179,0.7332,0.3851,0.8092,0.6471,0.0,0.6297,0.3813,0.638,0.5353,0,1,0.2,0.4,0.4,0.3,0.35,0.35,0.4,0.6
DB00595,Database_Administrator,Database Administrator,F,22-25,3,MSc,6.0,0.6373,0.7177,0.5921,0.6941,0.7349,1.0,0.574,0.7766,0.6655,0.7099,1,2,0.2,0.4,0.4,0.3,0.35,0.35,0.4,0.6
DB00596,Database_Administrator,Database Administrator,F,26-30,2,BSc,1.0,0.649,0.6672,0.4374,0.7115,0.6196,0.3333,0.5759,0.4876,0.6023,0.5564,0,1,0.2,0.4,0.4,0.3,0.35,0.35,0.4,0.6
DB00597,Database_Administrator,Database Administrator,M,31-35,2,BSc,2.6,0.6455,0.5525,0.6756,0.4203,0.6182,0.8667,0.5476,0.6894,0.5493,0.6053,1,1,0.2,0.4,0.4,0.3,0.35,0.35,0.4,0.6
DB00598,Database_Administrator,Database Administrator,M,31-35,3,MSc,5.9,0.8048,0.7472,0.601,0.7049,0.8019,1.0,0.663,0.8256,0.6812,0.739,1,2,0.2,0.4,0.4,0.3,0.35,0.35,0.4,0.6
DB00599,Database_Administrator,Database Administrator,M,26-30,2,BSc,1.3,0.5535,0.7947,0.5555,0.5934,0.5814,0.4333,0.655,0.5516,0.6405,0.6049,0,2,0.2,0.4,0.4,0.3,0.35,0.35,0.4,0.6
DB00600,Database_Administrator,Database Administrator,M,31-35,4,PhD,7.1,0.5761,0.8377,0.7533,0.8567,0.8304,1.0,0.7438,0.8636,0.8148,0.8343,1,3,0.2,0.4,0.4,0.3,0.35,0.35,0.4,0.6
